  0
SECTION
  2
HEADER
  9
$ACADVER
  1
AC1032
  9
$ACADMAINTVER
 90
4
  9
$DWGCODEPAGE
  3
ANSI_1252
  9
$LASTSAVEDBY
  1
ezdxf
  9
$REQUIREDVERSIONS
160
0
  9
$INSBASE
 10
0.0
 20
0.0
 30
0.0
  9
$EXTMIN
 10
1e+20
 20
1e+20
 30
1e+20
  9
$EXTMAX
 10
-1e+20
 20
-1e+20
 30
-1e+20
  9
$LIMMIN
 10
0.0
 20
0.0
  9
$LIMMAX
 10
420.0
 20
297.0
  9
$ORTHOMODE
 70
0
  9
$REGENMODE
 70
1
  9
$FILLMODE
 70
1
  9
$QTEXTMODE
 70
0
  9
$MIRRTEXT
 70
1
  9
$LTSCALE
 40
1.0
  9
$ATTMODE
 70
1
  9
$TEXTSIZE
 40
2.5
  9
$TRACEWID
 40
1.0
  9
$TEXTSTYLE
  7
OpenSans
  9
$CLAYER
  8
0
  9
$CELTYPE
  6
ByLayer
  9
$CECOLOR
 62
256
  9
$CELTSCALE
 40
1.0
  9
$DISPSILH
 70
0
  9
$DIMSCALE
 40
1.0
  9
$DIMASZ
 40
0.175
  9
$DIMEXO
 40
0.125
  9
$DIMDLI
 40
3.75
  9
$DIMRND
 40
0.0
  9
$DIMDLE
 40
0.0
  9
$DIMEXE
 40
0.375
  9
$DIMTP
 40
0.0
  9
$DIMTM
 40
0.0
  9
$DIMTXT
 40
0.25
  9
$DIMCEN
 40
2.5
  9
$DIMTSZ
 40
0.0
  9
$DIMTOL
 70
0
  9
$DIMLIM
 70
0
  9
$DIMTIH
 70
0
  9
$DIMTOH
 70
0
  9
$DIMSE1
 70
0
  9
$DIMSE2
 70
0
  9
$DIMTAD
 70
1
  9
$DIMZIN
 70
12
  9
$DIMBLK
  1
ARCHTICK
  9
$DIMASO
 70
1
  9
$DIMSHO
 70
1
  9
$DIMPOST
  1

  9
$DIMAPOST
  1

  9
$DIMALT
 70
0
  9
$DIMALTD
 70
3
  9
$DIMALTF
 40
0.03937007874
  9
$DIMLFAC
 40
100.0
  9
$DIMTOFL
 70
1
  9
$DIMTVP
 40
0.0
  9
$DIMTIX
 70
0
  9
$DIMSOXD
 70
0
  9
$DIMSAH
 70
0
  9
$DIMBLK1
  1

  9
$DIMBLK2
  1

  9
$DIMSTYLE
  2
EZDXF
  9
$DIMCLRD
 70
0
  9
$DIMCLRE
 70
0
  9
$DIMCLRT
 70
0
  9
$DIMTFAC
 40
0.5
  9
$DIMGAP
 40
0.1
  9
$DIMJUST
 70
0
  9
$DIMSD1
 70
0
  9
$DIMSD2
 70
0
  9
$DIMTOLJ
 70
0
  9
$DIMTZIN
 70
8
  9
$DIMALTZ
 70
0
  9
$DIMALTTZ
 70
0
  9
$DIMUPT
 70
1
  9
$DIMDEC
 70
2
  9
$DIMTDEC
 70
2
  9
$DIMALTU
 70
2
  9
$DIMALTTD
 70
3
  9
$DIMTXSTY
  7
OpenSansCondensed-Light
  9
$DIMAUNIT
 70
0
  9
$DIMADEC
 70
2
  9
$DIMALTRND
 40
0.0
  9
$DIMAZIN
 70
3
  9
$DIMDSEP
 70
46
  9
$DIMATFIT
 70
3
  9
$DIMFRAC
 70
0
  9
$DIMLDRBLK
  1

  9
$DIMLUNIT
 70
2
  9
$DIMLWD
 70
-2
  9
$DIMLWE
 70
-2
  9
$DIMTMOVE
 70
2
  9
$DIMFXL
 40
1.0
  9
$DIMFXLON
 70
0
  9
$DIMJOGANG
 40
0.785398163397
  9
$DIMTFILL
 70
0
  9
$DIMTFILLCLR
 70
0
  9
$DIMARCSYM
 70
0
  9
$DIMLTYPE
  6

  9
$DIMLTEX1
  6

  9
$DIMLTEX2
  6

  9
$DIMTXTDIRECTION
 70
0
  9
$LUNITS
 70
2
  9
$LUPREC
 70
4
  9
$SKETCHINC
 40
1.0
  9
$FILLETRAD
 40
10.0
  9
$AUNITS
 70
0
  9
$AUPREC
 70
2
  9
$MENU
  1
.
  9
$ELEVATION
 40
0.0
  9
$PELEVATION
 40
0.0
  9
$THICKNESS
 40
0.0
  9
$LIMCHECK
 70
0
  9
$CHAMFERA
 40
0.0
  9
$CHAMFERB
 40
0.0
  9
$CHAMFERC
 40
0.0
  9
$CHAMFERD
 40
0.0
  9
$SKPOLY
 70
0
  9
$TDCREATE
 40
2461313.176226852
  9
$TDUCREATE
 40
2458532.153996898
  9
$TDUPDATE
 40
2461313.176226852
  9
$TDUUPDATE
 40
2458532.1544311
  9
$TDINDWG
 40
0.0
  9
$TDUSRTIMER
 40
0.0
  9
$USRTIMER
 70
1
  9
$ANGBASE
 50
0.0
  9
$ANGDIR
 70
0
  9
$PDMODE
 70
0
  9
$PDSIZE
 40
0.0
  9
$PLINEWID
 40
0.0
  9
$SPLFRAME
 70
0
  9
$SPLINETYPE
 70
6
  9
$SPLINESEGS
 70
8
  9
$HANDSEED
  5
BE
  9
$SURFTAB1
 70
6
  9
$SURFTAB2
 70
6
  9
$SURFTYPE
 70
6
  9
$SURFU
 70
6
  9
$SURFV
 70
6
  9
$UCSBASE
  2

  9
$UCSNAME
  2

  9
$UCSORG
 10
0.0
 20
0.0
 30
0.0
  9
$UCSXDIR
 10
1.0
 20
0.0
 30
0.0
  9
$UCSYDIR
 10
0.0
 20
1.0
 30
0.0
  9
$UCSORTHOREF
  2

  9
$UCSORTHOVIEW
 70
0
  9
$UCSORGTOP
 10
0.0
 20
0.0
 30
0.0
  9
$UCSORGBOTTOM
 10
0.0
 20
0.0
 30
0.0
  9
$UCSORGLEFT
 10
0.0
 20
0.0
 30
0.0
  9
$UCSORGRIGHT
 10
0.0
 20
0.0
 30
0.0
  9
$UCSORGFRONT
 10
0.0
 20
0.0
 30
0.0
  9
$UCSORGBACK
 10
0.0
 20
0.0
 30
0.0
  9
$PUCSBASE
  2

  9
$PUCSNAME
  2

  9
$PUCSORG
 10
0.0
 20
0.0
 30
0.0
  9
$PUCSXDIR
 10
1.0
 20
0.0
 30
0.0
  9
$PUCSYDIR
 10
0.0
 20
1.0
 30
0.0
  9
$PUCSORTHOREF
  2

  9
$PUCSORTHOVIEW
 70
0
  9
$PUCSORGTOP
 10
0.0
 20
0.0
 30
0.0
  9
$PUCSORGBOTTOM
 10
0.0
 20
0.0
 30
0.0
  9
$PUCSORGLEFT
 10
0.0
 20
0.0
 30
0.0
  9
$PUCSORGRIGHT
 10
0.0
 20
0.0
 30
0.0
  9
$PUCSORGFRONT
 10
0.0
 20
0.0
 30
0.0
  9
$PUCSORGBACK
 10
0.0
 20
0.0
 30
0.0
  9
$USERI1
 70
0
  9
$USERI2
 70
0
  9
$USERI3
 70
0
  9
$USERI4
 70
0
  9
$USERI5
 70
0
  9
$USERR1
 40
0.0
  9
$USERR2
 40
0.0
  9
$USERR3
 40
0.0
  9
$USERR4
 40
0.0
  9
$USERR5
 40
0.0
  9
$WORLDVIEW
 70
1
  9
$SHADEDGE
 70
3
  9
$SHADEDIF
 70
70
  9
$TILEMODE
 70
1
  9
$MAXACTVP
 70
64
  9
$PINSBASE
 10
0.0
 20
0.0
 30
0.0
  9
$PLIMCHECK
 70
0
  9
$PEXTMIN
 10
1e+20
 20
1e+20
 30
1e+20
  9
$PEXTMAX
 10
-1e+20
 20
-1e+20
 30
-1e+20
  9
$PLIMMIN
 10
0.0
 20
0.0
  9
$PLIMMAX
 10
420.0
 20
297.0
  9
$UNITMODE
 70
0
  9
$VISRETAIN
 70
1
  9
$PLINEGEN
 70
0
  9
$PSLTSCALE
 70
1
  9
$TREEDEPTH
 70
3020
  9
$CMLSTYLE
  2
Standard
  9
$CMLJUST
 70
0
  9
$CMLSCALE
 40
20.0
  9
$PROXYGRAPHICS
 70
1
  9
$MEASUREMENT
 70
1
  9
$CELWEIGHT
370
-1
  9
$ENDCAPS
280
0
  9
$JOINSTYLE
280
0
  9
$LWDISPLAY
290
0
  9
$INSUNITS
 70
2
  9
$HYPERLINKBASE
  1

  9
$STYLESHEET
  1

  9
$XEDIT
290
1
  9
$CEPSNTYPE
380
0
  9
$PSTYLEMODE
290
1
  9
$FINGERPRINTGUID
  2
{BAAA6CB6-A118-430E-BD4D-59AEBD15EF3E}
  9
$VERSIONGUID
  2
{2BEDD84F-1F35-4661-B1AA-9DA38948012E}
  9
$EXTNAMES
290
1
  9
$PSVPSCALE
 40
0.0
  9
$OLESTARTUP
290
0
  9
$SORTENTS
280
127
  9
$INDEXCTL
280
0
  9
$HIDETEXT
280
1
  9
$XCLIPFRAME
280
1
  9
$HALOGAP
280
0
  9
$OBSCOLOR
 70
257
  9
$OBSLTYPE
280
0
  9
$INTERSECTIONDISPLAY
280
0
  9
$INTERSECTIONCOLOR
 70
257
  9
$DIMASSOC
280
2
  9
$PROJECTNAME
  1

  9
$CAMERADISPLAY
290
0
  9
$LENSLENGTH
 40
50.0
  9
$CAMERAHEIGHT
 40
0.0
  9
$STEPSPERSEC
 40
24.0
  9
$STEPSIZE
 40
100.0
  9
$3DDWFPREC
 40
2.0
  9
$PSOLWIDTH
 40
0.005
  9
$PSOLHEIGHT
 40
0.08
  9
$LOFTANG1
 40
1.570796326795
  9
$LOFTANG2
 40
1.570796326795
  9
$LOFTMAG1
 40
0.0
  9
$LOFTMAG2
 40
0.0
  9
$LOFTPARAM
 70
7
  9
$LOFTNORMALS
280
1
  9
$LATITUDE
 40
37.795
  9
$LONGITUDE
 40
-122.394
  9
$NORTHDIRECTION
 40
0.0
  9
$TIMEZONE
 70
-8000
  9
$LIGHTGLYPHDISPLAY
280
1
  9
$TILEMODELIGHTSYNCH
280
1
  9
$CMATERIAL
347
20
  9
$SOLIDHIST
280
0
  9
$SHOWHIST
280
1
  9
$DWFFRAME
280
2
  9
$DGNFRAME
280
2
  9
$REALWORLDSCALE
290
1
  9
$INTERFERECOLOR
 62
256
  9
$CSHADOW
280
0
  9
$SHADOWPLANELOCATION
 40
0.0
  0
ENDSEC
  0
SECTION
  2
CLASSES
  0
CLASS
  1
ACDBDICTIONARYWDFLT
  2
AcDbDictionaryWithDefault
  3
ObjectDBX Classes
 90
0
 91
0
280
0
281
0
  0
CLASS
  1
SUN
  2
AcDbSun
  3
SCENEOE
 90
1153
 91
0
280
0
281
0
  0
CLASS
  1
VISUALSTYLE
  2
AcDbVisualStyle
  3
ObjectDBX Classes
 90
4095
 91
0
280
0
281
0
  0
CLASS
  1
MATERIAL
  2
AcDbMaterial
  3
ObjectDBX Classes
 90
1153
 91
0
280
0
281
0
  0
CLASS
  1
SCALE
  2
AcDbScale
  3
ObjectDBX Classes
 90
1153
 91
0
280
0
281
0
  0
CLASS
  1
TABLESTYLE
  2
AcDbTableStyle
  3
ObjectDBX Classes
 90
4095
 91
0
280
0
281
0
  0
CLASS
  1
MLEADERSTYLE
  2
AcDbMLeaderStyle
  3
ACDB_MLEADERSTYLE_CLASS
 90
4095
 91
0
280
0
281
0
  0
CLASS
  1
DICTIONARYVAR
  2
AcDbDictionaryVar
  3
ObjectDBX Classes
 90
0
 91
0
280
0
281
0
  0
CLASS
  1
CELLSTYLEMAP
  2
AcDbCellStyleMap
  3
ObjectDBX Classes
 90
1152
 91
0
280
0
281
0
  0
CLASS
  1
MENTALRAYRENDERSETTINGS
  2
AcDbMentalRayRenderSettings
  3
SCENEOE
 90
1024
 91
0
280
0
281
0
  0
CLASS
  1
ACDBDETAILVIEWSTYLE
  2
AcDbDetailViewStyle
  3
ObjectDBX Classes
 90
1025
 91
0
280
0
281
0
  0
CLASS
  1
ACDBSECTIONVIEWSTYLE
  2
AcDbSectionViewStyle
  3
ObjectDBX Classes
 90
1025
 91
0
280
0
281
0
  0
CLASS
  1
RASTERVARIABLES
  2
AcDbRasterVariables
  3
ISM
 90
0
 91
0
280
0
281
0
  0
CLASS
  1
ACDBPLACEHOLDER
  2
AcDbPlaceHolder
  3
ObjectDBX Classes
 90
0
 91
0
280
0
281
0
  0
CLASS
  1
LAYOUT
  2
AcDbLayout
  3
ObjectDBX Classes
 90
0
 91
0
280
0
281
0
  0
ENDSEC
  0
SECTION
  2
TABLES
  0
TABLE
  2
VPORT
  5
8
330
0
100
AcDbSymbolTable
 70
1
  0
VPORT
  5
23
330
8
100
AcDbSymbolTableRecord
100
AcDbViewportTableRecord
  2
*Active
 70
0
 10
0.0
 20
0.0
 11
1.0
 21
1.0
 12
0.0
 22
0.0
 13
0.0
 23
0.0
 14
0.5
 24
0.5
 15
0.5
 25
0.5
 16
0.0
 26
0.0
 36
1.0
 17
0.0
 27
0.0
 37
0.0
 40
1000.0
 41
1.34
 42
50.0
 43
0.0
 44
0.0
 50
0.0
 51
0.0
 71
0
 72
1000
 73
1
 74
3
 75
0
 76
0
 77
0
 78
0
281
0
 65
0
146
0.0
  0
ENDTAB
  0
TABLE
  2
LTYPE
  5
2
330
0
100
AcDbSymbolTable
 70
21
  0
LTYPE
  5
24
330
2
100
AcDbSymbolTableRecord
100
AcDbLinetypeTableRecord
  2
ByBlock
 70
0
  3

 72
65
 73
0
 40
0.0
  0
LTYPE
  5
25
330
2
100
AcDbSymbolTableRecord
100
AcDbLinetypeTableRecord
  2
ByLayer
 70
0
  3

 72
65
 73
0
 40
0.0
  0
LTYPE
  5
26
330
2
100
AcDbSymbolTableRecord
100
AcDbLinetypeTableRecord
  2
Continuous
 70
0
  3

 72
65
 73
0
 40
0.0
  0
LTYPE
  5
2F
330
2
100
AcDbSymbolTableRecord
100
AcDbLinetypeTableRecord
  2
CENTER
 70
0
  3
Center ____ _ ____ _ ____ _ ____ _ ____ _ ____
 72
65
 73
4
 40
5.08
 49
3.175
 74
0
 49
-0.635
 74
0
 49
0.635
 74
0
 49
-0.635
 74
0
  0
LTYPE
  5
30
330
2
100
AcDbSymbolTableRecord
100
AcDbLinetypeTableRecord
  2
CENTERX2
 70
0
  3
Center (2x) ________  __  ________  __  ________
 72
65
 73
4
 40
8.89
 49
6.35
 74
0
 49
-0.635
 74
0
 49
1.27
 74
0
 49
-0.635
 74
0
  0
LTYPE
  5
31
330
2
100
AcDbSymbolTableRecord
100
AcDbLinetypeTableRecord
  2
CENTER2
 70
0
  3
Center (.5x) ____ _ ____ _ ____ _ ____ _ ____
 72
65
 73
4
 40
2.54
 49
1.587
 74
0
 49
-0.318
 74
0
 49
0.318
 74
0
 49
-0.318
 74
0
  0
LTYPE
  5
32
330
2
100
AcDbSymbolTableRecord
100
AcDbLinetypeTableRecord
  2
DASHED
 70
0
  3
Dashed __ __ __ __ __ __ __ __ __ __ __ __ __ _
 72
65
 73
2
 40
1.524
 49
1.27
 74
0
 49
-0.254
 74
0
  0
LTYPE
  5
33
330
2
100
AcDbSymbolTableRecord
100
AcDbLinetypeTableRecord
  2
DASHEDX2
 70
0
  3
Dashed (2x) ____  ____  ____  ____  ____  ____
 72
65
 73
2
 40
3.048
 49
2.54
 74
0
 49
-0.508
 74
0
  0
LTYPE
  5
34
330
2
100
AcDbSymbolTableRecord
100
AcDbLinetypeTableRecord
  2
DASHED2
 70
0
  3
Dashed (.5x) _ _ _ _ _ _ _ _ _ _ _ _ _ _
 72
65
 73
2
 40
0.762
 49
0.635
 74
0
 49
-0.127
 74
0
  0
LTYPE
  5
35
330
2
100
AcDbSymbolTableRecord
100
AcDbLinetypeTableRecord
  2
PHANTOM
 70
0
  3
Phantom ______  __  __  ______  __  __  ______
 72
65
 73
6
 40
6.35
 49
3.175
 74
0
 49
-0.635
 74
0
 49
0.635
 74
0
 49
-0.635
 74
0
 49
0.635
 74
0
 49
-0.635
 74
0
  0
LTYPE
  5
36
330
2
100
AcDbSymbolTableRecord
100
AcDbLinetypeTableRecord
  2
PHANTOMX2
 70
0
  3
Phantom (2x)____________    ____    ____    ____________
 72
65
 73
6
 40
10.795
 49
6.35
 74
0
 49
-0.635
 74
0
 49
1.27
 74
0
 49
-0.635
 74
0
 49
1.27
 74
0
 49
-0.635
 74
0
  0
LTYPE
  5
37
330
2
100
AcDbSymbolTableRecord
100
AcDbLinetypeTableRecord
  2
PHANTOM2
 70
0
  3
Phantom (.5x) ___ _ _ ___ _ _ ___ _ _ ___ _ _ ___
 72
65
 73
6
 40
3.175
 49
1.587
 74
0
 49
-0.318
 74
0
 49
0.318
 74
0
 49
-0.318
 74
0
 49
0.318
 74
0
 49
-0.318
 74
0
  0
LTYPE
  5
38
330
2
100
AcDbSymbolTableRecord
100
AcDbLinetypeTableRecord
  2
DASHDOT
 70
0
  3
Dash dot __ . __ . __ . __ . __ . __ . __ . __
 72
65
 73
4
 40
3.556
 49
2.54
 74
0
 49
-0.508
 74
0
 49
0.0
 74
0
 49
-0.508
 74
0
  0
LTYPE
  5
39
330
2
100
AcDbSymbolTableRecord
100
AcDbLinetypeTableRecord
  2
DASHDOTX2
 70
0
  3
Dash dot (2x) ____  .  ____  .  ____  .  ____
 72
65
 73
4
 40
6.096
 49
5.08
 74
0
 49
-0.508
 74
0
 49
0.0
 74
0
 49
-0.508
 74
0
  0
LTYPE
  5
3A
330
2
100
AcDbSymbolTableRecord
100
AcDbLinetypeTableRecord
  2
DASHDOT2
 70
0
  3
Dash dot (.5x) _ . _ . _ . _ . _ . _ . _ . _
 72
65
 73
4
 40
1.778
 49
1.27
 74
0
 49
-0.254
 74
0
 49
0.0
 74
0
 49
-0.254
 74
0
  0
LTYPE
  5
3B
330
2
100
AcDbSymbolTableRecord
100
AcDbLinetypeTableRecord
  2
DOT
 70
0
  3
Dot .  .  .  .  .  .  .  .  .  .  .  .  .  .  .  .
 72
65
 73
2
 40
0.508
 49
0.0
 74
0
 49
-0.508
 74
0
  0
LTYPE
  5
3C
330
2
100
AcDbSymbolTableRecord
100
AcDbLinetypeTableRecord
  2
DOTX2
 70
0
  3
Dot (2x) .    .    .    .    .    .    .    . 
 72
65
 73
2
 40
1.016
 49
0.0
 74
0
 49
-1.016
 74
0
  0
LTYPE
  5
3D
330
2
100
AcDbSymbolTableRecord
100
AcDbLinetypeTableRecord
  2
DOT2
 70
0
  3
Dot (.5) . . . . . . . . . . . . . . . . . . . 
 72
65
 73
2
 40
0.254
 49
0.0
 74
0
 49
-0.254
 74
0
  0
LTYPE
  5
3E
330
2
100
AcDbSymbolTableRecord
100
AcDbLinetypeTableRecord
  2
DIVIDE
 70
0
  3
Divide __ . . __ . . __ . . __ . . __ . . __
 72
65
 73
6
 40
4.064
 49
2.54
 74
0
 49
-0.508
 74
0
 49
0.0
 74
0
 49
-0.508
 74
0
 49
0.0
 74
0
 49
-0.508
 74
0
  0
LTYPE
  5
3F
330
2
100
AcDbSymbolTableRecord
100
AcDbLinetypeTableRecord
  2
DIVIDEX2
 70
0
  3
Divide (2x) ____  . .  ____  . .  ____  . .  ____
 72
65
 73
6
 40
6.604
 49
5.08
 74
0
 49
-0.508
 74
0
 49
0.0
 74
0
 49
-0.508
 74
0
 49
0.0
 74
0
 49
-0.508
 74
0
  0
LTYPE
  5
40
330
2
100
AcDbSymbolTableRecord
100
AcDbLinetypeTableRecord
  2
DIVIDE2
 70
0
  3
Divide(.5x) _ . _ . _ . _ . _ . _ . _ . _
 72
65
 73
6
 40
2.032
 49
1.27
 74
0
 49
-0.254
 74
0
 49
0.0
 74
0
 49
-0.254
 74
0
 49
0.0
 74
0
 49
-0.254
 74
0
  0
ENDTAB
  0
TABLE
  2
LAYER
  5
1
330
0
100
AcDbSymbolTable
 70
20
  0
LAYER
  5
27
330
1
100
AcDbSymbolTableRecord
100
AcDbLayerTableRecord
  2
0
 70
0
 62
7
  6
Continuous
370
-3
390
13
347
21
  0
LAYER
  5
28
330
1
100
AcDbSymbolTableRecord
100
AcDbLayerTableRecord
  2
Defpoints
 70
0
 62
7
  6
Continuous
290
0
370
-3
390
13
347
21
  0
LAYER
  5
8A
330
1
100
AcDbSymbolTableRecord
100
AcDbLayerTableRecord
  2
A-WALL
 70
0
 62
7
  6
Continuous
370
-3
390
13
347
21
  0
LAYER
  5
8B
330
1
100
AcDbSymbolTableRecord
100
AcDbLayerTableRecord
  2
A-DOOR
 70
0
 62
3
  6
Continuous
370
-3
390
13
347
21
  0
LAYER
  5
8C
330
1
100
AcDbSymbolTableRecord
100
AcDbLayerTableRecord
  2
A-GLAZ
 70
0
 62
4
  6
Continuous
370
-3
390
13
347
21
  0
LAYER
  5
8D
330
1
100
AcDbSymbolTableRecord
100
AcDbLayerTableRecord
  2
A-DECK
 70
0
 62
32
  6
Continuous
370
-3
390
13
347
21
  0
LAYER
  5
8E
330
1
100
AcDbSymbolTableRecord
100
AcDbLayerTableRecord
  2
A-ROOF-OUTL
 70
0
 62
8
  6
Continuous
370
-3
390
13
347
21
  0
LAYER
  5
8F
330
1
100
AcDbSymbolTableRecord
100
AcDbLayerTableRecord
  2
A-FURN
 70
0
 62
9
  6
Continuous
370
-3
390
13
347
21
  0
LAYER
  5
90
330
1
100
AcDbSymbolTableRecord
100
AcDbLayerTableRecord
  2
A-ANNO
 70
0
 62
2
  6
Continuous
370
-3
390
13
347
21
  0
LAYER
  5
91
330
1
100
AcDbSymbolTableRecord
100
AcDbLayerTableRecord
  2
M-STEM
 70
0
 62
7
420
15721676
  6
Continuous
370
-3
390
13
347
21
  0
LAYER
  5
93
330
1
100
AcDbSymbolTableRecord
100
AcDbLayerTableRecord
  2
M-PLINTH
 70
0
 62
7
420
13221280
  6
Continuous
370
-3
390
13
347
21
  0
LAYER
  5
95
330
1
100
AcDbSymbolTableRecord
100
AcDbLayerTableRecord
  2
M-CAP
 70
0
 62
7
420
12597547
  6
Continuous
370
-3
390
13
347
21
  0
LAYER
  5
97
330
1
100
AcDbSymbolTableRecord
100
AcDbLayerTableRecord
  2
M-GILLS
 70
0
 62
7
420
15260085
  6
Continuous
370
-3
390
13
347
21
  0
LAYER
  5
99
330
1
100
AcDbSymbolTableRecord
100
AcDbLayerTableRecord
  2
M-SPOTS
 70
0
 62
7
420
16512746
  6
Continuous
370
-3
390
13
347
21
  0
LAYER
  5
9B
330
1
100
AcDbSymbolTableRecord
100
AcDbLayerTableRecord
  2
M-SKYLIGHT
 70
0
 62
7
420
5935016
  6
Continuous
370
-3
390
13
347
21
  0
LAYER
  5
9D
330
1
100
AcDbSymbolTableRecord
100
AcDbLayerTableRecord
  2
M-WINDOWS
 70
0
 62
7
420
4160138
  6
Continuous
370
-3
390
13
347
21
  0
LAYER
  5
9F
330
1
100
AcDbSymbolTableRecord
100
AcDbLayerTableRecord
  2
M-DOOR
 70
0
 62
7
420
8014379
  6
Continuous
370
-3
390
13
347
21
  0
LAYER
  5
A1
330
1
100
AcDbSymbolTableRecord
100
AcDbLayerTableRecord
  2
M-DECK
 70
0
 62
7
420
10910802
  6
Continuous
370
-3
390
13
347
21
  0
LAYER
  5
A3
330
1
100
AcDbSymbolTableRecord
100
AcDbLayerTableRecord
  2
M-POD-STEM
 70
0
 62
7
420
15721676
  6
Continuous
370
-3
390
13
347
21
  0
LAYER
  5
A5
330
1
100
AcDbSymbolTableRecord
100
AcDbLayerTableRecord
  2
M-POD-CAP
 70
0
 62
7
420
13849600
  6
Continuous
370
-3
390
13
347
21
  0
ENDTAB
  0
TABLE
  2
STYLE
  5
5
330
0
100
AcDbSymbolTable
 70
26
  0
STYLE
  5
29
330
5
100
AcDbSymbolTableRecord
100
AcDbTextStyleTableRecord
  2
Standard
 70
0
 40
0.0
 41
1.0
 50
0.0
 71
0
 42
2.5
  3
txt
  4

  0
STYLE
  5
41
330
5
100
AcDbSymbolTableRecord
100
AcDbTextStyleTableRecord
  2
OpenSans-Light
 70
0
 40
0.0
 41
1.0
 50
0.0
 71
0
 42
2.5
  3
OpenSans-Light.ttf
  4

  0
STYLE
  5
42
330
5
100
AcDbSymbolTableRecord
100
AcDbTextStyleTableRecord
  2
OpenSans-Light-Italic
 70
0
 40
0.0
 41
1.0
 50
0.0
 71
0
 42
2.5
  3
OpenSans-LightItalic.ttf
  4

  0
STYLE
  5
43
330
5
100
AcDbSymbolTableRecord
100
AcDbTextStyleTableRecord
  2
OpenSans
 70
0
 40
0.0
 41
1.0
 50
0.0
 71
0
 42
2.5
  3
OpenSans-Regular.ttf
  4

  0
STYLE
  5
44
330
5
100
AcDbSymbolTableRecord
100
AcDbTextStyleTableRecord
  2
OpenSans-Italic
 70
0
 40
0.0
 41
1.0
 50
0.0
 71
0
 42
2.5
  3
OpenSans-Italic.ttf
  4

  0
STYLE
  5
45
330
5
100
AcDbSymbolTableRecord
100
AcDbTextStyleTableRecord
  2
OpenSans-SemiBold
 70
0
 40
0.0
 41
1.0
 50
0.0
 71
0
 42
2.5
  3
OpenSans-SemiBold.ttf
  4

  0
STYLE
  5
46
330
5
100
AcDbSymbolTableRecord
100
AcDbTextStyleTableRecord
  2
OpenSans-SemiBoldItalic
 70
0
 40
0.0
 41
1.0
 50
0.0
 71
0
 42
2.5
  3
OpenSans-SemiBoldItalic.ttf
  4

  0
STYLE
  5
47
330
5
100
AcDbSymbolTableRecord
100
AcDbTextStyleTableRecord
  2
OpenSans-Bold
 70
0
 40
0.0
 41
1.0
 50
0.0
 71
0
 42
2.5
  3
OpenSans-Bold.ttf
  4

  0
STYLE
  5
48
330
5
100
AcDbSymbolTableRecord
100
AcDbTextStyleTableRecord
  2
OpenSans-BoldItalic
 70
0
 40
0.0
 41
1.0
 50
0.0
 71
0
 42
2.5
  3
OpenSans-BoldItalic.ttf
  4

  0
STYLE
  5
49
330
5
100
AcDbSymbolTableRecord
100
AcDbTextStyleTableRecord
  2
OpenSans-ExtraBold
 70
0
 40
0.0
 41
1.0
 50
0.0
 71
0
 42
2.5
  3
OpenSans-ExtraBold.ttf
  4

  0
STYLE
  5
4A
330
5
100
AcDbSymbolTableRecord
100
AcDbTextStyleTableRecord
  2
OpenSans-ExtraBoldItalic
 70
0
 40
0.0
 41
1.0
 50
0.0
 71
0
 42
2.5
  3
OpenSans-ExtraBoldItalic.ttf
  4

  0
STYLE
  5
4B
330
5
100
AcDbSymbolTableRecord
100
AcDbTextStyleTableRecord
  2
OpenSansCondensed-Bold
 70
0
 40
0.0
 41
1.0
 50
0.0
 71
0
 42
2.5
  3
OpenSansCondensed-Bold.ttf
  4

  0
STYLE
  5
4C
330
5
100
AcDbSymbolTableRecord
100
AcDbTextStyleTableRecord
  2
OpenSansCondensed-Light
 70
0
 40
0.0
 41
1.0
 50
0.0
 71
0
 42
2.5
  3
OpenSansCondensed-Light.ttf
  4

  0
STYLE
  5
4D
330
5
100
AcDbSymbolTableRecord
100
AcDbTextStyleTableRecord
  2
OpenSansCondensed-Italic
 70
0
 40
0.0
 41
1.0
 50
0.0
 71
0
 42
2.5
  3
OpenSansCondensed-LightItalic.ttf
  4

  0
STYLE
  5
4E
330
5
100
AcDbSymbolTableRecord
100
AcDbTextStyleTableRecord
  2
LiberationSans
 70
0
 40
0.0
 41
1.0
 50
0.0
 71
0
 42
2.5
  3
LiberationSans-Regular.ttf
  4

  0
STYLE
  5
4F
330
5
100
AcDbSymbolTableRecord
100
AcDbTextStyleTableRecord
  2
LiberationSans-Bold
 70
0
 40
0.0
 41
1.0
 50
0.0
 71
0
 42
2.5
  3
LiberationSans-Bold.ttf
  4

  0
STYLE
  5
50
330
5
100
AcDbSymbolTableRecord
100
AcDbTextStyleTableRecord
  2
LiberationSans-BoldItalic
 70
0
 40
0.0
 41
1.0
 50
0.0
 71
0
 42
2.5
  3
LiberationSans-BoldItalic.ttf
  4

  0
STYLE
  5
51
330
5
100
AcDbSymbolTableRecord
100
AcDbTextStyleTableRecord
  2
LiberationSans-Italic
 70
0
 40
0.0
 41
1.0
 50
0.0
 71
0
 42
2.5
  3
LiberationSans-Italic.ttf
  4

  0
STYLE
  5
52
330
5
100
AcDbSymbolTableRecord
100
AcDbTextStyleTableRecord
  2
LiberationSerif
 70
0
 40
0.0
 41
1.0
 50
0.0
 71
0
 42
2.5
  3
LiberationSerif-Regular.ttf
  4

  0
STYLE
  5
53
330
5
100
AcDbSymbolTableRecord
100
AcDbTextStyleTableRecord
  2
LiberationSerif-Bold
 70
0
 40
0.0
 41
1.0
 50
0.0
 71
0
 42
2.5
  3
LiberationSerif-Bold.ttf
  4

  0
STYLE
  5
54
330
5
100
AcDbSymbolTableRecord
100
AcDbTextStyleTableRecord
  2
LiberationSerif-BoldItalic
 70
0
 40
0.0
 41
1.0
 50
0.0
 71
0
 42
2.5
  3
LiberationSerif-BoldItalic.ttf
  4

  0
STYLE
  5
55
330
5
100
AcDbSymbolTableRecord
100
AcDbTextStyleTableRecord
  2
LiberationSerif-Italic
 70
0
 40
0.0
 41
1.0
 50
0.0
 71
0
 42
2.5
  3
LiberationSerif-Italic.ttf
  4

  0
STYLE
  5
56
330
5
100
AcDbSymbolTableRecord
100
AcDbTextStyleTableRecord
  2
LiberationMono
 70
0
 40
0.0
 41
1.0
 50
0.0
 71
0
 42
2.5
  3
LiberationMono-Regular.ttf
  4

  0
STYLE
  5
57
330
5
100
AcDbSymbolTableRecord
100
AcDbTextStyleTableRecord
  2
LiberationMono-Bold
 70
0
 40
0.0
 41
1.0
 50
0.0
 71
0
 42
2.5
  3
LiberationMono-Bold.ttf
  4

  0
STYLE
  5
58
330
5
100
AcDbSymbolTableRecord
100
AcDbTextStyleTableRecord
  2
LiberationMono-BoldItalic
 70
0
 40
0.0
 41
1.0
 50
0.0
 71
0
 42
2.5
  3
LiberationMono-BoldItalic.ttf
  4

  0
STYLE
  5
59
330
5
100
AcDbSymbolTableRecord
100
AcDbTextStyleTableRecord
  2
LiberationMono-Italic
 70
0
 40
0.0
 41
1.0
 50
0.0
 71
0
 42
2.5
  3
LiberationMono-Italic.ttf
  4

  0
ENDTAB
  0
TABLE
  2
VIEW
  5
7
330
0
100
AcDbSymbolTable
 70
0
  0
ENDTAB
  0
TABLE
  2
UCS
  5
6
330
0
100
AcDbSymbolTable
 70
0
  0
ENDTAB
  0
TABLE
  2
APPID
  5
3
330
0
100
AcDbSymbolTable
 70
3
  0
APPID
  5
2A
330
3
100
AcDbSymbolTableRecord
100
AcDbRegAppTableRecord
  2
ACAD
 70
0
  0
APPID
  5
BB
330
3
100
AcDbSymbolTableRecord
100
AcDbRegAppTableRecord
  2
HATCHBACKGROUNDCOLOR
 70
0
  0
APPID
  5
BC
330
3
100
AcDbSymbolTableRecord
100
AcDbRegAppTableRecord
  2
EZDXF
 70
0
  0
ENDTAB
  0
TABLE
  2
DIMSTYLE
  5
4
330
0
100
AcDbSymbolTable
 70
12
100
AcDbDimStyleTable
  0
DIMSTYLE
105
2B
330
4
100
AcDbSymbolTableRecord
100
AcDbDimStyleTableRecord
  2
Standard
 70
0
 40
1.0
 41
2.5
 42
0.625
 43
3.75
 44
1.25
 45
0.0
 46
0.0
 47
0.0
 48
0.0
 49
2.5
140
2.5
141
2.5
142
0.0
143
0.03937007874
144
1.0
145
0.0
146
1.0
147
0.625
148
0.0
 69
0
 70
0
 71
0
 72
0
 73
0
 74
0
 75
0
 76
0
 77
1
 78
8
 79
3
170
0
171
3
172
1
173
0
174
0
175
0
176
0
177
0
178
0
179
2
271
2
272
2
273
2
274
3
275
0
276
0
277
2
278
44
279
0
280
0
281
0
282
0
283
0
284
8
285
0
286
0
288
0
289
3
290
0
371
-2
372
-2
  0
DIMSTYLE
105
73
330
4
100
AcDbSymbolTableRecord
100
AcDbDimStyleTableRecord
  2
EZDXF
 70
0
 40
1.0
 41
0.175
 42
0.125
 43
3.75
 44
0.375
 45
0.0
 46
0.0
 47
0.0
 48
0.0
 49
2.5
140
0.25
141
2.5
142
0.0
143
0.03937007874
144
100.0
145
0.0
146
0.5
147
0.1
148
0.0
 69
0
 70
0
 71
0
 72
0
 73
0
 74
0
 75
0
 76
0
 77
1
 78
12
 79
3
170
0
171
3
172
1
173
0
174
0
175
0
176
0
177
0
178
0
179
2
271
2
272
2
273
2
274
3
275
0
276
0
277
2
278
46
279
2
280
0
281
0
282
0
283
0
284
8
285
0
286
0
288
1
289
3
290
0
340
4C
342
74
371
-2
372
-2
  0
DIMSTYLE
105
7C
330
4
100
AcDbSymbolTableRecord
100
AcDbDimStyleTableRecord
  2
EZ_M_100_H25_CM
 70
0
 40
1.0
 41
0.25
 42
0.125
 43
3.75
 44
0.375
 45
0.0
 46
0.0
 47
0.0
 48
0.0
 49
2.5
140
0.25
141
2.5
142
0.125
143
0.03937007874
144
100.0
145
0.0
146
0.5
147
0.1
148
0.0
 69
0
 70
0
 71
0
 72
0
 73
0
 74
0
 75
0
 76
0
 77
1
 78
12
 79
3
170
0
171
3
172
1
173
0
174
0
175
0
176
0
177
0
178
0
179
2
271
2
272
2
273
2
274
3
275
0
276
0
277
2
278
46
279
2
280
0
281
0
282
0
283
0
284
8
285
0
286
0
288
1
289
3
290
0
340
4C
371
-2
372
-2
  0
DIMSTYLE
105
7D
330
4
100
AcDbSymbolTableRecord
100
AcDbDimStyleTableRecord
  2
EZ_M_50_H25_CM
 70
0
 40
1.0
 41
0.125
 42
0.0625
 43
3.75
 44
0.1875
 45
0.0
 46
0.0
 47
0.0
 48
0.0
 49
2.5
140
0.125
141
2.5
142
0.0625
143
0.03937007874
144
100.0
145
0.0
146
0.5
147
0.05
148
0.0
 69
0
 70
0
 71
0
 72
0
 73
0
 74
0
 75
0
 76
0
 77
1
 78
12
 79
3
170
0
171
3
172
1
173
0
174
0
175
0
176
0
177
0
178
0
179
2
271
2
272
2
273
2
274
3
275
0
276
0
277
2
278
46
279
2
280
0
281
0
282
0
283
0
284
8
285
0
286
0
288
1
289
3
290
0
340
4C
371
-2
372
-2
  0
DIMSTYLE
105
7E
330
4
100
AcDbSymbolTableRecord
100
AcDbDimStyleTableRecord
  2
EZ_M_25_H25_CM
 70
0
 40
1.0
 41
0.0625
 42
0.03125
 43
3.75
 44
0.09375
 45
0.0
 46
0.0
 47
0.0
 48
0.0
 49
2.5
140
0.0625
141
2.5
142
0.03125
143
0.03937007874
144
100.0
145
0.0
146
0.5
147
0.025
148
0.0
 69
0
 70
0
 71
0
 72
0
 73
0
 74
0
 75
0
 76
0
 77
1
 78
12
 79
3
170
0
171
3
172
1
173
0
174
0
175
0
176
0
177
0
178
0
179
2
271
2
272
2
273
2
274
3
275
0
276
0
277
2
278
46
279
2
280
0
281
0
282
0
283
0
284
8
285
0
286
0
288
1
289
3
290
0
340
4C
371
-2
372
-2
  0
DIMSTYLE
105
7F
330
4
100
AcDbSymbolTableRecord
100
AcDbDimStyleTableRecord
  2
EZ_M_20_H25_CM
 70
0
 40
1.0
 41
0.05
 42
0.025
 43
3.75
 44
0.07500000000000001
 45
0.0
 46
0.0
 47
0.0
 48
0.0
 49
2.5
140
0.05
141
2.5
142
0.025
143
0.03937007874
144
100.0
145
0.0
146
0.5
147
0.020000000000000004
148
0.0
 69
0
 70
0
 71
0
 72
0
 73
0
 74
0
 75
0
 76
0
 77
1
 78
12
 79
3
170
0
171
3
172
1
173
0
174
0
175
0
176
0
177
0
178
0
179
2
271
2
272
2
273
2
274
3
275
0
276
0
277
2
278
46
279
2
280
0
281
0
282
0
283
0
284
8
285
0
286
0
288
1
289
3
290
0
340
4C
371
-2
372
-2
  0
DIMSTYLE
105
80
330
4
100
AcDbSymbolTableRecord
100
AcDbDimStyleTableRecord
  2
EZ_M_10_H25_CM
 70
0
 40
1.0
 41
0.025
 42
0.0125
 43
3.75
 44
0.037500000000000006
 45
0.0
 46
0.0
 47
0.0
 48
0.0
 49
2.5
140
0.025
141
2.5
142
0.0125
143
0.03937007874
144
100.0
145
0.0
146
0.5
147
0.010000000000000002
148
0.0
 69
0
 70
0
 71
0
 72
0
 73
0
 74
0
 75
0
 76
0
 77
1
 78
12
 79
3
170
0
171
3
172
1
173
0
174
0
175
0
176
0
177
0
178
0
179
2
271
2
272
2
273
2
274
3
275
0
276
0
277
2
278
46
279
2
280
0
281
0
282
0
283
0
284
8
285
0
286
0
288
1
289
3
290
0
340
4C
371
-2
372
-2
  0
DIMSTYLE
105
81
330
4
100
AcDbSymbolTableRecord
100
AcDbDimStyleTableRecord
  2
EZ_M_5_H25_CM
 70
0
 40
1.0
 41
0.0125
 42
0.00625
 43
3.75
 44
0.018750000000000003
 45
0.0
 46
0.0
 47
0.0
 48
0.0
 49
2.5
140
0.0125
141
2.5
142
0.00625
143
0.03937007874
144
100.0
145
0.0
146
0.5
147
0.005000000000000001
148
0.0
 69
0
 70
0
 71
0
 72
0
 73
0
 74
0
 75
0
 76
0
 77
1
 78
12
 79
3
170
0
171
3
172
1
173
0
174
0
175
0
176
0
177
0
178
0
179
2
271
2
272
2
273
2
274
3
275
0
276
0
277
2
278
46
279
2
280
0
281
0
282
0
283
0
284
8
285
0
286
0
288
1
289
3
290
0
340
4C
371
-2
372
-2
  0
DIMSTYLE
105
82
330
4
100
AcDbSymbolTableRecord
100
AcDbDimStyleTableRecord
  2
EZ_M_1_H25_CM
 70
0
 40
1.0
 41
0.0025
 42
0.00125
 43
3.75
 44
0.00375
 45
0.0
 46
0.0
 47
0.0
 48
0.0
 49
2.5
140
0.0025
141
2.5
142
0.00125
143
0.03937007874
144
100.0
145
0.0
146
0.5
147
0.001
148
0.0
 69
0
 70
0
 71
0
 72
0
 73
0
 74
0
 75
0
 76
0
 77
1
 78
12
 79
3
170
0
171
3
172
1
173
0
174
0
175
0
176
0
177
0
178
0
179
2
271
2
272
2
273
2
274
3
275
0
276
0
277
2
278
46
279
2
280
0
281
0
282
0
283
0
284
8
285
0
286
0
288
1
289
3
290
0
340
4C
371
-2
372
-2
  0
DIMSTYLE
105
83
330
4
100
AcDbSymbolTableRecord
100
AcDbDimStyleTableRecord
  2
EZ_RADIUS
 70
0
 40
1.0
 41
0.25
 42
0.125
 43
3.75
 44
0.375
 45
0.0
 46
0.0
 47
0.0
 48
0.0
 49
2.5
140
0.25
141
0.0
142
0.0
143
0.03937007874
144
100.0
145
0.0
146
0.5
147
0.1
148
0.0
 69
0
 70
0
 71
0
 72
0
 73
0
 74
0
 75
0
 76
0
 77
1
 78
12
 79
3
170
0
171
3
172
0
173
0
174
0
175
0
176
0
177
0
178
0
179
2
271
2
272
2
273
2
274
3
275
0
276
0
277
2
278
46
279
1
280
0
281
0
282
0
283
0
284
8
285
0
286
0
288
1
289
3
290
0
340
4C
342
84
371
-2
372
-2
  0
DIMSTYLE
105
88
330
4
100
AcDbSymbolTableRecord
100
AcDbDimStyleTableRecord
  2
EZ_RADIUS_INSIDE
 70
0
 40
1.0
 41
0.25
 42
0.125
 43
3.75
 44
0.375
 45
0.0
 46
0.0
 47
0.0
 48
0.0
 49
2.5
140
0.25
141
0.0
142
0.0
143
0.03937007874
144
100.0
145
0.0
146
0.5
147
0.1
148
0.0
 69
0
 70
0
 71
0
 72
0
 73
0
 74
0
 75
0
 76
0
 77
0
 78
12
 79
3
170
0
171
3
172
0
173
0
174
1
175
0
176
0
177
0
178
0
179
2
271
2
272
2
273
2
274
3
275
0
276
0
277
2
278
46
279
0
280
0
281
0
282
0
283
0
284
8
285
0
286
0
288
1
289
0
290
0
340
4C
342
84
371
-2
372
-2
  0
DIMSTYLE
105
89
330
4
100
AcDbSymbolTableRecord
100
AcDbDimStyleTableRecord
  2
EZ_CURVED
 70
0
 40
1.0
 41
0.25
 42
0.125
 43
3.75
 44
0.375
 45
0.0
 46
0.0
 47
0.0
 48
0.0
 49
2.5
140
0.25
141
2.5
142
0.0
143
0.03937007874
144
100.0
145
0.0
146
0.5
147
0.1
148
0.0
 69
0
 70
0
 71
0
 72
0
 73
0
 74
0
 75
0
 76
0
 77
1
 78
12
 79
2
 90
2
170
0
171
3
172
1
173
0
174
0
175
0
176
0
177
0
178
0
179
2
271
2
272
2
273
2
274
3
275
0
276
0
277
2
278
46
279
2
280
0
281
0
282
0
283
0
284
8
285
0
286
0
288
1
289
3
290
0
340
4C
371
-2
372
-2
  0
ENDTAB
  0
TABLE
  2
BLOCK_RECORD
  5
9
330
0
100
AcDbSymbolTable
 70
5
  0
BLOCK_RECORD
  5
17
330
9
100
AcDbSymbolTableRecord
100
AcDbBlockTableRecord
  2
*Model_Space
340
1A
 70
0
280
1
281
0
  0
BLOCK_RECORD
  5
1B
330
9
100
AcDbSymbolTableRecord
100
AcDbBlockTableRecord
  2
*Paper_Space
340
1E
 70
0
280
1
281
0
  0
BLOCK_RECORD
  5
74
330
9
100
AcDbSymbolTableRecord
100
AcDbBlockTableRecord
  2
_ARCHTICK
340
0
 70
0
280
1
281
0
  0
BLOCK_RECORD
  5
78
330
9
100
AcDbSymbolTableRecord
100
AcDbBlockTableRecord
  2
_CLOSEDFILLED
340
0
 70
0
280
1
281
0
  0
BLOCK_RECORD
  5
84
330
9
100
AcDbSymbolTableRecord
100
AcDbBlockTableRecord
  2
_CLOSEDBLANK
340
0
 70
0
280
1
281
0
  0
ENDTAB
  0
ENDSEC
  0
SECTION
  2
BLOCKS
  0
BLOCK
  5
18
330
17
100
AcDbEntity
  8
0
100
AcDbBlockBegin
  2
*Model_Space
 70
0
 10
0.0
 20
0.0
 30
0.0
  3
*Model_Space
  1

  0
ENDBLK
  5
19
330
17
100
AcDbEntity
  8
0
100
AcDbBlockEnd
  0
BLOCK
  5
1C
330
1B
100
AcDbEntity
  8
0
100
AcDbBlockBegin
  2
*Paper_Space
 70
0
 10
0.0
 20
0.0
 30
0.0
  3
*Paper_Space
  1

  0
ENDBLK
  5
1D
330
1B
100
AcDbEntity
  8
0
100
AcDbBlockEnd
  0
BLOCK
  5
75
330
74
100
AcDbEntity
  8
0
100
AcDbBlockBegin
  2
_ARCHTICK
 70
0
 10
0.0
 20
0.0
 30
0.0
  3
_ARCHTICK
  1

  0
LWPOLYLINE
  5
77
330
74
100
AcDbEntity
  8
0
  6
BYBLOCK
 62
0
100
AcDbPolyline
 90
2
 70
0
 43
0.15
 10
-0.5
 20
-0.5
 10
0.5
 20
0.5
  0
ENDBLK
  5
76
330
74
100
AcDbEntity
  8
0
100
AcDbBlockEnd
  0
BLOCK
  5
79
330
78
100
AcDbEntity
  8
0
100
AcDbBlockBegin
  2
_CLOSEDFILLED
 70
0
 10
0.0
 20
0.0
 30
0.0
  3
_CLOSEDFILLED
  1

  0
SOLID
  5
7B
330
78
100
AcDbEntity
  8
0
  6
BYBLOCK
 62
0
100
AcDbTrace
 10
-1.0
 20
0.16439898372402537
 30
0.0
 11
0.0
 21
0.0
 31
0.0
 12
-1.0
 22
-0.16439898372402537
 32
0.0
 13
-1.0
 23
-0.16439898372402537
 33
0.0
  0
ENDBLK
  5
7A
330
78
100
AcDbEntity
  8
0
100
AcDbBlockEnd
  0
BLOCK
  5
85
330
84
100
AcDbEntity
  8
0
100
AcDbBlockBegin
  2
_CLOSEDBLANK
 70
0
 10
0.0
 20
0.0
 30
0.0
  3
_CLOSEDBLANK
  1

  0
LWPOLYLINE
  5
87
330
84
100
AcDbEntity
  8
0
  6
BYBLOCK
 62
0
100
AcDbPolyline
 90
3
 70
1
 10
-1.0
 20
0.16439898372402537
 10
0.0
 20
0.0
 10
-1.0
 20
-0.16439898372402537
  0
ENDBLK
  5
86
330
84
100
AcDbEntity
  8
0
100
AcDbBlockEnd
  0
ENDSEC
  0
SECTION
  2
ENTITIES
  0
MESH
  5
92
330
17
100
AcDbEntity
  8
M-STEM
100
AcDbSubDMesh
 71
2
 72
0
 91
0
 92
400
 10
0.0
 20
4.0
 30
9.5
 10
8.88919506535624
 20
5.407910185362078
 30
9.5
 10
9.0
 20
4.0
 30
9.5
 10
0.0
 20
4.0
 30
9.5
 10
8.559508646656381
 20
6.781152949374526
 30
9.5
 10
8.88919506535624
 20
5.407910185362078
 30
9.5
 10
0.0
 20
4.0
 30
9.5
 10
8.01905871769531
 20
8.08591449765592
 30
9.5
 10
8.559508646656381
 20
6.781152949374526
 30
9.5
 10
0.0
 20
4.0
 30
9.5
 10
7.281152949374527
 20
9.290067270632258
 30
9.5
 10
8.01905871769531
 20
8.08591449765592
 30
9.5
 10
0.0
 20
4.0
 30
9.5
 10
6.3639610306789285
 20
10.363961030678928
 30
9.5
 10
7.281152949374527
 20
9.290067270632258
 30
9.5
 10
0.0
 20
4.0
 30
9.5
 10
5.2900672706322585
 20
11.281152949374526
 30
9.5
 10
6.3639610306789285
 20
10.363961030678928
 30
9.5
 10
0.0
 20
4.0
 30
9.5
 10
4.085914497655922
 20
12.01905871769531
 30
9.5
 10
5.2900672706322585
 20
11.281152949374526
 30
9.5
 10
0.0
 20
4.0
 30
9.5
 10
2.781152949374527
 20
12.559508646656381
 30
9.5
 10
4.085914497655922
 20
12.01905871769531
 30
9.5
 10
0.0
 20
4.0
 30
9.5
 10
1.4079101853620783
 20
12.88919506535624
 30
9.5
 10
2.781152949374527
 20
12.559508646656381
 30
9.5
 10
0.0
 20
4.0
 30
9.5
 10
5.51091059616309e-16
 20
13.0
 30
9.5
 10
1.4079101853620783
 20
12.88919506535624
 30
9.5
 10
0.0
 20
4.0
 30
9.5
 10
-1.4079101853620752
 20
12.88919506535624
 30
9.5
 10
5.51091059616309e-16
 20
13.0
 30
9.5
 10
0.0
 20
4.0
 30
9.5
 10
-2.781152949374526
 20
12.559508646656383
 30
9.5
 10
-1.4079101853620752
 20
12.88919506535624
 30
9.5
 10
0.0
 20
4.0
 30
9.5
 10
-4.08591449765592
 20
12.01905871769531
 30
9.5
 10
-2.781152949374526
 20
12.559508646656383
 30
9.5
 10
0.0
 20
4.0
 30
9.5
 10
-5.290067270632258
 20
11.281152949374526
 30
9.5
 10
-4.08591449765592
 20
12.01905871769531
 30
9.5
 10
0.0
 20
4.0
 30
9.5
 10
-6.363961030678928
 20
10.36396103067893
 30
9.5
 10
-5.290067270632258
 20
11.281152949374526
 30
9.5
 10
0.0
 20
4.0
 30
9.5
 10
-7.281152949374526
 20
9.29006727063226
 30
9.5
 10
-6.363961030678928
 20
10.36396103067893
 30
9.5
 10
0.0
 20
4.0
 30
9.5
 10
-8.01905871769531
 20
8.08591449765592
 30
9.5
 10
-7.281152949374526
 20
9.29006727063226
 30
9.5
 10
0.0
 20
4.0
 30
9.5
 10
-8.559508646656381
 20
6.781152949374528
 30
9.5
 10
-8.01905871769531
 20
8.08591449765592
 30
9.5
 10
0.0
 20
4.0
 30
9.5
 10
-8.889195065356239
 20
5.407910185362079
 30
9.5
 10
-8.559508646656381
 20
6.781152949374528
 30
9.5
 10
0.0
 20
4.0
 30
9.5
 10
-9.0
 20
4.000000000000001
 30
9.5
 10
-8.889195065356239
 20
5.407910185362079
 30
9.5
 10
0.0
 20
4.0
 30
9.5
 10
-8.88919506535624
 20
2.5920898146379234
 30
9.5
 10
-9.0
 20
4.000000000000001
 30
9.5
 10
0.0
 20
4.0
 30
9.5
 10
-8.559508646656385
 20
1.2188470506254778
 30
9.5
 10
-8.88919506535624
 20
2.5920898146379234
 30
9.5
 10
0.0
 20
4.0
 30
9.5
 10
-8.01905871769531
 20
-0.08591449765591985
 30
9.5
 10
-8.559508646656385
 20
1.2188470506254778
 30
9.5
 10
0.0
 20
4.0
 30
9.5
 10
-7.281152949374528
 20
-1.2900672706322576
 30
9.5
 10
-8.01905871769531
 20
-0.08591449765591985
 30
9.5
 10
0.0
 20
4.0
 30
9.5
 10
-6.363961030678929
 20
-2.3639610306789276
 30
9.5
 10
-7.281152949374528
 20
-1.2900672706322576
 30
9.5
 10
0.0
 20
4.0
 30
9.5
 10
-5.290067270632259
 20
-3.281152949374526
 30
9.5
 10
-6.363961030678929
 20
-2.3639610306789276
 30
9.5
 10
0.0
 20
4.0
 30
9.5
 10
-4.0859144976559225
 20
-4.0190587176953105
 30
9.5
 10
-5.290067270632259
 20
-3.281152949374526
 30
9.5
 10
0.0
 20
4.0
 30
9.5
 10
-2.781152949374528
 20
-4.559508646656381
 30
9.5
 10
-4.0859144976559225
 20
-4.0190587176953105
 30
9.5
 10
0.0
 20
4.0
 30
9.5
 10
-1.4079101853620792
 20
-4.889195065356239
 30
9.5
 10
-2.781152949374528
 20
-4.559508646656381
 30
9.5
 10
0.0
 20
4.0
 30
9.5
 10
-1.6532731788489267e-15
 20
-5.0
 30
9.5
 10
-1.4079101853620792
 20
-4.889195065356239
 30
9.5
 10
0.0
 20
4.0
 30
9.5
 10
1.4079101853620761
 20
-4.88919506535624
 30
9.5
 10
-1.6532731788489267e-15
 20
-5.0
 30
9.5
 10
0.0
 20
4.0
 30
9.5
 10
2.7811529493745253
 20
-4.559508646656383
 30
9.5
 10
1.4079101853620761
 20
-4.88919506535624
 30
9.5
 10
0.0
 20
4.0
 30
9.5
 10
4.08591449765592
 20
-4.019058717695312
 30
9.5
 10
2.7811529493745253
 20
-4.559508646656383
 30
9.5
 10
0.0
 20
4.0
 30
9.5
 10
5.290067270632257
 20
-3.281152949374528
 30
9.5
 10
4.08591449765592
 20
-4.019058717695312
 30
9.5
 10
0.0
 20
4.0
 30
9.5
 10
6.363961030678926
 20
-2.3639610306789294
 30
9.5
 10
5.290067270632257
 20
-3.281152949374528
 30
9.5
 10
0.0
 20
4.0
 30
9.5
 10
7.281152949374526
 20
-1.2900672706322602
 30
9.5
 10
6.363961030678926
 20
-2.3639610306789294
 30
9.5
 10
0.0
 20
4.0
 30
9.5
 10
8.01905871769531
 20
-0.08591449765592252
 30
9.5
 10
7.281152949374526
 20
-1.2900672706322602
 30
9.5
 10
0.0
 20
4.0
 30
9.5
 10
8.559508646656381
 20
1.2188470506254716
 30
9.5
 10
8.01905871769531
 20
-0.08591449765592252
 30
9.5
 10
0.0
 20
4.0
 30
9.5
 10
8.889195065356239
 20
2.59208981463792
 30
9.5
 10
8.559508646656381
 20
1.2188470506254716
 30
9.5
 10
0.0
 20
4.0
 30
9.5
 10
9.0
 20
4.0
 30
9.5
 10
8.889195065356239
 20
2.59208981463792
 30
9.5
 10
9.0
 20
4.0
 30
9.5
 10
8.88919506535624
 20
5.407910185362078
 30
9.5
 10
8.88919506535624
 20
5.407910185362078
 30
0.5
 10
9.0
 20
4.0
 30
0.5
 10
8.88919506535624
 20
5.407910185362078
 30
9.5
 10
8.559508646656381
 20
6.781152949374526
 30
9.5
 10
8.559508646656381
 20
6.781152949374526
 30
0.5
 10
8.88919506535624
 20
5.407910185362078
 30
0.5
 10
8.559508646656381
 20
6.781152949374526
 30
9.5
 10
8.01905871769531
 20
8.08591449765592
 30
9.5
 10
8.01905871769531
 20
8.08591449765592
 30
0.5
 10
8.559508646656381
 20
6.781152949374526
 30
0.5
 10
8.01905871769531
 20
8.08591449765592
 30
9.5
 10
7.281152949374527
 20
9.290067270632258
 30
9.5
 10
7.281152949374527
 20
9.290067270632258
 30
0.5
 10
8.01905871769531
 20
8.08591449765592
 30
0.5
 10
7.281152949374527
 20
9.290067270632258
 30
9.5
 10
6.3639610306789285
 20
10.363961030678928
 30
9.5
 10
6.3639610306789285
 20
10.363961030678928
 30
0.5
 10
7.281152949374527
 20
9.290067270632258
 30
0.5
 10
6.3639610306789285
 20
10.363961030678928
 30
9.5
 10
5.2900672706322585
 20
11.281152949374526
 30
9.5
 10
5.2900672706322585
 20
11.281152949374526
 30
0.5
 10
6.3639610306789285
 20
10.363961030678928
 30
0.5
 10
5.2900672706322585
 20
11.281152949374526
 30
9.5
 10
4.085914497655922
 20
12.01905871769531
 30
9.5
 10
4.085914497655922
 20
12.01905871769531
 30
0.5
 10
5.2900672706322585
 20
11.281152949374526
 30
0.5
 10
4.085914497655922
 20
12.01905871769531
 30
9.5
 10
2.781152949374527
 20
12.559508646656381
 30
9.5
 10
2.781152949374527
 20
12.559508646656381
 30
0.5
 10
4.085914497655922
 20
12.01905871769531
 30
0.5
 10
2.781152949374527
 20
12.559508646656381
 30
9.5
 10
1.4079101853620783
 20
12.88919506535624
 30
9.5
 10
1.4079101853620783
 20
12.88919506535624
 30
0.5
 10
2.781152949374527
 20
12.559508646656381
 30
0.5
 10
1.4079101853620783
 20
12.88919506535624
 30
9.5
 10
5.51091059616309e-16
 20
13.0
 30
9.5
 10
5.51091059616309e-16
 20
13.0
 30
0.5
 10
1.4079101853620783
 20
12.88919506535624
 30
0.5
 10
5.51091059616309e-16
 20
13.0
 30
9.5
 10
-1.4079101853620752
 20
12.88919506535624
 30
9.5
 10
-1.4079101853620752
 20
12.88919506535624
 30
0.5
 10
5.51091059616309e-16
 20
13.0
 30
0.5
 10
-1.4079101853620752
 20
12.88919506535624
 30
9.5
 10
-2.781152949374526
 20
12.559508646656383
 30
9.5
 10
-2.781152949374526
 20
12.559508646656383
 30
0.5
 10
-1.4079101853620752
 20
12.88919506535624
 30
0.5
 10
-2.781152949374526
 20
12.559508646656383
 30
9.5
 10
-4.08591449765592
 20
12.01905871769531
 30
9.5
 10
-4.08591449765592
 20
12.01905871769531
 30
0.5
 10
-2.781152949374526
 20
12.559508646656383
 30
0.5
 10
-4.08591449765592
 20
12.01905871769531
 30
9.5
 10
-5.290067270632258
 20
11.281152949374526
 30
9.5
 10
-5.290067270632258
 20
11.281152949374526
 30
0.5
 10
-4.08591449765592
 20
12.01905871769531
 30
0.5
 10
-5.290067270632258
 20
11.281152949374526
 30
9.5
 10
-6.363961030678928
 20
10.36396103067893
 30
9.5
 10
-6.363961030678928
 20
10.36396103067893
 30
0.5
 10
-5.290067270632258
 20
11.281152949374526
 30
0.5
 10
-6.363961030678928
 20
10.36396103067893
 30
9.5
 10
-7.281152949374526
 20
9.29006727063226
 30
9.5
 10
-7.281152949374526
 20
9.29006727063226
 30
0.5
 10
-6.363961030678928
 20
10.36396103067893
 30
0.5
 10
-7.281152949374526
 20
9.29006727063226
 30
9.5
 10
-8.01905871769531
 20
8.08591449765592
 30
9.5
 10
-8.01905871769531
 20
8.08591449765592
 30
0.5
 10
-7.281152949374526
 20
9.29006727063226
 30
0.5
 10
-8.01905871769531
 20
8.08591449765592
 30
9.5
 10
-8.559508646656381
 20
6.781152949374528
 30
9.5
 10
-8.559508646656381
 20
6.781152949374528
 30
0.5
 10
-8.01905871769531
 20
8.08591449765592
 30
0.5
 10
-8.559508646656381
 20
6.781152949374528
 30
9.5
 10
-8.889195065356239
 20
5.407910185362079
 30
9.5
 10
-8.889195065356239
 20
5.407910185362079
 30
0.5
 10
-8.559508646656381
 20
6.781152949374528
 30
0.5
 10
-8.889195065356239
 20
5.407910185362079
 30
9.5
 10
-9.0
 20
4.000000000000001
 30
9.5
 10
-9.0
 20
4.000000000000001
 30
0.5
 10
-8.889195065356239
 20
5.407910185362079
 30
0.5
 10
-9.0
 20
4.000000000000001
 30
9.5
 10
-8.88919506535624
 20
2.5920898146379234
 30
9.5
 10
-8.88919506535624
 20
2.5920898146379234
 30
0.5
 10
-9.0
 20
4.000000000000001
 30
0.5
 10
-8.88919506535624
 20
2.5920898146379234
 30
9.5
 10
-8.559508646656385
 20
1.2188470506254778
 30
9.5
 10
-8.559508646656385
 20
1.2188470506254778
 30
0.5
 10
-8.88919506535624
 20
2.5920898146379234
 30
0.5
 10
-8.559508646656385
 20
1.2188470506254778
 30
9.5
 10
-8.01905871769531
 20
-0.08591449765591985
 30
9.5
 10
-8.01905871769531
 20
-0.08591449765591985
 30
0.5
 10
-8.559508646656385
 20
1.2188470506254778
 30
0.5
 10
-8.01905871769531
 20
-0.08591449765591985
 30
9.5
 10
-7.281152949374528
 20
-1.2900672706322576
 30
9.5
 10
-7.281152949374528
 20
-1.2900672706322576
 30
0.5
 10
-8.01905871769531
 20
-0.08591449765591985
 30
0.5
 10
-7.281152949374528
 20
-1.2900672706322576
 30
9.5
 10
-6.363961030678929
 20
-2.3639610306789276
 30
9.5
 10
-6.363961030678929
 20
-2.3639610306789276
 30
0.5
 10
-7.281152949374528
 20
-1.2900672706322576
 30
0.5
 10
-6.363961030678929
 20
-2.3639610306789276
 30
9.5
 10
-5.290067270632259
 20
-3.281152949374526
 30
9.5
 10
-5.290067270632259
 20
-3.281152949374526
 30
0.5
 10
-6.363961030678929
 20
-2.3639610306789276
 30
0.5
 10
-5.290067270632259
 20
-3.281152949374526
 30
9.5
 10
-4.0859144976559225
 20
-4.0190587176953105
 30
9.5
 10
-4.0859144976559225
 20
-4.0190587176953105
 30
0.5
 10
-5.290067270632259
 20
-3.281152949374526
 30
0.5
 10
-4.0859144976559225
 20
-4.0190587176953105
 30
9.5
 10
-2.781152949374528
 20
-4.559508646656381
 30
9.5
 10
-2.781152949374528
 20
-4.559508646656381
 30
0.5
 10
-4.0859144976559225
 20
-4.0190587176953105
 30
0.5
 10
-2.781152949374528
 20
-4.559508646656381
 30
9.5
 10
-1.4079101853620792
 20
-4.889195065356239
 30
9.5
 10
-1.4079101853620792
 20
-4.889195065356239
 30
0.5
 10
-2.781152949374528
 20
-4.559508646656381
 30
0.5
 10
-1.4079101853620792
 20
-4.889195065356239
 30
9.5
 10
-1.6532731788489267e-15
 20
-5.0
 30
9.5
 10
-1.6532731788489267e-15
 20
-5.0
 30
0.5
 10
-1.4079101853620792
 20
-4.889195065356239
 30
0.5
 10
-1.6532731788489267e-15
 20
-5.0
 30
9.5
 10
1.4079101853620761
 20
-4.88919506535624
 30
9.5
 10
1.4079101853620761
 20
-4.88919506535624
 30
0.5
 10
-1.6532731788489267e-15
 20
-5.0
 30
0.5
 10
1.4079101853620761
 20
-4.88919506535624
 30
9.5
 10
2.7811529493745253
 20
-4.559508646656383
 30
9.5
 10
2.7811529493745253
 20
-4.559508646656383
 30
0.5
 10
1.4079101853620761
 20
-4.88919506535624
 30
0.5
 10
2.7811529493745253
 20
-4.559508646656383
 30
9.5
 10
4.08591449765592
 20
-4.019058717695312
 30
9.5
 10
4.08591449765592
 20
-4.019058717695312
 30
0.5
 10
2.7811529493745253
 20
-4.559508646656383
 30
0.5
 10
4.08591449765592
 20
-4.019058717695312
 30
9.5
 10
5.290067270632257
 20
-3.281152949374528
 30
9.5
 10
5.290067270632257
 20
-3.281152949374528
 30
0.5
 10
4.08591449765592
 20
-4.019058717695312
 30
0.5
 10
5.290067270632257
 20
-3.281152949374528
 30
9.5
 10
6.363961030678926
 20
-2.3639610306789294
 30
9.5
 10
6.363961030678926
 20
-2.3639610306789294
 30
0.5
 10
5.290067270632257
 20
-3.281152949374528
 30
0.5
 10
6.363961030678926
 20
-2.3639610306789294
 30
9.5
 10
7.281152949374526
 20
-1.2900672706322602
 30
9.5
 10
7.281152949374526
 20
-1.2900672706322602
 30
0.5
 10
6.363961030678926
 20
-2.3639610306789294
 30
0.5
 10
7.281152949374526
 20
-1.2900672706322602
 30
9.5
 10
8.01905871769531
 20
-0.08591449765592252
 30
9.5
 10
8.01905871769531
 20
-0.08591449765592252
 30
0.5
 10
7.281152949374526
 20
-1.2900672706322602
 30
0.5
 10
8.01905871769531
 20
-0.08591449765592252
 30
9.5
 10
8.559508646656381
 20
1.2188470506254716
 30
9.5
 10
8.559508646656381
 20
1.2188470506254716
 30
0.5
 10
8.01905871769531
 20
-0.08591449765592252
 30
0.5
 10
8.559508646656381
 20
1.2188470506254716
 30
9.5
 10
8.889195065356239
 20
2.59208981463792
 30
9.5
 10
8.889195065356239
 20
2.59208981463792
 30
0.5
 10
8.559508646656381
 20
1.2188470506254716
 30
0.5
 10
8.889195065356239
 20
2.59208981463792
 30
9.5
 10
9.0
 20
4.0
 30
9.5
 10
9.0
 20
4.0
 30
0.5
 10
8.889195065356239
 20
2.59208981463792
 30
0.5
 10
9.0
 20
4.0
 30
0.5
 10
8.88919506535624
 20
5.407910185362078
 30
0.5
 10
0.0
 20
4.0
 30
0.5
 10
8.88919506535624
 20
5.407910185362078
 30
0.5
 10
8.559508646656381
 20
6.781152949374526
 30
0.5
 10
0.0
 20
4.0
 30
0.5
 10
8.559508646656381
 20
6.781152949374526
 30
0.5
 10
8.01905871769531
 20
8.08591449765592
 30
0.5
 10
0.0
 20
4.0
 30
0.5
 10
8.01905871769531
 20
8.08591449765592
 30
0.5
 10
7.281152949374527
 20
9.290067270632258
 30
0.5
 10
0.0
 20
4.0
 30
0.5
 10
7.281152949374527
 20
9.290067270632258
 30
0.5
 10
6.3639610306789285
 20
10.363961030678928
 30
0.5
 10
0.0
 20
4.0
 30
0.5
 10
6.3639610306789285
 20
10.363961030678928
 30
0.5
 10
5.2900672706322585
 20
11.281152949374526
 30
0.5
 10
0.0
 20
4.0
 30
0.5
 10
5.2900672706322585
 20
11.281152949374526
 30
0.5
 10
4.085914497655922
 20
12.01905871769531
 30
0.5
 10
0.0
 20
4.0
 30
0.5
 10
4.085914497655922
 20
12.01905871769531
 30
0.5
 10
2.781152949374527
 20
12.559508646656381
 30
0.5
 10
0.0
 20
4.0
 30
0.5
 10
2.781152949374527
 20
12.559508646656381
 30
0.5
 10
1.4079101853620783
 20
12.88919506535624
 30
0.5
 10
0.0
 20
4.0
 30
0.5
 10
1.4079101853620783
 20
12.88919506535624
 30
0.5
 10
5.51091059616309e-16
 20
13.0
 30
0.5
 10
0.0
 20
4.0
 30
0.5
 10
5.51091059616309e-16
 20
13.0
 30
0.5
 10
-1.4079101853620752
 20
12.88919506535624
 30
0.5
 10
0.0
 20
4.0
 30
0.5
 10
-1.4079101853620752
 20
12.88919506535624
 30
0.5
 10
-2.781152949374526
 20
12.559508646656383
 30
0.5
 10
0.0
 20
4.0
 30
0.5
 10
-2.781152949374526
 20
12.559508646656383
 30
0.5
 10
-4.08591449765592
 20
12.01905871769531
 30
0.5
 10
0.0
 20
4.0
 30
0.5
 10
-4.08591449765592
 20
12.01905871769531
 30
0.5
 10
-5.290067270632258
 20
11.281152949374526
 30
0.5
 10
0.0
 20
4.0
 30
0.5
 10
-5.290067270632258
 20
11.281152949374526
 30
0.5
 10
-6.363961030678928
 20
10.36396103067893
 30
0.5
 10
0.0
 20
4.0
 30
0.5
 10
-6.363961030678928
 20
10.36396103067893
 30
0.5
 10
-7.281152949374526
 20
9.29006727063226
 30
0.5
 10
0.0
 20
4.0
 30
0.5
 10
-7.281152949374526
 20
9.29006727063226
 30
0.5
 10
-8.01905871769531
 20
8.08591449765592
 30
0.5
 10
0.0
 20
4.0
 30
0.5
 10
-8.01905871769531
 20
8.08591449765592
 30
0.5
 10
-8.559508646656381
 20
6.781152949374528
 30
0.5
 10
0.0
 20
4.0
 30
0.5
 10
-8.559508646656381
 20
6.781152949374528
 30
0.5
 10
-8.889195065356239
 20
5.407910185362079
 30
0.5
 10
0.0
 20
4.0
 30
0.5
 10
-8.889195065356239
 20
5.407910185362079
 30
0.5
 10
-9.0
 20
4.000000000000001
 30
0.5
 10
0.0
 20
4.0
 30
0.5
 10
-9.0
 20
4.000000000000001
 30
0.5
 10
-8.88919506535624
 20
2.5920898146379234
 30
0.5
 10
0.0
 20
4.0
 30
0.5
 10
-8.88919506535624
 20
2.5920898146379234
 30
0.5
 10
-8.559508646656385
 20
1.2188470506254778
 30
0.5
 10
0.0
 20
4.0
 30
0.5
 10
-8.559508646656385
 20
1.2188470506254778
 30
0.5
 10
-8.01905871769531
 20
-0.08591449765591985
 30
0.5
 10
0.0
 20
4.0
 30
0.5
 10
-8.01905871769531
 20
-0.08591449765591985
 30
0.5
 10
-7.281152949374528
 20
-1.2900672706322576
 30
0.5
 10
0.0
 20
4.0
 30
0.5
 10
-7.281152949374528
 20
-1.2900672706322576
 30
0.5
 10
-6.363961030678929
 20
-2.3639610306789276
 30
0.5
 10
0.0
 20
4.0
 30
0.5
 10
-6.363961030678929
 20
-2.3639610306789276
 30
0.5
 10
-5.290067270632259
 20
-3.281152949374526
 30
0.5
 10
0.0
 20
4.0
 30
0.5
 10
-5.290067270632259
 20
-3.281152949374526
 30
0.5
 10
-4.0859144976559225
 20
-4.0190587176953105
 30
0.5
 10
0.0
 20
4.0
 30
0.5
 10
-4.0859144976559225
 20
-4.0190587176953105
 30
0.5
 10
-2.781152949374528
 20
-4.559508646656381
 30
0.5
 10
0.0
 20
4.0
 30
0.5
 10
-2.781152949374528
 20
-4.559508646656381
 30
0.5
 10
-1.4079101853620792
 20
-4.889195065356239
 30
0.5
 10
0.0
 20
4.0
 30
0.5
 10
-1.4079101853620792
 20
-4.889195065356239
 30
0.5
 10
-1.6532731788489267e-15
 20
-5.0
 30
0.5
 10
0.0
 20
4.0
 30
0.5
 10
-1.6532731788489267e-15
 20
-5.0
 30
0.5
 10
1.4079101853620761
 20
-4.88919506535624
 30
0.5
 10
0.0
 20
4.0
 30
0.5
 10
1.4079101853620761
 20
-4.88919506535624
 30
0.5
 10
2.7811529493745253
 20
-4.559508646656383
 30
0.5
 10
0.0
 20
4.0
 30
0.5
 10
2.7811529493745253
 20
-4.559508646656383
 30
0.5
 10
4.08591449765592
 20
-4.019058717695312
 30
0.5
 10
0.0
 20
4.0
 30
0.5
 10
4.08591449765592
 20
-4.019058717695312
 30
0.5
 10
5.290067270632257
 20
-3.281152949374528
 30
0.5
 10
0.0
 20
4.0
 30
0.5
 10
5.290067270632257
 20
-3.281152949374528
 30
0.5
 10
6.363961030678926
 20
-2.3639610306789294
 30
0.5
 10
0.0
 20
4.0
 30
0.5
 10
6.363961030678926
 20
-2.3639610306789294
 30
0.5
 10
7.281152949374526
 20
-1.2900672706322602
 30
0.5
 10
0.0
 20
4.0
 30
0.5
 10
7.281152949374526
 20
-1.2900672706322602
 30
0.5
 10
8.01905871769531
 20
-0.08591449765592252
 30
0.5
 10
0.0
 20
4.0
 30
0.5
 10
8.01905871769531
 20
-0.08591449765592252
 30
0.5
 10
8.559508646656381
 20
1.2188470506254716
 30
0.5
 10
0.0
 20
4.0
 30
0.5
 10
8.559508646656381
 20
1.2188470506254716
 30
0.5
 10
8.889195065356239
 20
2.59208981463792
 30
0.5
 10
0.0
 20
4.0
 30
0.5
 10
8.889195065356239
 20
2.59208981463792
 30
0.5
 10
9.0
 20
4.0
 30
0.5
 10
0.0
 20
4.0
 30
0.5
 93
640
 90
3
 90
0
 90
1
 90
2
 90
3
 90
3
 90
4
 90
5
 90
3
 90
6
 90
7
 90
8
 90
3
 90
9
 90
10
 90
11
 90
3
 90
12
 90
13
 90
14
 90
3
 90
15
 90
16
 90
17
 90
3
 90
18
 90
19
 90
20
 90
3
 90
21
 90
22
 90
23
 90
3
 90
24
 90
25
 90
26
 90
3
 90
27
 90
28
 90
29
 90
3
 90
30
 90
31
 90
32
 90
3
 90
33
 90
34
 90
35
 90
3
 90
36
 90
37
 90
38
 90
3
 90
39
 90
40
 90
41
 90
3
 90
42
 90
43
 90
44
 90
3
 90
45
 90
46
 90
47
 90
3
 90
48
 90
49
 90
50
 90
3
 90
51
 90
52
 90
53
 90
3
 90
54
 90
55
 90
56
 90
3
 90
57
 90
58
 90
59
 90
3
 90
60
 90
61
 90
62
 90
3
 90
63
 90
64
 90
65
 90
3
 90
66
 90
67
 90
68
 90
3
 90
69
 90
70
 90
71
 90
3
 90
72
 90
73
 90
74
 90
3
 90
75
 90
76
 90
77
 90
3
 90
78
 90
79
 90
80
 90
3
 90
81
 90
82
 90
83
 90
3
 90
84
 90
85
 90
86
 90
3
 90
87
 90
88
 90
89
 90
3
 90
90
 90
91
 90
92
 90
3
 90
93
 90
94
 90
95
 90
3
 90
96
 90
97
 90
98
 90
3
 90
99
 90
100
 90
101
 90
3
 90
102
 90
103
 90
104
 90
3
 90
105
 90
106
 90
107
 90
3
 90
108
 90
109
 90
110
 90
3
 90
111
 90
112
 90
113
 90
3
 90
114
 90
115
 90
116
 90
3
 90
117
 90
118
 90
119
 90
3
 90
120
 90
121
 90
122
 90
3
 90
120
 90
122
 90
123
 90
3
 90
124
 90
125
 90
126
 90
3
 90
124
 90
126
 90
127
 90
3
 90
128
 90
129
 90
130
 90
3
 90
128
 90
130
 90
131
 90
3
 90
132
 90
133
 90
134
 90
3
 90
132
 90
134
 90
135
 90
3
 90
136
 90
137
 90
138
 90
3
 90
136
 90
138
 90
139
 90
3
 90
140
 90
141
 90
142
 90
3
 90
140
 90
142
 90
143
 90
3
 90
144
 90
145
 90
146
 90
3
 90
144
 90
146
 90
147
 90
3
 90
148
 90
149
 90
150
 90
3
 90
148
 90
150
 90
151
 90
3
 90
152
 90
153
 90
154
 90
3
 90
152
 90
154
 90
155
 90
3
 90
156
 90
157
 90
158
 90
3
 90
156
 90
158
 90
159
 90
3
 90
160
 90
161
 90
162
 90
3
 90
160
 90
162
 90
163
 90
3
 90
164
 90
165
 90
166
 90
3
 90
164
 90
166
 90
167
 90
3
 90
168
 90
169
 90
170
 90
3
 90
168
 90
170
 90
171
 90
3
 90
172
 90
173
 90
174
 90
3
 90
172
 90
174
 90
175
 90
3
 90
176
 90
177
 90
178
 90
3
 90
176
 90
178
 90
179
 90
3
 90
180
 90
181
 90
182
 90
3
 90
180
 90
182
 90
183
 90
3
 90
184
 90
185
 90
186
 90
3
 90
184
 90
186
 90
187
 90
3
 90
188
 90
189
 90
190
 90
3
 90
188
 90
190
 90
191
 90
3
 90
192
 90
193
 90
194
 90
3
 90
192
 90
194
 90
195
 90
3
 90
196
 90
197
 90
198
 90
3
 90
196
 90
198
 90
199
 90
3
 90
200
 90
201
 90
202
 90
3
 90
200
 90
202
 90
203
 90
3
 90
204
 90
205
 90
206
 90
3
 90
204
 90
206
 90
207
 90
3
 90
208
 90
209
 90
210
 90
3
 90
208
 90
210
 90
211
 90
3
 90
212
 90
213
 90
214
 90
3
 90
212
 90
214
 90
215
 90
3
 90
216
 90
217
 90
218
 90
3
 90
216
 90
218
 90
219
 90
3
 90
220
 90
221
 90
222
 90
3
 90
220
 90
222
 90
223
 90
3
 90
224
 90
225
 90
226
 90
3
 90
224
 90
226
 90
227
 90
3
 90
228
 90
229
 90
230
 90
3
 90
228
 90
230
 90
231
 90
3
 90
232
 90
233
 90
234
 90
3
 90
232
 90
234
 90
235
 90
3
 90
236
 90
237
 90
238
 90
3
 90
236
 90
238
 90
239
 90
3
 90
240
 90
241
 90
242
 90
3
 90
240
 90
242
 90
243
 90
3
 90
244
 90
245
 90
246
 90
3
 90
244
 90
246
 90
247
 90
3
 90
248
 90
249
 90
250
 90
3
 90
248
 90
250
 90
251
 90
3
 90
252
 90
253
 90
254
 90
3
 90
252
 90
254
 90
255
 90
3
 90
256
 90
257
 90
258
 90
3
 90
256
 90
258
 90
259
 90
3
 90
260
 90
261
 90
262
 90
3
 90
260
 90
262
 90
263
 90
3
 90
264
 90
265
 90
266
 90
3
 90
264
 90
266
 90
267
 90
3
 90
268
 90
269
 90
270
 90
3
 90
268
 90
270
 90
271
 90
3
 90
272
 90
273
 90
274
 90
3
 90
272
 90
274
 90
275
 90
3
 90
276
 90
277
 90
278
 90
3
 90
276
 90
278
 90
279
 90
3
 90
280
 90
281
 90
282
 90
3
 90
283
 90
284
 90
285
 90
3
 90
286
 90
287
 90
288
 90
3
 90
289
 90
290
 90
291
 90
3
 90
292
 90
293
 90
294
 90
3
 90
295
 90
296
 90
297
 90
3
 90
298
 90
299
 90
300
 90
3
 90
301
 90
302
 90
303
 90
3
 90
304
 90
305
 90
306
 90
3
 90
307
 90
308
 90
309
 90
3
 90
310
 90
311
 90
312
 90
3
 90
313
 90
314
 90
315
 90
3
 90
316
 90
317
 90
318
 90
3
 90
319
 90
320
 90
321
 90
3
 90
322
 90
323
 90
324
 90
3
 90
325
 90
326
 90
327
 90
3
 90
328
 90
329
 90
330
 90
3
 90
331
 90
332
 90
333
 90
3
 90
334
 90
335
 90
336
 90
3
 90
337
 90
338
 90
339
 90
3
 90
340
 90
341
 90
342
 90
3
 90
343
 90
344
 90
345
 90
3
 90
346
 90
347
 90
348
 90
3
 90
349
 90
350
 90
351
 90
3
 90
352
 90
353
 90
354
 90
3
 90
355
 90
356
 90
357
 90
3
 90
358
 90
359
 90
360
 90
3
 90
361
 90
362
 90
363
 90
3
 90
364
 90
365
 90
366
 90
3
 90
367
 90
368
 90
369
 90
3
 90
370
 90
371
 90
372
 90
3
 90
373
 90
374
 90
375
 90
3
 90
376
 90
377
 90
378
 90
3
 90
379
 90
380
 90
381
 90
3
 90
382
 90
383
 90
384
 90
3
 90
385
 90
386
 90
387
 90
3
 90
388
 90
389
 90
390
 90
3
 90
391
 90
392
 90
393
 90
3
 90
394
 90
395
 90
396
 90
3
 90
397
 90
398
 90
399
 94
0
 95
0
 90
0
  0
MESH
  5
94
330
17
100
AcDbEntity
  8
M-PLINTH
100
AcDbSubDMesh
 71
2
 72
0
 91
0
 92
400
 10
0.0
 20
4.0
 30
0.5
 10
9.481808069713322
 20
5.501770864386216
 30
0.5
 10
9.6
 20
4.0
 30
0.5
 10
0.0
 20
4.0
 30
0.5
 10
9.130142556433473
 20
6.966563145999495
 30
0.5
 10
9.481808069713322
 20
5.501770864386216
 30
0.5
 10
0.0
 20
4.0
 30
0.5
 10
8.553662632208331
 20
8.35830879749965
 30
0.5
 10
9.130142556433473
 20
6.966563145999495
 30
0.5
 10
0.0
 20
4.0
 30
0.5
 10
7.766563145999495
 20
9.642738422007742
 30
0.5
 10
8.553662632208331
 20
8.35830879749965
 30
0.5
 10
0.0
 20
4.0
 30
0.5
 10
6.788225099390856
 20
10.788225099390855
 30
0.5
 10
7.766563145999495
 20
9.642738422007742
 30
0.5
 10
0.0
 20
4.0
 30
0.5
 10
5.642738422007742
 20
11.766563145999495
 30
0.5
 10
6.788225099390856
 20
10.788225099390855
 30
0.5
 10
0.0
 20
4.0
 30
0.5
 10
4.3583087974996495
 20
12.553662632208331
 30
0.5
 10
5.642738422007742
 20
11.766563145999495
 30
0.5
 10
0.0
 20
4.0
 30
0.5
 10
2.9665631459994954
 20
13.130142556433473
 30
0.5
 10
4.3583087974996495
 20
12.553662632208331
 30
0.5
 10
0.0
 20
4.0
 30
0.5
 10
1.5017708643862169
 20
13.481808069713322
 30
0.5
 10
2.9665631459994954
 20
13.130142556433473
 30
0.5
 10
0.0
 20
4.0
 30
0.5
 10
5.878304635907295e-16
 20
13.6
 30
0.5
 10
1.5017708643862169
 20
13.481808069713322
 30
0.5
 10
0.0
 20
4.0
 30
0.5
 10
-1.5017708643862135
 20
13.481808069713322
 30
0.5
 10
5.878304635907295e-16
 20
13.6
 30
0.5
 10
0.0
 20
4.0
 30
0.5
 10
-2.9665631459994946
 20
13.130142556433475
 30
0.5
 10
-1.5017708643862135
 20
13.481808069713322
 30
0.5
 10
0.0
 20
4.0
 30
0.5
 10
-4.358308797499648
 20
12.553662632208331
 30
0.5
 10
-2.9665631459994946
 20
13.130142556433475
 30
0.5
 10
0.0
 20
4.0
 30
0.5
 10
-5.642738422007741
 20
11.766563145999495
 30
0.5
 10
-4.358308797499648
 20
12.553662632208331
 30
0.5
 10
0.0
 20
4.0
 30
0.5
 10
-6.788225099390855
 20
10.788225099390857
 30
0.5
 10
-5.642738422007741
 20
11.766563145999495
 30
0.5
 10
0.0
 20
4.0
 30
0.5
 10
-7.766563145999494
 20
9.642738422007742
 30
0.5
 10
-6.788225099390855
 20
10.788225099390857
 30
0.5
 10
0.0
 20
4.0
 30
0.5
 10
-8.553662632208331
 20
8.35830879749965
 30
0.5
 10
-7.766563145999494
 20
9.642738422007742
 30
0.5
 10
0.0
 20
4.0
 30
0.5
 10
-9.130142556433473
 20
6.966563145999496
 30
0.5
 10
-8.553662632208331
 20
8.35830879749965
 30
0.5
 10
0.0
 20
4.0
 30
0.5
 10
-9.48180806971332
 20
5.501770864386217
 30
0.5
 10
-9.130142556433473
 20
6.966563145999496
 30
0.5
 10
0.0
 20
4.0
 30
0.5
 10
-9.6
 20
4.000000000000001
 30
0.5
 10
-9.48180806971332
 20
5.501770864386217
 30
0.5
 10
0.0
 20
4.0
 30
0.5
 10
-9.481808069713322
 20
2.4982291356137853
 30
0.5
 10
-9.6
 20
4.000000000000001
 30
0.5
 10
0.0
 20
4.0
 30
0.5
 10
-9.130142556433476
 20
1.0334368540005099
 30
0.5
 10
-9.481808069713322
 20
2.4982291356137853
 30
0.5
 10
0.0
 20
4.0
 30
0.5
 10
-8.553662632208331
 20
-0.3583087974996477
 30
0.5
 10
-9.130142556433476
 20
1.0334368540005099
 30
0.5
 10
0.0
 20
4.0
 30
0.5
 10
-7.766563145999497
 20
-1.6427384220077412
 30
0.5
 10
-8.553662632208331
 20
-0.3583087974996477
 30
0.5
 10
0.0
 20
4.0
 30
0.5
 10
-6.788225099390858
 20
-2.7882250993908553
 30
0.5
 10
-7.766563145999497
 20
-1.6427384220077412
 30
0.5
 10
0.0
 20
4.0
 30
0.5
 10
-5.642738422007743
 20
-3.766563145999494
 30
0.5
 10
-6.788225099390858
 20
-2.7882250993908553
 30
0.5
 10
0.0
 20
4.0
 30
0.5
 10
-4.35830879749965
 20
-4.553662632208331
 30
0.5
 10
-5.642738422007743
 20
-3.766563145999494
 30
0.5
 10
0.0
 20
4.0
 30
0.5
 10
-2.9665631459994963
 20
-5.130142556433473
 30
0.5
 10
-4.35830879749965
 20
-4.553662632208331
 30
0.5
 10
0.0
 20
4.0
 30
0.5
 10
-1.501770864386218
 20
-5.4818080697133205
 30
0.5
 10
-2.9665631459994963
 20
-5.130142556433473
 30
0.5
 10
0.0
 20
4.0
 30
0.5
 10
-1.7634913907721885e-15
 20
-5.6
 30
0.5
 10
-1.501770864386218
 20
-5.4818080697133205
 30
0.5
 10
0.0
 20
4.0
 30
0.5
 10
1.5017708643862144
 20
-5.481808069713322
 30
0.5
 10
-1.7634913907721885e-15
 20
-5.6
 30
0.5
 10
0.0
 20
4.0
 30
0.5
 10
2.9665631459994932
 20
-5.130142556433475
 30
0.5
 10
1.5017708643862144
 20
-5.481808069713322
 30
0.5
 10
0.0
 20
4.0
 30
0.5
 10
4.358308797499648
 20
-4.553662632208333
 30
0.5
 10
2.9665631459994932
 20
-5.130142556433475
 30
0.5
 10
0.0
 20
4.0
 30
0.5
 10
5.6427384220077395
 20
-3.7665631459994966
 30
0.5
 10
4.358308797499648
 20
-4.553662632208333
 30
0.5
 10
0.0
 20
4.0
 30
0.5
 10
6.788225099390854
 20
-2.788225099390858
 30
0.5
 10
5.6427384220077395
 20
-3.7665631459994966
 30
0.5
 10
0.0
 20
4.0
 30
0.5
 10
7.766563145999494
 20
-1.642738422007744
 30
0.5
 10
6.788225099390854
 20
-2.788225099390858
 30
0.5
 10
0.0
 20
4.0
 30
0.5
 10
8.553662632208331
 20
-0.3583087974996504
 30
0.5
 10
7.766563145999494
 20
-1.642738422007744
 30
0.5
 10
0.0
 20
4.0
 30
0.5
 10
9.130142556433473
 20
1.0334368540005028
 30
0.5
 10
8.553662632208331
 20
-0.3583087974996504
 30
0.5
 10
0.0
 20
4.0
 30
0.5
 10
9.48180806971332
 20
2.4982291356137813
 30
0.5
 10
9.130142556433473
 20
1.0334368540005028
 30
0.5
 10
0.0
 20
4.0
 30
0.5
 10
9.6
 20
4.0
 30
0.5
 10
9.48180806971332
 20
2.4982291356137813
 30
0.5
 10
9.6
 20
4.0
 30
0.5
 10
9.481808069713322
 20
5.501770864386216
 30
0.5
 10
9.481808069713322
 20
5.501770864386216
 30
0.0
 10
9.6
 20
4.0
 30
0.0
 10
9.481808069713322
 20
5.501770864386216
 30
0.5
 10
9.130142556433473
 20
6.966563145999495
 30
0.5
 10
9.130142556433473
 20
6.966563145999495
 30
0.0
 10
9.481808069713322
 20
5.501770864386216
 30
0.0
 10
9.130142556433473
 20
6.966563145999495
 30
0.5
 10
8.553662632208331
 20
8.35830879749965
 30
0.5
 10
8.553662632208331
 20
8.35830879749965
 30
0.0
 10
9.130142556433473
 20
6.966563145999495
 30
0.0
 10
8.553662632208331
 20
8.35830879749965
 30
0.5
 10
7.766563145999495
 20
9.642738422007742
 30
0.5
 10
7.766563145999495
 20
9.642738422007742
 30
0.0
 10
8.553662632208331
 20
8.35830879749965
 30
0.0
 10
7.766563145999495
 20
9.642738422007742
 30
0.5
 10
6.788225099390856
 20
10.788225099390855
 30
0.5
 10
6.788225099390856
 20
10.788225099390855
 30
0.0
 10
7.766563145999495
 20
9.642738422007742
 30
0.0
 10
6.788225099390856
 20
10.788225099390855
 30
0.5
 10
5.642738422007742
 20
11.766563145999495
 30
0.5
 10
5.642738422007742
 20
11.766563145999495
 30
0.0
 10
6.788225099390856
 20
10.788225099390855
 30
0.0
 10
5.642738422007742
 20
11.766563145999495
 30
0.5
 10
4.3583087974996495
 20
12.553662632208331
 30
0.5
 10
4.3583087974996495
 20
12.553662632208331
 30
0.0
 10
5.642738422007742
 20
11.766563145999495
 30
0.0
 10
4.3583087974996495
 20
12.553662632208331
 30
0.5
 10
2.9665631459994954
 20
13.130142556433473
 30
0.5
 10
2.9665631459994954
 20
13.130142556433473
 30
0.0
 10
4.3583087974996495
 20
12.553662632208331
 30
0.0
 10
2.9665631459994954
 20
13.130142556433473
 30
0.5
 10
1.5017708643862169
 20
13.481808069713322
 30
0.5
 10
1.5017708643862169
 20
13.481808069713322
 30
0.0
 10
2.9665631459994954
 20
13.130142556433473
 30
0.0
 10
1.5017708643862169
 20
13.481808069713322
 30
0.5
 10
5.878304635907295e-16
 20
13.6
 30
0.5
 10
5.878304635907295e-16
 20
13.6
 30
0.0
 10
1.5017708643862169
 20
13.481808069713322
 30
0.0
 10
5.878304635907295e-16
 20
13.6
 30
0.5
 10
-1.5017708643862135
 20
13.481808069713322
 30
0.5
 10
-1.5017708643862135
 20
13.481808069713322
 30
0.0
 10
5.878304635907295e-16
 20
13.6
 30
0.0
 10
-1.5017708643862135
 20
13.481808069713322
 30
0.5
 10
-2.9665631459994946
 20
13.130142556433475
 30
0.5
 10
-2.9665631459994946
 20
13.130142556433475
 30
0.0
 10
-1.5017708643862135
 20
13.481808069713322
 30
0.0
 10
-2.9665631459994946
 20
13.130142556433475
 30
0.5
 10
-4.358308797499648
 20
12.553662632208331
 30
0.5
 10
-4.358308797499648
 20
12.553662632208331
 30
0.0
 10
-2.9665631459994946
 20
13.130142556433475
 30
0.0
 10
-4.358308797499648
 20
12.553662632208331
 30
0.5
 10
-5.642738422007741
 20
11.766563145999495
 30
0.5
 10
-5.642738422007741
 20
11.766563145999495
 30
0.0
 10
-4.358308797499648
 20
12.553662632208331
 30
0.0
 10
-5.642738422007741
 20
11.766563145999495
 30
0.5
 10
-6.788225099390855
 20
10.788225099390857
 30
0.5
 10
-6.788225099390855
 20
10.788225099390857
 30
0.0
 10
-5.642738422007741
 20
11.766563145999495
 30
0.0
 10
-6.788225099390855
 20
10.788225099390857
 30
0.5
 10
-7.766563145999494
 20
9.642738422007742
 30
0.5
 10
-7.766563145999494
 20
9.642738422007742
 30
0.0
 10
-6.788225099390855
 20
10.788225099390857
 30
0.0
 10
-7.766563145999494
 20
9.642738422007742
 30
0.5
 10
-8.553662632208331
 20
8.35830879749965
 30
0.5
 10
-8.553662632208331
 20
8.35830879749965
 30
0.0
 10
-7.766563145999494
 20
9.642738422007742
 30
0.0
 10
-8.553662632208331
 20
8.35830879749965
 30
0.5
 10
-9.130142556433473
 20
6.966563145999496
 30
0.5
 10
-9.130142556433473
 20
6.966563145999496
 30
0.0
 10
-8.553662632208331
 20
8.35830879749965
 30
0.0
 10
-9.130142556433473
 20
6.966563145999496
 30
0.5
 10
-9.48180806971332
 20
5.501770864386217
 30
0.5
 10
-9.48180806971332
 20
5.501770864386217
 30
0.0
 10
-9.130142556433473
 20
6.966563145999496
 30
0.0
 10
-9.48180806971332
 20
5.501770864386217
 30
0.5
 10
-9.6
 20
4.000000000000001
 30
0.5
 10
-9.6
 20
4.000000000000001
 30
0.0
 10
-9.48180806971332
 20
5.501770864386217
 30
0.0
 10
-9.6
 20
4.000000000000001
 30
0.5
 10
-9.481808069713322
 20
2.4982291356137853
 30
0.5
 10
-9.481808069713322
 20
2.4982291356137853
 30
0.0
 10
-9.6
 20
4.000000000000001
 30
0.0
 10
-9.481808069713322
 20
2.4982291356137853
 30
0.5
 10
-9.130142556433476
 20
1.0334368540005099
 30
0.5
 10
-9.130142556433476
 20
1.0334368540005099
 30
0.0
 10
-9.481808069713322
 20
2.4982291356137853
 30
0.0
 10
-9.130142556433476
 20
1.0334368540005099
 30
0.5
 10
-8.553662632208331
 20
-0.3583087974996477
 30
0.5
 10
-8.553662632208331
 20
-0.3583087974996477
 30
0.0
 10
-9.130142556433476
 20
1.0334368540005099
 30
0.0
 10
-8.553662632208331
 20
-0.3583087974996477
 30
0.5
 10
-7.766563145999497
 20
-1.6427384220077412
 30
0.5
 10
-7.766563145999497
 20
-1.6427384220077412
 30
0.0
 10
-8.553662632208331
 20
-0.3583087974996477
 30
0.0
 10
-7.766563145999497
 20
-1.6427384220077412
 30
0.5
 10
-6.788225099390858
 20
-2.7882250993908553
 30
0.5
 10
-6.788225099390858
 20
-2.7882250993908553
 30
0.0
 10
-7.766563145999497
 20
-1.6427384220077412
 30
0.0
 10
-6.788225099390858
 20
-2.7882250993908553
 30
0.5
 10
-5.642738422007743
 20
-3.766563145999494
 30
0.5
 10
-5.642738422007743
 20
-3.766563145999494
 30
0.0
 10
-6.788225099390858
 20
-2.7882250993908553
 30
0.0
 10
-5.642738422007743
 20
-3.766563145999494
 30
0.5
 10
-4.35830879749965
 20
-4.553662632208331
 30
0.5
 10
-4.35830879749965
 20
-4.553662632208331
 30
0.0
 10
-5.642738422007743
 20
-3.766563145999494
 30
0.0
 10
-4.35830879749965
 20
-4.553662632208331
 30
0.5
 10
-2.9665631459994963
 20
-5.130142556433473
 30
0.5
 10
-2.9665631459994963
 20
-5.130142556433473
 30
0.0
 10
-4.35830879749965
 20
-4.553662632208331
 30
0.0
 10
-2.9665631459994963
 20
-5.130142556433473
 30
0.5
 10
-1.501770864386218
 20
-5.4818080697133205
 30
0.5
 10
-1.501770864386218
 20
-5.4818080697133205
 30
0.0
 10
-2.9665631459994963
 20
-5.130142556433473
 30
0.0
 10
-1.501770864386218
 20
-5.4818080697133205
 30
0.5
 10
-1.7634913907721885e-15
 20
-5.6
 30
0.5
 10
-1.7634913907721885e-15
 20
-5.6
 30
0.0
 10
-1.501770864386218
 20
-5.4818080697133205
 30
0.0
 10
-1.7634913907721885e-15
 20
-5.6
 30
0.5
 10
1.5017708643862144
 20
-5.481808069713322
 30
0.5
 10
1.5017708643862144
 20
-5.481808069713322
 30
0.0
 10
-1.7634913907721885e-15
 20
-5.6
 30
0.0
 10
1.5017708643862144
 20
-5.481808069713322
 30
0.5
 10
2.9665631459994932
 20
-5.130142556433475
 30
0.5
 10
2.9665631459994932
 20
-5.130142556433475
 30
0.0
 10
1.5017708643862144
 20
-5.481808069713322
 30
0.0
 10
2.9665631459994932
 20
-5.130142556433475
 30
0.5
 10
4.358308797499648
 20
-4.553662632208333
 30
0.5
 10
4.358308797499648
 20
-4.553662632208333
 30
0.0
 10
2.9665631459994932
 20
-5.130142556433475
 30
0.0
 10
4.358308797499648
 20
-4.553662632208333
 30
0.5
 10
5.6427384220077395
 20
-3.7665631459994966
 30
0.5
 10
5.6427384220077395
 20
-3.7665631459994966
 30
0.0
 10
4.358308797499648
 20
-4.553662632208333
 30
0.0
 10
5.6427384220077395
 20
-3.7665631459994966
 30
0.5
 10
6.788225099390854
 20
-2.788225099390858
 30
0.5
 10
6.788225099390854
 20
-2.788225099390858
 30
0.0
 10
5.6427384220077395
 20
-3.7665631459994966
 30
0.0
 10
6.788225099390854
 20
-2.788225099390858
 30
0.5
 10
7.766563145999494
 20
-1.642738422007744
 30
0.5
 10
7.766563145999494
 20
-1.642738422007744
 30
0.0
 10
6.788225099390854
 20
-2.788225099390858
 30
0.0
 10
7.766563145999494
 20
-1.642738422007744
 30
0.5
 10
8.553662632208331
 20
-0.3583087974996504
 30
0.5
 10
8.553662632208331
 20
-0.3583087974996504
 30
0.0
 10
7.766563145999494
 20
-1.642738422007744
 30
0.0
 10
8.553662632208331
 20
-0.3583087974996504
 30
0.5
 10
9.130142556433473
 20
1.0334368540005028
 30
0.5
 10
9.130142556433473
 20
1.0334368540005028
 30
0.0
 10
8.553662632208331
 20
-0.3583087974996504
 30
0.0
 10
9.130142556433473
 20
1.0334368540005028
 30
0.5
 10
9.48180806971332
 20
2.4982291356137813
 30
0.5
 10
9.48180806971332
 20
2.4982291356137813
 30
0.0
 10
9.130142556433473
 20
1.0334368540005028
 30
0.0
 10
9.48180806971332
 20
2.4982291356137813
 30
0.5
 10
9.6
 20
4.0
 30
0.5
 10
9.6
 20
4.0
 30
0.0
 10
9.48180806971332
 20
2.4982291356137813
 30
0.0
 10
9.6
 20
4.0
 30
0.0
 10
9.481808069713322
 20
5.501770864386216
 30
0.0
 10
0.0
 20
4.0
 30
0.0
 10
9.481808069713322
 20
5.501770864386216
 30
0.0
 10
9.130142556433473
 20
6.966563145999495
 30
0.0
 10
0.0
 20
4.0
 30
0.0
 10
9.130142556433473
 20
6.966563145999495
 30
0.0
 10
8.553662632208331
 20
8.35830879749965
 30
0.0
 10
0.0
 20
4.0
 30
0.0
 10
8.553662632208331
 20
8.35830879749965
 30
0.0
 10
7.766563145999495
 20
9.642738422007742
 30
0.0
 10
0.0
 20
4.0
 30
0.0
 10
7.766563145999495
 20
9.642738422007742
 30
0.0
 10
6.788225099390856
 20
10.788225099390855
 30
0.0
 10
0.0
 20
4.0
 30
0.0
 10
6.788225099390856
 20
10.788225099390855
 30
0.0
 10
5.642738422007742
 20
11.766563145999495
 30
0.0
 10
0.0
 20
4.0
 30
0.0
 10
5.642738422007742
 20
11.766563145999495
 30
0.0
 10
4.3583087974996495
 20
12.553662632208331
 30
0.0
 10
0.0
 20
4.0
 30
0.0
 10
4.3583087974996495
 20
12.553662632208331
 30
0.0
 10
2.9665631459994954
 20
13.130142556433473
 30
0.0
 10
0.0
 20
4.0
 30
0.0
 10
2.9665631459994954
 20
13.130142556433473
 30
0.0
 10
1.5017708643862169
 20
13.481808069713322
 30
0.0
 10
0.0
 20
4.0
 30
0.0
 10
1.5017708643862169
 20
13.481808069713322
 30
0.0
 10
5.878304635907295e-16
 20
13.6
 30
0.0
 10
0.0
 20
4.0
 30
0.0
 10
5.878304635907295e-16
 20
13.6
 30
0.0
 10
-1.5017708643862135
 20
13.481808069713322
 30
0.0
 10
0.0
 20
4.0
 30
0.0
 10
-1.5017708643862135
 20
13.481808069713322
 30
0.0
 10
-2.9665631459994946
 20
13.130142556433475
 30
0.0
 10
0.0
 20
4.0
 30
0.0
 10
-2.9665631459994946
 20
13.130142556433475
 30
0.0
 10
-4.358308797499648
 20
12.553662632208331
 30
0.0
 10
0.0
 20
4.0
 30
0.0
 10
-4.358308797499648
 20
12.553662632208331
 30
0.0
 10
-5.642738422007741
 20
11.766563145999495
 30
0.0
 10
0.0
 20
4.0
 30
0.0
 10
-5.642738422007741
 20
11.766563145999495
 30
0.0
 10
-6.788225099390855
 20
10.788225099390857
 30
0.0
 10
0.0
 20
4.0
 30
0.0
 10
-6.788225099390855
 20
10.788225099390857
 30
0.0
 10
-7.766563145999494
 20
9.642738422007742
 30
0.0
 10
0.0
 20
4.0
 30
0.0
 10
-7.766563145999494
 20
9.642738422007742
 30
0.0
 10
-8.553662632208331
 20
8.35830879749965
 30
0.0
 10
0.0
 20
4.0
 30
0.0
 10
-8.553662632208331
 20
8.35830879749965
 30
0.0
 10
-9.130142556433473
 20
6.966563145999496
 30
0.0
 10
0.0
 20
4.0
 30
0.0
 10
-9.130142556433473
 20
6.966563145999496
 30
0.0
 10
-9.48180806971332
 20
5.501770864386217
 30
0.0
 10
0.0
 20
4.0
 30
0.0
 10
-9.48180806971332
 20
5.501770864386217
 30
0.0
 10
-9.6
 20
4.000000000000001
 30
0.0
 10
0.0
 20
4.0
 30
0.0
 10
-9.6
 20
4.000000000000001
 30
0.0
 10
-9.481808069713322
 20
2.4982291356137853
 30
0.0
 10
0.0
 20
4.0
 30
0.0
 10
-9.481808069713322
 20
2.4982291356137853
 30
0.0
 10
-9.130142556433476
 20
1.0334368540005099
 30
0.0
 10
0.0
 20
4.0
 30
0.0
 10
-9.130142556433476
 20
1.0334368540005099
 30
0.0
 10
-8.553662632208331
 20
-0.3583087974996477
 30
0.0
 10
0.0
 20
4.0
 30
0.0
 10
-8.553662632208331
 20
-0.3583087974996477
 30
0.0
 10
-7.766563145999497
 20
-1.6427384220077412
 30
0.0
 10
0.0
 20
4.0
 30
0.0
 10
-7.766563145999497
 20
-1.6427384220077412
 30
0.0
 10
-6.788225099390858
 20
-2.7882250993908553
 30
0.0
 10
0.0
 20
4.0
 30
0.0
 10
-6.788225099390858
 20
-2.7882250993908553
 30
0.0
 10
-5.642738422007743
 20
-3.766563145999494
 30
0.0
 10
0.0
 20
4.0
 30
0.0
 10
-5.642738422007743
 20
-3.766563145999494
 30
0.0
 10
-4.35830879749965
 20
-4.553662632208331
 30
0.0
 10
0.0
 20
4.0
 30
0.0
 10
-4.35830879749965
 20
-4.553662632208331
 30
0.0
 10
-2.9665631459994963
 20
-5.130142556433473
 30
0.0
 10
0.0
 20
4.0
 30
0.0
 10
-2.9665631459994963
 20
-5.130142556433473
 30
0.0
 10
-1.501770864386218
 20
-5.4818080697133205
 30
0.0
 10
0.0
 20
4.0
 30
0.0
 10
-1.501770864386218
 20
-5.4818080697133205
 30
0.0
 10
-1.7634913907721885e-15
 20
-5.6
 30
0.0
 10
0.0
 20
4.0
 30
0.0
 10
-1.7634913907721885e-15
 20
-5.6
 30
0.0
 10
1.5017708643862144
 20
-5.481808069713322
 30
0.0
 10
0.0
 20
4.0
 30
0.0
 10
1.5017708643862144
 20
-5.481808069713322
 30
0.0
 10
2.9665631459994932
 20
-5.130142556433475
 30
0.0
 10
0.0
 20
4.0
 30
0.0
 10
2.9665631459994932
 20
-5.130142556433475
 30
0.0
 10
4.358308797499648
 20
-4.553662632208333
 30
0.0
 10
0.0
 20
4.0
 30
0.0
 10
4.358308797499648
 20
-4.553662632208333
 30
0.0
 10
5.6427384220077395
 20
-3.7665631459994966
 30
0.0
 10
0.0
 20
4.0
 30
0.0
 10
5.6427384220077395
 20
-3.7665631459994966
 30
0.0
 10
6.788225099390854
 20
-2.788225099390858
 30
0.0
 10
0.0
 20
4.0
 30
0.0
 10
6.788225099390854
 20
-2.788225099390858
 30
0.0
 10
7.766563145999494
 20
-1.642738422007744
 30
0.0
 10
0.0
 20
4.0
 30
0.0
 10
7.766563145999494
 20
-1.642738422007744
 30
0.0
 10
8.553662632208331
 20
-0.3583087974996504
 30
0.0
 10
0.0
 20
4.0
 30
0.0
 10
8.553662632208331
 20
-0.3583087974996504
 30
0.0
 10
9.130142556433473
 20
1.0334368540005028
 30
0.0
 10
0.0
 20
4.0
 30
0.0
 10
9.130142556433473
 20
1.0334368540005028
 30
0.0
 10
9.48180806971332
 20
2.4982291356137813
 30
0.0
 10
0.0
 20
4.0
 30
0.0
 10
9.48180806971332
 20
2.4982291356137813
 30
0.0
 10
9.6
 20
4.0
 30
0.0
 10
0.0
 20
4.0
 30
0.0
 93
640
 90
3
 90
0
 90
1
 90
2
 90
3
 90
3
 90
4
 90
5
 90
3
 90
6
 90
7
 90
8
 90
3
 90
9
 90
10
 90
11
 90
3
 90
12
 90
13
 90
14
 90
3
 90
15
 90
16
 90
17
 90
3
 90
18
 90
19
 90
20
 90
3
 90
21
 90
22
 90
23
 90
3
 90
24
 90
25
 90
26
 90
3
 90
27
 90
28
 90
29
 90
3
 90
30
 90
31
 90
32
 90
3
 90
33
 90
34
 90
35
 90
3
 90
36
 90
37
 90
38
 90
3
 90
39
 90
40
 90
41
 90
3
 90
42
 90
43
 90
44
 90
3
 90
45
 90
46
 90
47
 90
3
 90
48
 90
49
 90
50
 90
3
 90
51
 90
52
 90
53
 90
3
 90
54
 90
55
 90
56
 90
3
 90
57
 90
58
 90
59
 90
3
 90
60
 90
61
 90
62
 90
3
 90
63
 90
64
 90
65
 90
3
 90
66
 90
67
 90
68
 90
3
 90
69
 90
70
 90
71
 90
3
 90
72
 90
73
 90
74
 90
3
 90
75
 90
76
 90
77
 90
3
 90
78
 90
79
 90
80
 90
3
 90
81
 90
82
 90
83
 90
3
 90
84
 90
85
 90
86
 90
3
 90
87
 90
88
 90
89
 90
3
 90
90
 90
91
 90
92
 90
3
 90
93
 90
94
 90
95
 90
3
 90
96
 90
97
 90
98
 90
3
 90
99
 90
100
 90
101
 90
3
 90
102
 90
103
 90
104
 90
3
 90
105
 90
106
 90
107
 90
3
 90
108
 90
109
 90
110
 90
3
 90
111
 90
112
 90
113
 90
3
 90
114
 90
115
 90
116
 90
3
 90
117
 90
118
 90
119
 90
3
 90
120
 90
121
 90
122
 90
3
 90
120
 90
122
 90
123
 90
3
 90
124
 90
125
 90
126
 90
3
 90
124
 90
126
 90
127
 90
3
 90
128
 90
129
 90
130
 90
3
 90
128
 90
130
 90
131
 90
3
 90
132
 90
133
 90
134
 90
3
 90
132
 90
134
 90
135
 90
3
 90
136
 90
137
 90
138
 90
3
 90
136
 90
138
 90
139
 90
3
 90
140
 90
141
 90
142
 90
3
 90
140
 90
142
 90
143
 90
3
 90
144
 90
145
 90
146
 90
3
 90
144
 90
146
 90
147
 90
3
 90
148
 90
149
 90
150
 90
3
 90
148
 90
150
 90
151
 90
3
 90
152
 90
153
 90
154
 90
3
 90
152
 90
154
 90
155
 90
3
 90
156
 90
157
 90
158
 90
3
 90
156
 90
158
 90
159
 90
3
 90
160
 90
161
 90
162
 90
3
 90
160
 90
162
 90
163
 90
3
 90
164
 90
165
 90
166
 90
3
 90
164
 90
166
 90
167
 90
3
 90
168
 90
169
 90
170
 90
3
 90
168
 90
170
 90
171
 90
3
 90
172
 90
173
 90
174
 90
3
 90
172
 90
174
 90
175
 90
3
 90
176
 90
177
 90
178
 90
3
 90
176
 90
178
 90
179
 90
3
 90
180
 90
181
 90
182
 90
3
 90
180
 90
182
 90
183
 90
3
 90
184
 90
185
 90
186
 90
3
 90
184
 90
186
 90
187
 90
3
 90
188
 90
189
 90
190
 90
3
 90
188
 90
190
 90
191
 90
3
 90
192
 90
193
 90
194
 90
3
 90
192
 90
194
 90
195
 90
3
 90
196
 90
197
 90
198
 90
3
 90
196
 90
198
 90
199
 90
3
 90
200
 90
201
 90
202
 90
3
 90
200
 90
202
 90
203
 90
3
 90
204
 90
205
 90
206
 90
3
 90
204
 90
206
 90
207
 90
3
 90
208
 90
209
 90
210
 90
3
 90
208
 90
210
 90
211
 90
3
 90
212
 90
213
 90
214
 90
3
 90
212
 90
214
 90
215
 90
3
 90
216
 90
217
 90
218
 90
3
 90
216
 90
218
 90
219
 90
3
 90
220
 90
221
 90
222
 90
3
 90
220
 90
222
 90
223
 90
3
 90
224
 90
225
 90
226
 90
3
 90
224
 90
226
 90
227
 90
3
 90
228
 90
229
 90
230
 90
3
 90
228
 90
230
 90
231
 90
3
 90
232
 90
233
 90
234
 90
3
 90
232
 90
234
 90
235
 90
3
 90
236
 90
237
 90
238
 90
3
 90
236
 90
238
 90
239
 90
3
 90
240
 90
241
 90
242
 90
3
 90
240
 90
242
 90
243
 90
3
 90
244
 90
245
 90
246
 90
3
 90
244
 90
246
 90
247
 90
3
 90
248
 90
249
 90
250
 90
3
 90
248
 90
250
 90
251
 90
3
 90
252
 90
253
 90
254
 90
3
 90
252
 90
254
 90
255
 90
3
 90
256
 90
257
 90
258
 90
3
 90
256
 90
258
 90
259
 90
3
 90
260
 90
261
 90
262
 90
3
 90
260
 90
262
 90
263
 90
3
 90
264
 90
265
 90
266
 90
3
 90
264
 90
266
 90
267
 90
3
 90
268
 90
269
 90
270
 90
3
 90
268
 90
270
 90
271
 90
3
 90
272
 90
273
 90
274
 90
3
 90
272
 90
274
 90
275
 90
3
 90
276
 90
277
 90
278
 90
3
 90
276
 90
278
 90
279
 90
3
 90
280
 90
281
 90
282
 90
3
 90
283
 90
284
 90
285
 90
3
 90
286
 90
287
 90
288
 90
3
 90
289
 90
290
 90
291
 90
3
 90
292
 90
293
 90
294
 90
3
 90
295
 90
296
 90
297
 90
3
 90
298
 90
299
 90
300
 90
3
 90
301
 90
302
 90
303
 90
3
 90
304
 90
305
 90
306
 90
3
 90
307
 90
308
 90
309
 90
3
 90
310
 90
311
 90
312
 90
3
 90
313
 90
314
 90
315
 90
3
 90
316
 90
317
 90
318
 90
3
 90
319
 90
320
 90
321
 90
3
 90
322
 90
323
 90
324
 90
3
 90
325
 90
326
 90
327
 90
3
 90
328
 90
329
 90
330
 90
3
 90
331
 90
332
 90
333
 90
3
 90
334
 90
335
 90
336
 90
3
 90
337
 90
338
 90
339
 90
3
 90
340
 90
341
 90
342
 90
3
 90
343
 90
344
 90
345
 90
3
 90
346
 90
347
 90
348
 90
3
 90
349
 90
350
 90
351
 90
3
 90
352
 90
353
 90
354
 90
3
 90
355
 90
356
 90
357
 90
3
 90
358
 90
359
 90
360
 90
3
 90
361
 90
362
 90
363
 90
3
 90
364
 90
365
 90
366
 90
3
 90
367
 90
368
 90
369
 90
3
 90
370
 90
371
 90
372
 90
3
 90
373
 90
374
 90
375
 90
3
 90
376
 90
377
 90
378
 90
3
 90
379
 90
380
 90
381
 90
3
 90
382
 90
383
 90
384
 90
3
 90
385
 90
386
 90
387
 90
3
 90
388
 90
389
 90
390
 90
3
 90
391
 90
392
 90
393
 90
3
 90
394
 90
395
 90
396
 90
3
 90
397
 90
398
 90
399
 94
0
 95
0
 90
0
  0
MESH
  5
96
330
17
100
AcDbEntity
  8
M-CAP
100
AcDbSubDMesh
 71
2
 72
0
 91
0
 92
1104
 10
0.0
 20
4.0
 30
23.5
 10
3.9657794454952415
 20
4.522104768880206
 30
23.2
 10
4.0
 20
4.0
 30
23.2
 10
0.0
 20
4.0
 30
23.5
 10
3.8637033051562732
 20
5.035276180410083
 30
23.2
 10
3.9657794454952415
 20
4.522104768880206
 30
23.2
 10
0.0
 20
4.0
 30
23.5
 10
3.695518130045147
 20
5.530733729460359
 30
23.2
 10
3.8637033051562732
 20
5.035276180410083
 30
23.2
 10
0.0
 20
4.0
 30
23.5
 10
3.464101615137755
 20
6.0
 30
23.2
 10
3.695518130045147
 20
5.530733729460359
 30
23.2
 10
0.0
 20
4.0
 30
23.5
 10
3.1734133611649407
 20
6.435045716034883
 30
23.2
 10
3.464101615137755
 20
6.0
 30
23.2
 10
0.0
 20
4.0
 30
23.5
 10
2.8284271247461903
 20
6.82842712474619
 30
23.2
 10
3.1734133611649407
 20
6.435045716034883
 30
23.2
 10
0.0
 20
4.0
 30
23.5
 10
2.4350457160348826
 20
7.173413361164941
 30
23.2
 10
2.8284271247461903
 20
6.82842712474619
 30
23.2
 10
0.0
 20
4.0
 30
23.5
 10
2.0000000000000004
 20
7.464101615137754
 30
23.2
 10
2.4350457160348826
 20
7.173413361164941
 30
23.2
 10
0.0
 20
4.0
 30
23.5
 10
1.5307337294603593
 20
7.695518130045147
 30
23.2
 10
2.0000000000000004
 20
7.464101615137754
 30
23.2
 10
0.0
 20
4.0
 30
23.5
 10
1.035276180410083
 20
7.863703305156273
 30
23.2
 10
1.5307337294603593
 20
7.695518130045147
 30
23.2
 10
0.0
 20
4.0
 30
23.5
 10
0.5221047688802068
 20
7.965779445495242
 30
23.2
 10
1.035276180410083
 20
7.863703305156273
 30
23.2
 10
0.0
 20
4.0
 30
23.5
 10
2.4492935982947064e-16
 20
8.0
 30
23.2
 10
0.5221047688802068
 20
7.965779445495242
 30
23.2
 10
0.0
 20
4.0
 30
23.5
 10
-0.5221047688802064
 20
7.965779445495242
 30
23.2
 10
2.4492935982947064e-16
 20
8.0
 30
23.2
 10
0.0
 20
4.0
 30
23.5
 10
-1.0352761804100825
 20
7.863703305156273
 30
23.2
 10
-0.5221047688802064
 20
7.965779445495242
 30
23.2
 10
0.0
 20
4.0
 30
23.5
 10
-1.530733729460358
 20
7.695518130045148
 30
23.2
 10
-1.0352761804100825
 20
7.863703305156273
 30
23.2
 10
0.0
 20
4.0
 30
23.5
 10
-1.9999999999999991
 20
7.464101615137755
 30
23.2
 10
-1.530733729460358
 20
7.695518130045148
 30
23.2
 10
0.0
 20
4.0
 30
23.5
 10
-2.4350457160348826
 20
7.173413361164941
 30
23.2
 10
-1.9999999999999991
 20
7.464101615137755
 30
23.2
 10
0.0
 20
4.0
 30
23.5
 10
-2.82842712474619
 20
6.82842712474619
 30
23.2
 10
-2.4350457160348826
 20
7.173413361164941
 30
23.2
 10
0.0
 20
4.0
 30
23.5
 10
-3.17341336116494
 20
6.4350457160348835
 30
23.2
 10
-2.82842712474619
 20
6.82842712474619
 30
23.2
 10
0.0
 20
4.0
 30
23.5
 10
-3.464101615137755
 20
6.0
 30
23.2
 10
-3.17341336116494
 20
6.4350457160348835
 30
23.2
 10
0.0
 20
4.0
 30
23.5
 10
-3.695518130045147
 20
5.530733729460359
 30
23.2
 10
-3.464101615137755
 20
6.0
 30
23.2
 10
0.0
 20
4.0
 30
23.5
 10
-3.863703305156273
 20
5.035276180410084
 30
23.2
 10
-3.695518130045147
 20
5.530733729460359
 30
23.2
 10
0.0
 20
4.0
 30
23.5
 10
-3.9657794454952415
 20
4.522104768880208
 30
23.2
 10
-3.863703305156273
 20
5.035276180410084
 30
23.2
 10
0.0
 20
4.0
 30
23.5
 10
-4.0
 20
4.000000000000001
 30
23.2
 10
-3.9657794454952415
 20
4.522104768880208
 30
23.2
 10
0.0
 20
4.0
 30
23.5
 10
-3.9657794454952415
 20
3.477895231119793
 30
23.2
 10
-4.0
 20
4.000000000000001
 30
23.2
 10
0.0
 20
4.0
 30
23.5
 10
-3.8637033051562732
 20
2.964723819589917
 30
23.2
 10
-3.9657794454952415
 20
3.477895231119793
 30
23.2
 10
0.0
 20
4.0
 30
23.5
 10
-3.6955181300451474
 20
2.4692662705396415
 30
23.2
 10
-3.8637033051562732
 20
2.964723819589917
 30
23.2
 10
0.0
 20
4.0
 30
23.5
 10
-3.4641016151377553
 20
2.000000000000001
 30
23.2
 10
-3.6955181300451474
 20
2.4692662705396415
 30
23.2
 10
0.0
 20
4.0
 30
23.5
 10
-3.1734133611649407
 20
1.5649542839651174
 30
23.2
 10
-3.4641016151377553
 20
2.000000000000001
 30
23.2
 10
0.0
 20
4.0
 30
23.5
 10
-2.8284271247461916
 20
1.1715728752538115
 30
23.2
 10
-3.1734133611649407
 20
1.5649542839651174
 30
23.2
 10
0.0
 20
4.0
 30
23.5
 10
-2.4350457160348835
 20
0.8265866388350602
 30
23.2
 10
-2.8284271247461916
 20
1.1715728752538115
 30
23.2
 10
0.0
 20
4.0
 30
23.5
 10
-2.0000000000000018
 20
0.5358983848622465
 30
23.2
 10
-2.4350457160348835
 20
0.8265866388350602
 30
23.2
 10
0.0
 20
4.0
 30
23.5
 10
-1.530733729460358
 20
0.3044818699548526
 30
23.2
 10
-2.0000000000000018
 20
0.5358983848622465
 30
23.2
 10
0.0
 20
4.0
 30
23.5
 10
-1.0352761804100825
 20
0.13629669484372675
 30
23.2
 10
-1.530733729460358
 20
0.3044818699548526
 30
23.2
 10
0.0
 20
4.0
 30
23.5
 10
-0.5221047688802065
 20
0.03422055450475847
 30
23.2
 10
-1.0352761804100825
 20
0.13629669484372675
 30
23.2
 10
0.0
 20
4.0
 30
23.5
 10
-7.347880794884119e-16
 20
0.0
 30
23.2
 10
-0.5221047688802065
 20
0.03422055450475847
 30
23.2
 10
0.0
 20
4.0
 30
23.5
 10
0.5221047688802051
 20
0.03422055450475803
 30
23.2
 10
-7.347880794884119e-16
 20
0.0
 30
23.2
 10
0.0
 20
4.0
 30
23.5
 10
1.0352761804100812
 20
0.1362966948437263
 30
23.2
 10
0.5221047688802051
 20
0.03422055450475803
 30
23.2
 10
0.0
 20
4.0
 30
23.5
 10
1.5307337294603567
 20
0.30448186995485216
 30
23.2
 10
1.0352761804100812
 20
0.1362966948437263
 30
23.2
 10
0.0
 20
4.0
 30
23.5
 10
2.0000000000000004
 20
0.5358983848622456
 30
23.2
 10
1.5307337294603567
 20
0.30448186995485216
 30
23.2
 10
0.0
 20
4.0
 30
23.5
 10
2.4350457160348795
 20
0.8265866388350571
 30
23.2
 10
2.0000000000000004
 20
0.5358983848622456
 30
23.2
 10
0.0
 20
4.0
 30
23.5
 10
2.8284271247461894
 20
1.1715728752538093
 30
23.2
 10
2.4350457160348795
 20
0.8265866388350571
 30
23.2
 10
0.0
 20
4.0
 30
23.5
 10
3.1734133611649398
 20
1.5649542839651165
 30
23.2
 10
2.8284271247461894
 20
1.1715728752538093
 30
23.2
 10
0.0
 20
4.0
 30
23.5
 10
3.4641016151377535
 20
1.9999999999999982
 30
23.2
 10
3.1734133611649398
 20
1.5649542839651165
 30
23.2
 10
0.0
 20
4.0
 30
23.5
 10
3.6955181300451474
 20
2.4692662705396415
 30
23.2
 10
3.4641016151377535
 20
1.9999999999999982
 30
23.2
 10
0.0
 20
4.0
 30
23.5
 10
3.8637033051562724
 20
2.9647238195899135
 30
23.2
 10
3.6955181300451474
 20
2.4692662705396415
 30
23.2
 10
0.0
 20
4.0
 30
23.5
 10
3.9657794454952415
 20
3.4778952311197933
 30
23.2
 10
3.8637033051562724
 20
2.9647238195899135
 30
23.2
 10
0.0
 20
4.0
 30
23.5
 10
4.0
 20
4.0
 30
23.2
 10
3.9657794454952415
 20
3.4778952311197933
 30
23.2
 10
4.0
 20
4.0
 30
23.2
 10
3.9657794454952415
 20
4.522104768880206
 30
23.2
 10
7.931558890990483
 20
5.044209537760413
 30
22.0
 10
8.0
 20
4.0
 30
22.0
 10
3.9657794454952415
 20
4.522104768880206
 30
23.2
 10
3.8637033051562732
 20
5.035276180410083
 30
23.2
 10
7.7274066103125465
 20
6.070552360820166
 30
22.0
 10
7.931558890990483
 20
5.044209537760413
 30
22.0
 10
3.8637033051562732
 20
5.035276180410083
 30
23.2
 10
3.695518130045147
 20
5.530733729460359
 30
23.2
 10
7.391036260090294
 20
7.061467458920719
 30
22.0
 10
7.7274066103125465
 20
6.070552360820166
 30
22.0
 10
3.695518130045147
 20
5.530733729460359
 30
23.2
 10
3.464101615137755
 20
6.0
 30
23.2
 10
6.92820323027551
 20
8.0
 30
22.0
 10
7.391036260090294
 20
7.061467458920719
 30
22.0
 10
3.464101615137755
 20
6.0
 30
23.2
 10
3.1734133611649407
 20
6.435045716034883
 30
23.2
 10
6.346826722329881
 20
8.870091432069765
 30
22.0
 10
6.92820323027551
 20
8.0
 30
22.0
 10
3.1734133611649407
 20
6.435045716034883
 30
23.2
 10
2.8284271247461903
 20
6.82842712474619
 30
23.2
 10
5.656854249492381
 20
9.65685424949238
 30
22.0
 10
6.346826722329881
 20
8.870091432069765
 30
22.0
 10
2.8284271247461903
 20
6.82842712474619
 30
23.2
 10
2.4350457160348826
 20
7.173413361164941
 30
23.2
 10
4.870091432069765
 20
10.346826722329881
 30
22.0
 10
5.656854249492381
 20
9.65685424949238
 30
22.0
 10
2.4350457160348826
 20
7.173413361164941
 30
23.2
 10
2.0000000000000004
 20
7.464101615137754
 30
23.2
 10
4.000000000000001
 20
10.928203230275509
 30
22.0
 10
4.870091432069765
 20
10.346826722329881
 30
22.0
 10
2.0000000000000004
 20
7.464101615137754
 30
23.2
 10
1.5307337294603593
 20
7.695518130045147
 30
23.2
 10
3.0614674589207187
 20
11.391036260090294
 30
22.0
 10
4.000000000000001
 20
10.928203230275509
 30
22.0
 10
1.5307337294603593
 20
7.695518130045147
 30
23.2
 10
1.035276180410083
 20
7.863703305156273
 30
23.2
 10
2.070552360820166
 20
11.727406610312546
 30
22.0
 10
3.0614674589207187
 20
11.391036260090294
 30
22.0
 10
1.035276180410083
 20
7.863703305156273
 30
23.2
 10
0.5221047688802068
 20
7.965779445495242
 30
23.2
 10
1.0442095377604137
 20
11.931558890990484
 30
22.0
 10
2.070552360820166
 20
11.727406610312546
 30
22.0
 10
0.5221047688802068
 20
7.965779445495242
 30
23.2
 10
2.4492935982947064e-16
 20
8.0
 30
23.2
 10
4.898587196589413e-16
 20
12.0
 30
22.0
 10
1.0442095377604137
 20
11.931558890990484
 30
22.0
 10
2.4492935982947064e-16
 20
8.0
 30
23.2
 10
-0.5221047688802064
 20
7.965779445495242
 30
23.2
 10
-1.0442095377604128
 20
11.931558890990484
 30
22.0
 10
4.898587196589413e-16
 20
12.0
 30
22.0
 10
-0.5221047688802064
 20
7.965779445495242
 30
23.2
 10
-1.0352761804100825
 20
7.863703305156273
 30
23.2
 10
-2.070552360820165
 20
11.727406610312546
 30
22.0
 10
-1.0442095377604128
 20
11.931558890990484
 30
22.0
 10
-1.0352761804100825
 20
7.863703305156273
 30
23.2
 10
-1.530733729460358
 20
7.695518130045148
 30
23.2
 10
-3.061467458920716
 20
11.391036260090296
 30
22.0
 10
-2.070552360820165
 20
11.727406610312546
 30
22.0
 10
-1.530733729460358
 20
7.695518130045148
 30
23.2
 10
-1.9999999999999991
 20
7.464101615137755
 30
23.2
 10
-3.9999999999999982
 20
10.92820323027551
 30
22.0
 10
-3.061467458920716
 20
11.391036260090296
 30
22.0
 10
-1.9999999999999991
 20
7.464101615137755
 30
23.2
 10
-2.4350457160348826
 20
7.173413361164941
 30
23.2
 10
-4.870091432069765
 20
10.346826722329881
 30
22.0
 10
-3.9999999999999982
 20
10.92820323027551
 30
22.0
 10
-2.4350457160348826
 20
7.173413361164941
 30
23.2
 10
-2.82842712474619
 20
6.82842712474619
 30
23.2
 10
-5.65685424949238
 20
9.65685424949238
 30
22.0
 10
-4.870091432069765
 20
10.346826722329881
 30
22.0
 10
-2.82842712474619
 20
6.82842712474619
 30
23.2
 10
-3.17341336116494
 20
6.4350457160348835
 30
23.2
 10
-6.34682672232988
 20
8.870091432069767
 30
22.0
 10
-5.65685424949238
 20
9.65685424949238
 30
22.0
 10
-3.17341336116494
 20
6.4350457160348835
 30
23.2
 10
-3.464101615137755
 20
6.0
 30
23.2
 10
-6.92820323027551
 20
8.0
 30
22.0
 10
-6.34682672232988
 20
8.870091432069767
 30
22.0
 10
-3.464101615137755
 20
6.0
 30
23.2
 10
-3.695518130045147
 20
5.530733729460359
 30
23.2
 10
-7.391036260090294
 20
7.061467458920719
 30
22.0
 10
-6.92820323027551
 20
8.0
 30
22.0
 10
-3.695518130045147
 20
5.530733729460359
 30
23.2
 10
-3.863703305156273
 20
5.035276180410084
 30
23.2
 10
-7.727406610312546
 20
6.070552360820168
 30
22.0
 10
-7.391036260090294
 20
7.061467458920719
 30
22.0
 10
-3.863703305156273
 20
5.035276180410084
 30
23.2
 10
-3.9657794454952415
 20
4.522104768880208
 30
23.2
 10
-7.931558890990483
 20
5.044209537760416
 30
22.0
 10
-7.727406610312546
 20
6.070552360820168
 30
22.0
 10
-3.9657794454952415
 20
4.522104768880208
 30
23.2
 10
-4.0
 20
4.000000000000001
 30
23.2
 10
-8.0
 20
4.000000000000001
 30
22.0
 10
-7.931558890990483
 20
5.044209537760416
 30
22.0
 10
-4.0
 20
4.000000000000001
 30
23.2
 10
-3.9657794454952415
 20
3.477895231119793
 30
23.2
 10
-7.931558890990483
 20
2.9557904622395856
 30
22.0
 10
-8.0
 20
4.000000000000001
 30
22.0
 10
-3.9657794454952415
 20
3.477895231119793
 30
23.2
 10
-3.8637033051562732
 20
2.964723819589917
 30
23.2
 10
-7.7274066103125465
 20
1.9294476391798336
 30
22.0
 10
-7.931558890990483
 20
2.9557904622395856
 30
22.0
 10
-3.8637033051562732
 20
2.964723819589917
 30
23.2
 10
-3.6955181300451474
 20
2.4692662705396415
 30
23.2
 10
-7.391036260090295
 20
0.9385325410792826
 30
22.0
 10
-7.7274066103125465
 20
1.9294476391798336
 30
22.0
 10
-3.6955181300451474
 20
2.4692662705396415
 30
23.2
 10
-3.4641016151377553
 20
2.000000000000001
 30
23.2
 10
-6.9282032302755105
 20
2.220446049250313e-15
 30
22.0
 10
-7.391036260090295
 20
0.9385325410792826
 30
22.0
 10
-3.4641016151377553
 20
2.000000000000001
 30
23.2
 10
-3.1734133611649407
 20
1.5649542839651174
 30
23.2
 10
-6.346826722329881
 20
-0.8700914320697652
 30
22.0
 10
-6.9282032302755105
 20
2.220446049250313e-15
 30
22.0
 10
-3.1734133611649407
 20
1.5649542839651174
 30
23.2
 10
-2.8284271247461916
 20
1.1715728752538115
 30
23.2
 10
-5.656854249492383
 20
-1.656854249492377
 30
22.0
 10
-6.346826722329881
 20
-0.8700914320697652
 30
22.0
 10
-2.8284271247461916
 20
1.1715728752538115
 30
23.2
 10
-2.4350457160348835
 20
0.8265866388350602
 30
23.2
 10
-4.870091432069767
 20
-2.3468267223298795
 30
22.0
 10
-5.656854249492383
 20
-1.656854249492377
 30
22.0
 10
-2.4350457160348835
 20
0.8265866388350602
 30
23.2
 10
-2.0000000000000018
 20
0.5358983848622465
 30
23.2
 10
-4.0000000000000036
 20
-2.928203230275507
 30
22.0
 10
-4.870091432069767
 20
-2.3468267223298795
 30
22.0
 10
-2.0000000000000018
 20
0.5358983848622465
 30
23.2
 10
-1.530733729460358
 20
0.3044818699548526
 30
23.2
 10
-3.061467458920716
 20
-3.391036260090295
 30
22.0
 10
-4.0000000000000036
 20
-2.928203230275507
 30
22.0
 10
-1.530733729460358
 20
0.3044818699548526
 30
23.2
 10
-1.0352761804100825
 20
0.13629669484372675
 30
23.2
 10
-2.070552360820165
 20
-3.7274066103125465
 30
22.0
 10
-3.061467458920716
 20
-3.391036260090295
 30
22.0
 10
-1.0352761804100825
 20
0.13629669484372675
 30
23.2
 10
-0.5221047688802065
 20
0.03422055450475847
 30
23.2
 10
-1.044209537760413
 20
-3.931558890990483
 30
22.0
 10
-2.070552360820165
 20
-3.7274066103125465
 30
22.0
 10
-0.5221047688802065
 20
0.03422055450475847
 30
23.2
 10
-7.347880794884119e-16
 20
0.0
 30
23.2
 10
-1.4695761589768238e-15
 20
-4.0
 30
22.0
 10
-1.044209537760413
 20
-3.931558890990483
 30
22.0
 10
-7.347880794884119e-16
 20
0.0
 30
23.2
 10
0.5221047688802051
 20
0.03422055450475803
 30
23.2
 10
1.0442095377604101
 20
-3.931558890990484
 30
22.0
 10
-1.4695761589768238e-15
 20
-4.0
 30
22.0
 10
0.5221047688802051
 20
0.03422055450475803
 30
23.2
 10
1.0352761804100812
 20
0.1362966948437263
 30
23.2
 10
2.0705523608201624
 20
-3.7274066103125474
 30
22.0
 10
1.0442095377604101
 20
-3.931558890990484
 30
22.0
 10
1.0352761804100812
 20
0.1362966948437263
 30
23.2
 10
1.5307337294603567
 20
0.30448186995485216
 30
23.2
 10
3.0614674589207134
 20
-3.3910362600902957
 30
22.0
 10
2.0705523608201624
 20
-3.7274066103125474
 30
22.0
 10
1.5307337294603567
 20
0.30448186995485216
 30
23.2
 10
2.0000000000000004
 20
0.5358983848622456
 30
23.2
 10
4.000000000000001
 20
-2.9282032302755088
 30
22.0
 10
3.0614674589207134
 20
-3.3910362600902957
 30
22.0
 10
2.0000000000000004
 20
0.5358983848622456
 30
23.2
 10
2.4350457160348795
 20
0.8265866388350571
 30
23.2
 10
4.870091432069759
 20
-2.3468267223298858
 30
22.0
 10
4.000000000000001
 20
-2.9282032302755088
 30
22.0
 10
2.4350457160348795
 20
0.8265866388350571
 30
23.2
 10
2.8284271247461894
 20
1.1715728752538093
 30
23.2
 10
5.656854249492379
 20
-1.6568542494923815
 30
22.0
 10
4.870091432069759
 20
-2.3468267223298858
 30
22.0
 10
2.8284271247461894
 20
1.1715728752538093
 30
23.2
 10
3.1734133611649398
 20
1.5649542839651165
 30
23.2
 10
6.3468267223298795
 20
-0.870091432069767
 30
22.0
 10
5.656854249492379
 20
-1.6568542494923815
 30
22.0
 10
3.1734133611649398
 20
1.5649542839651165
 30
23.2
 10
3.4641016151377535
 20
1.9999999999999982
 30
23.2
 10
6.928203230275507
 20
-3.552713678800501e-15
 30
22.0
 10
6.3468267223298795
 20
-0.870091432069767
 30
22.0
 10
3.4641016151377535
 20
1.9999999999999982
 30
23.2
 10
3.6955181300451474
 20
2.4692662705396415
 30
23.2
 10
7.391036260090295
 20
0.9385325410792835
 30
22.0
 10
6.928203230275507
 20
-3.552713678800501e-15
 30
22.0
 10
3.6955181300451474
 20
2.4692662705396415
 30
23.2
 10
3.8637033051562724
 20
2.9647238195899135
 30
23.2
 10
7.727406610312545
 20
1.9294476391798274
 30
22.0
 10
7.391036260090295
 20
0.9385325410792835
 30
22.0
 10
3.8637033051562724
 20
2.9647238195899135
 30
23.2
 10
3.9657794454952415
 20
3.4778952311197933
 30
23.2
 10
7.931558890990483
 20
2.9557904622395865
 30
22.0
 10
7.727406610312545
 20
1.9294476391798274
 30
22.0
 10
3.9657794454952415
 20
3.4778952311197933
 30
23.2
 10
4.0
 20
4.0
 30
23.2
 10
8.0
 20
4.0
 30
22.0
 10
7.931558890990483
 20
2.9557904622395865
 30
22.0
 10
8.0
 20
4.0
 30
22.0
 10
7.931558890990483
 20
5.044209537760413
 30
22.0
 10
10.905893475111915
 20
5.435788114420568
 30
20.0
 10
11.0
 20
4.0
 30
20.0
 10
7.931558890990483
 20
5.044209537760413
 30
22.0
 10
7.7274066103125465
 20
6.070552360820166
 30
22.0
 10
10.62518408917975
 20
6.847009496127728
 30
20.0
 10
10.905893475111915
 20
5.435788114420568
 30
20.0
 10
7.7274066103125465
 20
6.070552360820166
 30
22.0
 10
7.391036260090294
 20
7.061467458920719
 30
22.0
 10
10.162674857624154
 20
8.209517756015988
 30
20.0
 10
10.62518408917975
 20
6.847009496127728
 30
20.0
 10
7.391036260090294
 20
7.061467458920719
 30
22.0
 10
6.92820323027551
 20
8.0
 30
22.0
 10
9.526279441628827
 20
9.5
 30
20.0
 10
10.162674857624154
 20
8.209517756015988
 30
20.0
 10
6.92820323027551
 20
8.0
 30
22.0
 10
6.346826722329881
 20
8.870091432069765
 30
22.0
 10
8.726886743203586
 20
10.696375719095927
 30
20.0
 10
9.526279441628827
 20
9.5
 30
20.0
 10
6.346826722329881
 20
8.870091432069765
 30
22.0
 10
5.656854249492381
 20
9.65685424949238
 30
22.0
 10
7.778174593052023
 20
11.778174593052022
 30
20.0
 10
8.726886743203586
 20
10.696375719095927
 30
20.0
 10
5.656854249492381
 20
9.65685424949238
 30
22.0
 10
4.870091432069765
 20
10.346826722329881
 30
22.0
 10
6.696375719095927
 20
12.726886743203586
 30
20.0
 10
7.778174593052023
 20
11.778174593052022
 30
20.0
 10
4.870091432069765
 20
10.346826722329881
 30
22.0
 10
4.000000000000001
 20
10.928203230275509
 30
22.0
 10
5.500000000000001
 20
13.526279441628825
 30
20.0
 10
6.696375719095927
 20
12.726886743203586
 30
20.0
 10
4.000000000000001
 20
10.928203230275509
 30
22.0
 10
3.0614674589207187
 20
11.391036260090294
 30
22.0
 10
4.209517756015988
 20
14.162674857624154
 30
20.0
 10
5.500000000000001
 20
13.526279441628825
 30
20.0
 10
3.0614674589207187
 20
11.391036260090294
 30
22.0
 10
2.070552360820166
 20
11.727406610312546
 30
22.0
 10
2.847009496127728
 20
14.62518408917975
 30
20.0
 10
4.209517756015988
 20
14.162674857624154
 30
20.0
 10
2.070552360820166
 20
11.727406610312546
 30
22.0
 10
1.0442095377604137
 20
11.931558890990484
 30
22.0
 10
1.4357881144205689
 20
14.905893475111915
 30
20.0
 10
2.847009496127728
 20
14.62518408917975
 30
20.0
 10
1.0442095377604137
 20
11.931558890990484
 30
22.0
 10
4.898587196589413e-16
 20
12.0
 30
22.0
 10
6.735557395310443e-16
 20
15.0
 30
20.0
 10
1.4357881144205689
 20
14.905893475111915
 30
20.0
 10
4.898587196589413e-16
 20
12.0
 30
22.0
 10
-1.0442095377604128
 20
11.931558890990484
 30
22.0
 10
-1.4357881144205675
 20
14.905893475111915
 30
20.0
 10
6.735557395310443e-16
 20
15.0
 30
20.0
 10
-1.0442095377604128
 20
11.931558890990484
 30
22.0
 10
-2.070552360820165
 20
11.727406610312546
 30
22.0
 10
-2.847009496127727
 20
14.62518408917975
 30
20.0
 10
-1.4357881144205675
 20
14.905893475111915
 30
20.0
 10
-2.070552360820165
 20
11.727406610312546
 30
22.0
 10
-3.061467458920716
 20
11.391036260090296
 30
22.0
 10
-4.209517756015985
 20
14.162674857624156
 30
20.0
 10
-2.847009496127727
 20
14.62518408917975
 30
20.0
 10
-3.061467458920716
 20
11.391036260090296
 30
22.0
 10
-3.9999999999999982
 20
10.92820323027551
 30
22.0
 10
-5.499999999999997
 20
13.526279441628827
 30
20.0
 10
-4.209517756015985
 20
14.162674857624156
 30
20.0
 10
-3.9999999999999982
 20
10.92820323027551
 30
22.0
 10
-4.870091432069765
 20
10.346826722329881
 30
22.0
 10
-6.696375719095927
 20
12.726886743203586
 30
20.0
 10
-5.499999999999997
 20
13.526279441628827
 30
20.0
 10
-4.870091432069765
 20
10.346826722329881
 30
22.0
 10
-5.65685424949238
 20
9.65685424949238
 30
22.0
 10
-7.778174593052022
 20
11.778174593052023
 30
20.0
 10
-6.696375719095927
 20
12.726886743203586
 30
20.0
 10
-5.65685424949238
 20
9.65685424949238
 30
22.0
 10
-6.34682672232988
 20
8.870091432069767
 30
22.0
 10
-8.726886743203586
 20
10.69637571909593
 30
20.0
 10
-7.778174593052022
 20
11.778174593052023
 30
20.0
 10
-6.34682672232988
 20
8.870091432069767
 30
22.0
 10
-6.92820323027551
 20
8.0
 30
22.0
 10
-9.526279441628827
 20
9.5
 30
20.0
 10
-8.726886743203586
 20
10.69637571909593
 30
20.0
 10
-6.92820323027551
 20
8.0
 30
22.0
 10
-7.391036260090294
 20
7.061467458920719
 30
22.0
 10
-10.162674857624154
 20
8.209517756015988
 30
20.0
 10
-9.526279441628827
 20
9.5
 30
20.0
 10
-7.391036260090294
 20
7.061467458920719
 30
22.0
 10
-7.727406610312546
 20
6.070552360820168
 30
22.0
 10
-10.62518408917975
 20
6.847009496127731
 30
20.0
 10
-10.162674857624154
 20
8.209517756015988
 30
20.0
 10
-7.727406610312546
 20
6.070552360820168
 30
22.0
 10
-7.931558890990483
 20
5.044209537760416
 30
22.0
 10
-10.905893475111915
 20
5.435788114420572
 30
20.0
 10
-10.62518408917975
 20
6.847009496127731
 30
20.0
 10
-7.931558890990483
 20
5.044209537760416
 30
22.0
 10
-8.0
 20
4.000000000000001
 30
22.0
 10
-11.0
 20
4.000000000000002
 30
20.0
 10
-10.905893475111915
 20
5.435788114420572
 30
20.0
 10
-8.0
 20
4.000000000000001
 30
22.0
 10
-7.931558890990483
 20
2.9557904622395856
 30
22.0
 10
-10.905893475111915
 20
2.5642118855794305
 30
20.0
 10
-11.0
 20
4.000000000000002
 30
20.0
 10
-7.931558890990483
 20
2.9557904622395856
 30
22.0
 10
-7.7274066103125465
 20
1.9294476391798336
 30
22.0
 10
-10.62518408917975
 20
1.1529905038722714
 30
20.0
 10
-10.905893475111915
 20
2.5642118855794305
 30
20.0
 10
-7.7274066103125465
 20
1.9294476391798336
 30
22.0
 10
-7.391036260090295
 20
0.9385325410792826
 30
22.0
 10
-10.162674857624156
 20
-0.20951775601598666
 30
20.0
 10
-10.62518408917975
 20
1.1529905038722714
 30
20.0
 10
-7.391036260090295
 20
0.9385325410792826
 30
22.0
 10
-6.9282032302755105
 20
2.220446049250313e-15
 30
22.0
 10
-9.526279441628827
 20
-1.4999999999999973
 30
20.0
 10
-10.162674857624156
 20
-0.20951775601598666
 30
20.0
 10
-6.9282032302755105
 20
2.220446049250313e-15
 30
22.0
 10
-6.346826722329881
 20
-0.8700914320697652
 30
22.0
 10
-8.726886743203586
 20
-2.6963757190959274
 30
20.0
 10
-9.526279441628827
 20
-1.4999999999999973
 30
20.0
 10
-6.346826722329881
 20
-0.8700914320697652
 30
22.0
 10
-5.656854249492383
 20
-1.656854249492377
 30
22.0
 10
-7.778174593052027
 20
-3.778174593052018
 30
20.0
 10
-8.726886743203586
 20
-2.6963757190959274
 30
20.0
 10
-5.656854249492383
 20
-1.656854249492377
 30
22.0
 10
-4.870091432069767
 20
-2.3468267223298795
 30
22.0
 10
-6.696375719095929
 20
-4.726886743203584
 30
20.0
 10
-7.778174593052027
 20
-3.778174593052018
 30
20.0
 10
-4.870091432069767
 20
-2.3468267223298795
 30
22.0
 10
-4.0000000000000036
 20
-2.928203230275507
 30
22.0
 10
-5.500000000000005
 20
-5.526279441628823
 30
20.0
 10
-6.696375719095929
 20
-4.726886743203584
 30
20.0
 10
-4.0000000000000036
 20
-2.928203230275507
 30
22.0
 10
-3.061467458920716
 20
-3.391036260090295
 30
22.0
 10
-4.209517756015985
 20
-6.162674857624156
 30
20.0
 10
-5.500000000000005
 20
-5.526279441628823
 30
20.0
 10
-3.061467458920716
 20
-3.391036260090295
 30
22.0
 10
-2.070552360820165
 20
-3.7274066103125465
 30
22.0
 10
-2.847009496127727
 20
-6.625184089179751
 30
20.0
 10
-4.209517756015985
 20
-6.162674857624156
 30
20.0
 10
-2.070552360820165
 20
-3.7274066103125465
 30
22.0
 10
-1.044209537760413
 20
-3.931558890990483
 30
22.0
 10
-1.435788114420568
 20
-6.905893475111915
 30
20.0
 10
-2.847009496127727
 20
-6.625184089179751
 30
20.0
 10
-1.044209537760413
 20
-3.931558890990483
 30
22.0
 10
-1.4695761589768238e-15
 20
-4.0
 30
22.0
 10
-2.0206672185931327e-15
 20
-7.0
 30
20.0
 10
-1.435788114420568
 20
-6.905893475111915
 30
20.0
 10
-1.4695761589768238e-15
 20
-4.0
 30
22.0
 10
1.0442095377604101
 20
-3.931558890990484
 30
22.0
 10
1.435788114420564
 20
-6.905893475111915
 30
20.0
 10
-2.0206672185931327e-15
 20
-7.0
 30
20.0
 10
1.0442095377604101
 20
-3.931558890990484
 30
22.0
 10
2.0705523608201624
 20
-3.7274066103125474
 30
22.0
 10
2.8470094961277232
 20
-6.625184089179752
 30
20.0
 10
1.435788114420564
 20
-6.905893475111915
 30
20.0
 10
2.0705523608201624
 20
-3.7274066103125474
 30
22.0
 10
3.0614674589207134
 20
-3.3910362600902957
 30
22.0
 10
4.20951775601598
 20
-6.1626748576241575
 30
20.0
 10
2.8470094961277232
 20
-6.625184089179752
 30
20.0
 10
3.0614674589207134
 20
-3.3910362600902957
 30
22.0
 10
4.000000000000001
 20
-2.9282032302755088
 30
22.0
 10
5.500000000000001
 20
-5.526279441628825
 30
20.0
 10
4.20951775601598
 20
-6.1626748576241575
 30
20.0
 10
4.000000000000001
 20
-2.9282032302755088
 30
22.0
 10
4.870091432069759
 20
-2.3468267223298858
 30
22.0
 10
6.6963757190959186
 20
-4.726886743203593
 30
20.0
 10
5.500000000000001
 20
-5.526279441628825
 30
20.0
 10
4.870091432069759
 20
-2.3468267223298858
 30
22.0
 10
5.656854249492379
 20
-1.6568542494923815
 30
22.0
 10
7.778174593052021
 20
-3.7781745930520243
 30
20.0
 10
6.6963757190959186
 20
-4.726886743203593
 30
20.0
 10
5.656854249492379
 20
-1.6568542494923815
 30
22.0
 10
6.3468267223298795
 20
-0.870091432069767
 30
22.0
 10
8.726886743203584
 20
-2.696375719095929
 30
20.0
 10
7.778174593052021
 20
-3.7781745930520243
 30
20.0
 10
6.3468267223298795
 20
-0.870091432069767
 30
22.0
 10
6.928203230275507
 20
-3.552713678800501e-15
 30
22.0
 10
9.526279441628823
 20
-1.5000000000000053
 30
20.0
 10
8.726886743203584
 20
-2.696375719095929
 30
20.0
 10
6.928203230275507
 20
-3.552713678800501e-15
 30
22.0
 10
7.391036260090295
 20
0.9385325410792835
 30
22.0
 10
10.162674857624156
 20
-0.20951775601598488
 30
20.0
 10
9.526279441628823
 20
-1.5000000000000053
 30
20.0
 10
7.391036260090295
 20
0.9385325410792835
 30
22.0
 10
7.727406610312545
 20
1.9294476391798274
 30
22.0
 10
10.625184089179749
 20
1.1529905038722625
 30
20.0
 10
10.162674857624156
 20
-0.20951775601598488
 30
20.0
 10
7.727406610312545
 20
1.9294476391798274
 30
22.0
 10
7.931558890990483
 20
2.9557904622395865
 30
22.0
 10
10.905893475111915
 20
2.5642118855794314
 30
20.0
 10
10.625184089179749
 20
1.1529905038722625
 30
20.0
 10
7.931558890990483
 20
2.9557904622395865
 30
22.0
 10
8.0
 20
4.0
 30
22.0
 10
11.0
 20
4.0
 30
20.0
 10
10.905893475111915
 20
2.5642118855794314
 30
20.0
 10
11.0
 20
4.0
 30
20.0
 10
10.905893475111915
 20
5.435788114420568
 30
20.0
 10
12.888783197859535
 20
5.69684049886067
 30
17.5
 10
13.0
 20
4.0
 30
17.5
 10
10.905893475111915
 20
5.435788114420568
 30
20.0
 10
10.62518408917975
 20
6.847009496127728
 30
20.0
 10
12.557035741757888
 20
7.36464758633277
 30
17.5
 10
12.888783197859535
 20
5.69684049886067
 30
17.5
 10
10.62518408917975
 20
6.847009496127728
 30
20.0
 10
10.162674857624154
 20
8.209517756015988
 30
20.0
 10
12.010433922646728
 20
8.974884620746167
 30
17.5
 10
12.557035741757888
 20
7.36464758633277
 30
17.5
 10
10.162674857624154
 20
8.209517756015988
 30
20.0
 10
9.526279441628827
 20
9.5
 30
20.0
 10
11.258330249197703
 20
10.5
 30
17.5
 10
12.010433922646728
 20
8.974884620746167
 30
17.5
 10
9.526279441628827
 20
9.5
 30
20.0
 10
8.726886743203586
 20
10.696375719095927
 30
20.0
 10
10.313593423786058
 20
11.913898577113368
 30
17.5
 10
11.258330249197703
 20
10.5
 30
17.5
 10
8.726886743203586
 20
10.696375719095927
 30
20.0
 10
7.778174593052023
 20
11.778174593052022
 30
20.0
 10
9.19238815542512
 20
13.192388155425117
 30
17.5
 10
10.313593423786058
 20
11.913898577113368
 30
17.5
 10
7.778174593052023
 20
11.778174593052022
 30
20.0
 10
6.696375719095927
 20
12.726886743203586
 30
20.0
 10
7.913898577113368
 20
14.313593423786058
 30
17.5
 10
9.19238815542512
 20
13.192388155425117
 30
17.5
 10
6.696375719095927
 20
12.726886743203586
 30
20.0
 10
5.500000000000001
 20
13.526279441628825
 30
20.0
 10
6.500000000000002
 20
15.258330249197702
 30
17.5
 10
7.913898577113368
 20
14.313593423786058
 30
17.5
 10
5.500000000000001
 20
13.526279441628825
 30
20.0
 10
4.209517756015988
 20
14.162674857624154
 30
20.0
 10
4.974884620746168
 20
16.010433922646726
 30
17.5
 10
6.500000000000002
 20
15.258330249197702
 30
17.5
 10
4.209517756015988
 20
14.162674857624154
 30
20.0
 10
2.847009496127728
 20
14.62518408917975
 30
20.0
 10
3.3646475863327696
 20
16.557035741757886
 30
17.5
 10
4.974884620746168
 20
16.010433922646726
 30
17.5
 10
2.847009496127728
 20
14.62518408917975
 30
20.0
 10
1.4357881144205689
 20
14.905893475111915
 30
20.0
 10
1.6968404988606722
 20
16.888783197859535
 30
17.5
 10
3.3646475863327696
 20
16.557035741757886
 30
17.5
 10
1.4357881144205689
 20
14.905893475111915
 30
20.0
 10
6.735557395310443e-16
 20
15.0
 30
20.0
 10
7.960204194457795e-16
 20
17.0
 30
17.5
 10
1.6968404988606722
 20
16.888783197859535
 30
17.5
 10
6.735557395310443e-16
 20
15.0
 30
20.0
 10
-1.4357881144205675
 20
14.905893475111915
 30
20.0
 10
-1.696840498860671
 20
16.888783197859535
 30
17.5
 10
7.960204194457795e-16
 20
17.0
 30
17.5
 10
-1.4357881144205675
 20
14.905893475111915
 30
20.0
 10
-2.847009496127727
 20
14.62518408917975
 30
20.0
 10
-3.3646475863327683
 20
16.557035741757886
 30
17.5
 10
-1.696840498860671
 20
16.888783197859535
 30
17.5
 10
-2.847009496127727
 20
14.62518408917975
 30
20.0
 10
-4.209517756015985
 20
14.162674857624156
 30
20.0
 10
-4.974884620746163
 20
16.01043392264673
 30
17.5
 10
-3.3646475863327683
 20
16.557035741757886
 30
17.5
 10
-4.209517756015985
 20
14.162674857624156
 30
20.0
 10
-5.499999999999997
 20
13.526279441628827
 30
20.0
 10
-6.499999999999997
 20
15.258330249197703
 30
17.5
 10
-4.974884620746163
 20
16.01043392264673
 30
17.5
 10
-5.499999999999997
 20
13.526279441628827
 30
20.0
 10
-6.696375719095927
 20
12.726886743203586
 30
20.0
 10
-7.913898577113368
 20
14.313593423786058
 30
17.5
 10
-6.499999999999997
 20
15.258330249197703
 30
17.5
 10
-6.696375719095927
 20
12.726886743203586
 30
20.0
 10
-7.778174593052022
 20
11.778174593052023
 30
20.0
 10
-9.192388155425117
 20
13.19238815542512
 30
17.5
 10
-7.913898577113368
 20
14.313593423786058
 30
17.5
 10
-7.778174593052022
 20
11.778174593052023
 30
20.0
 10
-8.726886743203586
 20
10.69637571909593
 30
20.0
 10
-10.313593423786056
 20
11.913898577113372
 30
17.5
 10
-9.192388155425117
 20
13.19238815542512
 30
17.5
 10
-8.726886743203586
 20
10.69637571909593
 30
20.0
 10
-9.526279441628827
 20
9.5
 30
20.0
 10
-11.258330249197703
 20
10.5
 30
17.5
 10
-10.313593423786056
 20
11.913898577113372
 30
17.5
 10
-9.526279441628827
 20
9.5
 30
20.0
 10
-10.162674857624154
 20
8.209517756015988
 30
20.0
 10
-12.010433922646728
 20
8.974884620746169
 30
17.5
 10
-11.258330249197703
 20
10.5
 30
17.5
 10
-10.162674857624154
 20
8.209517756015988
 30
20.0
 10
-10.62518408917975
 20
6.847009496127731
 30
20.0
 10
-12.557035741757886
 20
7.364647586332773
 30
17.5
 10
-12.010433922646728
 20
8.974884620746169
 30
17.5
 10
-10.62518408917975
 20
6.847009496127731
 30
20.0
 10
-10.905893475111915
 20
5.435788114420572
 30
20.0
 10
-12.888783197859535
 20
5.696840498860675
 30
17.5
 10
-12.557035741757886
 20
7.364647586332773
 30
17.5
 10
-10.905893475111915
 20
5.435788114420572
 30
20.0
 10
-11.0
 20
4.000000000000002
 30
20.0
 10
-13.0
 20
4.000000000000002
 30
17.5
 10
-12.888783197859535
 20
5.696840498860675
 30
17.5
 10
-11.0
 20
4.000000000000002
 30
20.0
 10
-10.905893475111915
 20
2.5642118855794305
 30
20.0
 10
-12.888783197859535
 20
2.3031595011393273
 30
17.5
 10
-13.0
 20
4.000000000000002
 30
17.5
 10
-10.905893475111915
 20
2.5642118855794305
 30
20.0
 10
-10.62518408917975
 20
1.1529905038722714
 30
20.0
 10
-12.557035741757888
 20
0.6353524136672295
 30
17.5
 10
-12.888783197859535
 20
2.3031595011393273
 30
17.5
 10
-10.62518408917975
 20
1.1529905038722714
 30
20.0
 10
-10.162674857624156
 20
-0.20951775601598666
 30
20.0
 10
-12.01043392264673
 20
-0.9748846207461659
 30
17.5
 10
-12.557035741757888
 20
0.6353524136672295
 30
17.5
 10
-10.162674857624156
 20
-0.20951775601598666
 30
20.0
 10
-9.526279441628827
 20
-1.4999999999999973
 30
20.0
 10
-11.258330249197705
 20
-2.4999999999999964
 30
17.5
 10
-12.01043392264673
 20
-0.9748846207461659
 30
17.5
 10
-9.526279441628827
 20
-1.4999999999999973
 30
20.0
 10
-8.726886743203586
 20
-2.6963757190959274
 30
20.0
 10
-10.313593423786058
 20
-3.9138985771133683
 30
17.5
 10
-11.258330249197705
 20
-2.4999999999999964
 30
17.5
 10
-8.726886743203586
 20
-2.6963757190959274
 30
20.0
 10
-7.778174593052027
 20
-3.778174593052018
 30
20.0
 10
-9.192388155425123
 20
-5.192388155425112
 30
17.5
 10
-10.313593423786058
 20
-3.9138985771133683
 30
17.5
 10
-7.778174593052027
 20
-3.778174593052018
 30
20.0
 10
-6.696375719095929
 20
-4.726886743203584
 30
20.0
 10
-7.913898577113372
 20
-6.313593423786054
 30
17.5
 10
-9.192388155425123
 20
-5.192388155425112
 30
17.5
 10
-6.696375719095929
 20
-4.726886743203584
 30
20.0
 10
-5.500000000000005
 20
-5.526279441628823
 30
20.0
 10
-6.500000000000005
 20
-7.258330249197698
 30
17.5
 10
-7.913898577113372
 20
-6.313593423786054
 30
17.5
 10
-5.500000000000005
 20
-5.526279441628823
 30
20.0
 10
-4.209517756015985
 20
-6.162674857624156
 30
20.0
 10
-4.974884620746163
 20
-8.01043392264673
 30
17.5
 10
-6.500000000000005
 20
-7.258330249197698
 30
17.5
 10
-4.209517756015985
 20
-6.162674857624156
 30
20.0
 10
-2.847009496127727
 20
-6.625184089179751
 30
20.0
 10
-3.3646475863327683
 20
-8.557035741757888
 30
17.5
 10
-4.974884620746163
 20
-8.01043392264673
 30
17.5
 10
-2.847009496127727
 20
-6.625184089179751
 30
20.0
 10
-1.435788114420568
 20
-6.905893475111915
 30
20.0
 10
-1.6968404988606711
 20
-8.888783197859535
 30
17.5
 10
-3.3646475863327683
 20
-8.557035741757888
 30
17.5
 10
-1.435788114420568
 20
-6.905893475111915
 30
20.0
 10
-2.0206672185931327e-15
 20
-7.0
 30
20.0
 10
-2.3880612583373385e-15
 20
-9.0
 30
17.5
 10
-1.6968404988606711
 20
-8.888783197859535
 30
17.5
 10
-2.0206672185931327e-15
 20
-7.0
 30
20.0
 10
1.435788114420564
 20
-6.905893475111915
 30
20.0
 10
1.6968404988606665
 20
-8.888783197859537
 30
17.5
 10
-2.3880612583373385e-15
 20
-9.0
 30
17.5
 10
1.435788114420564
 20
-6.905893475111915
 30
20.0
 10
2.8470094961277232
 20
-6.625184089179752
 30
20.0
 10
3.364647586332764
 20
-8.55703574175789
 30
17.5
 10
1.6968404988606665
 20
-8.888783197859537
 30
17.5
 10
2.8470094961277232
 20
-6.625184089179752
 30
20.0
 10
4.20951775601598
 20
-6.1626748576241575
 30
20.0
 10
4.97488462074616
 20
-8.01043392264673
 30
17.5
 10
3.364647586332764
 20
-8.55703574175789
 30
17.5
 10
4.20951775601598
 20
-6.1626748576241575
 30
20.0
 10
5.500000000000001
 20
-5.526279441628825
 30
20.0
 10
6.500000000000002
 20
-7.2583302491977015
 30
17.5
 10
4.97488462074616
 20
-8.01043392264673
 30
17.5
 10
5.500000000000001
 20
-5.526279441628825
 30
20.0
 10
6.6963757190959186
 20
-4.726886743203593
 30
20.0
 10
7.9138985771133585
 20
-6.313593423786065
 30
17.5
 10
6.500000000000002
 20
-7.2583302491977015
 30
17.5
 10
6.6963757190959186
 20
-4.726886743203593
 30
20.0
 10
7.778174593052021
 20
-3.7781745930520243
 30
20.0
 10
9.192388155425116
 20
-5.192388155425119
 30
17.5
 10
7.9138985771133585
 20
-6.313593423786065
 30
17.5
 10
7.778174593052021
 20
-3.7781745930520243
 30
20.0
 10
8.726886743203584
 20
-2.696375719095929
 30
20.0
 10
10.313593423786054
 20
-3.913898577113372
 30
17.5
 10
9.192388155425116
 20
-5.192388155425119
 30
17.5
 10
8.726886743203584
 20
-2.696375719095929
 30
20.0
 10
9.526279441628823
 20
-1.5000000000000053
 30
20.0
 10
11.258330249197698
 20
-2.5000000000000053
 30
17.5
 10
10.313593423786054
 20
-3.913898577113372
 30
17.5
 10
9.526279441628823
 20
-1.5000000000000053
 30
20.0
 10
10.162674857624156
 20
-0.20951775601598488
 30
20.0
 10
12.01043392264673
 20
-0.9748846207461641
 30
17.5
 10
11.258330249197698
 20
-2.5000000000000053
 30
17.5
 10
10.162674857624156
 20
-0.20951775601598488
 30
20.0
 10
10.625184089179749
 20
1.1529905038722625
 30
20.0
 10
12.557035741757884
 20
0.6353524136672197
 30
17.5
 10
12.01043392264673
 20
-0.9748846207461641
 30
17.5
 10
10.625184089179749
 20
1.1529905038722625
 30
20.0
 10
10.905893475111915
 20
2.5642118855794314
 30
20.0
 10
12.888783197859535
 20
2.303159501139328
 30
17.5
 10
12.557035741757884
 20
0.6353524136672197
 30
17.5
 10
10.905893475111915
 20
2.5642118855794314
 30
20.0
 10
11.0
 20
4.0
 30
20.0
 10
13.0
 20
4.0
 30
17.5
 10
12.888783197859535
 20
2.303159501139328
 30
17.5
 10
13.0
 20
4.0
 30
17.5
 10
12.888783197859535
 20
5.69684049886067
 30
17.5
 10
14.37595048992025
 20
5.892629787190748
 30
14.0
 10
14.5
 20
4.0
 30
14.0
 10
12.888783197859535
 20
5.69684049886067
 30
17.5
 10
12.557035741757888
 20
7.36464758633277
 30
17.5
 10
14.00592448119149
 20
7.75287615398655
 30
14.0
 10
14.37595048992025
 20
5.892629787190748
 30
14.0
 10
12.557035741757888
 20
7.36464758633277
 30
17.5
 10
12.010433922646728
 20
8.974884620746167
 30
17.5
 10
13.396253221413657
 20
9.548909769293802
 30
14.0
 10
14.00592448119149
 20
7.75287615398655
 30
14.0
 10
12.010433922646728
 20
8.974884620746167
 30
17.5
 10
11.258330249197703
 20
10.5
 30
17.5
 10
12.557368354874361
 20
11.25
 30
14.0
 10
13.396253221413657
 20
9.548909769293802
 30
14.0
 10
11.258330249197703
 20
10.5
 30
17.5
 10
10.313593423786058
 20
11.913898577113368
 30
17.5
 10
11.50362343422291
 20
12.82704072062645
 30
14.0
 10
12.557368354874361
 20
11.25
 30
14.0
 10
10.313593423786058
 20
11.913898577113368
 30
17.5
 10
9.19238815542512
 20
13.192388155425117
 30
17.5
 10
10.25304832720494
 20
14.253048327204938
 30
14.0
 10
11.50362343422291
 20
12.82704072062645
 30
14.0
 10
9.19238815542512
 20
13.192388155425117
 30
17.5
 10
7.913898577113368
 20
14.313593423786058
 30
17.5
 10
8.82704072062645
 20
15.50362343422291
 30
14.0
 10
10.25304832720494
 20
14.253048327204938
 30
14.0
 10
7.913898577113368
 20
14.313593423786058
 30
17.5
 10
6.500000000000002
 20
15.258330249197702
 30
17.5
 10
7.250000000000002
 20
16.55736835487436
 30
14.0
 10
8.82704072062645
 20
15.50362343422291
 30
14.0
 10
6.500000000000002
 20
15.258330249197702
 30
17.5
 10
4.974884620746168
 20
16.010433922646726
 30
17.5
 10
5.548909769293803
 20
17.39625322141366
 30
14.0
 10
7.250000000000002
 20
16.55736835487436
 30
14.0
 10
4.974884620746168
 20
16.010433922646726
 30
17.5
 10
3.3646475863327696
 20
16.557035741757886
 30
17.5
 10
3.7528761539865507
 20
18.005924481191492
 30
14.0
 10
5.548909769293803
 20
17.39625322141366
 30
14.0
 10
3.3646475863327696
 20
16.557035741757886
 30
17.5
 10
1.6968404988606722
 20
16.888783197859535
 30
17.5
 10
1.8926297871907498
 20
18.37595048992025
 30
14.0
 10
3.7528761539865507
 20
18.005924481191492
 30
14.0
 10
1.6968404988606722
 20
16.888783197859535
 30
17.5
 10
7.960204194457795e-16
 20
17.0
 30
17.5
 10
8.878689293818311e-16
 20
18.5
 30
14.0
 10
1.8926297871907498
 20
18.37595048992025
 30
14.0
 10
7.960204194457795e-16
 20
17.0
 30
17.5
 10
-1.696840498860671
 20
16.888783197859535
 30
17.5
 10
-1.8926297871907483
 20
18.37595048992025
 30
14.0
 10
8.878689293818311e-16
 20
18.5
 30
14.0
 10
-1.696840498860671
 20
16.888783197859535
 30
17.5
 10
-3.3646475863327683
 20
16.557035741757886
 30
17.5
 10
-3.752876153986549
 20
18.005924481191492
 30
14.0
 10
-1.8926297871907483
 20
18.37595048992025
 30
14.0
 10
-3.3646475863327683
 20
16.557035741757886
 30
17.5
 10
-4.974884620746163
 20
16.01043392264673
 30
17.5
 10
-5.548909769293798
 20
17.39625322141366
 30
14.0
 10
-3.752876153986549
 20
18.005924481191492
 30
14.0
 10
-4.974884620746163
 20
16.01043392264673
 30
17.5
 10
-6.499999999999997
 20
15.258330249197703
 30
17.5
 10
-7.2499999999999964
 20
16.557368354874363
 30
14.0
 10
-5.548909769293798
 20
17.39625322141366
 30
14.0
 10
-6.499999999999997
 20
15.258330249197703
 30
17.5
 10
-7.913898577113368
 20
14.313593423786058
 30
17.5
 10
-8.82704072062645
 20
15.50362343422291
 30
14.0
 10
-7.2499999999999964
 20
16.557368354874363
 30
14.0
 10
-7.913898577113368
 20
14.313593423786058
 30
17.5
 10
-9.192388155425117
 20
13.19238815542512
 30
17.5
 10
-10.253048327204938
 20
14.25304832720494
 30
14.0
 10
-8.82704072062645
 20
15.50362343422291
 30
14.0
 10
-9.192388155425117
 20
13.19238815542512
 30
17.5
 10
-10.313593423786056
 20
11.913898577113372
 30
17.5
 10
-11.503623434222908
 20
12.827040720626453
 30
14.0
 10
-10.253048327204938
 20
14.25304832720494
 30
14.0
 10
-10.313593423786056
 20
11.913898577113372
 30
17.5
 10
-11.258330249197703
 20
10.5
 30
17.5
 10
-12.557368354874361
 20
11.25
 30
14.0
 10
-11.503623434222908
 20
12.827040720626453
 30
14.0
 10
-11.258330249197703
 20
10.5
 30
17.5
 10
-12.010433922646728
 20
8.974884620746169
 30
17.5
 10
-13.396253221413657
 20
9.548909769293804
 30
14.0
 10
-12.557368354874361
 20
11.25
 30
14.0
 10
-12.010433922646728
 20
8.974884620746169
 30
17.5
 10
-12.557035741757886
 20
7.364647586332773
 30
17.5
 10
-14.005924481191489
 20
7.752876153986555
 30
14.0
 10
-13.396253221413657
 20
9.548909769293804
 30
14.0
 10
-12.557035741757886
 20
7.364647586332773
 30
17.5
 10
-12.888783197859535
 20
5.696840498860675
 30
17.5
 10
-14.37595048992025
 20
5.892629787190754
 30
14.0
 10
-14.005924481191489
 20
7.752876153986555
 30
14.0
 10
-12.888783197859535
 20
5.696840498860675
 30
17.5
 10
-13.0
 20
4.000000000000002
 30
17.5
 10
-14.5
 20
4.000000000000002
 30
14.0
 10
-14.37595048992025
 20
5.892629787190754
 30
14.0
 10
-13.0
 20
4.000000000000002
 30
17.5
 10
-12.888783197859535
 20
2.3031595011393273
 30
17.5
 10
-14.37595048992025
 20
2.1073702128092493
 30
14.0
 10
-14.5
 20
4.000000000000002
 30
14.0
 10
-12.888783197859535
 20
2.3031595011393273
 30
17.5
 10
-12.557035741757888
 20
0.6353524136672295
 30
17.5
 10
-14.00592448119149
 20
0.2471238460134484
 30
14.0
 10
-14.37595048992025
 20
2.1073702128092493
 30
14.0
 10
-12.557035741757888
 20
0.6353524136672295
 30
17.5
 10
-12.01043392264673
 20
-0.9748846207461659
 30
17.5
 10
-13.396253221413659
 20
-1.5489097692938003
 30
14.0
 10
-14.00592448119149
 20
0.2471238460134484
 30
14.0
 10
-12.01043392264673
 20
-0.9748846207461659
 30
17.5
 10
-11.258330249197705
 20
-2.4999999999999964
 30
17.5
 10
-12.557368354874363
 20
-3.2499999999999956
 30
14.0
 10
-13.396253221413659
 20
-1.5489097692938003
 30
14.0
 10
-11.258330249197705
 20
-2.4999999999999964
 30
17.5
 10
-10.313593423786058
 20
-3.9138985771133683
 30
17.5
 10
-11.50362343422291
 20
-4.827040720626449
 30
14.0
 10
-12.557368354874363
 20
-3.2499999999999956
 30
14.0
 10
-10.313593423786058
 20
-3.9138985771133683
 30
17.5
 10
-9.192388155425123
 20
-5.192388155425112
 30
17.5
 10
-10.253048327204944
 20
-6.253048327204933
 30
14.0
 10
-11.50362343422291
 20
-4.827040720626449
 30
14.0
 10
-9.192388155425123
 20
-5.192388155425112
 30
17.5
 10
-7.913898577113372
 20
-6.313593423786054
 30
17.5
 10
-8.827040720626453
 20
-7.503623434222906
 30
14.0
 10
-10.253048327204944
 20
-6.253048327204933
 30
14.0
 10
-7.913898577113372
 20
-6.313593423786054
 30
17.5
 10
-6.500000000000005
 20
-7.258330249197698
 30
17.5
 10
-7.250000000000006
 20
-8.557368354874356
 30
14.0
 10
-8.827040720626453
 20
-7.503623434222906
 30
14.0
 10
-6.500000000000005
 20
-7.258330249197698
 30
17.5
 10
-4.974884620746163
 20
-8.01043392264673
 30
17.5
 10
-5.548909769293798
 20
-9.396253221413659
 30
14.0
 10
-7.250000000000006
 20
-8.557368354874356
 30
14.0
 10
-4.974884620746163
 20
-8.01043392264673
 30
17.5
 10
-3.3646475863327683
 20
-8.557035741757888
 30
17.5
 10
-3.752876153986549
 20
-10.00592448119149
 30
14.0
 10
-5.548909769293798
 20
-9.396253221413659
 30
14.0
 10
-3.3646475863327683
 20
-8.557035741757888
 30
17.5
 10
-1.6968404988606711
 20
-8.888783197859535
 30
17.5
 10
-1.8926297871907487
 20
-10.37595048992025
 30
14.0
 10
-3.752876153986549
 20
-10.00592448119149
 30
14.0
 10
-1.6968404988606711
 20
-8.888783197859535
 30
17.5
 10
-2.3880612583373385e-15
 20
-9.0
 30
17.5
 10
-2.663606788145493e-15
 20
-10.5
 30
14.0
 10
-1.8926297871907487
 20
-10.37595048992025
 30
14.0
 10
-2.3880612583373385e-15
 20
-9.0
 30
17.5
 10
1.6968404988606665
 20
-8.888783197859537
 30
17.5
 10
1.8926297871907434
 20
-10.375950489920251
 30
14.0
 10
-2.663606788145493e-15
 20
-10.5
 30
14.0
 10
1.6968404988606665
 20
-8.888783197859537
 30
17.5
 10
3.364647586332764
 20
-8.55703574175789
 30
17.5
 10
3.752876153986544
 20
-10.005924481191492
 30
14.0
 10
1.8926297871907434
 20
-10.375950489920251
 30
14.0
 10
3.364647586332764
 20
-8.55703574175789
 30
17.5
 10
4.97488462074616
 20
-8.01043392264673
 30
17.5
 10
5.548909769293793
 20
-9.39625322141366
 30
14.0
 10
3.752876153986544
 20
-10.005924481191492
 30
14.0
 10
4.97488462074616
 20
-8.01043392264673
 30
17.5
 10
6.500000000000002
 20
-7.2583302491977015
 30
17.5
 10
7.250000000000002
 20
-8.55736835487436
 30
14.0
 10
5.548909769293793
 20
-9.39625322141366
 30
14.0
 10
6.500000000000002
 20
-7.2583302491977015
 30
17.5
 10
7.9138985771133585
 20
-6.313593423786065
 30
17.5
 10
8.827040720626439
 20
-7.503623434222918
 30
14.0
 10
7.250000000000002
 20
-8.55736835487436
 30
14.0
 10
7.9138985771133585
 20
-6.313593423786065
 30
17.5
 10
9.192388155425116
 20
-5.192388155425119
 30
17.5
 10
10.253048327204937
 20
-6.253048327204942
 30
14.0
 10
8.827040720626439
 20
-7.503623434222918
 30
14.0
 10
9.192388155425116
 20
-5.192388155425119
 30
17.5
 10
10.313593423786054
 20
-3.913898577113372
 30
17.5
 10
11.503623434222906
 20
-4.827040720626453
 30
14.0
 10
10.253048327204937
 20
-6.253048327204942
 30
14.0
 10
10.313593423786054
 20
-3.913898577113372
 30
17.5
 10
11.258330249197698
 20
-2.5000000000000053
 30
17.5
 10
12.557368354874356
 20
-3.250000000000006
 30
14.0
 10
11.503623434222906
 20
-4.827040720626453
 30
14.0
 10
11.258330249197698
 20
-2.5000000000000053
 30
17.5
 10
12.01043392264673
 20
-0.9748846207461641
 30
17.5
 10
13.396253221413659
 20
-1.5489097692937985
 30
14.0
 10
12.557368354874356
 20
-3.250000000000006
 30
14.0
 10
12.01043392264673
 20
-0.9748846207461641
 30
17.5
 10
12.557035741757884
 20
0.6353524136672197
 30
17.5
 10
14.005924481191487
 20
0.2471238460134373
 30
14.0
 10
13.396253221413659
 20
-1.5489097692937985
 30
14.0
 10
12.557035741757884
 20
0.6353524136672197
 30
17.5
 10
12.888783197859535
 20
2.303159501139328
 30
17.5
 10
14.37595048992025
 20
2.1073702128092506
 30
14.0
 10
14.005924481191487
 20
0.2471238460134373
 30
14.0
 10
12.888783197859535
 20
2.303159501139328
 30
17.5
 10
13.0
 20
4.0
 30
17.5
 10
14.5
 20
4.0
 30
14.0
 10
14.37595048992025
 20
2.1073702128092506
 30
14.0
 10
14.5
 20
4.0
 30
14.0
 10
14.37595048992025
 20
5.892629787190748
 30
14.0
 10
14.871672920607155
 20
5.957892883300774
 30
11.8
 10
15.0
 20
4.0
 30
11.8
 10
14.37595048992025
 20
5.892629787190748
 30
14.0
 10
14.00592448119149
 20
7.75287615398655
 30
14.0
 10
14.488887394336025
 20
7.882285676537811
 30
11.8
 10
14.871672920607155
 20
5.957892883300774
 30
11.8
 10
14.00592448119149
 20
7.75287615398655
 30
14.0
 10
13.396253221413657
 20
9.548909769293802
 30
14.0
 10
13.858192987669302
 20
9.740251485476346
 30
11.8
 10
14.488887394336025
 20
7.882285676537811
 30
11.8
 10
13.396253221413657
 20
9.548909769293802
 30
14.0
 10
12.557368354874361
 20
11.25
 30
14.0
 10
12.99038105676658
 20
11.5
 30
11.8
 10
13.858192987669302
 20
9.740251485476346
 30
11.8
 10
12.557368354874361
 20
11.25
 30
14.0
 10
11.50362343422291
 20
12.82704072062645
 30
14.0
 10
11.900300104368528
 20
13.13142143513081
 30
11.8
 10
12.99038105676658
 20
11.5
 30
11.8
 10
11.50362343422291
 20
12.82704072062645
 30
14.0
 10
10.25304832720494
 20
14.253048327204938
 30
14.0
 10
10.606601717798213
 20
14.606601717798211
 30
11.8
 10
11.900300104368528
 20
13.13142143513081
 30
11.8
 10
10.25304832720494
 20
14.253048327204938
 30
14.0
 10
8.82704072062645
 20
15.50362343422291
 30
14.0
 10
9.13142143513081
 20
15.900300104368528
 30
11.8
 10
10.606601717798213
 20
14.606601717798211
 30
11.8
 10
8.82704072062645
 20
15.50362343422291
 30
14.0
 10
7.250000000000002
 20
16.55736835487436
 30
14.0
 10
7.500000000000002
 20
16.99038105676658
 30
11.8
 10
9.13142143513081
 20
15.900300104368528
 30
11.8
 10
7.250000000000002
 20
16.55736835487436
 30
14.0
 10
5.548909769293803
 20
17.39625322141366
 30
14.0
 10
5.740251485476348
 20
17.8581929876693
 30
11.8
 10
7.500000000000002
 20
16.99038105676658
 30
11.8
 10
5.548909769293803
 20
17.39625322141366
 30
14.0
 10
3.7528761539865507
 20
18.005924481191492
 30
14.0
 10
3.882285676537811
 20
18.488887394336025
 30
11.8
 10
5.740251485476348
 20
17.8581929876693
 30
11.8
 10
3.7528761539865507
 20
18.005924481191492
 30
14.0
 10
1.8926297871907498
 20
18.37595048992025
 30
14.0
 10
1.9578928833007756
 20
18.871672920607153
 30
11.8
 10
3.882285676537811
 20
18.488887394336025
 30
11.8
 10
1.8926297871907498
 20
18.37595048992025
 30
14.0
 10
8.878689293818311e-16
 20
18.5
 30
14.0
 10
9.18485099360515e-16
 20
19.0
 30
11.8
 10
1.9578928833007756
 20
18.871672920607153
 30
11.8
 10
8.878689293818311e-16
 20
18.5
 30
14.0
 10
-1.8926297871907483
 20
18.37595048992025
 30
14.0
 10
-1.957892883300774
 20
18.871672920607153
 30
11.8
 10
9.18485099360515e-16
 20
19.0
 30
11.8
 10
-1.8926297871907483
 20
18.37595048992025
 30
14.0
 10
-3.752876153986549
 20
18.005924481191492
 30
14.0
 10
-3.8822856765378093
 20
18.488887394336025
 30
11.8
 10
-1.957892883300774
 20
18.871672920607153
 30
11.8
 10
-3.752876153986549
 20
18.005924481191492
 30
14.0
 10
-5.548909769293798
 20
17.39625322141366
 30
14.0
 10
-5.7402514854763425
 20
17.858192987669305
 30
11.8
 10
-3.8822856765378093
 20
18.488887394336025
 30
11.8
 10
-5.548909769293798
 20
17.39625322141366
 30
14.0
 10
-7.2499999999999964
 20
16.557368354874363
 30
14.0
 10
-7.4999999999999964
 20
16.99038105676658
 30
11.8
 10
-5.7402514854763425
 20
17.858192987669305
 30
11.8
 10
-7.2499999999999964
 20
16.557368354874363
 30
14.0
 10
-8.82704072062645
 20
15.50362343422291
 30
14.0
 10
-9.13142143513081
 20
15.900300104368528
 30
11.8
 10
-7.4999999999999964
 20
16.99038105676658
 30
11.8
 10
-8.82704072062645
 20
15.50362343422291
 30
14.0
 10
-10.253048327204938
 20
14.25304832720494
 30
14.0
 10
-10.606601717798211
 20
14.606601717798213
 30
11.8
 10
-9.13142143513081
 20
15.900300104368528
 30
11.8
 10
-10.253048327204938
 20
14.25304832720494
 30
14.0
 10
-11.503623434222908
 20
12.827040720626453
 30
14.0
 10
-11.900300104368526
 20
13.131421435130813
 30
11.8
 10
-10.606601717798211
 20
14.606601717798213
 30
11.8
 10
-11.503623434222908
 20
12.827040720626453
 30
14.0
 10
-12.557368354874361
 20
11.25
 30
14.0
 10
-12.99038105676658
 20
11.5
 30
11.8
 10
-11.900300104368526
 20
13.131421435130813
 30
11.8
 10
-12.557368354874361
 20
11.25
 30
14.0
 10
-13.396253221413657
 20
9.548909769293804
 30
14.0
 10
-13.858192987669302
 20
9.74025148547635
 30
11.8
 10
-12.99038105676658
 20
11.5
 30
11.8
 10
-13.396253221413657
 20
9.548909769293804
 30
14.0
 10
-14.005924481191489
 20
7.752876153986555
 30
14.0
 10
-14.488887394336023
 20
7.8822856765378155
 30
11.8
 10
-13.858192987669302
 20
9.74025148547635
 30
11.8
 10
-14.005924481191489
 20
7.752876153986555
 30
14.0
 10
-14.37595048992025
 20
5.892629787190754
 30
14.0
 10
-14.871672920607155
 20
5.957892883300779
 30
11.8
 10
-14.488887394336023
 20
7.8822856765378155
 30
11.8
 10
-14.37595048992025
 20
5.892629787190754
 30
14.0
 10
-14.5
 20
4.000000000000002
 30
14.0
 10
-15.0
 20
4.000000000000002
 30
11.8
 10
-14.871672920607155
 20
5.957892883300779
 30
11.8
 10
-14.5
 20
4.000000000000002
 30
14.0
 10
-14.37595048992025
 20
2.1073702128092493
 30
14.0
 10
-14.871672920607155
 20
2.0421071166992233
 30
11.8
 10
-15.0
 20
4.000000000000002
 30
11.8
 10
-14.37595048992025
 20
2.1073702128092493
 30
14.0
 10
-14.00592448119149
 20
0.2471238460134484
 30
14.0
 10
-14.488887394336025
 20
0.11771432346218802
 30
11.8
 10
-14.871672920607155
 20
2.0421071166992233
 30
11.8
 10
-14.00592448119149
 20
0.2471238460134484
 30
14.0
 10
-13.396253221413659
 20
-1.5489097692938003
 30
14.0
 10
-13.858192987669304
 20
-1.7402514854763451
 30
11.8
 10
-14.488887394336025
 20
0.11771432346218802
 30
11.8
 10
-13.396253221413659
 20
-1.5489097692938003
 30
14.0
 10
-12.557368354874363
 20
-3.2499999999999956
 30
14.0
 10
-12.990381056766582
 20
-3.4999999999999956
 30
11.8
 10
-13.858192987669304
 20
-1.7402514854763451
 30
11.8
 10
-12.557368354874363
 20
-3.2499999999999956
 30
14.0
 10
-11.50362343422291
 20
-4.827040720626449
 30
14.0
 10
-11.900300104368528
 20
-5.131421435130809
 30
11.8
 10
-12.990381056766582
 20
-3.4999999999999956
 30
11.8
 10
-11.50362343422291
 20
-4.827040720626449
 30
14.0
 10
-10.253048327204944
 20
-6.253048327204933
 30
14.0
 10
-10.606601717798219
 20
-6.606601717798206
 30
11.8
 10
-11.900300104368528
 20
-5.131421435130809
 30
11.8
 10
-10.253048327204944
 20
-6.253048327204933
 30
14.0
 10
-8.827040720626453
 20
-7.503623434222906
 30
14.0
 10
-9.131421435130813
 20
-7.900300104368524
 30
11.8
 10
-10.606601717798219
 20
-6.606601717798206
 30
11.8
 10
-8.827040720626453
 20
-7.503623434222906
 30
14.0
 10
-7.250000000000006
 20
-8.557368354874356
 30
14.0
 10
-7.500000000000007
 20
-8.990381056766577
 30
11.8
 10
-9.131421435130813
 20
-7.900300104368524
 30
11.8
 10
-7.250000000000006
 20
-8.557368354874356
 30
14.0
 10
-5.548909769293798
 20
-9.396253221413659
 30
14.0
 10
-5.7402514854763425
 20
-9.858192987669304
 30
11.8
 10
-7.500000000000007
 20
-8.990381056766577
 30
11.8
 10
-5.548909769293798
 20
-9.396253221413659
 30
14.0
 10
-3.752876153986549
 20
-10.00592448119149
 30
14.0
 10
-3.8822856765378093
 20
-10.488887394336025
 30
11.8
 10
-5.7402514854763425
 20
-9.858192987669304
 30
11.8
 10
-3.752876153986549
 20
-10.00592448119149
 30
14.0
 10
-1.8926297871907487
 20
-10.37595048992025
 30
14.0
 10
-1.9578928833007745
 20
-10.871672920607155
 30
11.8
 10
-3.8822856765378093
 20
-10.488887394336025
 30
11.8
 10
-1.8926297871907487
 20
-10.37595048992025
 30
14.0
 10
-2.663606788145493e-15
 20
-10.5
 30
14.0
 10
-2.7554552980815444e-15
 20
-11.0
 30
11.8
 10
-1.9578928833007745
 20
-10.871672920607155
 30
11.8
 10
-2.663606788145493e-15
 20
-10.5
 30
14.0
 10
1.8926297871907434
 20
-10.375950489920251
 30
14.0
 10
1.957892883300769
 20
-10.871672920607157
 30
11.8
 10
-2.7554552980815444e-15
 20
-11.0
 30
11.8
 10
1.8926297871907434
 20
-10.375950489920251
 30
14.0
 10
3.752876153986544
 20
-10.005924481191492
 30
14.0
 10
3.8822856765378044
 20
-10.488887394336027
 30
11.8
 10
1.957892883300769
 20
-10.871672920607157
 30
11.8
 10
3.752876153986544
 20
-10.005924481191492
 30
14.0
 10
5.548909769293793
 20
-9.39625322141366
 30
14.0
 10
5.740251485476337
 20
-9.858192987669305
 30
11.8
 10
3.8822856765378044
 20
-10.488887394336027
 30
11.8
 10
5.548909769293793
 20
-9.39625322141366
 30
14.0
 10
7.250000000000002
 20
-8.55736835487436
 30
14.0
 10
7.500000000000002
 20
-8.990381056766578
 30
11.8
 10
5.740251485476337
 20
-9.858192987669305
 30
11.8
 10
7.250000000000002
 20
-8.55736835487436
 30
14.0
 10
8.827040720626439
 20
-7.503623434222918
 30
14.0
 10
9.131421435130799
 20
-7.900300104368537
 30
11.8
 10
7.500000000000002
 20
-8.990381056766578
 30
11.8
 10
8.827040720626439
 20
-7.503623434222918
 30
14.0
 10
10.253048327204937
 20
-6.253048327204942
 30
14.0
 10
10.60660171779821
 20
-6.606601717798215
 30
11.8
 10
9.131421435130799
 20
-7.900300104368537
 30
11.8
 10
10.253048327204937
 20
-6.253048327204942
 30
14.0
 10
11.503623434222906
 20
-4.827040720626453
 30
14.0
 10
11.900300104368524
 20
-5.131421435130813
 30
11.8
 10
10.60660171779821
 20
-6.606601717798215
 30
11.8
 10
11.503623434222906
 20
-4.827040720626453
 30
14.0
 10
12.557368354874356
 20
-3.250000000000006
 30
14.0
 10
12.990381056766577
 20
-3.500000000000007
 30
11.8
 10
11.900300104368524
 20
-5.131421435130813
 30
11.8
 10
12.557368354874356
 20
-3.250000000000006
 30
14.0
 10
13.396253221413659
 20
-1.5489097692937985
 30
14.0
 10
13.858192987669304
 20
-1.7402514854763433
 30
11.8
 10
12.990381056766577
 20
-3.500000000000007
 30
11.8
 10
13.396253221413659
 20
-1.5489097692937985
 30
14.0
 10
14.005924481191487
 20
0.2471238460134373
 30
14.0
 10
14.488887394336022
 20
0.11771432346217647
 30
11.8
 10
13.858192987669304
 20
-1.7402514854763433
 30
11.8
 10
14.005924481191487
 20
0.2471238460134373
 30
14.0
 10
14.37595048992025
 20
2.1073702128092506
 30
14.0
 10
14.871672920607155
 20
2.0421071166992246
 30
11.8
 10
14.488887394336022
 20
0.11771432346217647
 30
11.8
 10
14.37595048992025
 20
2.1073702128092506
 30
14.0
 10
14.5
 20
4.0
 30
14.0
 10
15.0
 20
4.0
 30
11.8
 10
14.871672920607155
 20
2.0421071166992246
 30
11.8
 93
2112
 90
3
 90
0
 90
1
 90
2
 90
3
 90
3
 90
4
 90
5
 90
3
 90
6
 90
7
 90
8
 90
3
 90
9
 90
10
 90
11
 90
3
 90
12
 90
13
 90
14
 90
3
 90
15
 90
16
 90
17
 90
3
 90
18
 90
19
 90
20
 90
3
 90
21
 90
22
 90
23
 90
3
 90
24
 90
25
 90
26
 90
3
 90
27
 90
28
 90
29
 90
3
 90
30
 90
31
 90
32
 90
3
 90
33
 90
34
 90
35
 90
3
 90
36
 90
37
 90
38
 90
3
 90
39
 90
40
 90
41
 90
3
 90
42
 90
43
 90
44
 90
3
 90
45
 90
46
 90
47
 90
3
 90
48
 90
49
 90
50
 90
3
 90
51
 90
52
 90
53
 90
3
 90
54
 90
55
 90
56
 90
3
 90
57
 90
58
 90
59
 90
3
 90
60
 90
61
 90
62
 90
3
 90
63
 90
64
 90
65
 90
3
 90
66
 90
67
 90
68
 90
3
 90
69
 90
70
 90
71
 90
3
 90
72
 90
73
 90
74
 90
3
 90
75
 90
76
 90
77
 90
3
 90
78
 90
79
 90
80
 90
3
 90
81
 90
82
 90
83
 90
3
 90
84
 90
85
 90
86
 90
3
 90
87
 90
88
 90
89
 90
3
 90
90
 90
91
 90
92
 90
3
 90
93
 90
94
 90
95
 90
3
 90
96
 90
97
 90
98
 90
3
 90
99
 90
100
 90
101
 90
3
 90
102
 90
103
 90
104
 90
3
 90
105
 90
106
 90
107
 90
3
 90
108
 90
109
 90
110
 90
3
 90
111
 90
112
 90
113
 90
3
 90
114
 90
115
 90
116
 90
3
 90
117
 90
118
 90
119
 90
3
 90
120
 90
121
 90
122
 90
3
 90
123
 90
124
 90
125
 90
3
 90
126
 90
127
 90
128
 90
3
 90
129
 90
130
 90
131
 90
3
 90
132
 90
133
 90
134
 90
3
 90
135
 90
136
 90
137
 90
3
 90
138
 90
139
 90
140
 90
3
 90
141
 90
142
 90
143
 90
3
 90
144
 90
145
 90
146
 90
3
 90
144
 90
146
 90
147
 90
3
 90
148
 90
149
 90
150
 90
3
 90
148
 90
150
 90
151
 90
3
 90
152
 90
153
 90
154
 90
3
 90
152
 90
154
 90
155
 90
3
 90
156
 90
157
 90
158
 90
3
 90
156
 90
158
 90
159
 90
3
 90
160
 90
161
 90
162
 90
3
 90
160
 90
162
 90
163
 90
3
 90
164
 90
165
 90
166
 90
3
 90
164
 90
166
 90
167
 90
3
 90
168
 90
169
 90
170
 90
3
 90
168
 90
170
 90
171
 90
3
 90
172
 90
173
 90
174
 90
3
 90
172
 90
174
 90
175
 90
3
 90
176
 90
177
 90
178
 90
3
 90
176
 90
178
 90
179
 90
3
 90
180
 90
181
 90
182
 90
3
 90
180
 90
182
 90
183
 90
3
 90
184
 90
185
 90
186
 90
3
 90
184
 90
186
 90
187
 90
3
 90
188
 90
189
 90
190
 90
3
 90
188
 90
190
 90
191
 90
3
 90
192
 90
193
 90
194
 90
3
 90
192
 90
194
 90
195
 90
3
 90
196
 90
197
 90
198
 90
3
 90
196
 90
198
 90
199
 90
3
 90
200
 90
201
 90
202
 90
3
 90
200
 90
202
 90
203
 90
3
 90
204
 90
205
 90
206
 90
3
 90
204
 90
206
 90
207
 90
3
 90
208
 90
209
 90
210
 90
3
 90
208
 90
210
 90
211
 90
3
 90
212
 90
213
 90
214
 90
3
 90
212
 90
214
 90
215
 90
3
 90
216
 90
217
 90
218
 90
3
 90
216
 90
218
 90
219
 90
3
 90
220
 90
221
 90
222
 90
3
 90
220
 90
222
 90
223
 90
3
 90
224
 90
225
 90
226
 90
3
 90
224
 90
226
 90
227
 90
3
 90
228
 90
229
 90
230
 90
3
 90
228
 90
230
 90
231
 90
3
 90
232
 90
233
 90
234
 90
3
 90
232
 90
234
 90
235
 90
3
 90
236
 90
237
 90
238
 90
3
 90
236
 90
238
 90
239
 90
3
 90
240
 90
241
 90
242
 90
3
 90
240
 90
242
 90
243
 90
3
 90
244
 90
245
 90
246
 90
3
 90
244
 90
246
 90
247
 90
3
 90
248
 90
249
 90
250
 90
3
 90
248
 90
250
 90
251
 90
3
 90
252
 90
253
 90
254
 90
3
 90
252
 90
254
 90
255
 90
3
 90
256
 90
257
 90
258
 90
3
 90
256
 90
258
 90
259
 90
3
 90
260
 90
261
 90
262
 90
3
 90
260
 90
262
 90
263
 90
3
 90
264
 90
265
 90
266
 90
3
 90
264
 90
266
 90
267
 90
3
 90
268
 90
269
 90
270
 90
3
 90
268
 90
270
 90
271
 90
3
 90
272
 90
273
 90
274
 90
3
 90
272
 90
274
 90
275
 90
3
 90
276
 90
277
 90
278
 90
3
 90
276
 90
278
 90
279
 90
3
 90
280
 90
281
 90
282
 90
3
 90
280
 90
282
 90
283
 90
3
 90
284
 90
285
 90
286
 90
3
 90
284
 90
286
 90
287
 90
3
 90
288
 90
289
 90
290
 90
3
 90
288
 90
290
 90
291
 90
3
 90
292
 90
293
 90
294
 90
3
 90
292
 90
294
 90
295
 90
3
 90
296
 90
297
 90
298
 90
3
 90
296
 90
298
 90
299
 90
3
 90
300
 90
301
 90
302
 90
3
 90
300
 90
302
 90
303
 90
3
 90
304
 90
305
 90
306
 90
3
 90
304
 90
306
 90
307
 90
3
 90
308
 90
309
 90
310
 90
3
 90
308
 90
310
 90
311
 90
3
 90
312
 90
313
 90
314
 90
3
 90
312
 90
314
 90
315
 90
3
 90
316
 90
317
 90
318
 90
3
 90
316
 90
318
 90
319
 90
3
 90
320
 90
321
 90
322
 90
3
 90
320
 90
322
 90
323
 90
3
 90
324
 90
325
 90
326
 90
3
 90
324
 90
326
 90
327
 90
3
 90
328
 90
329
 90
330
 90
3
 90
328
 90
330
 90
331
 90
3
 90
332
 90
333
 90
334
 90
3
 90
332
 90
334
 90
335
 90
3
 90
336
 90
337
 90
338
 90
3
 90
336
 90
338
 90
339
 90
3
 90
340
 90
341
 90
342
 90
3
 90
340
 90
342
 90
343
 90
3
 90
344
 90
345
 90
346
 90
3
 90
344
 90
346
 90
347
 90
3
 90
348
 90
349
 90
350
 90
3
 90
348
 90
350
 90
351
 90
3
 90
352
 90
353
 90
354
 90
3
 90
352
 90
354
 90
355
 90
3
 90
356
 90
357
 90
358
 90
3
 90
356
 90
358
 90
359
 90
3
 90
360
 90
361
 90
362
 90
3
 90
360
 90
362
 90
363
 90
3
 90
364
 90
365
 90
366
 90
3
 90
364
 90
366
 90
367
 90
3
 90
368
 90
369
 90
370
 90
3
 90
368
 90
370
 90
371
 90
3
 90
372
 90
373
 90
374
 90
3
 90
372
 90
374
 90
375
 90
3
 90
376
 90
377
 90
378
 90
3
 90
376
 90
378
 90
379
 90
3
 90
380
 90
381
 90
382
 90
3
 90
380
 90
382
 90
383
 90
3
 90
384
 90
385
 90
386
 90
3
 90
384
 90
386
 90
387
 90
3
 90
388
 90
389
 90
390
 90
3
 90
388
 90
390
 90
391
 90
3
 90
392
 90
393
 90
394
 90
3
 90
392
 90
394
 90
395
 90
3
 90
396
 90
397
 90
398
 90
3
 90
396
 90
398
 90
399
 90
3
 90
400
 90
401
 90
402
 90
3
 90
400
 90
402
 90
403
 90
3
 90
404
 90
405
 90
406
 90
3
 90
404
 90
406
 90
407
 90
3
 90
408
 90
409
 90
410
 90
3
 90
408
 90
410
 90
411
 90
3
 90
412
 90
413
 90
414
 90
3
 90
412
 90
414
 90
415
 90
3
 90
416
 90
417
 90
418
 90
3
 90
416
 90
418
 90
419
 90
3
 90
420
 90
421
 90
422
 90
3
 90
420
 90
422
 90
423
 90
3
 90
424
 90
425
 90
426
 90
3
 90
424
 90
426
 90
427
 90
3
 90
428
 90
429
 90
430
 90
3
 90
428
 90
430
 90
431
 90
3
 90
432
 90
433
 90
434
 90
3
 90
432
 90
434
 90
435
 90
3
 90
436
 90
437
 90
438
 90
3
 90
436
 90
438
 90
439
 90
3
 90
440
 90
441
 90
442
 90
3
 90
440
 90
442
 90
443
 90
3
 90
444
 90
445
 90
446
 90
3
 90
444
 90
446
 90
447
 90
3
 90
448
 90
449
 90
450
 90
3
 90
448
 90
450
 90
451
 90
3
 90
452
 90
453
 90
454
 90
3
 90
452
 90
454
 90
455
 90
3
 90
456
 90
457
 90
458
 90
3
 90
456
 90
458
 90
459
 90
3
 90
460
 90
461
 90
462
 90
3
 90
460
 90
462
 90
463
 90
3
 90
464
 90
465
 90
466
 90
3
 90
464
 90
466
 90
467
 90
3
 90
468
 90
469
 90
470
 90
3
 90
468
 90
470
 90
471
 90
3
 90
472
 90
473
 90
474
 90
3
 90
472
 90
474
 90
475
 90
3
 90
476
 90
477
 90
478
 90
3
 90
476
 90
478
 90
479
 90
3
 90
480
 90
481
 90
482
 90
3
 90
480
 90
482
 90
483
 90
3
 90
484
 90
485
 90
486
 90
3
 90
484
 90
486
 90
487
 90
3
 90
488
 90
489
 90
490
 90
3
 90
488
 90
490
 90
491
 90
3
 90
492
 90
493
 90
494
 90
3
 90
492
 90
494
 90
495
 90
3
 90
496
 90
497
 90
498
 90
3
 90
496
 90
498
 90
499
 90
3
 90
500
 90
501
 90
502
 90
3
 90
500
 90
502
 90
503
 90
3
 90
504
 90
505
 90
506
 90
3
 90
504
 90
506
 90
507
 90
3
 90
508
 90
509
 90
510
 90
3
 90
508
 90
510
 90
511
 90
3
 90
512
 90
513
 90
514
 90
3
 90
512
 90
514
 90
515
 90
3
 90
516
 90
517
 90
518
 90
3
 90
516
 90
518
 90
519
 90
3
 90
520
 90
521
 90
522
 90
3
 90
520
 90
522
 90
523
 90
3
 90
524
 90
525
 90
526
 90
3
 90
524
 90
526
 90
527
 90
3
 90
528
 90
529
 90
530
 90
3
 90
528
 90
530
 90
531
 90
3
 90
532
 90
533
 90
534
 90
3
 90
532
 90
534
 90
535
 90
3
 90
536
 90
537
 90
538
 90
3
 90
536
 90
538
 90
539
 90
3
 90
540
 90
541
 90
542
 90
3
 90
540
 90
542
 90
543
 90
3
 90
544
 90
545
 90
546
 90
3
 90
544
 90
546
 90
547
 90
3
 90
548
 90
549
 90
550
 90
3
 90
548
 90
550
 90
551
 90
3
 90
552
 90
553
 90
554
 90
3
 90
552
 90
554
 90
555
 90
3
 90
556
 90
557
 90
558
 90
3
 90
556
 90
558
 90
559
 90
3
 90
560
 90
561
 90
562
 90
3
 90
560
 90
562
 90
563
 90
3
 90
564
 90
565
 90
566
 90
3
 90
564
 90
566
 90
567
 90
3
 90
568
 90
569
 90
570
 90
3
 90
568
 90
570
 90
571
 90
3
 90
572
 90
573
 90
574
 90
3
 90
572
 90
574
 90
575
 90
3
 90
576
 90
577
 90
578
 90
3
 90
576
 90
578
 90
579
 90
3
 90
580
 90
581
 90
582
 90
3
 90
580
 90
582
 90
583
 90
3
 90
584
 90
585
 90
586
 90
3
 90
584
 90
586
 90
587
 90
3
 90
588
 90
589
 90
590
 90
3
 90
588
 90
590
 90
591
 90
3
 90
592
 90
593
 90
594
 90
3
 90
592
 90
594
 90
595
 90
3
 90
596
 90
597
 90
598
 90
3
 90
596
 90
598
 90
599
 90
3
 90
600
 90
601
 90
602
 90
3
 90
600
 90
602
 90
603
 90
3
 90
604
 90
605
 90
606
 90
3
 90
604
 90
606
 90
607
 90
3
 90
608
 90
609
 90
610
 90
3
 90
608
 90
610
 90
611
 90
3
 90
612
 90
613
 90
614
 90
3
 90
612
 90
614
 90
615
 90
3
 90
616
 90
617
 90
618
 90
3
 90
616
 90
618
 90
619
 90
3
 90
620
 90
621
 90
622
 90
3
 90
620
 90
622
 90
623
 90
3
 90
624
 90
625
 90
626
 90
3
 90
624
 90
626
 90
627
 90
3
 90
628
 90
629
 90
630
 90
3
 90
628
 90
630
 90
631
 90
3
 90
632
 90
633
 90
634
 90
3
 90
632
 90
634
 90
635
 90
3
 90
636
 90
637
 90
638
 90
3
 90
636
 90
638
 90
639
 90
3
 90
640
 90
641
 90
642
 90
3
 90
640
 90
642
 90
643
 90
3
 90
644
 90
645
 90
646
 90
3
 90
644
 90
646
 90
647
 90
3
 90
648
 90
649
 90
650
 90
3
 90
648
 90
650
 90
651
 90
3
 90
652
 90
653
 90
654
 90
3
 90
652
 90
654
 90
655
 90
3
 90
656
 90
657
 90
658
 90
3
 90
656
 90
658
 90
659
 90
3
 90
660
 90
661
 90
662
 90
3
 90
660
 90
662
 90
663
 90
3
 90
664
 90
665
 90
666
 90
3
 90
664
 90
666
 90
667
 90
3
 90
668
 90
669
 90
670
 90
3
 90
668
 90
670
 90
671
 90
3
 90
672
 90
673
 90
674
 90
3
 90
672
 90
674
 90
675
 90
3
 90
676
 90
677
 90
678
 90
3
 90
676
 90
678
 90
679
 90
3
 90
680
 90
681
 90
682
 90
3
 90
680
 90
682
 90
683
 90
3
 90
684
 90
685
 90
686
 90
3
 90
684
 90
686
 90
687
 90
3
 90
688
 90
689
 90
690
 90
3
 90
688
 90
690
 90
691
 90
3
 90
692
 90
693
 90
694
 90
3
 90
692
 90
694
 90
695
 90
3
 90
696
 90
697
 90
698
 90
3
 90
696
 90
698
 90
699
 90
3
 90
700
 90
701
 90
702
 90
3
 90
700
 90
702
 90
703
 90
3
 90
704
 90
705
 90
706
 90
3
 90
704
 90
706
 90
707
 90
3
 90
708
 90
709
 90
710
 90
3
 90
708
 90
710
 90
711
 90
3
 90
712
 90
713
 90
714
 90
3
 90
712
 90
714
 90
715
 90
3
 90
716
 90
717
 90
718
 90
3
 90
716
 90
718
 90
719
 90
3
 90
720
 90
721
 90
722
 90
3
 90
720
 90
722
 90
723
 90
3
 90
724
 90
725
 90
726
 90
3
 90
724
 90
726
 90
727
 90
3
 90
728
 90
729
 90
730
 90
3
 90
728
 90
730
 90
731
 90
3
 90
732
 90
733
 90
734
 90
3
 90
732
 90
734
 90
735
 90
3
 90
736
 90
737
 90
738
 90
3
 90
736
 90
738
 90
739
 90
3
 90
740
 90
741
 90
742
 90
3
 90
740
 90
742
 90
743
 90
3
 90
744
 90
745
 90
746
 90
3
 90
744
 90
746
 90
747
 90
3
 90
748
 90
749
 90
750
 90
3
 90
748
 90
750
 90
751
 90
3
 90
752
 90
753
 90
754
 90
3
 90
752
 90
754
 90
755
 90
3
 90
756
 90
757
 90
758
 90
3
 90
756
 90
758
 90
759
 90
3
 90
760
 90
761
 90
762
 90
3
 90
760
 90
762
 90
763
 90
3
 90
764
 90
765
 90
766
 90
3
 90
764
 90
766
 90
767
 90
3
 90
768
 90
769
 90
770
 90
3
 90
768
 90
770
 90
771
 90
3
 90
772
 90
773
 90
774
 90
3
 90
772
 90
774
 90
775
 90
3
 90
776
 90
777
 90
778
 90
3
 90
776
 90
778
 90
779
 90
3
 90
780
 90
781
 90
782
 90
3
 90
780
 90
782
 90
783
 90
3
 90
784
 90
785
 90
786
 90
3
 90
784
 90
786
 90
787
 90
3
 90
788
 90
789
 90
790
 90
3
 90
788
 90
790
 90
791
 90
3
 90
792
 90
793
 90
794
 90
3
 90
792
 90
794
 90
795
 90
3
 90
796
 90
797
 90
798
 90
3
 90
796
 90
798
 90
799
 90
3
 90
800
 90
801
 90
802
 90
3
 90
800
 90
802
 90
803
 90
3
 90
804
 90
805
 90
806
 90
3
 90
804
 90
806
 90
807
 90
3
 90
808
 90
809
 90
810
 90
3
 90
808
 90
810
 90
811
 90
3
 90
812
 90
813
 90
814
 90
3
 90
812
 90
814
 90
815
 90
3
 90
816
 90
817
 90
818
 90
3
 90
816
 90
818
 90
819
 90
3
 90
820
 90
821
 90
822
 90
3
 90
820
 90
822
 90
823
 90
3
 90
824
 90
825
 90
826
 90
3
 90
824
 90
826
 90
827
 90
3
 90
828
 90
829
 90
830
 90
3
 90
828
 90
830
 90
831
 90
3
 90
832
 90
833
 90
834
 90
3
 90
832
 90
834
 90
835
 90
3
 90
836
 90
837
 90
838
 90
3
 90
836
 90
838
 90
839
 90
3
 90
840
 90
841
 90
842
 90
3
 90
840
 90
842
 90
843
 90
3
 90
844
 90
845
 90
846
 90
3
 90
844
 90
846
 90
847
 90
3
 90
848
 90
849
 90
850
 90
3
 90
848
 90
850
 90
851
 90
3
 90
852
 90
853
 90
854
 90
3
 90
852
 90
854
 90
855
 90
3
 90
856
 90
857
 90
858
 90
3
 90
856
 90
858
 90
859
 90
3
 90
860
 90
861
 90
862
 90
3
 90
860
 90
862
 90
863
 90
3
 90
864
 90
865
 90
866
 90
3
 90
864
 90
866
 90
867
 90
3
 90
868
 90
869
 90
870
 90
3
 90
868
 90
870
 90
871
 90
3
 90
872
 90
873
 90
874
 90
3
 90
872
 90
874
 90
875
 90
3
 90
876
 90
877
 90
878
 90
3
 90
876
 90
878
 90
879
 90
3
 90
880
 90
881
 90
882
 90
3
 90
880
 90
882
 90
883
 90
3
 90
884
 90
885
 90
886
 90
3
 90
884
 90
886
 90
887
 90
3
 90
888
 90
889
 90
890
 90
3
 90
888
 90
890
 90
891
 90
3
 90
892
 90
893
 90
894
 90
3
 90
892
 90
894
 90
895
 90
3
 90
896
 90
897
 90
898
 90
3
 90
896
 90
898
 90
899
 90
3
 90
900
 90
901
 90
902
 90
3
 90
900
 90
902
 90
903
 90
3
 90
904
 90
905
 90
906
 90
3
 90
904
 90
906
 90
907
 90
3
 90
908
 90
909
 90
910
 90
3
 90
908
 90
910
 90
911
 90
3
 90
912
 90
913
 90
914
 90
3
 90
912
 90
914
 90
915
 90
3
 90
916
 90
917
 90
918
 90
3
 90
916
 90
918
 90
919
 90
3
 90
920
 90
921
 90
922
 90
3
 90
920
 90
922
 90
923
 90
3
 90
924
 90
925
 90
926
 90
3
 90
924
 90
926
 90
927
 90
3
 90
928
 90
929
 90
930
 90
3
 90
928
 90
930
 90
931
 90
3
 90
932
 90
933
 90
934
 90
3
 90
932
 90
934
 90
935
 90
3
 90
936
 90
937
 90
938
 90
3
 90
936
 90
938
 90
939
 90
3
 90
940
 90
941
 90
942
 90
3
 90
940
 90
942
 90
943
 90
3
 90
944
 90
945
 90
946
 90
3
 90
944
 90
946
 90
947
 90
3
 90
948
 90
949
 90
950
 90
3
 90
948
 90
950
 90
951
 90
3
 90
952
 90
953
 90
954
 90
3
 90
952
 90
954
 90
955
 90
3
 90
956
 90
957
 90
958
 90
3
 90
956
 90
958
 90
959
 90
3
 90
960
 90
961
 90
962
 90
3
 90
960
 90
962
 90
963
 90
3
 90
964
 90
965
 90
966
 90
3
 90
964
 90
966
 90
967
 90
3
 90
968
 90
969
 90
970
 90
3
 90
968
 90
970
 90
971
 90
3
 90
972
 90
973
 90
974
 90
3
 90
972
 90
974
 90
975
 90
3
 90
976
 90
977
 90
978
 90
3
 90
976
 90
978
 90
979
 90
3
 90
980
 90
981
 90
982
 90
3
 90
980
 90
982
 90
983
 90
3
 90
984
 90
985
 90
986
 90
3
 90
984
 90
986
 90
987
 90
3
 90
988
 90
989
 90
990
 90
3
 90
988
 90
990
 90
991
 90
3
 90
992
 90
993
 90
994
 90
3
 90
992
 90
994
 90
995
 90
3
 90
996
 90
997
 90
998
 90
3
 90
996
 90
998
 90
999
 90
3
 90
1000
 90
1001
 90
1002
 90
3
 90
1000
 90
1002
 90
1003
 90
3
 90
1004
 90
1005
 90
1006
 90
3
 90
1004
 90
1006
 90
1007
 90
3
 90
1008
 90
1009
 90
1010
 90
3
 90
1008
 90
1010
 90
1011
 90
3
 90
1012
 90
1013
 90
1014
 90
3
 90
1012
 90
1014
 90
1015
 90
3
 90
1016
 90
1017
 90
1018
 90
3
 90
1016
 90
1018
 90
1019
 90
3
 90
1020
 90
1021
 90
1022
 90
3
 90
1020
 90
1022
 90
1023
 90
3
 90
1024
 90
1025
 90
1026
 90
3
 90
1024
 90
1026
 90
1027
 90
3
 90
1028
 90
1029
 90
1030
 90
3
 90
1028
 90
1030
 90
1031
 90
3
 90
1032
 90
1033
 90
1034
 90
3
 90
1032
 90
1034
 90
1035
 90
3
 90
1036
 90
1037
 90
1038
 90
3
 90
1036
 90
1038
 90
1039
 90
3
 90
1040
 90
1041
 90
1042
 90
3
 90
1040
 90
1042
 90
1043
 90
3
 90
1044
 90
1045
 90
1046
 90
3
 90
1044
 90
1046
 90
1047
 90
3
 90
1048
 90
1049
 90
1050
 90
3
 90
1048
 90
1050
 90
1051
 90
3
 90
1052
 90
1053
 90
1054
 90
3
 90
1052
 90
1054
 90
1055
 90
3
 90
1056
 90
1057
 90
1058
 90
3
 90
1056
 90
1058
 90
1059
 90
3
 90
1060
 90
1061
 90
1062
 90
3
 90
1060
 90
1062
 90
1063
 90
3
 90
1064
 90
1065
 90
1066
 90
3
 90
1064
 90
1066
 90
1067
 90
3
 90
1068
 90
1069
 90
1070
 90
3
 90
1068
 90
1070
 90
1071
 90
3
 90
1072
 90
1073
 90
1074
 90
3
 90
1072
 90
1074
 90
1075
 90
3
 90
1076
 90
1077
 90
1078
 90
3
 90
1076
 90
1078
 90
1079
 90
3
 90
1080
 90
1081
 90
1082
 90
3
 90
1080
 90
1082
 90
1083
 90
3
 90
1084
 90
1085
 90
1086
 90
3
 90
1084
 90
1086
 90
1087
 90
3
 90
1088
 90
1089
 90
1090
 90
3
 90
1088
 90
1090
 90
1091
 90
3
 90
1092
 90
1093
 90
1094
 90
3
 90
1092
 90
1094
 90
1095
 90
3
 90
1096
 90
1097
 90
1098
 90
3
 90
1096
 90
1098
 90
1099
 90
3
 90
1100
 90
1101
 90
1102
 90
3
 90
1100
 90
1102
 90
1103
 94
0
 95
0
 90
0
  0
MESH
  5
98
330
17
100
AcDbEntity
  8
M-GILLS
100
AcDbSubDMesh
 71
2
 72
0
 91
0
 92
912
 10
15.0
 20
4.0
 30
11.8
 10
14.871672920607155
 20
5.957892883300774
 30
11.8
 10
14.475094976057632
 20
5.905682406412753
 30
10.8
 10
14.6
 20
4.0
 30
10.8
 10
14.871672920607155
 20
5.957892883300774
 30
11.8
 10
14.488887394336025
 20
7.882285676537811
 30
11.8
 10
14.102517063820397
 20
7.778758058496803
 30
10.8
 10
14.475094976057632
 20
5.905682406412753
 30
10.8
 10
14.488887394336025
 20
7.882285676537811
 30
11.8
 10
13.858192987669302
 20
9.740251485476346
 30
11.8
 10
13.488641174664785
 20
9.58717811253031
 30
10.8
 10
14.102517063820397
 20
7.778758058496803
 30
10.8
 10
13.858192987669302
 20
9.740251485476346
 30
11.8
 10
12.99038105676658
 20
11.5
 30
11.8
 10
12.643970895252805
 20
11.299999999999999
 30
10.8
 10
13.488641174664785
 20
9.58717811253031
 30
10.8
 10
12.99038105676658
 20
11.5
 30
11.8
 10
11.900300104368528
 20
13.13142143513081
 30
11.8
 10
11.582958768252032
 20
12.887916863527321
 30
10.8
 10
12.643970895252805
 20
11.299999999999999
 30
10.8
 10
11.900300104368528
 20
13.13142143513081
 30
11.8
 10
10.606601717798213
 20
14.606601717798211
 30
11.8
 10
10.323759005323595
 20
14.323759005323593
 30
10.8
 10
11.582958768252032
 20
12.887916863527321
 30
10.8
 10
10.606601717798213
 20
14.606601717798211
 30
11.8
 10
9.13142143513081
 20
15.900300104368528
 30
11.8
 10
8.887916863527321
 20
15.582958768252032
 30
10.8
 10
10.323759005323595
 20
14.323759005323593
 30
10.8
 10
9.13142143513081
 20
15.900300104368528
 30
11.8
 10
7.500000000000002
 20
16.99038105676658
 30
11.8
 10
7.300000000000002
 20
16.643970895252803
 30
10.8
 10
8.887916863527321
 20
15.582958768252032
 30
10.8
 10
7.500000000000002
 20
16.99038105676658
 30
11.8
 10
5.740251485476348
 20
17.8581929876693
 30
11.8
 10
5.587178112530311
 20
17.488641174664785
 30
10.8
 10
7.300000000000002
 20
16.643970895252803
 30
10.8
 10
5.740251485476348
 20
17.8581929876693
 30
11.8
 10
3.882285676537811
 20
18.488887394336025
 30
11.8
 10
3.778758058496803
 20
18.102517063820397
 30
10.8
 10
5.587178112530311
 20
17.488641174664785
 30
10.8
 10
3.882285676537811
 20
18.488887394336025
 30
11.8
 10
1.9578928833007756
 20
18.871672920607153
 30
11.8
 10
1.9056824064127549
 20
18.475094976057633
 30
10.8
 10
3.778758058496803
 20
18.102517063820397
 30
10.8
 10
1.9578928833007756
 20
18.871672920607153
 30
11.8
 10
9.18485099360515e-16
 20
19.0
 30
11.8
 10
8.939921633775679e-16
 20
18.6
 30
10.8
 10
1.9056824064127549
 20
18.475094976057633
 30
10.8
 10
9.18485099360515e-16
 20
19.0
 30
11.8
 10
-1.957892883300774
 20
18.871672920607153
 30
11.8
 10
-1.9056824064127533
 20
18.475094976057633
 30
10.8
 10
8.939921633775679e-16
 20
18.6
 30
10.8
 10
-1.957892883300774
 20
18.871672920607153
 30
11.8
 10
-3.8822856765378093
 20
18.488887394336025
 30
11.8
 10
-3.778758058496801
 20
18.102517063820397
 30
10.8
 10
-1.9056824064127533
 20
18.475094976057633
 30
10.8
 10
-3.8822856765378093
 20
18.488887394336025
 30
11.8
 10
-5.7402514854763425
 20
17.858192987669305
 30
11.8
 10
-5.587178112530307
 20
17.488641174664785
 30
10.8
 10
-3.778758058496801
 20
18.102517063820397
 30
10.8
 10
-5.7402514854763425
 20
17.858192987669305
 30
11.8
 10
-7.4999999999999964
 20
16.99038105676658
 30
11.8
 10
-7.299999999999996
 20
16.643970895252806
 30
10.8
 10
-5.587178112530307
 20
17.488641174664785
 30
10.8
 10
-7.4999999999999964
 20
16.99038105676658
 30
11.8
 10
-9.13142143513081
 20
15.900300104368528
 30
11.8
 10
-8.887916863527321
 20
15.582958768252032
 30
10.8
 10
-7.299999999999996
 20
16.643970895252806
 30
10.8
 10
-9.13142143513081
 20
15.900300104368528
 30
11.8
 10
-10.606601717798211
 20
14.606601717798213
 30
11.8
 10
-10.323759005323593
 20
14.323759005323595
 30
10.8
 10
-8.887916863527321
 20
15.582958768252032
 30
10.8
 10
-10.606601717798211
 20
14.606601717798213
 30
11.8
 10
-11.900300104368526
 20
13.131421435130813
 30
11.8
 10
-11.582958768252032
 20
12.887916863527325
 30
10.8
 10
-10.323759005323593
 20
14.323759005323595
 30
10.8
 10
-11.900300104368526
 20
13.131421435130813
 30
11.8
 10
-12.99038105676658
 20
11.5
 30
11.8
 10
-12.643970895252805
 20
11.299999999999999
 30
10.8
 10
-11.582958768252032
 20
12.887916863527325
 30
10.8
 10
-12.99038105676658
 20
11.5
 30
11.8
 10
-13.858192987669302
 20
9.74025148547635
 30
11.8
 10
-13.488641174664785
 20
9.587178112530312
 30
10.8
 10
-12.643970895252805
 20
11.299999999999999
 30
10.8
 10
-13.858192987669302
 20
9.74025148547635
 30
11.8
 10
-14.488887394336023
 20
7.8822856765378155
 30
11.8
 10
-14.102517063820395
 20
7.778758058496807
 30
10.8
 10
-13.488641174664785
 20
9.587178112530312
 30
10.8
 10
-14.488887394336023
 20
7.8822856765378155
 30
11.8
 10
-14.871672920607155
 20
5.957892883300779
 30
11.8
 10
-14.475094976057632
 20
5.905682406412759
 30
10.8
 10
-14.102517063820395
 20
7.778758058496807
 30
10.8
 10
-14.871672920607155
 20
5.957892883300779
 30
11.8
 10
-15.0
 20
4.000000000000002
 30
11.8
 10
-14.6
 20
4.000000000000002
 30
10.8
 10
-14.475094976057632
 20
5.905682406412759
 30
10.8
 10
-15.0
 20
4.000000000000002
 30
11.8
 10
-14.871672920607155
 20
2.0421071166992233
 30
11.8
 10
-14.475094976057632
 20
2.0943175935872445
 30
10.8
 10
-14.6
 20
4.000000000000002
 30
10.8
 10
-14.871672920607155
 20
2.0421071166992233
 30
11.8
 10
-14.488887394336025
 20
0.11771432346218802
 30
11.8
 10
-14.102517063820397
 20
0.22124194150319632
 30
10.8
 10
-14.475094976057632
 20
2.0943175935872445
 30
10.8
 10
-14.488887394336025
 20
0.11771432346218802
 30
11.8
 10
-13.858192987669304
 20
-1.7402514854763451
 30
11.8
 10
-13.488641174664787
 20
-1.5871781125303093
 30
10.8
 10
-14.102517063820397
 20
0.22124194150319632
 30
10.8
 10
-13.858192987669304
 20
-1.7402514854763451
 30
11.8
 10
-12.990381056766582
 20
-3.4999999999999956
 30
11.8
 10
-12.643970895252806
 20
-3.2999999999999954
 30
10.8
 10
-13.488641174664787
 20
-1.5871781125303093
 30
10.8
 10
-12.990381056766582
 20
-3.4999999999999956
 30
11.8
 10
-11.900300104368528
 20
-5.131421435130809
 30
11.8
 10
-11.582958768252032
 20
-4.887916863527321
 30
10.8
 10
-12.643970895252806
 20
-3.2999999999999954
 30
10.8
 10
-11.900300104368528
 20
-5.131421435130809
 30
11.8
 10
-10.606601717798219
 20
-6.606601717798206
 30
11.8
 10
-10.323759005323598
 20
-6.323759005323588
 30
10.8
 10
-11.582958768252032
 20
-4.887916863527321
 30
10.8
 10
-10.606601717798219
 20
-6.606601717798206
 30
11.8
 10
-9.131421435130813
 20
-7.900300104368524
 30
11.8
 10
-8.887916863527325
 20
-7.5829587682520305
 30
10.8
 10
-10.323759005323598
 20
-6.323759005323588
 30
10.8
 10
-9.131421435130813
 20
-7.900300104368524
 30
11.8
 10
-7.500000000000007
 20
-8.990381056766577
 30
11.8
 10
-7.300000000000006
 20
-8.6439708952528
 30
10.8
 10
-8.887916863527325
 20
-7.5829587682520305
 30
10.8
 10
-7.500000000000007
 20
-8.990381056766577
 30
11.8
 10
-5.7402514854763425
 20
-9.858192987669304
 30
11.8
 10
-5.587178112530307
 20
-9.488641174664787
 30
10.8
 10
-7.300000000000006
 20
-8.6439708952528
 30
10.8
 10
-5.7402514854763425
 20
-9.858192987669304
 30
11.8
 10
-3.8822856765378093
 20
-10.488887394336025
 30
11.8
 10
-3.778758058496801
 20
-10.102517063820397
 30
10.8
 10
-5.587178112530307
 20
-9.488641174664787
 30
10.8
 10
-3.8822856765378093
 20
-10.488887394336025
 30
11.8
 10
-1.9578928833007745
 20
-10.871672920607155
 30
11.8
 10
-1.9056824064127538
 20
-10.475094976057632
 30
10.8
 10
-3.778758058496801
 20
-10.102517063820397
 30
10.8
 10
-1.9578928833007745
 20
-10.871672920607155
 30
11.8
 10
-2.7554552980815444e-15
 20
-11.0
 30
11.8
 10
-2.6819764901327035e-15
 20
-10.6
 30
10.8
 10
-1.9056824064127538
 20
-10.475094976057632
 30
10.8
 10
-2.7554552980815444e-15
 20
-11.0
 30
11.8
 10
1.957892883300769
 20
-10.871672920607157
 30
11.8
 10
1.9056824064127484
 20
-10.475094976057633
 30
10.8
 10
-2.6819764901327035e-15
 20
-10.6
 30
10.8
 10
1.957892883300769
 20
-10.871672920607157
 30
11.8
 10
3.8822856765378044
 20
-10.488887394336027
 30
11.8
 10
3.778758058496796
 20
-10.102517063820398
 30
10.8
 10
1.9056824064127484
 20
-10.475094976057633
 30
10.8
 10
3.8822856765378044
 20
-10.488887394336027
 30
11.8
 10
5.740251485476337
 20
-9.858192987669305
 30
11.8
 10
5.587178112530302
 20
-9.488641174664789
 30
10.8
 10
3.778758058496796
 20
-10.102517063820398
 30
10.8
 10
5.740251485476337
 20
-9.858192987669305
 30
11.8
 10
7.500000000000002
 20
-8.990381056766578
 30
11.8
 10
7.300000000000002
 20
-8.643970895252803
 30
10.8
 10
5.587178112530302
 20
-9.488641174664789
 30
10.8
 10
7.500000000000002
 20
-8.990381056766578
 30
11.8
 10
9.131421435130799
 20
-7.900300104368537
 30
11.8
 10
8.88791686352731
 20
-7.582958768252041
 30
10.8
 10
7.300000000000002
 20
-8.643970895252803
 30
10.8
 10
9.131421435130799
 20
-7.900300104368537
 30
11.8
 10
10.60660171779821
 20
-6.606601717798215
 30
11.8
 10
10.323759005323591
 20
-6.323759005323597
 30
10.8
 10
8.88791686352731
 20
-7.582958768252041
 30
10.8
 10
10.60660171779821
 20
-6.606601717798215
 30
11.8
 10
11.900300104368524
 20
-5.131421435130813
 30
11.8
 10
11.58295876825203
 20
-4.887916863527325
 30
10.8
 10
10.323759005323591
 20
-6.323759005323597
 30
10.8
 10
11.900300104368524
 20
-5.131421435130813
 30
11.8
 10
12.990381056766577
 20
-3.500000000000007
 30
11.8
 10
12.6439708952528
 20
-3.300000000000006
 30
10.8
 10
11.58295876825203
 20
-4.887916863527325
 30
10.8
 10
12.990381056766577
 20
-3.500000000000007
 30
11.8
 10
13.858192987669304
 20
-1.7402514854763433
 30
11.8
 10
13.488641174664787
 20
-1.5871781125303075
 30
10.8
 10
12.6439708952528
 20
-3.300000000000006
 30
10.8
 10
13.858192987669304
 20
-1.7402514854763433
 30
11.8
 10
14.488887394336022
 20
0.11771432346217647
 30
11.8
 10
14.102517063820393
 20
0.2212419415031852
 30
10.8
 10
13.488641174664787
 20
-1.5871781125303075
 30
10.8
 10
14.488887394336022
 20
0.11771432346217647
 30
11.8
 10
14.871672920607155
 20
2.0421071166992246
 30
11.8
 10
14.475094976057632
 20
2.0943175935872453
 30
10.8
 10
14.102517063820393
 20
0.2212419415031852
 30
10.8
 10
14.871672920607155
 20
2.0421071166992246
 30
11.8
 10
15.0
 20
4.0
 30
11.8
 10
14.6
 20
4.0
 30
10.8
 10
14.475094976057632
 20
2.0943175935872453
 30
10.8
 10
14.6
 20
4.0
 30
10.8
 10
14.475094976057632
 20
5.905682406412753
 30
10.8
 10
11.897338336485724
 20
5.566314306640619
 30
9.8
 10
12.0
 20
4.0
 30
9.8
 10
14.475094976057632
 20
5.905682406412753
 30
10.8
 10
14.102517063820397
 20
7.778758058496803
 30
10.8
 10
11.59110991546882
 20
7.105828541230249
 30
9.8
 10
11.897338336485724
 20
5.566314306640619
 30
9.8
 10
14.102517063820397
 20
7.778758058496803
 30
10.8
 10
13.488641174664785
 20
9.58717811253031
 30
10.8
 10
11.08655439013544
 20
8.592201188381077
 30
9.8
 10
11.59110991546882
 20
7.105828541230249
 30
9.8
 10
13.488641174664785
 20
9.58717811253031
 30
10.8
 10
12.643970895252805
 20
11.299999999999999
 30
10.8
 10
10.392304845413264
 20
10.0
 30
9.8
 10
11.08655439013544
 20
8.592201188381077
 30
9.8
 10
12.643970895252805
 20
11.299999999999999
 30
10.8
 10
11.582958768252032
 20
12.887916863527321
 30
10.8
 10
9.520240083494823
 20
11.305137148104649
 30
9.8
 10
10.392304845413264
 20
10.0
 30
9.8
 10
11.582958768252032
 20
12.887916863527321
 30
10.8
 10
10.323759005323595
 20
14.323759005323593
 30
10.8
 10
8.485281374238571
 20
12.48528137423857
 30
9.8
 10
9.520240083494823
 20
11.305137148104649
 30
9.8
 10
10.323759005323595
 20
14.323759005323593
 30
10.8
 10
8.887916863527321
 20
15.582958768252032
 30
10.8
 10
7.305137148104648
 20
13.520240083494823
 30
9.8
 10
8.485281374238571
 20
12.48528137423857
 30
9.8
 10
8.887916863527321
 20
15.582958768252032
 30
10.8
 10
7.300000000000002
 20
16.643970895252803
 30
10.8
 10
6.000000000000002
 20
14.392304845413264
 30
9.8
 10
7.305137148104648
 20
13.520240083494823
 30
9.8
 10
7.300000000000002
 20
16.643970895252803
 30
10.8
 10
5.587178112530311
 20
17.488641174664785
 30
10.8
 10
4.592201188381078
 20
15.08655439013544
 30
9.8
 10
6.000000000000002
 20
14.392304845413264
 30
9.8
 10
5.587178112530311
 20
17.488641174664785
 30
10.8
 10
3.778758058496803
 20
18.102517063820397
 30
10.8
 10
3.105828541230249
 20
15.59110991546882
 30
9.8
 10
4.592201188381078
 20
15.08655439013544
 30
9.8
 10
3.778758058496803
 20
18.102517063820397
 30
10.8
 10
1.9056824064127549
 20
18.475094976057633
 30
10.8
 10
1.5663143066406207
 20
15.897338336485724
 30
9.8
 10
3.105828541230249
 20
15.59110991546882
 30
9.8
 10
1.9056824064127549
 20
18.475094976057633
 30
10.8
 10
8.939921633775679e-16
 20
18.6
 30
10.8
 10
7.347880794884119e-16
 20
16.0
 30
9.8
 10
1.5663143066406207
 20
15.897338336485724
 30
9.8
 10
8.939921633775679e-16
 20
18.6
 30
10.8
 10
-1.9056824064127533
 20
18.475094976057633
 30
10.8
 10
-1.5663143066406193
 20
15.897338336485724
 30
9.8
 10
7.347880794884119e-16
 20
16.0
 30
9.8
 10
-1.9056824064127533
 20
18.475094976057633
 30
10.8
 10
-3.778758058496801
 20
18.102517063820397
 30
10.8
 10
-3.1058285412302475
 20
15.59110991546882
 30
9.8
 10
-1.5663143066406193
 20
15.897338336485724
 30
9.8
 10
-3.778758058496801
 20
18.102517063820397
 30
10.8
 10
-5.587178112530307
 20
17.488641174664785
 30
10.8
 10
-4.592201188381074
 20
15.086554390135442
 30
9.8
 10
-3.1058285412302475
 20
15.59110991546882
 30
9.8
 10
-5.587178112530307
 20
17.488641174664785
 30
10.8
 10
-7.299999999999996
 20
16.643970895252806
 30
10.8
 10
-5.999999999999997
 20
14.392304845413264
 30
9.8
 10
-4.592201188381074
 20
15.086554390135442
 30
9.8
 10
-7.299999999999996
 20
16.643970895252806
 30
10.8
 10
-8.887916863527321
 20
15.582958768252032
 30
10.8
 10
-7.305137148104648
 20
13.520240083494823
 30
9.8
 10
-5.999999999999997
 20
14.392304845413264
 30
9.8
 10
-8.887916863527321
 20
15.582958768252032
 30
10.8
 10
-10.323759005323593
 20
14.323759005323595
 30
10.8
 10
-8.48528137423857
 20
12.485281374238571
 30
9.8
 10
-7.305137148104648
 20
13.520240083494823
 30
9.8
 10
-10.323759005323593
 20
14.323759005323595
 30
10.8
 10
-11.582958768252032
 20
12.887916863527325
 30
10.8
 10
-9.520240083494821
 20
11.30513714810465
 30
9.8
 10
-8.48528137423857
 20
12.485281374238571
 30
9.8
 10
-11.582958768252032
 20
12.887916863527325
 30
10.8
 10
-12.643970895252805
 20
11.299999999999999
 30
10.8
 10
-10.392304845413264
 20
10.0
 30
9.8
 10
-9.520240083494821
 20
11.30513714810465
 30
9.8
 10
-12.643970895252805
 20
11.299999999999999
 30
10.8
 10
-13.488641174664785
 20
9.587178112530312
 30
10.8
 10
-11.08655439013544
 20
8.592201188381079
 30
9.8
 10
-10.392304845413264
 20
10.0
 30
9.8
 10
-13.488641174664785
 20
9.587178112530312
 30
10.8
 10
-14.102517063820395
 20
7.778758058496807
 30
10.8
 10
-11.591109915468818
 20
7.105828541230252
 30
9.8
 10
-11.08655439013544
 20
8.592201188381079
 30
9.8
 10
-14.102517063820395
 20
7.778758058496807
 30
10.8
 10
-14.475094976057632
 20
5.905682406412759
 30
10.8
 10
-11.897338336485724
 20
5.566314306640624
 30
9.8
 10
-11.591109915468818
 20
7.105828541230252
 30
9.8
 10
-14.475094976057632
 20
5.905682406412759
 30
10.8
 10
-14.6
 20
4.000000000000002
 30
10.8
 10
-12.0
 20
4.000000000000002
 30
9.8
 10
-11.897338336485724
 20
5.566314306640624
 30
9.8
 10
-14.6
 20
4.000000000000002
 30
10.8
 10
-14.475094976057632
 20
2.0943175935872445
 30
10.8
 10
-11.897338336485724
 20
2.433685693359379
 30
9.8
 10
-12.0
 20
4.000000000000002
 30
9.8
 10
-14.475094976057632
 20
2.0943175935872445
 30
10.8
 10
-14.102517063820397
 20
0.22124194150319632
 30
10.8
 10
-11.59110991546882
 20
0.8941714587697502
 30
9.8
 10
-11.897338336485724
 20
2.433685693359379
 30
9.8
 10
-14.102517063820397
 20
0.22124194150319632
 30
10.8
 10
-13.488641174664787
 20
-1.5871781125303093
 30
10.8
 10
-11.086554390135442
 20
-0.5922011883810763
 30
9.8
 10
-11.59110991546882
 20
0.8941714587697502
 30
9.8
 10
-13.488641174664787
 20
-1.5871781125303093
 30
10.8
 10
-12.643970895252806
 20
-3.2999999999999954
 30
10.8
 10
-10.392304845413266
 20
-1.9999999999999964
 30
9.8
 10
-11.086554390135442
 20
-0.5922011883810763
 30
9.8
 10
-12.643970895252806
 20
-3.2999999999999954
 30
10.8
 10
-11.582958768252032
 20
-4.887916863527321
 30
10.8
 10
-9.520240083494823
 20
-3.305137148104648
 30
9.8
 10
-10.392304845413266
 20
-1.9999999999999964
 30
9.8
 10
-11.582958768252032
 20
-4.887916863527321
 30
10.8
 10
-10.323759005323598
 20
-6.323759005323588
 30
10.8
 10
-8.485281374238575
 20
-4.485281374238566
 30
9.8
 10
-9.520240083494823
 20
-3.305137148104648
 30
9.8
 10
-10.323759005323598
 20
-6.323759005323588
 30
10.8
 10
-8.887916863527325
 20
-7.5829587682520305
 30
10.8
 10
-7.3051371481046505
 20
-5.520240083494819
 30
9.8
 10
-8.485281374238575
 20
-4.485281374238566
 30
9.8
 10
-8.887916863527325
 20
-7.5829587682520305
 30
10.8
 10
-7.300000000000006
 20
-8.6439708952528
 30
10.8
 10
-6.000000000000005
 20
-6.3923048454132605
 30
9.8
 10
-7.3051371481046505
 20
-5.520240083494819
 30
9.8
 10
-7.300000000000006
 20
-8.6439708952528
 30
10.8
 10
-5.587178112530307
 20
-9.488641174664787
 30
10.8
 10
-4.592201188381074
 20
-7.086554390135442
 30
9.8
 10
-6.000000000000005
 20
-6.3923048454132605
 30
9.8
 10
-5.587178112530307
 20
-9.488641174664787
 30
10.8
 10
-3.778758058496801
 20
-10.102517063820397
 30
10.8
 10
-3.1058285412302475
 20
-7.59110991546882
 30
9.8
 10
-4.592201188381074
 20
-7.086554390135442
 30
9.8
 10
-3.778758058496801
 20
-10.102517063820397
 30
10.8
 10
-1.9056824064127538
 20
-10.475094976057632
 30
10.8
 10
-1.5663143066406195
 20
-7.897338336485724
 30
9.8
 10
-3.1058285412302475
 20
-7.59110991546882
 30
9.8
 10
-1.9056824064127538
 20
-10.475094976057632
 30
10.8
 10
-2.6819764901327035e-15
 20
-10.6
 30
10.8
 10
-2.204364238465236e-15
 20
-8.0
 30
9.8
 10
-1.5663143066406195
 20
-7.897338336485724
 30
9.8
 10
-2.6819764901327035e-15
 20
-10.6
 30
10.8
 10
1.9056824064127484
 20
-10.475094976057633
 30
10.8
 10
1.5663143066406153
 20
-7.897338336485726
 30
9.8
 10
-2.204364238465236e-15
 20
-8.0
 30
9.8
 10
1.9056824064127484
 20
-10.475094976057633
 30
10.8
 10
3.778758058496796
 20
-10.102517063820398
 30
10.8
 10
3.1058285412302435
 20
-7.59110991546882
 30
9.8
 10
1.5663143066406153
 20
-7.897338336485726
 30
9.8
 10
3.778758058496796
 20
-10.102517063820398
 30
10.8
 10
5.587178112530302
 20
-9.488641174664789
 30
10.8
 10
4.59220118838107
 20
-7.0865543901354435
 30
9.8
 10
3.1058285412302435
 20
-7.59110991546882
 30
9.8
 10
5.587178112530302
 20
-9.488641174664789
 30
10.8
 10
7.300000000000002
 20
-8.643970895252803
 30
10.8
 10
6.000000000000002
 20
-6.392304845413264
 30
9.8
 10
4.59220118838107
 20
-7.0865543901354435
 30
9.8
 10
7.300000000000002
 20
-8.643970895252803
 30
10.8
 10
8.88791686352731
 20
-7.582958768252041
 30
10.8
 10
7.305137148104638
 20
-5.520240083494828
 30
9.8
 10
6.000000000000002
 20
-6.392304845413264
 30
9.8
 10
8.88791686352731
 20
-7.582958768252041
 30
10.8
 10
10.323759005323591
 20
-6.323759005323597
 30
10.8
 10
8.485281374238568
 20
-4.485281374238571
 30
9.8
 10
7.305137148104638
 20
-5.520240083494828
 30
9.8
 10
10.323759005323591
 20
-6.323759005323597
 30
10.8
 10
11.58295876825203
 20
-4.887916863527325
 30
10.8
 10
9.52024008349482
 20
-3.3051371481046505
 30
9.8
 10
8.485281374238568
 20
-4.485281374238571
 30
9.8
 10
11.58295876825203
 20
-4.887916863527325
 30
10.8
 10
12.6439708952528
 20
-3.300000000000006
 30
10.8
 10
10.39230484541326
 20
-2.0000000000000053
 30
9.8
 10
9.52024008349482
 20
-3.3051371481046505
 30
9.8
 10
12.6439708952528
 20
-3.300000000000006
 30
10.8
 10
13.488641174664787
 20
-1.5871781125303075
 30
10.8
 10
11.086554390135442
 20
-0.5922011883810745
 30
9.8
 10
10.39230484541326
 20
-2.0000000000000053
 30
9.8
 10
13.488641174664787
 20
-1.5871781125303075
 30
10.8
 10
14.102517063820393
 20
0.2212419415031852
 30
10.8
 10
11.591109915468817
 20
0.8941714587697414
 30
9.8
 10
11.086554390135442
 20
-0.5922011883810745
 30
9.8
 10
14.102517063820393
 20
0.2212419415031852
 30
10.8
 10
14.475094976057632
 20
2.0943175935872453
 30
10.8
 10
11.897338336485724
 20
2.43368569335938
 30
9.8
 10
11.591109915468817
 20
0.8941714587697414
 30
9.8
 10
14.475094976057632
 20
2.0943175935872453
 30
10.8
 10
14.6
 20
4.0
 30
10.8
 10
12.0
 20
4.0
 30
9.8
 10
11.897338336485724
 20
2.43368569335938
 30
9.8
 10
12.0
 20
4.0
 30
9.8
 10
11.897338336485724
 20
5.566314306640619
 30
9.8
 10
9.022148238501675
 20
5.187788349202469
 30
9.6
 10
9.1
 20
4.0
 30
9.6
 10
11.897338336485724
 20
5.566314306640619
 30
9.8
 10
11.59110991546882
 20
7.105828541230249
 30
9.8
 10
8.789925019230521
 20
6.355253310432939
 30
9.6
 10
9.022148238501675
 20
5.187788349202469
 30
9.6
 10
11.59110991546882
 20
7.105828541230249
 30
9.8
 10
11.08655439013544
 20
8.592201188381077
 30
9.8
 10
8.407303745852708
 20
7.482419234522316
 30
9.6
 10
8.789925019230521
 20
6.355253310432939
 30
9.6
 10
11.08655439013544
 20
8.592201188381077
 30
9.8
 10
10.392304845413264
 20
10.0
 30
9.8
 10
7.880831174438392
 20
8.549999999999999
 30
9.6
 10
8.407303745852708
 20
7.482419234522316
 30
9.6
 10
10.392304845413264
 20
10.0
 30
9.8
 10
9.520240083494823
 20
11.305137148104649
 30
9.8
 10
7.21951539665024
 20
9.539729003979357
 30
9.6
 10
7.880831174438392
 20
8.549999999999999
 30
9.6
 10
9.520240083494823
 20
11.305137148104649
 30
9.8
 10
8.485281374238571
 20
12.48528137423857
 30
9.8
 10
6.434671708797583
 20
10.43467170879758
 30
9.6
 10
7.21951539665024
 20
9.539729003979357
 30
9.6
 10
8.485281374238571
 20
12.48528137423857
 30
9.8
 10
7.305137148104648
 20
13.520240083494823
 30
9.8
 10
5.539729003979358
 20
11.219515396650241
 30
9.6
 10
6.434671708797583
 20
10.43467170879758
 30
9.6
 10
7.305137148104648
 20
13.520240083494823
 30
9.8
 10
6.000000000000002
 20
14.392304845413264
 30
9.8
 10
4.550000000000001
 20
11.880831174438391
 30
9.6
 10
5.539729003979358
 20
11.219515396650241
 30
9.6
 10
6.000000000000002
 20
14.392304845413264
 30
9.8
 10
4.592201188381078
 20
15.08655439013544
 30
9.8
 10
3.4824192345223173
 20
12.407303745852708
 30
9.6
 10
4.550000000000001
 20
11.880831174438391
 30
9.6
 10
4.592201188381078
 20
15.08655439013544
 30
9.8
 10
3.105828541230249
 20
15.59110991546882
 30
9.8
 10
2.3552533104329387
 20
12.789925019230521
 30
9.6
 10
3.4824192345223173
 20
12.407303745852708
 30
9.6
 10
3.105828541230249
 20
15.59110991546882
 30
9.8
 10
1.5663143066406207
 20
15.897338336485724
 30
9.8
 10
1.1877883492024706
 20
13.022148238501675
 30
9.6
 10
2.3552533104329387
 20
12.789925019230521
 30
9.6
 10
1.5663143066406207
 20
15.897338336485724
 30
9.8
 10
7.347880794884119e-16
 20
16.0
 30
9.8
 10
5.572142936120457e-16
 20
13.1
 30
9.6
 10
1.1877883492024706
 20
13.022148238501675
 30
9.6
 10
7.347880794884119e-16
 20
16.0
 30
9.8
 10
-1.5663143066406193
 20
15.897338336485724
 30
9.8
 10
-1.1877883492024695
 20
13.022148238501675
 30
9.6
 10
5.572142936120457e-16
 20
13.1
 30
9.6
 10
-1.5663143066406193
 20
15.897338336485724
 30
9.8
 10
-3.1058285412302475
 20
15.59110991546882
 30
9.8
 10
-2.355253310432938
 20
12.789925019230521
 30
9.6
 10
-1.1877883492024695
 20
13.022148238501675
 30
9.6
 10
-3.1058285412302475
 20
15.59110991546882
 30
9.8
 10
-4.592201188381074
 20
15.086554390135442
 30
9.8
 10
-3.482419234522314
 20
12.40730374585271
 30
9.6
 10
-2.355253310432938
 20
12.789925019230521
 30
9.6
 10
-4.592201188381074
 20
15.086554390135442
 30
9.8
 10
-5.999999999999997
 20
14.392304845413264
 30
9.8
 10
-4.549999999999998
 20
11.880831174438391
 30
9.6
 10
-3.482419234522314
 20
12.40730374585271
 30
9.6
 10
-5.999999999999997
 20
14.392304845413264
 30
9.8
 10
-7.305137148104648
 20
13.520240083494823
 30
9.8
 10
-5.539729003979358
 20
11.219515396650241
 30
9.6
 10
-4.549999999999998
 20
11.880831174438391
 30
9.6
 10
-7.305137148104648
 20
13.520240083494823
 30
9.8
 10
-8.48528137423857
 20
12.485281374238571
 30
9.8
 10
-6.434671708797581
 20
10.434671708797584
 30
9.6
 10
-5.539729003979358
 20
11.219515396650241
 30
9.6
 10
-8.48528137423857
 20
12.485281374238571
 30
9.8
 10
-9.520240083494821
 20
11.30513714810465
 30
9.8
 10
-7.219515396650238
 20
9.53972900397936
 30
9.6
 10
-6.434671708797581
 20
10.434671708797584
 30
9.6
 10
-9.520240083494821
 20
11.30513714810465
 30
9.8
 10
-10.392304845413264
 20
10.0
 30
9.8
 10
-7.880831174438392
 20
8.549999999999999
 30
9.6
 10
-7.219515396650238
 20
9.53972900397936
 30
9.6
 10
-10.392304845413264
 20
10.0
 30
9.8
 10
-11.08655439013544
 20
8.592201188381079
 30
9.8
 10
-8.407303745852708
 20
7.482419234522318
 30
9.6
 10
-7.880831174438392
 20
8.549999999999999
 30
9.6
 10
-11.08655439013544
 20
8.592201188381079
 30
9.8
 10
-11.591109915468818
 20
7.105828541230252
 30
9.8
 10
-8.78992501923052
 20
6.355253310432941
 30
9.6
 10
-8.407303745852708
 20
7.482419234522318
 30
9.6
 10
-11.591109915468818
 20
7.105828541230252
 30
9.8
 10
-11.897338336485724
 20
5.566314306640624
 30
9.8
 10
-9.022148238501675
 20
5.187788349202473
 30
9.6
 10
-8.78992501923052
 20
6.355253310432941
 30
9.6
 10
-11.897338336485724
 20
5.566314306640624
 30
9.8
 10
-12.0
 20
4.000000000000002
 30
9.8
 10
-9.1
 20
4.000000000000001
 30
9.6
 10
-9.022148238501675
 20
5.187788349202473
 30
9.6
 10
-12.0
 20
4.000000000000002
 30
9.8
 10
-11.897338336485724
 20
2.433685693359379
 30
9.8
 10
-9.022148238501675
 20
2.812211650797529
 30
9.6
 10
-9.1
 20
4.000000000000001
 30
9.6
 10
-11.897338336485724
 20
2.433685693359379
 30
9.8
 10
-11.59110991546882
 20
0.8941714587697502
 30
9.8
 10
-8.789925019230521
 20
1.6447466895670608
 30
9.6
 10
-9.022148238501675
 20
2.812211650797529
 30
9.6
 10
-11.59110991546882
 20
0.8941714587697502
 30
9.8
 10
-11.086554390135442
 20
-0.5922011883810763
 30
9.8
 10
-8.40730374585271
 20
0.5175807654776841
 30
9.6
 10
-8.789925019230521
 20
1.6447466895670608
 30
9.6
 10
-11.086554390135442
 20
-0.5922011883810763
 30
9.8
 10
-10.392304845413266
 20
-1.9999999999999964
 30
9.8
 10
-7.880831174438393
 20
-0.5499999999999972
 30
9.6
 10
-8.40730374585271
 20
0.5175807654776841
 30
9.6
 10
-10.392304845413266
 20
-1.9999999999999964
 30
9.8
 10
-9.520240083494823
 20
-3.305137148104648
 30
9.8
 10
-7.21951539665024
 20
-1.5397290039793576
 30
9.6
 10
-7.880831174438393
 20
-0.5499999999999972
 30
9.6
 10
-9.520240083494823
 20
-3.305137148104648
 30
9.8
 10
-8.485281374238575
 20
-4.485281374238566
 30
9.8
 10
-6.434671708797586
 20
-2.4346717087975787
 30
9.6
 10
-7.21951539665024
 20
-1.5397290039793576
 30
9.6
 10
-8.485281374238575
 20
-4.485281374238566
 30
9.8
 10
-7.3051371481046505
 20
-5.520240083494819
 30
9.8
 10
-5.539729003979359
 20
-3.2195153966502374
 30
9.6
 10
-6.434671708797586
 20
-2.4346717087975787
 30
9.6
 10
-7.3051371481046505
 20
-5.520240083494819
 30
9.8
 10
-6.000000000000005
 20
-6.3923048454132605
 30
9.8
 10
-4.550000000000004
 20
-3.8808311744383888
 30
9.6
 10
-5.539729003979359
 20
-3.2195153966502374
 30
9.6
 10
-6.000000000000005
 20
-6.3923048454132605
 30
9.8
 10
-4.592201188381074
 20
-7.086554390135442
 30
9.8
 10
-3.482419234522314
 20
-4.40730374585271
 30
9.6
 10
-4.550000000000004
 20
-3.8808311744383888
 30
9.6
 10
-4.592201188381074
 20
-7.086554390135442
 30
9.8
 10
-3.1058285412302475
 20
-7.59110991546882
 30
9.8
 10
-2.355253310432938
 20
-4.789925019230521
 30
9.6
 10
-3.482419234522314
 20
-4.40730374585271
 30
9.6
 10
-3.1058285412302475
 20
-7.59110991546882
 30
9.8
 10
-1.5663143066406195
 20
-7.897338336485724
 30
9.8
 10
-1.1877883492024697
 20
-5.022148238501675
 30
9.6
 10
-2.355253310432938
 20
-4.789925019230521
 30
9.6
 10
-1.5663143066406195
 20
-7.897338336485724
 30
9.8
 10
-2.204364238465236e-15
 20
-8.0
 30
9.8
 10
-1.671642880836137e-15
 20
-5.1
 30
9.6
 10
-1.1877883492024697
 20
-5.022148238501675
 30
9.6
 10
-2.204364238465236e-15
 20
-8.0
 30
9.8
 10
1.5663143066406153
 20
-7.897338336485726
 30
9.8
 10
1.1877883492024666
 20
-5.022148238501675
 30
9.6
 10
-1.671642880836137e-15
 20
-5.1
 30
9.6
 10
1.5663143066406153
 20
-7.897338336485726
 30
9.8
 10
3.1058285412302435
 20
-7.59110991546882
 30
9.8
 10
2.3552533104329347
 20
-4.789925019230523
 30
9.6
 10
1.1877883492024666
 20
-5.022148238501675
 30
9.6
 10
3.1058285412302435
 20
-7.59110991546882
 30
9.8
 10
4.59220118838107
 20
-7.0865543901354435
 30
9.8
 10
3.4824192345223115
 20
-4.407303745852712
 30
9.6
 10
2.3552533104329347
 20
-4.789925019230523
 30
9.6
 10
4.59220118838107
 20
-7.0865543901354435
 30
9.8
 10
6.000000000000002
 20
-6.392304845413264
 30
9.8
 10
4.550000000000001
 20
-3.8808311744383905
 30
9.6
 10
3.4824192345223115
 20
-4.407303745852712
 30
9.6
 10
6.000000000000002
 20
-6.392304845413264
 30
9.8
 10
7.305137148104638
 20
-5.520240083494828
 30
9.8
 10
5.5397290039793505
 20
-3.2195153966502446
 30
9.6
 10
4.550000000000001
 20
-3.8808311744383905
 30
9.6
 10
7.305137148104638
 20
-5.520240083494828
 30
9.8
 10
8.485281374238568
 20
-4.485281374238571
 30
9.8
 10
6.43467170879758
 20
-2.434671708797584
 30
9.6
 10
5.5397290039793505
 20
-3.2195153966502446
 30
9.6
 10
8.485281374238568
 20
-4.485281374238571
 30
9.8
 10
9.52024008349482
 20
-3.3051371481046505
 30
9.8
 10
7.2195153966502374
 20
-1.5397290039793594
 30
9.6
 10
6.43467170879758
 20
-2.434671708797584
 30
9.6
 10
9.52024008349482
 20
-3.3051371481046505
 30
9.8
 10
10.39230484541326
 20
-2.0000000000000053
 30
9.8
 10
7.880831174438389
 20
-0.5500000000000043
 30
9.6
 10
7.2195153966502374
 20
-1.5397290039793594
 30
9.6
 10
10.39230484541326
 20
-2.0000000000000053
 30
9.8
 10
11.086554390135442
 20
-0.5922011883810745
 30
9.8
 10
8.40730374585271
 20
0.517580765477685
 30
9.6
 10
7.880831174438389
 20
-0.5500000000000043
 30
9.6
 10
11.086554390135442
 20
-0.5922011883810745
 30
9.8
 10
11.591109915468817
 20
0.8941714587697414
 30
9.8
 10
8.78992501923052
 20
1.6447466895670537
 30
9.6
 10
8.40730374585271
 20
0.517580765477685
 30
9.6
 10
11.591109915468817
 20
0.8941714587697414
 30
9.8
 10
11.897338336485724
 20
2.43368569335938
 30
9.8
 10
9.022148238501675
 20
2.8122116507975297
 30
9.6
 10
8.78992501923052
 20
1.6447466895670537
 30
9.6
 10
11.897338336485724
 20
2.43368569335938
 30
9.8
 10
12.0
 20
4.0
 30
9.8
 10
9.1
 20
4.0
 30
9.6
 10
9.022148238501675
 20
2.8122116507975297
 30
9.6
 10
9.1
 20
4.0
 30
9.6
 10
9.022148238501675
 20
5.187788349202469
 30
9.6
 10
9.022148238501675
 20
5.187788349202469
 30
9.5
 10
9.1
 20
4.0
 30
9.5
 10
9.022148238501675
 20
5.187788349202469
 30
9.6
 10
8.789925019230521
 20
6.355253310432939
 30
9.6
 10
8.789925019230521
 20
6.355253310432939
 30
9.5
 10
9.022148238501675
 20
5.187788349202469
 30
9.5
 10
8.789925019230521
 20
6.355253310432939
 30
9.6
 10
8.407303745852708
 20
7.482419234522316
 30
9.6
 10
8.407303745852708
 20
7.482419234522316
 30
9.5
 10
8.789925019230521
 20
6.355253310432939
 30
9.5
 10
8.407303745852708
 20
7.482419234522316
 30
9.6
 10
7.880831174438392
 20
8.549999999999999
 30
9.6
 10
7.880831174438392
 20
8.549999999999999
 30
9.5
 10
8.407303745852708
 20
7.482419234522316
 30
9.5
 10
7.880831174438392
 20
8.549999999999999
 30
9.6
 10
7.21951539665024
 20
9.539729003979357
 30
9.6
 10
7.21951539665024
 20
9.539729003979357
 30
9.5
 10
7.880831174438392
 20
8.549999999999999
 30
9.5
 10
7.21951539665024
 20
9.539729003979357
 30
9.6
 10
6.434671708797583
 20
10.43467170879758
 30
9.6
 10
6.434671708797583
 20
10.43467170879758
 30
9.5
 10
7.21951539665024
 20
9.539729003979357
 30
9.5
 10
6.434671708797583
 20
10.43467170879758
 30
9.6
 10
5.539729003979358
 20
11.219515396650241
 30
9.6
 10
5.539729003979358
 20
11.219515396650241
 30
9.5
 10
6.434671708797583
 20
10.43467170879758
 30
9.5
 10
5.539729003979358
 20
11.219515396650241
 30
9.6
 10
4.550000000000001
 20
11.880831174438391
 30
9.6
 10
4.550000000000001
 20
11.880831174438391
 30
9.5
 10
5.539729003979358
 20
11.219515396650241
 30
9.5
 10
4.550000000000001
 20
11.880831174438391
 30
9.6
 10
3.4824192345223173
 20
12.407303745852708
 30
9.6
 10
3.4824192345223173
 20
12.407303745852708
 30
9.5
 10
4.550000000000001
 20
11.880831174438391
 30
9.5
 10
3.4824192345223173
 20
12.407303745852708
 30
9.6
 10
2.3552533104329387
 20
12.789925019230521
 30
9.6
 10
2.3552533104329387
 20
12.789925019230521
 30
9.5
 10
3.4824192345223173
 20
12.407303745852708
 30
9.5
 10
2.3552533104329387
 20
12.789925019230521
 30
9.6
 10
1.1877883492024706
 20
13.022148238501675
 30
9.6
 10
1.1877883492024706
 20
13.022148238501675
 30
9.5
 10
2.3552533104329387
 20
12.789925019230521
 30
9.5
 10
1.1877883492024706
 20
13.022148238501675
 30
9.6
 10
5.572142936120457e-16
 20
13.1
 30
9.6
 10
5.572142936120457e-16
 20
13.1
 30
9.5
 10
1.1877883492024706
 20
13.022148238501675
 30
9.5
 10
5.572142936120457e-16
 20
13.1
 30
9.6
 10
-1.1877883492024695
 20
13.022148238501675
 30
9.6
 10
-1.1877883492024695
 20
13.022148238501675
 30
9.5
 10
5.572142936120457e-16
 20
13.1
 30
9.5
 10
-1.1877883492024695
 20
13.022148238501675
 30
9.6
 10
-2.355253310432938
 20
12.789925019230521
 30
9.6
 10
-2.355253310432938
 20
12.789925019230521
 30
9.5
 10
-1.1877883492024695
 20
13.022148238501675
 30
9.5
 10
-2.355253310432938
 20
12.789925019230521
 30
9.6
 10
-3.482419234522314
 20
12.40730374585271
 30
9.6
 10
-3.482419234522314
 20
12.40730374585271
 30
9.5
 10
-2.355253310432938
 20
12.789925019230521
 30
9.5
 10
-3.482419234522314
 20
12.40730374585271
 30
9.6
 10
-4.549999999999998
 20
11.880831174438391
 30
9.6
 10
-4.549999999999998
 20
11.880831174438391
 30
9.5
 10
-3.482419234522314
 20
12.40730374585271
 30
9.5
 10
-4.549999999999998
 20
11.880831174438391
 30
9.6
 10
-5.539729003979358
 20
11.219515396650241
 30
9.6
 10
-5.539729003979358
 20
11.219515396650241
 30
9.5
 10
-4.549999999999998
 20
11.880831174438391
 30
9.5
 10
-5.539729003979358
 20
11.219515396650241
 30
9.6
 10
-6.434671708797581
 20
10.434671708797584
 30
9.6
 10
-6.434671708797581
 20
10.434671708797584
 30
9.5
 10
-5.539729003979358
 20
11.219515396650241
 30
9.5
 10
-6.434671708797581
 20
10.434671708797584
 30
9.6
 10
-7.219515396650238
 20
9.53972900397936
 30
9.6
 10
-7.219515396650238
 20
9.53972900397936
 30
9.5
 10
-6.434671708797581
 20
10.434671708797584
 30
9.5
 10
-7.219515396650238
 20
9.53972900397936
 30
9.6
 10
-7.880831174438392
 20
8.549999999999999
 30
9.6
 10
-7.880831174438392
 20
8.549999999999999
 30
9.5
 10
-7.219515396650238
 20
9.53972900397936
 30
9.5
 10
-7.880831174438392
 20
8.549999999999999
 30
9.6
 10
-8.407303745852708
 20
7.482419234522318
 30
9.6
 10
-8.407303745852708
 20
7.482419234522318
 30
9.5
 10
-7.880831174438392
 20
8.549999999999999
 30
9.5
 10
-8.407303745852708
 20
7.482419234522318
 30
9.6
 10
-8.78992501923052
 20
6.355253310432941
 30
9.6
 10
-8.78992501923052
 20
6.355253310432941
 30
9.5
 10
-8.407303745852708
 20
7.482419234522318
 30
9.5
 10
-8.78992501923052
 20
6.355253310432941
 30
9.6
 10
-9.022148238501675
 20
5.187788349202473
 30
9.6
 10
-9.022148238501675
 20
5.187788349202473
 30
9.5
 10
-8.78992501923052
 20
6.355253310432941
 30
9.5
 10
-9.022148238501675
 20
5.187788349202473
 30
9.6
 10
-9.1
 20
4.000000000000001
 30
9.6
 10
-9.1
 20
4.000000000000001
 30
9.5
 10
-9.022148238501675
 20
5.187788349202473
 30
9.5
 10
-9.1
 20
4.000000000000001
 30
9.6
 10
-9.022148238501675
 20
2.812211650797529
 30
9.6
 10
-9.022148238501675
 20
2.812211650797529
 30
9.5
 10
-9.1
 20
4.000000000000001
 30
9.5
 10
-9.022148238501675
 20
2.812211650797529
 30
9.6
 10
-8.789925019230521
 20
1.6447466895670608
 30
9.6
 10
-8.789925019230521
 20
1.6447466895670608
 30
9.5
 10
-9.022148238501675
 20
2.812211650797529
 30
9.5
 10
-8.789925019230521
 20
1.6447466895670608
 30
9.6
 10
-8.40730374585271
 20
0.5175807654776841
 30
9.6
 10
-8.40730374585271
 20
0.5175807654776841
 30
9.5
 10
-8.789925019230521
 20
1.6447466895670608
 30
9.5
 10
-8.40730374585271
 20
0.5175807654776841
 30
9.6
 10
-7.880831174438393
 20
-0.5499999999999972
 30
9.6
 10
-7.880831174438393
 20
-0.5499999999999972
 30
9.5
 10
-8.40730374585271
 20
0.5175807654776841
 30
9.5
 10
-7.880831174438393
 20
-0.5499999999999972
 30
9.6
 10
-7.21951539665024
 20
-1.5397290039793576
 30
9.6
 10
-7.21951539665024
 20
-1.5397290039793576
 30
9.5
 10
-7.880831174438393
 20
-0.5499999999999972
 30
9.5
 10
-7.21951539665024
 20
-1.5397290039793576
 30
9.6
 10
-6.434671708797586
 20
-2.4346717087975787
 30
9.6
 10
-6.434671708797586
 20
-2.4346717087975787
 30
9.5
 10
-7.21951539665024
 20
-1.5397290039793576
 30
9.5
 10
-6.434671708797586
 20
-2.4346717087975787
 30
9.6
 10
-5.539729003979359
 20
-3.2195153966502374
 30
9.6
 10
-5.539729003979359
 20
-3.2195153966502374
 30
9.5
 10
-6.434671708797586
 20
-2.4346717087975787
 30
9.5
 10
-5.539729003979359
 20
-3.2195153966502374
 30
9.6
 10
-4.550000000000004
 20
-3.8808311744383888
 30
9.6
 10
-4.550000000000004
 20
-3.8808311744383888
 30
9.5
 10
-5.539729003979359
 20
-3.2195153966502374
 30
9.5
 10
-4.550000000000004
 20
-3.8808311744383888
 30
9.6
 10
-3.482419234522314
 20
-4.40730374585271
 30
9.6
 10
-3.482419234522314
 20
-4.40730374585271
 30
9.5
 10
-4.550000000000004
 20
-3.8808311744383888
 30
9.5
 10
-3.482419234522314
 20
-4.40730374585271
 30
9.6
 10
-2.355253310432938
 20
-4.789925019230521
 30
9.6
 10
-2.355253310432938
 20
-4.789925019230521
 30
9.5
 10
-3.482419234522314
 20
-4.40730374585271
 30
9.5
 10
-2.355253310432938
 20
-4.789925019230521
 30
9.6
 10
-1.1877883492024697
 20
-5.022148238501675
 30
9.6
 10
-1.1877883492024697
 20
-5.022148238501675
 30
9.5
 10
-2.355253310432938
 20
-4.789925019230521
 30
9.5
 10
-1.1877883492024697
 20
-5.022148238501675
 30
9.6
 10
-1.671642880836137e-15
 20
-5.1
 30
9.6
 10
-1.671642880836137e-15
 20
-5.1
 30
9.5
 10
-1.1877883492024697
 20
-5.022148238501675
 30
9.5
 10
-1.671642880836137e-15
 20
-5.1
 30
9.6
 10
1.1877883492024666
 20
-5.022148238501675
 30
9.6
 10
1.1877883492024666
 20
-5.022148238501675
 30
9.5
 10
-1.671642880836137e-15
 20
-5.1
 30
9.5
 10
1.1877883492024666
 20
-5.022148238501675
 30
9.6
 10
2.3552533104329347
 20
-4.789925019230523
 30
9.6
 10
2.3552533104329347
 20
-4.789925019230523
 30
9.5
 10
1.1877883492024666
 20
-5.022148238501675
 30
9.5
 10
2.3552533104329347
 20
-4.789925019230523
 30
9.6
 10
3.4824192345223115
 20
-4.407303745852712
 30
9.6
 10
3.4824192345223115
 20
-4.407303745852712
 30
9.5
 10
2.3552533104329347
 20
-4.789925019230523
 30
9.5
 10
3.4824192345223115
 20
-4.407303745852712
 30
9.6
 10
4.550000000000001
 20
-3.8808311744383905
 30
9.6
 10
4.550000000000001
 20
-3.8808311744383905
 30
9.5
 10
3.4824192345223115
 20
-4.407303745852712
 30
9.5
 10
4.550000000000001
 20
-3.8808311744383905
 30
9.6
 10
5.5397290039793505
 20
-3.2195153966502446
 30
9.6
 10
5.5397290039793505
 20
-3.2195153966502446
 30
9.5
 10
4.550000000000001
 20
-3.8808311744383905
 30
9.5
 10
5.5397290039793505
 20
-3.2195153966502446
 30
9.6
 10
6.43467170879758
 20
-2.434671708797584
 30
9.6
 10
6.43467170879758
 20
-2.434671708797584
 30
9.5
 10
5.5397290039793505
 20
-3.2195153966502446
 30
9.5
 10
6.43467170879758
 20
-2.434671708797584
 30
9.6
 10
7.2195153966502374
 20
-1.5397290039793594
 30
9.6
 10
7.2195153966502374
 20
-1.5397290039793594
 30
9.5
 10
6.43467170879758
 20
-2.434671708797584
 30
9.5
 10
7.2195153966502374
 20
-1.5397290039793594
 30
9.6
 10
7.880831174438389
 20
-0.5500000000000043
 30
9.6
 10
7.880831174438389
 20
-0.5500000000000043
 30
9.5
 10
7.2195153966502374
 20
-1.5397290039793594
 30
9.5
 10
7.880831174438389
 20
-0.5500000000000043
 30
9.6
 10
8.40730374585271
 20
0.517580765477685
 30
9.6
 10
8.40730374585271
 20
0.517580765477685
 30
9.5
 10
7.880831174438389
 20
-0.5500000000000043
 30
9.5
 10
8.40730374585271
 20
0.517580765477685
 30
9.6
 10
8.78992501923052
 20
1.6447466895670537
 30
9.6
 10
8.78992501923052
 20
1.6447466895670537
 30
9.5
 10
8.40730374585271
 20
0.517580765477685
 30
9.5
 10
8.78992501923052
 20
1.6447466895670537
 30
9.6
 10
9.022148238501675
 20
2.8122116507975297
 30
9.6
 10
9.022148238501675
 20
2.8122116507975297
 30
9.5
 10
8.78992501923052
 20
1.6447466895670537
 30
9.5
 10
9.022148238501675
 20
2.8122116507975297
 30
9.6
 10
9.1
 20
4.0
 30
9.6
 10
9.1
 20
4.0
 30
9.5
 10
9.022148238501675
 20
2.8122116507975297
 30
9.5
 10
9.1
 20
4.0
 30
9.5
 10
9.022148238501675
 20
5.187788349202469
 30
9.5
 10
0.0
 20
4.0
 30
9.5
 10
9.022148238501675
 20
5.187788349202469
 30
9.5
 10
8.789925019230521
 20
6.355253310432939
 30
9.5
 10
0.0
 20
4.0
 30
9.5
 10
8.789925019230521
 20
6.355253310432939
 30
9.5
 10
8.407303745852708
 20
7.482419234522316
 30
9.5
 10
0.0
 20
4.0
 30
9.5
 10
8.407303745852708
 20
7.482419234522316
 30
9.5
 10
7.880831174438392
 20
8.549999999999999
 30
9.5
 10
0.0
 20
4.0
 30
9.5
 10
7.880831174438392
 20
8.549999999999999
 30
9.5
 10
7.21951539665024
 20
9.539729003979357
 30
9.5
 10
0.0
 20
4.0
 30
9.5
 10
7.21951539665024
 20
9.539729003979357
 30
9.5
 10
6.434671708797583
 20
10.43467170879758
 30
9.5
 10
0.0
 20
4.0
 30
9.5
 10
6.434671708797583
 20
10.43467170879758
 30
9.5
 10
5.539729003979358
 20
11.219515396650241
 30
9.5
 10
0.0
 20
4.0
 30
9.5
 10
5.539729003979358
 20
11.219515396650241
 30
9.5
 10
4.550000000000001
 20
11.880831174438391
 30
9.5
 10
0.0
 20
4.0
 30
9.5
 10
4.550000000000001
 20
11.880831174438391
 30
9.5
 10
3.4824192345223173
 20
12.407303745852708
 30
9.5
 10
0.0
 20
4.0
 30
9.5
 10
3.4824192345223173
 20
12.407303745852708
 30
9.5
 10
2.3552533104329387
 20
12.789925019230521
 30
9.5
 10
0.0
 20
4.0
 30
9.5
 10
2.3552533104329387
 20
12.789925019230521
 30
9.5
 10
1.1877883492024706
 20
13.022148238501675
 30
9.5
 10
0.0
 20
4.0
 30
9.5
 10
1.1877883492024706
 20
13.022148238501675
 30
9.5
 10
5.572142936120457e-16
 20
13.1
 30
9.5
 10
0.0
 20
4.0
 30
9.5
 10
5.572142936120457e-16
 20
13.1
 30
9.5
 10
-1.1877883492024695
 20
13.022148238501675
 30
9.5
 10
0.0
 20
4.0
 30
9.5
 10
-1.1877883492024695
 20
13.022148238501675
 30
9.5
 10
-2.355253310432938
 20
12.789925019230521
 30
9.5
 10
0.0
 20
4.0
 30
9.5
 10
-2.355253310432938
 20
12.789925019230521
 30
9.5
 10
-3.482419234522314
 20
12.40730374585271
 30
9.5
 10
0.0
 20
4.0
 30
9.5
 10
-3.482419234522314
 20
12.40730374585271
 30
9.5
 10
-4.549999999999998
 20
11.880831174438391
 30
9.5
 10
0.0
 20
4.0
 30
9.5
 10
-4.549999999999998
 20
11.880831174438391
 30
9.5
 10
-5.539729003979358
 20
11.219515396650241
 30
9.5
 10
0.0
 20
4.0
 30
9.5
 10
-5.539729003979358
 20
11.219515396650241
 30
9.5
 10
-6.434671708797581
 20
10.434671708797584
 30
9.5
 10
0.0
 20
4.0
 30
9.5
 10
-6.434671708797581
 20
10.434671708797584
 30
9.5
 10
-7.219515396650238
 20
9.53972900397936
 30
9.5
 10
0.0
 20
4.0
 30
9.5
 10
-7.219515396650238
 20
9.53972900397936
 30
9.5
 10
-7.880831174438392
 20
8.549999999999999
 30
9.5
 10
0.0
 20
4.0
 30
9.5
 10
-7.880831174438392
 20
8.549999999999999
 30
9.5
 10
-8.407303745852708
 20
7.482419234522318
 30
9.5
 10
0.0
 20
4.0
 30
9.5
 10
-8.407303745852708
 20
7.482419234522318
 30
9.5
 10
-8.78992501923052
 20
6.355253310432941
 30
9.5
 10
0.0
 20
4.0
 30
9.5
 10
-8.78992501923052
 20
6.355253310432941
 30
9.5
 10
-9.022148238501675
 20
5.187788349202473
 30
9.5
 10
0.0
 20
4.0
 30
9.5
 10
-9.022148238501675
 20
5.187788349202473
 30
9.5
 10
-9.1
 20
4.000000000000001
 30
9.5
 10
0.0
 20
4.0
 30
9.5
 10
-9.1
 20
4.000000000000001
 30
9.5
 10
-9.022148238501675
 20
2.812211650797529
 30
9.5
 10
0.0
 20
4.0
 30
9.5
 10
-9.022148238501675
 20
2.812211650797529
 30
9.5
 10
-8.789925019230521
 20
1.6447466895670608
 30
9.5
 10
0.0
 20
4.0
 30
9.5
 10
-8.789925019230521
 20
1.6447466895670608
 30
9.5
 10
-8.40730374585271
 20
0.5175807654776841
 30
9.5
 10
0.0
 20
4.0
 30
9.5
 10
-8.40730374585271
 20
0.5175807654776841
 30
9.5
 10
-7.880831174438393
 20
-0.5499999999999972
 30
9.5
 10
0.0
 20
4.0
 30
9.5
 10
-7.880831174438393
 20
-0.5499999999999972
 30
9.5
 10
-7.21951539665024
 20
-1.5397290039793576
 30
9.5
 10
0.0
 20
4.0
 30
9.5
 10
-7.21951539665024
 20
-1.5397290039793576
 30
9.5
 10
-6.434671708797586
 20
-2.4346717087975787
 30
9.5
 10
0.0
 20
4.0
 30
9.5
 10
-6.434671708797586
 20
-2.4346717087975787
 30
9.5
 10
-5.539729003979359
 20
-3.2195153966502374
 30
9.5
 10
0.0
 20
4.0
 30
9.5
 10
-5.539729003979359
 20
-3.2195153966502374
 30
9.5
 10
-4.550000000000004
 20
-3.8808311744383888
 30
9.5
 10
0.0
 20
4.0
 30
9.5
 10
-4.550000000000004
 20
-3.8808311744383888
 30
9.5
 10
-3.482419234522314
 20
-4.40730374585271
 30
9.5
 10
0.0
 20
4.0
 30
9.5
 10
-3.482419234522314
 20
-4.40730374585271
 30
9.5
 10
-2.355253310432938
 20
-4.789925019230521
 30
9.5
 10
0.0
 20
4.0
 30
9.5
 10
-2.355253310432938
 20
-4.789925019230521
 30
9.5
 10
-1.1877883492024697
 20
-5.022148238501675
 30
9.5
 10
0.0
 20
4.0
 30
9.5
 10
-1.1877883492024697
 20
-5.022148238501675
 30
9.5
 10
-1.671642880836137e-15
 20
-5.1
 30
9.5
 10
0.0
 20
4.0
 30
9.5
 10
-1.671642880836137e-15
 20
-5.1
 30
9.5
 10
1.1877883492024666
 20
-5.022148238501675
 30
9.5
 10
0.0
 20
4.0
 30
9.5
 10
1.1877883492024666
 20
-5.022148238501675
 30
9.5
 10
2.3552533104329347
 20
-4.789925019230523
 30
9.5
 10
0.0
 20
4.0
 30
9.5
 10
2.3552533104329347
 20
-4.789925019230523
 30
9.5
 10
3.4824192345223115
 20
-4.407303745852712
 30
9.5
 10
0.0
 20
4.0
 30
9.5
 10
3.4824192345223115
 20
-4.407303745852712
 30
9.5
 10
4.550000000000001
 20
-3.8808311744383905
 30
9.5
 10
0.0
 20
4.0
 30
9.5
 10
4.550000000000001
 20
-3.8808311744383905
 30
9.5
 10
5.5397290039793505
 20
-3.2195153966502446
 30
9.5
 10
0.0
 20
4.0
 30
9.5
 10
5.5397290039793505
 20
-3.2195153966502446
 30
9.5
 10
6.43467170879758
 20
-2.434671708797584
 30
9.5
 10
0.0
 20
4.0
 30
9.5
 10
6.43467170879758
 20
-2.434671708797584
 30
9.5
 10
7.2195153966502374
 20
-1.5397290039793594
 30
9.5
 10
0.0
 20
4.0
 30
9.5
 10
7.2195153966502374
 20
-1.5397290039793594
 30
9.5
 10
7.880831174438389
 20
-0.5500000000000043
 30
9.5
 10
0.0
 20
4.0
 30
9.5
 10
7.880831174438389
 20
-0.5500000000000043
 30
9.5
 10
8.40730374585271
 20
0.517580765477685
 30
9.5
 10
0.0
 20
4.0
 30
9.5
 10
8.40730374585271
 20
0.517580765477685
 30
9.5
 10
8.78992501923052
 20
1.6447466895670537
 30
9.5
 10
0.0
 20
4.0
 30
9.5
 10
8.78992501923052
 20
1.6447466895670537
 30
9.5
 10
9.022148238501675
 20
2.8122116507975297
 30
9.5
 10
0.0
 20
4.0
 30
9.5
 10
9.022148238501675
 20
2.8122116507975297
 30
9.5
 10
9.1
 20
4.0
 30
9.5
 10
0.0
 20
4.0
 30
9.5
 93
1728
 90
3
 90
0
 90
1
 90
2
 90
3
 90
0
 90
2
 90
3
 90
3
 90
4
 90
5
 90
6
 90
3
 90
4
 90
6
 90
7
 90
3
 90
8
 90
9
 90
10
 90
3
 90
8
 90
10
 90
11
 90
3
 90
12
 90
13
 90
14
 90
3
 90
12
 90
14
 90
15
 90
3
 90
16
 90
17
 90
18
 90
3
 90
16
 90
18
 90
19
 90
3
 90
20
 90
21
 90
22
 90
3
 90
20
 90
22
 90
23
 90
3
 90
24
 90
25
 90
26
 90
3
 90
24
 90
26
 90
27
 90
3
 90
28
 90
29
 90
30
 90
3
 90
28
 90
30
 90
31
 90
3
 90
32
 90
33
 90
34
 90
3
 90
32
 90
34
 90
35
 90
3
 90
36
 90
37
 90
38
 90
3
 90
36
 90
38
 90
39
 90
3
 90
40
 90
41
 90
42
 90
3
 90
40
 90
42
 90
43
 90
3
 90
44
 90
45
 90
46
 90
3
 90
44
 90
46
 90
47
 90
3
 90
48
 90
49
 90
50
 90
3
 90
48
 90
50
 90
51
 90
3
 90
52
 90
53
 90
54
 90
3
 90
52
 90
54
 90
55
 90
3
 90
56
 90
57
 90
58
 90
3
 90
56
 90
58
 90
59
 90
3
 90
60
 90
61
 90
62
 90
3
 90
60
 90
62
 90
63
 90
3
 90
64
 90
65
 90
66
 90
3
 90
64
 90
66
 90
67
 90
3
 90
68
 90
69
 90
70
 90
3
 90
68
 90
70
 90
71
 90
3
 90
72
 90
73
 90
74
 90
3
 90
72
 90
74
 90
75
 90
3
 90
76
 90
77
 90
78
 90
3
 90
76
 90
78
 90
79
 90
3
 90
80
 90
81
 90
82
 90
3
 90
80
 90
82
 90
83
 90
3
 90
84
 90
85
 90
86
 90
3
 90
84
 90
86
 90
87
 90
3
 90
88
 90
89
 90
90
 90
3
 90
88
 90
90
 90
91
 90
3
 90
92
 90
93
 90
94
 90
3
 90
92
 90
94
 90
95
 90
3
 90
96
 90
97
 90
98
 90
3
 90
96
 90
98
 90
99
 90
3
 90
100
 90
101
 90
102
 90
3
 90
100
 90
102
 90
103
 90
3
 90
104
 90
105
 90
106
 90
3
 90
104
 90
106
 90
107
 90
3
 90
108
 90
109
 90
110
 90
3
 90
108
 90
110
 90
111
 90
3
 90
112
 90
113
 90
114
 90
3
 90
112
 90
114
 90
115
 90
3
 90
116
 90
117
 90
118
 90
3
 90
116
 90
118
 90
119
 90
3
 90
120
 90
121
 90
122
 90
3
 90
120
 90
122
 90
123
 90
3
 90
124
 90
125
 90
126
 90
3
 90
124
 90
126
 90
127
 90
3
 90
128
 90
129
 90
130
 90
3
 90
128
 90
130
 90
131
 90
3
 90
132
 90
133
 90
134
 90
3
 90
132
 90
134
 90
135
 90
3
 90
136
 90
137
 90
138
 90
3
 90
136
 90
138
 90
139
 90
3
 90
140
 90
141
 90
142
 90
3
 90
140
 90
142
 90
143
 90
3
 90
144
 90
145
 90
146
 90
3
 90
144
 90
146
 90
147
 90
3
 90
148
 90
149
 90
150
 90
3
 90
148
 90
150
 90
151
 90
3
 90
152
 90
153
 90
154
 90
3
 90
152
 90
154
 90
155
 90
3
 90
156
 90
157
 90
158
 90
3
 90
156
 90
158
 90
159
 90
3
 90
160
 90
161
 90
162
 90
3
 90
160
 90
162
 90
163
 90
3
 90
164
 90
165
 90
166
 90
3
 90
164
 90
166
 90
167
 90
3
 90
168
 90
169
 90
170
 90
3
 90
168
 90
170
 90
171
 90
3
 90
172
 90
173
 90
174
 90
3
 90
172
 90
174
 90
175
 90
3
 90
176
 90
177
 90
178
 90
3
 90
176
 90
178
 90
179
 90
3
 90
180
 90
181
 90
182
 90
3
 90
180
 90
182
 90
183
 90
3
 90
184
 90
185
 90
186
 90
3
 90
184
 90
186
 90
187
 90
3
 90
188
 90
189
 90
190
 90
3
 90
188
 90
190
 90
191
 90
3
 90
192
 90
193
 90
194
 90
3
 90
192
 90
194
 90
195
 90
3
 90
196
 90
197
 90
198
 90
3
 90
196
 90
198
 90
199
 90
3
 90
200
 90
201
 90
202
 90
3
 90
200
 90
202
 90
203
 90
3
 90
204
 90
205
 90
206
 90
3
 90
204
 90
206
 90
207
 90
3
 90
208
 90
209
 90
210
 90
3
 90
208
 90
210
 90
211
 90
3
 90
212
 90
213
 90
214
 90
3
 90
212
 90
214
 90
215
 90
3
 90
216
 90
217
 90
218
 90
3
 90
216
 90
218
 90
219
 90
3
 90
220
 90
221
 90
222
 90
3
 90
220
 90
222
 90
223
 90
3
 90
224
 90
225
 90
226
 90
3
 90
224
 90
226
 90
227
 90
3
 90
228
 90
229
 90
230
 90
3
 90
228
 90
230
 90
231
 90
3
 90
232
 90
233
 90
234
 90
3
 90
232
 90
234
 90
235
 90
3
 90
236
 90
237
 90
238
 90
3
 90
236
 90
238
 90
239
 90
3
 90
240
 90
241
 90
242
 90
3
 90
240
 90
242
 90
243
 90
3
 90
244
 90
245
 90
246
 90
3
 90
244
 90
246
 90
247
 90
3
 90
248
 90
249
 90
250
 90
3
 90
248
 90
250
 90
251
 90
3
 90
252
 90
253
 90
254
 90
3
 90
252
 90
254
 90
255
 90
3
 90
256
 90
257
 90
258
 90
3
 90
256
 90
258
 90
259
 90
3
 90
260
 90
261
 90
262
 90
3
 90
260
 90
262
 90
263
 90
3
 90
264
 90
265
 90
266
 90
3
 90
264
 90
266
 90
267
 90
3
 90
268
 90
269
 90
270
 90
3
 90
268
 90
270
 90
271
 90
3
 90
272
 90
273
 90
274
 90
3
 90
272
 90
274
 90
275
 90
3
 90
276
 90
277
 90
278
 90
3
 90
276
 90
278
 90
279
 90
3
 90
280
 90
281
 90
282
 90
3
 90
280
 90
282
 90
283
 90
3
 90
284
 90
285
 90
286
 90
3
 90
284
 90
286
 90
287
 90
3
 90
288
 90
289
 90
290
 90
3
 90
288
 90
290
 90
291
 90
3
 90
292
 90
293
 90
294
 90
3
 90
292
 90
294
 90
295
 90
3
 90
296
 90
297
 90
298
 90
3
 90
296
 90
298
 90
299
 90
3
 90
300
 90
301
 90
302
 90
3
 90
300
 90
302
 90
303
 90
3
 90
304
 90
305
 90
306
 90
3
 90
304
 90
306
 90
307
 90
3
 90
308
 90
309
 90
310
 90
3
 90
308
 90
310
 90
311
 90
3
 90
312
 90
313
 90
314
 90
3
 90
312
 90
314
 90
315
 90
3
 90
316
 90
317
 90
318
 90
3
 90
316
 90
318
 90
319
 90
3
 90
320
 90
321
 90
322
 90
3
 90
320
 90
322
 90
323
 90
3
 90
324
 90
325
 90
326
 90
3
 90
324
 90
326
 90
327
 90
3
 90
328
 90
329
 90
330
 90
3
 90
328
 90
330
 90
331
 90
3
 90
332
 90
333
 90
334
 90
3
 90
332
 90
334
 90
335
 90
3
 90
336
 90
337
 90
338
 90
3
 90
336
 90
338
 90
339
 90
3
 90
340
 90
341
 90
342
 90
3
 90
340
 90
342
 90
343
 90
3
 90
344
 90
345
 90
346
 90
3
 90
344
 90
346
 90
347
 90
3
 90
348
 90
349
 90
350
 90
3
 90
348
 90
350
 90
351
 90
3
 90
352
 90
353
 90
354
 90
3
 90
352
 90
354
 90
355
 90
3
 90
356
 90
357
 90
358
 90
3
 90
356
 90
358
 90
359
 90
3
 90
360
 90
361
 90
362
 90
3
 90
360
 90
362
 90
363
 90
3
 90
364
 90
365
 90
366
 90
3
 90
364
 90
366
 90
367
 90
3
 90
368
 90
369
 90
370
 90
3
 90
368
 90
370
 90
371
 90
3
 90
372
 90
373
 90
374
 90
3
 90
372
 90
374
 90
375
 90
3
 90
376
 90
377
 90
378
 90
3
 90
376
 90
378
 90
379
 90
3
 90
380
 90
381
 90
382
 90
3
 90
380
 90
382
 90
383
 90
3
 90
384
 90
385
 90
386
 90
3
 90
384
 90
386
 90
387
 90
3
 90
388
 90
389
 90
390
 90
3
 90
388
 90
390
 90
391
 90
3
 90
392
 90
393
 90
394
 90
3
 90
392
 90
394
 90
395
 90
3
 90
396
 90
397
 90
398
 90
3
 90
396
 90
398
 90
399
 90
3
 90
400
 90
401
 90
402
 90
3
 90
400
 90
402
 90
403
 90
3
 90
404
 90
405
 90
406
 90
3
 90
404
 90
406
 90
407
 90
3
 90
408
 90
409
 90
410
 90
3
 90
408
 90
410
 90
411
 90
3
 90
412
 90
413
 90
414
 90
3
 90
412
 90
414
 90
415
 90
3
 90
416
 90
417
 90
418
 90
3
 90
416
 90
418
 90
419
 90
3
 90
420
 90
421
 90
422
 90
3
 90
420
 90
422
 90
423
 90
3
 90
424
 90
425
 90
426
 90
3
 90
424
 90
426
 90
427
 90
3
 90
428
 90
429
 90
430
 90
3
 90
428
 90
430
 90
431
 90
3
 90
432
 90
433
 90
434
 90
3
 90
432
 90
434
 90
435
 90
3
 90
436
 90
437
 90
438
 90
3
 90
436
 90
438
 90
439
 90
3
 90
440
 90
441
 90
442
 90
3
 90
440
 90
442
 90
443
 90
3
 90
444
 90
445
 90
446
 90
3
 90
444
 90
446
 90
447
 90
3
 90
448
 90
449
 90
450
 90
3
 90
448
 90
450
 90
451
 90
3
 90
452
 90
453
 90
454
 90
3
 90
452
 90
454
 90
455
 90
3
 90
456
 90
457
 90
458
 90
3
 90
456
 90
458
 90
459
 90
3
 90
460
 90
461
 90
462
 90
3
 90
460
 90
462
 90
463
 90
3
 90
464
 90
465
 90
466
 90
3
 90
464
 90
466
 90
467
 90
3
 90
468
 90
469
 90
470
 90
3
 90
468
 90
470
 90
471
 90
3
 90
472
 90
473
 90
474
 90
3
 90
472
 90
474
 90
475
 90
3
 90
476
 90
477
 90
478
 90
3
 90
476
 90
478
 90
479
 90
3
 90
480
 90
481
 90
482
 90
3
 90
480
 90
482
 90
483
 90
3
 90
484
 90
485
 90
486
 90
3
 90
484
 90
486
 90
487
 90
3
 90
488
 90
489
 90
490
 90
3
 90
488
 90
490
 90
491
 90
3
 90
492
 90
493
 90
494
 90
3
 90
492
 90
494
 90
495
 90
3
 90
496
 90
497
 90
498
 90
3
 90
496
 90
498
 90
499
 90
3
 90
500
 90
501
 90
502
 90
3
 90
500
 90
502
 90
503
 90
3
 90
504
 90
505
 90
506
 90
3
 90
504
 90
506
 90
507
 90
3
 90
508
 90
509
 90
510
 90
3
 90
508
 90
510
 90
511
 90
3
 90
512
 90
513
 90
514
 90
3
 90
512
 90
514
 90
515
 90
3
 90
516
 90
517
 90
518
 90
3
 90
516
 90
518
 90
519
 90
3
 90
520
 90
521
 90
522
 90
3
 90
520
 90
522
 90
523
 90
3
 90
524
 90
525
 90
526
 90
3
 90
524
 90
526
 90
527
 90
3
 90
528
 90
529
 90
530
 90
3
 90
528
 90
530
 90
531
 90
3
 90
532
 90
533
 90
534
 90
3
 90
532
 90
534
 90
535
 90
3
 90
536
 90
537
 90
538
 90
3
 90
536
 90
538
 90
539
 90
3
 90
540
 90
541
 90
542
 90
3
 90
540
 90
542
 90
543
 90
3
 90
544
 90
545
 90
546
 90
3
 90
544
 90
546
 90
547
 90
3
 90
548
 90
549
 90
550
 90
3
 90
548
 90
550
 90
551
 90
3
 90
552
 90
553
 90
554
 90
3
 90
552
 90
554
 90
555
 90
3
 90
556
 90
557
 90
558
 90
3
 90
556
 90
558
 90
559
 90
3
 90
560
 90
561
 90
562
 90
3
 90
560
 90
562
 90
563
 90
3
 90
564
 90
565
 90
566
 90
3
 90
564
 90
566
 90
567
 90
3
 90
568
 90
569
 90
570
 90
3
 90
568
 90
570
 90
571
 90
3
 90
572
 90
573
 90
574
 90
3
 90
572
 90
574
 90
575
 90
3
 90
576
 90
577
 90
578
 90
3
 90
576
 90
578
 90
579
 90
3
 90
580
 90
581
 90
582
 90
3
 90
580
 90
582
 90
583
 90
3
 90
584
 90
585
 90
586
 90
3
 90
584
 90
586
 90
587
 90
3
 90
588
 90
589
 90
590
 90
3
 90
588
 90
590
 90
591
 90
3
 90
592
 90
593
 90
594
 90
3
 90
592
 90
594
 90
595
 90
3
 90
596
 90
597
 90
598
 90
3
 90
596
 90
598
 90
599
 90
3
 90
600
 90
601
 90
602
 90
3
 90
600
 90
602
 90
603
 90
3
 90
604
 90
605
 90
606
 90
3
 90
604
 90
606
 90
607
 90
3
 90
608
 90
609
 90
610
 90
3
 90
608
 90
610
 90
611
 90
3
 90
612
 90
613
 90
614
 90
3
 90
612
 90
614
 90
615
 90
3
 90
616
 90
617
 90
618
 90
3
 90
616
 90
618
 90
619
 90
3
 90
620
 90
621
 90
622
 90
3
 90
620
 90
622
 90
623
 90
3
 90
624
 90
625
 90
626
 90
3
 90
624
 90
626
 90
627
 90
3
 90
628
 90
629
 90
630
 90
3
 90
628
 90
630
 90
631
 90
3
 90
632
 90
633
 90
634
 90
3
 90
632
 90
634
 90
635
 90
3
 90
636
 90
637
 90
638
 90
3
 90
636
 90
638
 90
639
 90
3
 90
640
 90
641
 90
642
 90
3
 90
640
 90
642
 90
643
 90
3
 90
644
 90
645
 90
646
 90
3
 90
644
 90
646
 90
647
 90
3
 90
648
 90
649
 90
650
 90
3
 90
648
 90
650
 90
651
 90
3
 90
652
 90
653
 90
654
 90
3
 90
652
 90
654
 90
655
 90
3
 90
656
 90
657
 90
658
 90
3
 90
656
 90
658
 90
659
 90
3
 90
660
 90
661
 90
662
 90
3
 90
660
 90
662
 90
663
 90
3
 90
664
 90
665
 90
666
 90
3
 90
664
 90
666
 90
667
 90
3
 90
668
 90
669
 90
670
 90
3
 90
668
 90
670
 90
671
 90
3
 90
672
 90
673
 90
674
 90
3
 90
672
 90
674
 90
675
 90
3
 90
676
 90
677
 90
678
 90
3
 90
676
 90
678
 90
679
 90
3
 90
680
 90
681
 90
682
 90
3
 90
680
 90
682
 90
683
 90
3
 90
684
 90
685
 90
686
 90
3
 90
684
 90
686
 90
687
 90
3
 90
688
 90
689
 90
690
 90
3
 90
688
 90
690
 90
691
 90
3
 90
692
 90
693
 90
694
 90
3
 90
692
 90
694
 90
695
 90
3
 90
696
 90
697
 90
698
 90
3
 90
696
 90
698
 90
699
 90
3
 90
700
 90
701
 90
702
 90
3
 90
700
 90
702
 90
703
 90
3
 90
704
 90
705
 90
706
 90
3
 90
704
 90
706
 90
707
 90
3
 90
708
 90
709
 90
710
 90
3
 90
708
 90
710
 90
711
 90
3
 90
712
 90
713
 90
714
 90
3
 90
712
 90
714
 90
715
 90
3
 90
716
 90
717
 90
718
 90
3
 90
716
 90
718
 90
719
 90
3
 90
720
 90
721
 90
722
 90
3
 90
720
 90
722
 90
723
 90
3
 90
724
 90
725
 90
726
 90
3
 90
724
 90
726
 90
727
 90
3
 90
728
 90
729
 90
730
 90
3
 90
728
 90
730
 90
731
 90
3
 90
732
 90
733
 90
734
 90
3
 90
732
 90
734
 90
735
 90
3
 90
736
 90
737
 90
738
 90
3
 90
736
 90
738
 90
739
 90
3
 90
740
 90
741
 90
742
 90
3
 90
740
 90
742
 90
743
 90
3
 90
744
 90
745
 90
746
 90
3
 90
744
 90
746
 90
747
 90
3
 90
748
 90
749
 90
750
 90
3
 90
748
 90
750
 90
751
 90
3
 90
752
 90
753
 90
754
 90
3
 90
752
 90
754
 90
755
 90
3
 90
756
 90
757
 90
758
 90
3
 90
756
 90
758
 90
759
 90
3
 90
760
 90
761
 90
762
 90
3
 90
760
 90
762
 90
763
 90
3
 90
764
 90
765
 90
766
 90
3
 90
764
 90
766
 90
767
 90
3
 90
768
 90
769
 90
770
 90
3
 90
771
 90
772
 90
773
 90
3
 90
774
 90
775
 90
776
 90
3
 90
777
 90
778
 90
779
 90
3
 90
780
 90
781
 90
782
 90
3
 90
783
 90
784
 90
785
 90
3
 90
786
 90
787
 90
788
 90
3
 90
789
 90
790
 90
791
 90
3
 90
792
 90
793
 90
794
 90
3
 90
795
 90
796
 90
797
 90
3
 90
798
 90
799
 90
800
 90
3
 90
801
 90
802
 90
803
 90
3
 90
804
 90
805
 90
806
 90
3
 90
807
 90
808
 90
809
 90
3
 90
810
 90
811
 90
812
 90
3
 90
813
 90
814
 90
815
 90
3
 90
816
 90
817
 90
818
 90
3
 90
819
 90
820
 90
821
 90
3
 90
822
 90
823
 90
824
 90
3
 90
825
 90
826
 90
827
 90
3
 90
828
 90
829
 90
830
 90
3
 90
831
 90
832
 90
833
 90
3
 90
834
 90
835
 90
836
 90
3
 90
837
 90
838
 90
839
 90
3
 90
840
 90
841
 90
842
 90
3
 90
843
 90
844
 90
845
 90
3
 90
846
 90
847
 90
848
 90
3
 90
849
 90
850
 90
851
 90
3
 90
852
 90
853
 90
854
 90
3
 90
855
 90
856
 90
857
 90
3
 90
858
 90
859
 90
860
 90
3
 90
861
 90
862
 90
863
 90
3
 90
864
 90
865
 90
866
 90
3
 90
867
 90
868
 90
869
 90
3
 90
870
 90
871
 90
872
 90
3
 90
873
 90
874
 90
875
 90
3
 90
876
 90
877
 90
878
 90
3
 90
879
 90
880
 90
881
 90
3
 90
882
 90
883
 90
884
 90
3
 90
885
 90
886
 90
887
 90
3
 90
888
 90
889
 90
890
 90
3
 90
891
 90
892
 90
893
 90
3
 90
894
 90
895
 90
896
 90
3
 90
897
 90
898
 90
899
 90
3
 90
900
 90
901
 90
902
 90
3
 90
903
 90
904
 90
905
 90
3
 90
906
 90
907
 90
908
 90
3
 90
909
 90
910
 90
911
 94
0
 95
0
 90
0
  0
MESH
  5
9A
330
17
100
AcDbEntity
  8
M-SPOTS
100
AcDbSubDMesh
 71
2
 72
0
 91
0
 92
1512
 10
5.638155724715451
 20
6.052120859954012
 30
23.4
 10
6.953725393815722
 20
6.530949060609949
 30
23.2
 10
7.03815572471545
 20
6.052120859954012
 30
23.2
 10
5.638155724715451
 20
6.052120859954012
 30
23.4
 10
6.71061794508202
 20
6.952023513515167
 30
23.2
 10
6.953725393815722
 20
6.530949060609949
 30
23.2
 10
5.638155724715451
 20
6.052120859954012
 30
23.4
 10
6.338155724715451
 20
7.264556425252226
 30
23.2
 10
6.71061794508202
 20
6.952023513515167
 30
23.2
 10
5.638155724715451
 20
6.052120859954012
 30
23.4
 10
5.881263173449153
 20
7.430851714171103
 30
23.2
 10
6.338155724715451
 20
7.264556425252226
 30
23.2
 10
5.638155724715451
 20
6.052120859954012
 30
23.4
 10
5.395048275981748
 20
7.430851714171103
 30
23.2
 10
5.881263173449153
 20
7.430851714171103
 30
23.2
 10
5.638155724715451
 20
6.052120859954012
 30
23.4
 10
4.938155724715451
 20
7.264556425252227
 30
23.2
 10
5.395048275981748
 20
7.430851714171103
 30
23.2
 10
5.638155724715451
 20
6.052120859954012
 30
23.4
 10
4.565693504348881
 20
6.952023513515168
 30
23.2
 10
4.938155724715451
 20
7.264556425252227
 30
23.2
 10
5.638155724715451
 20
6.052120859954012
 30
23.4
 10
4.322586055615179
 20
6.530949060609949
 30
23.2
 10
4.565693504348881
 20
6.952023513515168
 30
23.2
 10
5.638155724715451
 20
6.052120859954012
 30
23.4
 10
4.238155724715451
 20
6.052120859954012
 30
23.2
 10
4.322586055615179
 20
6.530949060609949
 30
23.2
 10
5.638155724715451
 20
6.052120859954012
 30
23.4
 10
4.322586055615179
 20
5.573292659298076
 30
23.2
 10
4.238155724715451
 20
6.052120859954012
 30
23.2
 10
5.638155724715451
 20
6.052120859954012
 30
23.4
 10
4.56569350434888
 20
5.152218206392858
 30
23.2
 10
4.322586055615179
 20
5.573292659298076
 30
23.2
 10
5.638155724715451
 20
6.052120859954012
 30
23.4
 10
4.93815572471545
 20
4.839685294655799
 30
23.2
 10
4.56569350434888
 20
5.152218206392858
 30
23.2
 10
5.638155724715451
 20
6.052120859954012
 30
23.4
 10
5.395048275981748
 20
4.6733900057369215
 30
23.2
 10
4.93815572471545
 20
4.839685294655799
 30
23.2
 10
5.638155724715451
 20
6.052120859954012
 30
23.4
 10
5.8812631734491525
 20
4.6733900057369215
 30
23.2
 10
5.395048275981748
 20
4.6733900057369215
 30
23.2
 10
5.638155724715451
 20
6.052120859954012
 30
23.4
 10
6.33815572471545
 20
4.839685294655798
 30
23.2
 10
5.8812631734491525
 20
4.6733900057369215
 30
23.2
 10
5.638155724715451
 20
6.052120859954012
 30
23.4
 10
6.710617945082019
 20
5.152218206392857
 30
23.2
 10
6.33815572471545
 20
4.839685294655798
 30
23.2
 10
5.638155724715451
 20
6.052120859954012
 30
23.4
 10
6.953725393815722
 20
5.573292659298076
 30
23.2
 10
6.710617945082019
 20
5.152218206392857
 30
23.2
 10
5.638155724715451
 20
6.052120859954012
 30
23.4
 10
7.03815572471545
 20
6.052120859954012
 30
23.2
 10
6.953725393815722
 20
5.573292659298076
 30
23.2
 10
7.03815572471545
 20
6.052120859954012
 30
23.2
 10
6.953725393815722
 20
6.530949060609949
 30
23.2
 10
7.517540966287267
 20
6.73616114660535
 30
22.6
 10
7.638155724715451
 20
6.052120859954012
 30
22.6
 10
6.953725393815722
 20
6.530949060609949
 30
23.2
 10
6.71061794508202
 20
6.952023513515167
 30
23.2
 10
7.170244610953406
 20
7.337696079327091
 30
22.6
 10
7.517540966287267
 20
6.73616114660535
 30
22.6
 10
6.71061794508202
 20
6.952023513515167
 30
23.2
 10
6.338155724715451
 20
7.264556425252226
 30
23.2
 10
6.638155724715451
 20
7.784171667522889
 30
22.6
 10
7.170244610953406
 20
7.337696079327091
 30
22.6
 10
6.338155724715451
 20
7.264556425252226
 30
23.2
 10
5.881263173449153
 20
7.430851714171103
 30
23.2
 10
5.985452080049312
 20
8.021736365978429
 30
22.6
 10
6.638155724715451
 20
7.784171667522889
 30
22.6
 10
5.881263173449153
 20
7.430851714171103
 30
23.2
 10
5.395048275981748
 20
7.430851714171103
 30
23.2
 10
5.2908593693815895
 20
8.021736365978429
 30
22.6
 10
5.985452080049312
 20
8.021736365978429
 30
22.6
 10
5.395048275981748
 20
7.430851714171103
 30
23.2
 10
4.938155724715451
 20
7.264556425252227
 30
23.2
 10
4.6381557247154515
 20
7.78417166752289
 30
22.6
 10
5.2908593693815895
 20
8.021736365978429
 30
22.6
 10
4.938155724715451
 20
7.264556425252227
 30
23.2
 10
4.565693504348881
 20
6.952023513515168
 30
23.2
 10
4.106066838477495
 20
7.337696079327092
 30
22.6
 10
4.6381557247154515
 20
7.78417166752289
 30
22.6
 10
4.565693504348881
 20
6.952023513515168
 30
23.2
 10
4.322586055615179
 20
6.530949060609949
 30
23.2
 10
3.7587704831436337
 20
6.73616114660535
 30
22.6
 10
4.106066838477495
 20
7.337696079327092
 30
22.6
 10
4.322586055615179
 20
6.530949060609949
 30
23.2
 10
4.238155724715451
 20
6.052120859954012
 30
23.2
 10
3.6381557247154506
 20
6.052120859954012
 30
22.6
 10
3.7587704831436337
 20
6.73616114660535
 30
22.6
 10
4.238155724715451
 20
6.052120859954012
 30
23.2
 10
4.322586055615179
 20
5.573292659298076
 30
23.2
 10
3.7587704831436337
 20
5.3680805733026755
 30
22.6
 10
3.6381557247154506
 20
6.052120859954012
 30
22.6
 10
4.322586055615179
 20
5.573292659298076
 30
23.2
 10
4.56569350434888
 20
5.152218206392858
 30
23.2
 10
4.106066838477494
 20
4.766545640580935
 30
22.6
 10
3.7587704831436337
 20
5.3680805733026755
 30
22.6
 10
4.56569350434888
 20
5.152218206392858
 30
23.2
 10
4.93815572471545
 20
4.839685294655799
 30
23.2
 10
4.63815572471545
 20
4.320070052385136
 30
22.6
 10
4.106066838477494
 20
4.766545640580935
 30
22.6
 10
4.93815572471545
 20
4.839685294655799
 30
23.2
 10
5.395048275981748
 20
4.6733900057369215
 30
23.2
 10
5.2908593693815895
 20
4.082505353929596
 30
22.6
 10
4.63815572471545
 20
4.320070052385136
 30
22.6
 10
5.395048275981748
 20
4.6733900057369215
 30
23.2
 10
5.8812631734491525
 20
4.6733900057369215
 30
23.2
 10
5.985452080049311
 20
4.082505353929596
 30
22.6
 10
5.2908593693815895
 20
4.082505353929596
 30
22.6
 10
5.8812631734491525
 20
4.6733900057369215
 30
23.2
 10
6.33815572471545
 20
4.839685294655798
 30
23.2
 10
6.63815572471545
 20
4.320070052385134
 30
22.6
 10
5.985452080049311
 20
4.082505353929596
 30
22.6
 10
6.33815572471545
 20
4.839685294655798
 30
23.2
 10
6.710617945082019
 20
5.152218206392857
 30
23.2
 10
7.170244610953406
 20
4.766545640580933
 30
22.6
 10
6.63815572471545
 20
4.320070052385134
 30
22.6
 10
6.710617945082019
 20
5.152218206392857
 30
23.2
 10
6.953725393815722
 20
5.573292659298076
 30
23.2
 10
7.517540966287267
 20
5.3680805733026755
 30
22.6
 10
7.170244610953406
 20
4.766545640580933
 30
22.6
 10
6.953725393815722
 20
5.573292659298076
 30
23.2
 10
7.03815572471545
 20
6.052120859954012
 30
23.2
 10
7.638155724715451
 20
6.052120859954012
 30
22.6
 10
7.517540966287267
 20
5.3680805733026755
 30
22.6
 10
7.638155724715451
 20
6.052120859954012
 30
22.6
 10
7.517540966287267
 20
6.73616114660535
 30
22.6
 10
7.517540966287267
 20
6.73616114660535
 30
21.7
 10
7.638155724715451
 20
6.052120859954012
 30
21.7
 10
7.517540966287267
 20
6.73616114660535
 30
22.6
 10
7.170244610953406
 20
7.337696079327091
 30
22.6
 10
7.170244610953406
 20
7.337696079327091
 30
21.7
 10
7.517540966287267
 20
6.73616114660535
 30
21.7
 10
7.170244610953406
 20
7.337696079327091
 30
22.6
 10
6.638155724715451
 20
7.784171667522889
 30
22.6
 10
6.638155724715451
 20
7.784171667522889
 30
21.7
 10
7.170244610953406
 20
7.337696079327091
 30
21.7
 10
6.638155724715451
 20
7.784171667522889
 30
22.6
 10
5.985452080049312
 20
8.021736365978429
 30
22.6
 10
5.985452080049312
 20
8.021736365978429
 30
21.7
 10
6.638155724715451
 20
7.784171667522889
 30
21.7
 10
5.985452080049312
 20
8.021736365978429
 30
22.6
 10
5.2908593693815895
 20
8.021736365978429
 30
22.6
 10
5.2908593693815895
 20
8.021736365978429
 30
21.7
 10
5.985452080049312
 20
8.021736365978429
 30
21.7
 10
5.2908593693815895
 20
8.021736365978429
 30
22.6
 10
4.6381557247154515
 20
7.78417166752289
 30
22.6
 10
4.6381557247154515
 20
7.78417166752289
 30
21.7
 10
5.2908593693815895
 20
8.021736365978429
 30
21.7
 10
4.6381557247154515
 20
7.78417166752289
 30
22.6
 10
4.106066838477495
 20
7.337696079327092
 30
22.6
 10
4.106066838477495
 20
7.337696079327092
 30
21.7
 10
4.6381557247154515
 20
7.78417166752289
 30
21.7
 10
4.106066838477495
 20
7.337696079327092
 30
22.6
 10
3.7587704831436337
 20
6.73616114660535
 30
22.6
 10
3.7587704831436337
 20
6.73616114660535
 30
21.7
 10
4.106066838477495
 20
7.337696079327092
 30
21.7
 10
3.7587704831436337
 20
6.73616114660535
 30
22.6
 10
3.6381557247154506
 20
6.052120859954012
 30
22.6
 10
3.6381557247154506
 20
6.052120859954012
 30
21.7
 10
3.7587704831436337
 20
6.73616114660535
 30
21.7
 10
3.6381557247154506
 20
6.052120859954012
 30
22.6
 10
3.7587704831436337
 20
5.3680805733026755
 30
22.6
 10
3.7587704831436337
 20
5.3680805733026755
 30
21.7
 10
3.6381557247154506
 20
6.052120859954012
 30
21.7
 10
3.7587704831436337
 20
5.3680805733026755
 30
22.6
 10
4.106066838477494
 20
4.766545640580935
 30
22.6
 10
4.106066838477494
 20
4.766545640580935
 30
21.7
 10
3.7587704831436337
 20
5.3680805733026755
 30
21.7
 10
4.106066838477494
 20
4.766545640580935
 30
22.6
 10
4.63815572471545
 20
4.320070052385136
 30
22.6
 10
4.63815572471545
 20
4.320070052385136
 30
21.7
 10
4.106066838477494
 20
4.766545640580935
 30
21.7
 10
4.63815572471545
 20
4.320070052385136
 30
22.6
 10
5.2908593693815895
 20
4.082505353929596
 30
22.6
 10
5.2908593693815895
 20
4.082505353929596
 30
21.7
 10
4.63815572471545
 20
4.320070052385136
 30
21.7
 10
5.2908593693815895
 20
4.082505353929596
 30
22.6
 10
5.985452080049311
 20
4.082505353929596
 30
22.6
 10
5.985452080049311
 20
4.082505353929596
 30
21.7
 10
5.2908593693815895
 20
4.082505353929596
 30
21.7
 10
5.985452080049311
 20
4.082505353929596
 30
22.6
 10
6.63815572471545
 20
4.320070052385134
 30
22.6
 10
6.63815572471545
 20
4.320070052385134
 30
21.7
 10
5.985452080049311
 20
4.082505353929596
 30
21.7
 10
6.63815572471545
 20
4.320070052385134
 30
22.6
 10
7.170244610953406
 20
4.766545640580933
 30
22.6
 10
7.170244610953406
 20
4.766545640580933
 30
21.7
 10
6.63815572471545
 20
4.320070052385134
 30
21.7
 10
7.170244610953406
 20
4.766545640580933
 30
22.6
 10
7.517540966287267
 20
5.3680805733026755
 30
22.6
 10
7.517540966287267
 20
5.3680805733026755
 30
21.7
 10
7.170244610953406
 20
4.766545640580933
 30
21.7
 10
7.517540966287267
 20
5.3680805733026755
 30
22.6
 10
7.638155724715451
 20
6.052120859954012
 30
22.6
 10
7.638155724715451
 20
6.052120859954012
 30
21.7
 10
7.517540966287267
 20
5.3680805733026755
 30
21.7
 10
7.638155724715451
 20
6.052120859954012
 30
21.7
 10
7.517540966287267
 20
6.73616114660535
 30
21.7
 10
5.638155724715451
 20
6.052120859954012
 30
21.7
 10
7.517540966287267
 20
6.73616114660535
 30
21.7
 10
7.170244610953406
 20
7.337696079327091
 30
21.7
 10
5.638155724715451
 20
6.052120859954012
 30
21.7
 10
7.170244610953406
 20
7.337696079327091
 30
21.7
 10
6.638155724715451
 20
7.784171667522889
 30
21.7
 10
5.638155724715451
 20
6.052120859954012
 30
21.7
 10
6.638155724715451
 20
7.784171667522889
 30
21.7
 10
5.985452080049312
 20
8.021736365978429
 30
21.7
 10
5.638155724715451
 20
6.052120859954012
 30
21.7
 10
5.985452080049312
 20
8.021736365978429
 30
21.7
 10
5.2908593693815895
 20
8.021736365978429
 30
21.7
 10
5.638155724715451
 20
6.052120859954012
 30
21.7
 10
5.2908593693815895
 20
8.021736365978429
 30
21.7
 10
4.6381557247154515
 20
7.78417166752289
 30
21.7
 10
5.638155724715451
 20
6.052120859954012
 30
21.7
 10
4.6381557247154515
 20
7.78417166752289
 30
21.7
 10
4.106066838477495
 20
7.337696079327092
 30
21.7
 10
5.638155724715451
 20
6.052120859954012
 30
21.7
 10
4.106066838477495
 20
7.337696079327092
 30
21.7
 10
3.7587704831436337
 20
6.73616114660535
 30
21.7
 10
5.638155724715451
 20
6.052120859954012
 30
21.7
 10
3.7587704831436337
 20
6.73616114660535
 30
21.7
 10
3.6381557247154506
 20
6.052120859954012
 30
21.7
 10
5.638155724715451
 20
6.052120859954012
 30
21.7
 10
3.6381557247154506
 20
6.052120859954012
 30
21.7
 10
3.7587704831436337
 20
5.3680805733026755
 30
21.7
 10
5.638155724715451
 20
6.052120859954012
 30
21.7
 10
3.7587704831436337
 20
5.3680805733026755
 30
21.7
 10
4.106066838477494
 20
4.766545640580935
 30
21.7
 10
5.638155724715451
 20
6.052120859954012
 30
21.7
 10
4.106066838477494
 20
4.766545640580935
 30
21.7
 10
4.63815572471545
 20
4.320070052385136
 30
21.7
 10
5.638155724715451
 20
6.052120859954012
 30
21.7
 10
4.63815572471545
 20
4.320070052385136
 30
21.7
 10
5.2908593693815895
 20
4.082505353929596
 30
21.7
 10
5.638155724715451
 20
6.052120859954012
 30
21.7
 10
5.2908593693815895
 20
4.082505353929596
 30
21.7
 10
5.985452080049311
 20
4.082505353929596
 30
21.7
 10
5.638155724715451
 20
6.052120859954012
 30
21.7
 10
5.985452080049311
 20
4.082505353929596
 30
21.7
 10
6.63815572471545
 20
4.320070052385134
 30
21.7
 10
5.638155724715451
 20
6.052120859954012
 30
21.7
 10
6.63815572471545
 20
4.320070052385134
 30
21.7
 10
7.170244610953406
 20
4.766545640580933
 30
21.7
 10
5.638155724715451
 20
6.052120859954012
 30
21.7
 10
7.170244610953406
 20
4.766545640580933
 30
21.7
 10
7.517540966287267
 20
5.3680805733026755
 30
21.7
 10
5.638155724715451
 20
6.052120859954012
 30
21.7
 10
7.517540966287267
 20
5.3680805733026755
 30
21.7
 10
7.638155724715451
 20
6.052120859954012
 30
21.7
 10
5.638155724715451
 20
6.052120859954012
 30
21.7
 10
-0.8715574274765824
 20
13.961946980917455
 30
21.299999999999997
 10
0.8386831423537707
 20
14.584423641770172
 30
21.099999999999998
 10
0.9484425725234175
 20
13.961946980917455
 30
21.099999999999998
 10
-0.8715574274765824
 20
13.961946980917455
 30
21.299999999999997
 10
0.5226434589999575
 20
15.131820430546956
 30
21.099999999999998
 10
0.8386831423537707
 20
14.584423641770172
 30
21.099999999999998
 10
-0.8715574274765824
 20
13.961946980917455
 30
21.299999999999997
 10
0.03844257252341776
 20
15.538113215805133
 30
21.099999999999998
 10
0.5226434589999575
 20
15.131820430546956
 30
21.099999999999998
 10
-0.8715574274765824
 20
13.961946980917455
 30
21.299999999999997
 10
-0.555517744122769
 20
15.754297091399673
 30
21.099999999999998
 10
0.03844257252341776
 20
15.538113215805133
 30
21.099999999999998
 10
-0.8715574274765824
 20
13.961946980917455
 30
21.299999999999997
 10
-1.1875971108303955
 20
15.754297091399673
 30
21.099999999999998
 10
-0.555517744122769
 20
15.754297091399673
 30
21.099999999999998
 10
-0.8715574274765824
 20
13.961946980917455
 30
21.299999999999997
 10
-1.781557427476582
 20
15.538113215805133
 30
21.099999999999998
 10
-1.1875971108303955
 20
15.754297091399673
 30
21.099999999999998
 10
-0.8715574274765824
 20
13.961946980917455
 30
21.299999999999997
 10
-2.265758313953122
 20
15.131820430546957
 30
21.099999999999998
 10
-1.781557427476582
 20
15.538113215805133
 30
21.099999999999998
 10
-0.8715574274765824
 20
13.961946980917455
 30
21.299999999999997
 10
-2.581797997306935
 20
14.584423641770172
 30
21.099999999999998
 10
-2.265758313953122
 20
15.131820430546957
 30
21.099999999999998
 10
-0.8715574274765824
 20
13.961946980917455
 30
21.299999999999997
 10
-2.691557427476582
 20
13.961946980917455
 30
21.099999999999998
 10
-2.581797997306935
 20
14.584423641770172
 30
21.099999999999998
 10
-0.8715574274765824
 20
13.961946980917455
 30
21.299999999999997
 10
-2.5817979973069356
 20
13.339470320064738
 30
21.099999999999998
 10
-2.691557427476582
 20
13.961946980917455
 30
21.099999999999998
 10
-0.8715574274765824
 20
13.961946980917455
 30
21.299999999999997
 10
-2.265758313953123
 20
12.792073531287954
 30
21.099999999999998
 10
-2.5817979973069356
 20
13.339470320064738
 30
21.099999999999998
 10
-0.8715574274765824
 20
13.961946980917455
 30
21.299999999999997
 10
-1.781557427476583
 20
12.385780746029777
 30
21.099999999999998
 10
-2.265758313953123
 20
12.792073531287954
 30
21.099999999999998
 10
-0.8715574274765824
 20
13.961946980917455
 30
21.299999999999997
 10
-1.1875971108303955
 20
12.169596870435237
 30
21.099999999999998
 10
-1.781557427476583
 20
12.385780746029777
 30
21.099999999999998
 10
-0.8715574274765824
 20
13.961946980917455
 30
21.299999999999997
 10
-0.5555177441227699
 20
12.169596870435237
 30
21.099999999999998
 10
-1.1875971108303955
 20
12.169596870435237
 30
21.099999999999998
 10
-0.8715574274765824
 20
13.961946980917455
 30
21.299999999999997
 10
0.03844257252341632
 20
12.385780746029777
 30
21.099999999999998
 10
-0.5555177441227699
 20
12.169596870435237
 30
21.099999999999998
 10
-0.8715574274765824
 20
13.961946980917455
 30
21.299999999999997
 10
0.522643458999957
 20
12.792073531287953
 30
21.099999999999998
 10
0.03844257252341632
 20
12.385780746029777
 30
21.099999999999998
 10
-0.8715574274765824
 20
13.961946980917455
 30
21.299999999999997
 10
0.8386831423537707
 20
13.339470320064738
 30
21.099999999999998
 10
0.522643458999957
 20
12.792073531287953
 30
21.099999999999998
 10
-0.8715574274765824
 20
13.961946980917455
 30
21.299999999999997
 10
0.9484425725234175
 20
13.961946980917455
 30
21.099999999999998
 10
0.8386831423537707
 20
13.339470320064738
 30
21.099999999999998
 10
0.9484425725234175
 20
13.961946980917455
 30
21.099999999999998
 10
0.8386831423537707
 20
14.584423641770172
 30
21.099999999999998
 10
1.5716433865667798
 20
14.851199353564194
 30
20.5
 10
1.7284425725234178
 20
13.961946980917455
 30
20.5
 10
0.8386831423537707
 20
14.584423641770172
 30
21.099999999999998
 10
0.5226434589999575
 20
15.131820430546956
 30
21.099999999999998
 10
1.1201581246327605
 20
15.633194766102458
 30
20.5
 10
1.5716433865667798
 20
14.851199353564194
 30
20.5
 10
0.5226434589999575
 20
15.131820430546956
 30
21.099999999999998
 10
0.03844257252341776
 20
15.538113215805133
 30
21.099999999999998
 10
0.4284425725234179
 20
16.213613030756996
 30
20.5
 10
1.1201581246327605
 20
15.633194766102458
 30
20.5
 10
0.03844257252341776
 20
15.538113215805133
 30
21.099999999999998
 10
-0.555517744122769
 20
15.754297091399673
 30
21.099999999999998
 10
-0.42007216554256327
 20
16.522447138749197
 30
20.5
 10
0.4284425725234179
 20
16.213613030756996
 30
20.5
 10
-0.555517744122769
 20
15.754297091399673
 30
21.099999999999998
 10
-1.1875971108303955
 20
15.754297091399673
 30
21.099999999999998
 10
-1.323042689410601
 20
16.522447138749197
 30
20.5
 10
-0.42007216554256327
 20
16.522447138749197
 30
20.5
 10
-1.1875971108303955
 20
15.754297091399673
 30
21.099999999999998
 10
-1.781557427476582
 20
15.538113215805133
 30
21.099999999999998
 10
-2.1715574274765816
 20
16.213613030756996
 30
20.5
 10
-1.323042689410601
 20
16.522447138749197
 30
20.5
 10
-1.781557427476582
 20
15.538113215805133
 30
21.099999999999998
 10
-2.265758313953122
 20
15.131820430546957
 30
21.099999999999998
 10
-2.863272979585925
 20
15.633194766102458
 30
20.5
 10
-2.1715574274765816
 20
16.213613030756996
 30
20.5
 10
-2.265758313953122
 20
15.131820430546957
 30
21.099999999999998
 10
-2.581797997306935
 20
14.584423641770172
 30
21.099999999999998
 10
-3.314758241519944
 20
14.851199353564194
 30
20.5
 10
-2.863272979585925
 20
15.633194766102458
 30
20.5
 10
-2.581797997306935
 20
14.584423641770172
 30
21.099999999999998
 10
-2.691557427476582
 20
13.961946980917455
 30
21.099999999999998
 10
-3.4715574274765824
 20
13.961946980917455
 30
20.5
 10
-3.314758241519944
 20
14.851199353564194
 30
20.5
 10
-2.691557427476582
 20
13.961946980917455
 30
21.099999999999998
 10
-2.5817979973069356
 20
13.339470320064738
 30
21.099999999999998
 10
-3.3147582415199444
 20
13.072694608270716
 30
20.5
 10
-3.4715574274765824
 20
13.961946980917455
 30
20.5
 10
-2.5817979973069356
 20
13.339470320064738
 30
21.099999999999998
 10
-2.265758313953123
 20
12.792073531287954
 30
21.099999999999998
 10
-2.863272979585926
 20
12.290699195732454
 30
20.5
 10
-3.3147582415199444
 20
13.072694608270716
 30
20.5
 10
-2.265758313953123
 20
12.792073531287954
 30
21.099999999999998
 10
-1.781557427476583
 20
12.385780746029777
 30
21.099999999999998
 10
-2.1715574274765834
 20
11.710280931077914
 30
20.5
 10
-2.863272979585926
 20
12.290699195732454
 30
20.5
 10
-1.781557427476583
 20
12.385780746029777
 30
21.099999999999998
 10
-1.1875971108303955
 20
12.169596870435237
 30
21.099999999999998
 10
-1.3230426894106013
 20
11.401446823085713
 30
20.5
 10
-2.1715574274765834
 20
11.710280931077914
 30
20.5
 10
-1.1875971108303955
 20
12.169596870435237
 30
21.099999999999998
 10
-0.5555177441227699
 20
12.169596870435237
 30
21.099999999999998
 10
-0.42007216554256444
 20
11.401446823085713
 30
20.5
 10
-1.3230426894106013
 20
11.401446823085713
 30
20.5
 10
-0.5555177441227699
 20
12.169596870435237
 30
21.099999999999998
 10
0.03844257252341632
 20
12.385780746029777
 30
21.099999999999998
 10
0.4284425725234159
 20
11.710280931077914
 30
20.5
 10
-0.42007216554256444
 20
11.401446823085713
 30
20.5
 10
0.03844257252341632
 20
12.385780746029777
 30
21.099999999999998
 10
0.522643458999957
 20
12.792073531287953
 30
21.099999999999998
 10
1.12015812463276
 20
12.290699195732453
 30
20.5
 10
0.4284425725234159
 20
11.710280931077914
 30
20.5
 10
0.522643458999957
 20
12.792073531287953
 30
21.099999999999998
 10
0.8386831423537707
 20
13.339470320064738
 30
21.099999999999998
 10
1.5716433865667798
 20
13.072694608270716
 30
20.5
 10
1.12015812463276
 20
12.290699195732453
 30
20.5
 10
0.8386831423537707
 20
13.339470320064738
 30
21.099999999999998
 10
0.9484425725234175
 20
13.961946980917455
 30
21.099999999999998
 10
1.7284425725234178
 20
13.961946980917455
 30
20.5
 10
1.5716433865667798
 20
13.072694608270716
 30
20.5
 10
1.7284425725234178
 20
13.961946980917455
 30
20.5
 10
1.5716433865667798
 20
14.851199353564194
 30
20.5
 10
1.5716433865667798
 20
14.851199353564194
 30
19.599999999999998
 10
1.7284425725234178
 20
13.961946980917455
 30
19.599999999999998
 10
1.5716433865667798
 20
14.851199353564194
 30
20.5
 10
1.1201581246327605
 20
15.633194766102458
 30
20.5
 10
1.1201581246327605
 20
15.633194766102458
 30
19.599999999999998
 10
1.5716433865667798
 20
14.851199353564194
 30
19.599999999999998
 10
1.1201581246327605
 20
15.633194766102458
 30
20.5
 10
0.4284425725234179
 20
16.213613030756996
 30
20.5
 10
0.4284425725234179
 20
16.213613030756996
 30
19.599999999999998
 10
1.1201581246327605
 20
15.633194766102458
 30
19.599999999999998
 10
0.4284425725234179
 20
16.213613030756996
 30
20.5
 10
-0.42007216554256327
 20
16.522447138749197
 30
20.5
 10
-0.42007216554256327
 20
16.522447138749197
 30
19.599999999999998
 10
0.4284425725234179
 20
16.213613030756996
 30
19.599999999999998
 10
-0.42007216554256327
 20
16.522447138749197
 30
20.5
 10
-1.323042689410601
 20
16.522447138749197
 30
20.5
 10
-1.323042689410601
 20
16.522447138749197
 30
19.599999999999998
 10
-0.42007216554256327
 20
16.522447138749197
 30
19.599999999999998
 10
-1.323042689410601
 20
16.522447138749197
 30
20.5
 10
-2.1715574274765816
 20
16.213613030756996
 30
20.5
 10
-2.1715574274765816
 20
16.213613030756996
 30
19.599999999999998
 10
-1.323042689410601
 20
16.522447138749197
 30
19.599999999999998
 10
-2.1715574274765816
 20
16.213613030756996
 30
20.5
 10
-2.863272979585925
 20
15.633194766102458
 30
20.5
 10
-2.863272979585925
 20
15.633194766102458
 30
19.599999999999998
 10
-2.1715574274765816
 20
16.213613030756996
 30
19.599999999999998
 10
-2.863272979585925
 20
15.633194766102458
 30
20.5
 10
-3.314758241519944
 20
14.851199353564194
 30
20.5
 10
-3.314758241519944
 20
14.851199353564194
 30
19.599999999999998
 10
-2.863272979585925
 20
15.633194766102458
 30
19.599999999999998
 10
-3.314758241519944
 20
14.851199353564194
 30
20.5
 10
-3.4715574274765824
 20
13.961946980917455
 30
20.5
 10
-3.4715574274765824
 20
13.961946980917455
 30
19.599999999999998
 10
-3.314758241519944
 20
14.851199353564194
 30
19.599999999999998
 10
-3.4715574274765824
 20
13.961946980917455
 30
20.5
 10
-3.3147582415199444
 20
13.072694608270716
 30
20.5
 10
-3.3147582415199444
 20
13.072694608270716
 30
19.599999999999998
 10
-3.4715574274765824
 20
13.961946980917455
 30
19.599999999999998
 10
-3.3147582415199444
 20
13.072694608270716
 30
20.5
 10
-2.863272979585926
 20
12.290699195732454
 30
20.5
 10
-2.863272979585926
 20
12.290699195732454
 30
19.599999999999998
 10
-3.3147582415199444
 20
13.072694608270716
 30
19.599999999999998
 10
-2.863272979585926
 20
12.290699195732454
 30
20.5
 10
-2.1715574274765834
 20
11.710280931077914
 30
20.5
 10
-2.1715574274765834
 20
11.710280931077914
 30
19.599999999999998
 10
-2.863272979585926
 20
12.290699195732454
 30
19.599999999999998
 10
-2.1715574274765834
 20
11.710280931077914
 30
20.5
 10
-1.3230426894106013
 20
11.401446823085713
 30
20.5
 10
-1.3230426894106013
 20
11.401446823085713
 30
19.599999999999998
 10
-2.1715574274765834
 20
11.710280931077914
 30
19.599999999999998
 10
-1.3230426894106013
 20
11.401446823085713
 30
20.5
 10
-0.42007216554256444
 20
11.401446823085713
 30
20.5
 10
-0.42007216554256444
 20
11.401446823085713
 30
19.599999999999998
 10
-1.3230426894106013
 20
11.401446823085713
 30
19.599999999999998
 10
-0.42007216554256444
 20
11.401446823085713
 30
20.5
 10
0.4284425725234159
 20
11.710280931077914
 30
20.5
 10
0.4284425725234159
 20
11.710280931077914
 30
19.599999999999998
 10
-0.42007216554256444
 20
11.401446823085713
 30
19.599999999999998
 10
0.4284425725234159
 20
11.710280931077914
 30
20.5
 10
1.12015812463276
 20
12.290699195732453
 30
20.5
 10
1.12015812463276
 20
12.290699195732453
 30
19.599999999999998
 10
0.4284425725234159
 20
11.710280931077914
 30
19.599999999999998
 10
1.12015812463276
 20
12.290699195732453
 30
20.5
 10
1.5716433865667798
 20
13.072694608270716
 30
20.5
 10
1.5716433865667798
 20
13.072694608270716
 30
19.599999999999998
 10
1.12015812463276
 20
12.290699195732453
 30
19.599999999999998
 10
1.5716433865667798
 20
13.072694608270716
 30
20.5
 10
1.7284425725234178
 20
13.961946980917455
 30
20.5
 10
1.7284425725234178
 20
13.961946980917455
 30
19.599999999999998
 10
1.5716433865667798
 20
13.072694608270716
 30
19.599999999999998
 10
1.7284425725234178
 20
13.961946980917455
 30
19.599999999999998
 10
1.5716433865667798
 20
14.851199353564194
 30
19.599999999999998
 10
-0.8715574274765824
 20
13.961946980917455
 30
19.599999999999998
 10
1.5716433865667798
 20
14.851199353564194
 30
19.599999999999998
 10
1.1201581246327605
 20
15.633194766102458
 30
19.599999999999998
 10
-0.8715574274765824
 20
13.961946980917455
 30
19.599999999999998
 10
1.1201581246327605
 20
15.633194766102458
 30
19.599999999999998
 10
0.4284425725234179
 20
16.213613030756996
 30
19.599999999999998
 10
-0.8715574274765824
 20
13.961946980917455
 30
19.599999999999998
 10
0.4284425725234179
 20
16.213613030756996
 30
19.599999999999998
 10
-0.42007216554256327
 20
16.522447138749197
 30
19.599999999999998
 10
-0.8715574274765824
 20
13.961946980917455
 30
19.599999999999998
 10
-0.42007216554256327
 20
16.522447138749197
 30
19.599999999999998
 10
-1.323042689410601
 20
16.522447138749197
 30
19.599999999999998
 10
-0.8715574274765824
 20
13.961946980917455
 30
19.599999999999998
 10
-1.323042689410601
 20
16.522447138749197
 30
19.599999999999998
 10
-2.1715574274765816
 20
16.213613030756996
 30
19.599999999999998
 10
-0.8715574274765824
 20
13.961946980917455
 30
19.599999999999998
 10
-2.1715574274765816
 20
16.213613030756996
 30
19.599999999999998
 10
-2.863272979585925
 20
15.633194766102458
 30
19.599999999999998
 10
-0.8715574274765824
 20
13.961946980917455
 30
19.599999999999998
 10
-2.863272979585925
 20
15.633194766102458
 30
19.599999999999998
 10
-3.314758241519944
 20
14.851199353564194
 30
19.599999999999998
 10
-0.8715574274765824
 20
13.961946980917455
 30
19.599999999999998
 10
-3.314758241519944
 20
14.851199353564194
 30
19.599999999999998
 10
-3.4715574274765824
 20
13.961946980917455
 30
19.599999999999998
 10
-0.8715574274765824
 20
13.961946980917455
 30
19.599999999999998
 10
-3.4715574274765824
 20
13.961946980917455
 30
19.599999999999998
 10
-3.3147582415199444
 20
13.072694608270716
 30
19.599999999999998
 10
-0.8715574274765824
 20
13.961946980917455
 30
19.599999999999998
 10
-3.3147582415199444
 20
13.072694608270716
 30
19.599999999999998
 10
-2.863272979585926
 20
12.290699195732454
 30
19.599999999999998
 10
-0.8715574274765824
 20
13.961946980917455
 30
19.599999999999998
 10
-2.863272979585926
 20
12.290699195732454
 30
19.599999999999998
 10
-2.1715574274765834
 20
11.710280931077914
 30
19.599999999999998
 10
-0.8715574274765824
 20
13.961946980917455
 30
19.599999999999998
 10
-2.1715574274765834
 20
11.710280931077914
 30
19.599999999999998
 10
-1.3230426894106013
 20
11.401446823085713
 30
19.599999999999998
 10
-0.8715574274765824
 20
13.961946980917455
 30
19.599999999999998
 10
-1.3230426894106013
 20
11.401446823085713
 30
19.599999999999998
 10
-0.42007216554256444
 20
11.401446823085713
 30
19.599999999999998
 10
-0.8715574274765824
 20
13.961946980917455
 30
19.599999999999998
 10
-0.42007216554256444
 20
11.401446823085713
 30
19.599999999999998
 10
0.4284425725234159
 20
11.710280931077914
 30
19.599999999999998
 10
-0.8715574274765824
 20
13.961946980917455
 30
19.599999999999998
 10
0.4284425725234159
 20
11.710280931077914
 30
19.599999999999998
 10
1.12015812463276
 20
12.290699195732453
 30
19.599999999999998
 10
-0.8715574274765824
 20
13.961946980917455
 30
19.599999999999998
 10
1.12015812463276
 20
12.290699195732453
 30
19.599999999999998
 10
1.5716433865667798
 20
13.072694608270716
 30
19.599999999999998
 10
-0.8715574274765824
 20
13.961946980917455
 30
19.599999999999998
 10
1.5716433865667798
 20
13.072694608270716
 30
19.599999999999998
 10
1.7284425725234178
 20
13.961946980917455
 30
19.599999999999998
 10
-0.8715574274765824
 20
13.961946980917455
 30
19.599999999999998
 10
-3.7587704831436333
 20
5.3680805733026755
 30
23.9
 10
-2.7720932313184297
 20
5.727201723794628
 30
23.7
 10
-2.7087704831436334
 20
5.3680805733026755
 30
23.7
 10
-3.7587704831436333
 20
5.3680805733026755
 30
23.9
 10
-2.9544238178687063
 20
6.043007563473542
 30
23.7
 10
-2.7720932313184297
 20
5.727201723794628
 30
23.7
 10
-3.7587704831436333
 20
5.3680805733026755
 30
23.9
 10
-3.2337704831436334
 20
6.277407247276336
 30
23.7
 10
-2.9544238178687063
 20
6.043007563473542
 30
23.7
 10
-3.7587704831436333
 20
5.3680805733026755
 30
23.9
 10
-3.5764398965933566
 20
6.402128713965494
 30
23.7
 10
-3.2337704831436334
 20
6.277407247276336
 30
23.7
 10
-3.7587704831436333
 20
5.3680805733026755
 30
23.9
 10
-3.94110106969391
 20
6.402128713965494
 30
23.7
 10
-3.5764398965933566
 20
6.402128713965494
 30
23.7
 10
-3.7587704831436333
 20
5.3680805733026755
 30
23.9
 10
-4.283770483143633
 20
6.2774072472763365
 30
23.7
 10
-3.94110106969391
 20
6.402128713965494
 30
23.7
 10
-3.7587704831436333
 20
5.3680805733026755
 30
23.9
 10
-4.56311714841856
 20
6.043007563473542
 30
23.7
 10
-4.283770483143633
 20
6.2774072472763365
 30
23.7
 10
-3.7587704831436333
 20
5.3680805733026755
 30
23.9
 10
-4.745447734968836
 20
5.727201723794628
 30
23.7
 10
-4.56311714841856
 20
6.043007563473542
 30
23.7
 10
-3.7587704831436333
 20
5.3680805733026755
 30
23.9
 10
-4.808770483143633
 20
5.3680805733026755
 30
23.7
 10
-4.745447734968836
 20
5.727201723794628
 30
23.7
 10
-3.7587704831436333
 20
5.3680805733026755
 30
23.9
 10
-4.745447734968837
 20
5.008959422810723
 30
23.7
 10
-4.808770483143633
 20
5.3680805733026755
 30
23.7
 10
-3.7587704831436333
 20
5.3680805733026755
 30
23.9
 10
-4.56311714841856
 20
4.69315358313181
 30
23.7
 10
-4.745447734968837
 20
5.008959422810723
 30
23.7
 10
-3.7587704831436333
 20
5.3680805733026755
 30
23.9
 10
-4.283770483143634
 20
4.4587538993290154
 30
23.7
 10
-4.56311714841856
 20
4.69315358313181
 30
23.7
 10
-3.7587704831436333
 20
5.3680805733026755
 30
23.9
 10
-3.94110106969391
 20
4.334032432639857
 30
23.7
 10
-4.283770483143634
 20
4.4587538993290154
 30
23.7
 10
-3.7587704831436333
 20
5.3680805733026755
 30
23.9
 10
-3.576439896593357
 20
4.334032432639857
 30
23.7
 10
-3.94110106969391
 20
4.334032432639857
 30
23.7
 10
-3.7587704831436333
 20
5.3680805733026755
 30
23.9
 10
-3.2337704831436342
 20
4.458753899329015
 30
23.7
 10
-3.576439896593357
 20
4.334032432639857
 30
23.7
 10
-3.7587704831436333
 20
5.3680805733026755
 30
23.9
 10
-2.954423817868707
 20
4.693153583131809
 30
23.7
 10
-3.2337704831436342
 20
4.458753899329015
 30
23.7
 10
-3.7587704831436333
 20
5.3680805733026755
 30
23.9
 10
-2.7720932313184297
 20
5.008959422810723
 30
23.7
 10
-2.954423817868707
 20
4.693153583131809
 30
23.7
 10
-3.7587704831436333
 20
5.3680805733026755
 30
23.9
 10
-2.7087704831436334
 20
5.3680805733026755
 30
23.7
 10
-2.7720932313184297
 20
5.008959422810723
 30
23.7
 10
-2.7087704831436334
 20
5.3680805733026755
 30
23.7
 10
-2.7720932313184297
 20
5.727201723794628
 30
23.7
 10
-2.3492315519647704
 20
5.881110788291179
 30
23.1
 10
-2.2587704831436333
 20
5.3680805733026755
 30
23.1
 10
-2.7720932313184297
 20
5.727201723794628
 30
23.7
 10
-2.9544238178687063
 20
6.043007563473542
 30
23.7
 10
-2.6097038184651664
 20
6.332261987832484
 30
23.1
 10
-2.3492315519647704
 20
5.881110788291179
 30
23.1
 10
-2.9544238178687063
 20
6.043007563473542
 30
23.7
 10
-3.2337704831436334
 20
6.277407247276336
 30
23.7
 10
-3.008770483143633
 20
6.6671186789793335
 30
23.1
 10
-2.6097038184651664
 20
6.332261987832484
 30
23.1
 10
-3.2337704831436334
 20
6.277407247276336
 30
23.7
 10
-3.5764398965933566
 20
6.402128713965494
 30
23.7
 10
-3.4982982166432377
 20
6.845292202820987
 30
23.1
 10
-3.008770483143633
 20
6.6671186789793335
 30
23.1
 10
-3.5764398965933566
 20
6.402128713965494
 30
23.7
 10
-3.94110106969391
 20
6.402128713965494
 30
23.7
 10
-4.019242749644029
 20
6.845292202820987
 30
23.1
 10
-3.4982982166432377
 20
6.845292202820987
 30
23.1
 10
-3.94110106969391
 20
6.402128713965494
 30
23.7
 10
-4.283770483143633
 20
6.2774072472763365
 30
23.7
 10
-4.508770483143633
 20
6.6671186789793335
 30
23.1
 10
-4.019242749644029
 20
6.845292202820987
 30
23.1
 10
-4.283770483143633
 20
6.2774072472763365
 30
23.7
 10
-4.56311714841856
 20
6.043007563473542
 30
23.7
 10
-4.9078371478221
 20
6.332261987832485
 30
23.1
 10
-4.508770483143633
 20
6.6671186789793335
 30
23.1
 10
-4.56311714841856
 20
6.043007563473542
 30
23.7
 10
-4.745447734968836
 20
5.727201723794628
 30
23.7
 10
-5.168309414322495
 20
5.881110788291179
 30
23.1
 10
-4.9078371478221
 20
6.332261987832485
 30
23.1
 10
-4.745447734968836
 20
5.727201723794628
 30
23.7
 10
-4.808770483143633
 20
5.3680805733026755
 30
23.7
 10
-5.258770483143634
 20
5.3680805733026755
 30
23.1
 10
-5.168309414322495
 20
5.881110788291179
 30
23.1
 10
-4.808770483143633
 20
5.3680805733026755
 30
23.7
 10
-4.745447734968837
 20
5.008959422810723
 30
23.7
 10
-5.168309414322496
 20
4.855050358314172
 30
23.1
 10
-5.258770483143634
 20
5.3680805733026755
 30
23.1
 10
-4.745447734968837
 20
5.008959422810723
 30
23.7
 10
-4.56311714841856
 20
4.69315358313181
 30
23.7
 10
-4.907837147822101
 20
4.403899158772867
 30
23.1
 10
-5.168309414322496
 20
4.855050358314172
 30
23.1
 10
-4.56311714841856
 20
4.69315358313181
 30
23.7
 10
-4.283770483143634
 20
4.4587538993290154
 30
23.7
 10
-4.508770483143634
 20
4.0690424676260175
 30
23.1
 10
-4.907837147822101
 20
4.403899158772867
 30
23.1
 10
-4.283770483143634
 20
4.4587538993290154
 30
23.7
 10
-3.94110106969391
 20
4.334032432639857
 30
23.7
 10
-4.019242749644029
 20
3.8908689437843638
 30
23.1
 10
-4.508770483143634
 20
4.0690424676260175
 30
23.1
 10
-3.94110106969391
 20
4.334032432639857
 30
23.7
 10
-3.576439896593357
 20
4.334032432639857
 30
23.7
 10
-3.498298216643238
 20
3.8908689437843633
 30
23.1
 10
-4.019242749644029
 20
3.8908689437843638
 30
23.1
 10
-3.576439896593357
 20
4.334032432639857
 30
23.7
 10
-3.2337704831436342
 20
4.458753899329015
 30
23.7
 10
-3.008770483143634
 20
4.0690424676260175
 30
23.1
 10
-3.498298216643238
 20
3.8908689437843633
 30
23.1
 10
-3.2337704831436342
 20
4.458753899329015
 30
23.7
 10
-2.954423817868707
 20
4.693153583131809
 30
23.7
 10
-2.6097038184651664
 20
4.403899158772866
 30
23.1
 10
-3.008770483143634
 20
4.0690424676260175
 30
23.1
 10
-2.954423817868707
 20
4.693153583131809
 30
23.7
 10
-2.7720932313184297
 20
5.008959422810723
 30
23.7
 10
-2.3492315519647704
 20
4.855050358314172
 30
23.1
 10
-2.6097038184651664
 20
4.403899158772866
 30
23.1
 10
-2.7720932313184297
 20
5.008959422810723
 30
23.7
 10
-2.7087704831436334
 20
5.3680805733026755
 30
23.7
 10
-2.2587704831436333
 20
5.3680805733026755
 30
23.1
 10
-2.3492315519647704
 20
4.855050358314172
 30
23.1
 10
-2.2587704831436333
 20
5.3680805733026755
 30
23.1
 10
-2.3492315519647704
 20
5.881110788291179
 30
23.1
 10
-2.3492315519647704
 20
5.881110788291179
 30
22.2
 10
-2.2587704831436333
 20
5.3680805733026755
 30
22.2
 10
-2.3492315519647704
 20
5.881110788291179
 30
23.1
 10
-2.6097038184651664
 20
6.332261987832484
 30
23.1
 10
-2.6097038184651664
 20
6.332261987832484
 30
22.2
 10
-2.3492315519647704
 20
5.881110788291179
 30
22.2
 10
-2.6097038184651664
 20
6.332261987832484
 30
23.1
 10
-3.008770483143633
 20
6.6671186789793335
 30
23.1
 10
-3.008770483143633
 20
6.6671186789793335
 30
22.2
 10
-2.6097038184651664
 20
6.332261987832484
 30
22.2
 10
-3.008770483143633
 20
6.6671186789793335
 30
23.1
 10
-3.4982982166432377
 20
6.845292202820987
 30
23.1
 10
-3.4982982166432377
 20
6.845292202820987
 30
22.2
 10
-3.008770483143633
 20
6.6671186789793335
 30
22.2
 10
-3.4982982166432377
 20
6.845292202820987
 30
23.1
 10
-4.019242749644029
 20
6.845292202820987
 30
23.1
 10
-4.019242749644029
 20
6.845292202820987
 30
22.2
 10
-3.4982982166432377
 20
6.845292202820987
 30
22.2
 10
-4.019242749644029
 20
6.845292202820987
 30
23.1
 10
-4.508770483143633
 20
6.6671186789793335
 30
23.1
 10
-4.508770483143633
 20
6.6671186789793335
 30
22.2
 10
-4.019242749644029
 20
6.845292202820987
 30
22.2
 10
-4.508770483143633
 20
6.6671186789793335
 30
23.1
 10
-4.9078371478221
 20
6.332261987832485
 30
23.1
 10
-4.9078371478221
 20
6.332261987832485
 30
22.2
 10
-4.508770483143633
 20
6.6671186789793335
 30
22.2
 10
-4.9078371478221
 20
6.332261987832485
 30
23.1
 10
-5.168309414322495
 20
5.881110788291179
 30
23.1
 10
-5.168309414322495
 20
5.881110788291179
 30
22.2
 10
-4.9078371478221
 20
6.332261987832485
 30
22.2
 10
-5.168309414322495
 20
5.881110788291179
 30
23.1
 10
-5.258770483143634
 20
5.3680805733026755
 30
23.1
 10
-5.258770483143634
 20
5.3680805733026755
 30
22.2
 10
-5.168309414322495
 20
5.881110788291179
 30
22.2
 10
-5.258770483143634
 20
5.3680805733026755
 30
23.1
 10
-5.168309414322496
 20
4.855050358314172
 30
23.1
 10
-5.168309414322496
 20
4.855050358314172
 30
22.2
 10
-5.258770483143634
 20
5.3680805733026755
 30
22.2
 10
-5.168309414322496
 20
4.855050358314172
 30
23.1
 10
-4.907837147822101
 20
4.403899158772867
 30
23.1
 10
-4.907837147822101
 20
4.403899158772867
 30
22.2
 10
-5.168309414322496
 20
4.855050358314172
 30
22.2
 10
-4.907837147822101
 20
4.403899158772867
 30
23.1
 10
-4.508770483143634
 20
4.0690424676260175
 30
23.1
 10
-4.508770483143634
 20
4.0690424676260175
 30
22.2
 10
-4.907837147822101
 20
4.403899158772867
 30
22.2
 10
-4.508770483143634
 20
4.0690424676260175
 30
23.1
 10
-4.019242749644029
 20
3.8908689437843638
 30
23.1
 10
-4.019242749644029
 20
3.8908689437843638
 30
22.2
 10
-4.508770483143634
 20
4.0690424676260175
 30
22.2
 10
-4.019242749644029
 20
3.8908689437843638
 30
23.1
 10
-3.498298216643238
 20
3.8908689437843633
 30
23.1
 10
-3.498298216643238
 20
3.8908689437843633
 30
22.2
 10
-4.019242749644029
 20
3.8908689437843638
 30
22.2
 10
-3.498298216643238
 20
3.8908689437843633
 30
23.1
 10
-3.008770483143634
 20
4.0690424676260175
 30
23.1
 10
-3.008770483143634
 20
4.0690424676260175
 30
22.2
 10
-3.498298216643238
 20
3.8908689437843633
 30
22.2
 10
-3.008770483143634
 20
4.0690424676260175
 30
23.1
 10
-2.6097038184651664
 20
4.403899158772866
 30
23.1
 10
-2.6097038184651664
 20
4.403899158772866
 30
22.2
 10
-3.008770483143634
 20
4.0690424676260175
 30
22.2
 10
-2.6097038184651664
 20
4.403899158772866
 30
23.1
 10
-2.3492315519647704
 20
4.855050358314172
 30
23.1
 10
-2.3492315519647704
 20
4.855050358314172
 30
22.2
 10
-2.6097038184651664
 20
4.403899158772866
 30
22.2
 10
-2.3492315519647704
 20
4.855050358314172
 30
23.1
 10
-2.2587704831436333
 20
5.3680805733026755
 30
23.1
 10
-2.2587704831436333
 20
5.3680805733026755
 30
22.2
 10
-2.3492315519647704
 20
4.855050358314172
 30
22.2
 10
-2.2587704831436333
 20
5.3680805733026755
 30
22.2
 10
-2.3492315519647704
 20
5.881110788291179
 30
22.2
 10
-3.7587704831436333
 20
5.3680805733026755
 30
22.2
 10
-2.3492315519647704
 20
5.881110788291179
 30
22.2
 10
-2.6097038184651664
 20
6.332261987832484
 30
22.2
 10
-3.7587704831436333
 20
5.3680805733026755
 30
22.2
 10
-2.6097038184651664
 20
6.332261987832484
 30
22.2
 10
-3.008770483143633
 20
6.6671186789793335
 30
22.2
 10
-3.7587704831436333
 20
5.3680805733026755
 30
22.2
 10
-3.008770483143633
 20
6.6671186789793335
 30
22.2
 10
-3.4982982166432377
 20
6.845292202820987
 30
22.2
 10
-3.7587704831436333
 20
5.3680805733026755
 30
22.2
 10
-3.4982982166432377
 20
6.845292202820987
 30
22.2
 10
-4.019242749644029
 20
6.845292202820987
 30
22.2
 10
-3.7587704831436333
 20
5.3680805733026755
 30
22.2
 10
-4.019242749644029
 20
6.845292202820987
 30
22.2
 10
-4.508770483143633
 20
6.6671186789793335
 30
22.2
 10
-3.7587704831436333
 20
5.3680805733026755
 30
22.2
 10
-4.508770483143633
 20
6.6671186789793335
 30
22.2
 10
-4.9078371478221
 20
6.332261987832485
 30
22.2
 10
-3.7587704831436333
 20
5.3680805733026755
 30
22.2
 10
-4.9078371478221
 20
6.332261987832485
 30
22.2
 10
-5.168309414322495
 20
5.881110788291179
 30
22.2
 10
-3.7587704831436333
 20
5.3680805733026755
 30
22.2
 10
-5.168309414322495
 20
5.881110788291179
 30
22.2
 10
-5.258770483143634
 20
5.3680805733026755
 30
22.2
 10
-3.7587704831436333
 20
5.3680805733026755
 30
22.2
 10
-5.258770483143634
 20
5.3680805733026755
 30
22.2
 10
-5.168309414322496
 20
4.855050358314172
 30
22.2
 10
-3.7587704831436333
 20
5.3680805733026755
 30
22.2
 10
-5.168309414322496
 20
4.855050358314172
 30
22.2
 10
-4.907837147822101
 20
4.403899158772867
 30
22.2
 10
-3.7587704831436333
 20
5.3680805733026755
 30
22.2
 10
-4.907837147822101
 20
4.403899158772867
 30
22.2
 10
-4.508770483143634
 20
4.0690424676260175
 30
22.2
 10
-3.7587704831436333
 20
5.3680805733026755
 30
22.2
 10
-4.508770483143634
 20
4.0690424676260175
 30
22.2
 10
-4.019242749644029
 20
3.8908689437843638
 30
22.2
 10
-3.7587704831436333
 20
5.3680805733026755
 30
22.2
 10
-4.019242749644029
 20
3.8908689437843638
 30
22.2
 10
-3.498298216643238
 20
3.8908689437843633
 30
22.2
 10
-3.7587704831436333
 20
5.3680805733026755
 30
22.2
 10
-3.498298216643238
 20
3.8908689437843633
 30
22.2
 10
-3.008770483143634
 20
4.0690424676260175
 30
22.2
 10
-3.7587704831436333
 20
5.3680805733026755
 30
22.2
 10
-3.008770483143634
 20
4.0690424676260175
 30
22.2
 10
-2.6097038184651664
 20
4.403899158772866
 30
22.2
 10
-3.7587704831436333
 20
5.3680805733026755
 30
22.2
 10
-2.6097038184651664
 20
4.403899158772866
 30
22.2
 10
-2.3492315519647704
 20
4.855050358314172
 30
22.2
 10
-3.7587704831436333
 20
5.3680805733026755
 30
22.2
 10
-2.3492315519647704
 20
4.855050358314172
 30
22.2
 10
-2.2587704831436333
 20
5.3680805733026755
 30
22.2
 10
-3.7587704831436333
 20
5.3680805733026755
 30
22.2
 10
-9.959292143521044
 20
-1.7500000000000009
 30
20.099999999999998
 10
-8.512165507510744
 20
-1.223288979278471
 30
19.9
 10
-8.419292143521044
 20
-1.7500000000000009
 30
19.9
 10
-9.959292143521044
 20
-1.7500000000000009
 30
20.099999999999998
 10
-8.779583701117817
 20
-0.7601070810827304
 30
19.9
 10
-8.512165507510744
 20
-1.223288979278471
 30
19.9
 10
-9.959292143521044
 20
-1.7500000000000009
 30
20.099999999999998
 10
-9.189292143521044
 20
-0.4163208781719654
 30
19.9
 10
-8.779583701117817
 20
-0.7601070810827304
 30
19.9
 10
-9.959292143521044
 20
-1.7500000000000009
 30
20.099999999999998
 10
-9.69187394991397
 20
-0.23339606036120042
 30
19.9
 10
-9.189292143521044
 20
-0.4163208781719654
 30
19.9
 10
-9.959292143521044
 20
-1.7500000000000009
 30
20.099999999999998
 10
-10.226710337128116
 20
-0.23339606036120042
 30
19.9
 10
-9.69187394991397
 20
-0.23339606036120042
 30
19.9
 10
-9.959292143521044
 20
-1.7500000000000009
 30
20.099999999999998
 10
-10.729292143521043
 20
-0.41632087817196517
 30
19.9
 10
-10.226710337128116
 20
-0.23339606036120042
 30
19.9
 10
-9.959292143521044
 20
-1.7500000000000009
 30
20.099999999999998
 10
-11.13900058592427
 20
-0.7601070810827301
 30
19.9
 10
-10.729292143521043
 20
-0.41632087817196517
 30
19.9
 10
-9.959292143521044
 20
-1.7500000000000009
 30
20.099999999999998
 10
-11.406418779531343
 20
-1.223288979278471
 30
19.9
 10
-11.13900058592427
 20
-0.7601070810827301
 30
19.9
 10
-9.959292143521044
 20
-1.7500000000000009
 30
20.099999999999998
 10
-11.499292143521043
 20
-1.7500000000000007
 30
19.9
 10
-11.406418779531343
 20
-1.223288979278471
 30
19.9
 10
-9.959292143521044
 20
-1.7500000000000009
 30
20.099999999999998
 10
-11.406418779531343
 20
-2.276711020721531
 30
19.9
 10
-11.499292143521043
 20
-1.7500000000000007
 30
19.9
 10
-9.959292143521044
 20
-1.7500000000000009
 30
20.099999999999998
 10
-11.13900058592427
 20
-2.739892918917271
 30
19.9
 10
-11.406418779531343
 20
-2.276711020721531
 30
19.9
 10
-9.959292143521044
 20
-1.7500000000000009
 30
20.099999999999998
 10
-10.729292143521045
 20
-3.0836791218280357
 30
19.9
 10
-11.13900058592427
 20
-2.739892918917271
 30
19.9
 10
-9.959292143521044
 20
-1.7500000000000009
 30
20.099999999999998
 10
-10.226710337128116
 20
-3.2666039396388014
 30
19.9
 10
-10.729292143521045
 20
-3.0836791218280357
 30
19.9
 10
-9.959292143521044
 20
-1.7500000000000009
 30
20.099999999999998
 10
-9.69187394991397
 20
-3.2666039396388014
 30
19.9
 10
-10.226710337128116
 20
-3.2666039396388014
 30
19.9
 10
-9.959292143521044
 20
-1.7500000000000009
 30
20.099999999999998
 10
-9.189292143521044
 20
-3.083679121828037
 30
19.9
 10
-9.69187394991397
 20
-3.2666039396388014
 30
19.9
 10
-9.959292143521044
 20
-1.7500000000000009
 30
20.099999999999998
 10
-8.779583701117819
 20
-2.739892918917272
 30
19.9
 10
-9.189292143521044
 20
-3.083679121828037
 30
19.9
 10
-9.959292143521044
 20
-1.7500000000000009
 30
20.099999999999998
 10
-8.512165507510744
 20
-2.2767110207215304
 30
19.9
 10
-8.779583701117819
 20
-2.739892918917272
 30
19.9
 10
-9.959292143521044
 20
-1.7500000000000009
 30
20.099999999999998
 10
-8.419292143521044
 20
-1.7500000000000009
 30
19.9
 10
-8.512165507510744
 20
-2.2767110207215304
 30
19.9
 10
-8.419292143521044
 20
-1.7500000000000009
 30
19.9
 10
-8.512165507510744
 20
-1.223288979278471
 30
19.9
 10
-7.891968377792045
 20
-0.9975556846835296
 30
19.3
 10
-7.759292143521043
 20
-1.7500000000000009
 30
19.3
 10
-8.512165507510744
 20
-1.223288979278471
 30
19.9
 10
-8.779583701117817
 20
-0.7601070810827304
 30
19.9
 10
-8.273994368659292
 20
-0.3358672586896143
 30
19.3
 10
-7.891968377792045
 20
-0.9975556846835296
 30
19.3
 10
-8.779583701117817
 20
-0.7601070810827304
 30
19.9
 10
-9.189292143521044
 20
-0.4163208781719654
 30
19.9
 10
-8.859292143521044
 20
0.1552558883257642
 30
19.3
 10
-8.273994368659292
 20
-0.3358672586896143
 30
19.3
 10
-9.189292143521044
 20
-0.4163208781719654
 30
19.9
 10
-9.69187394991397
 20
-0.23339606036120042
 30
19.9
 10
-9.577266152653797
 20
0.41657705662685673
 30
19.3
 10
-8.859292143521044
 20
0.1552558883257642
 30
19.3
 10
-9.69187394991397
 20
-0.23339606036120042
 30
19.9
 10
-10.226710337128116
 20
-0.23339606036120042
 30
19.9
 10
-10.34131813438829
 20
0.41657705662685673
 30
19.3
 10
-9.577266152653797
 20
0.41657705662685673
 30
19.3
 10
-10.226710337128116
 20
-0.23339606036120042
 30
19.9
 10
-10.729292143521043
 20
-0.41632087817196517
 30
19.9
 10
-11.059292143521043
 20
0.15525588832576442
 30
19.3
 10
-10.34131813438829
 20
0.41657705662685673
 30
19.3
 10
-10.729292143521043
 20
-0.41632087817196517
 30
19.9
 10
-11.13900058592427
 20
-0.7601070810827301
 30
19.9
 10
-11.644589918382795
 20
-0.33586725868961387
 30
19.3
 10
-11.059292143521043
 20
0.15525588832576442
 30
19.3
 10
-11.13900058592427
 20
-0.7601070810827301
 30
19.9
 10
-11.406418779531343
 20
-1.223288979278471
 30
19.9
 10
-12.026615909250042
 20
-0.9975556846835293
 30
19.3
 10
-11.644589918382795
 20
-0.33586725868961387
 30
19.3
 10
-11.406418779531343
 20
-1.223288979278471
 30
19.9
 10
-11.499292143521043
 20
-1.7500000000000007
 30
19.9
 10
-12.159292143521043
 20
-1.7500000000000007
 30
19.3
 10
-12.026615909250042
 20
-0.9975556846835293
 30
19.3
 10
-11.499292143521043
 20
-1.7500000000000007
 30
19.9
 10
-11.406418779531343
 20
-2.276711020721531
 30
19.9
 10
-12.026615909250042
 20
-2.502444315316472
 30
19.3
 10
-12.159292143521043
 20
-1.7500000000000007
 30
19.3
 10
-11.406418779531343
 20
-2.276711020721531
 30
19.9
 10
-11.13900058592427
 20
-2.739892918917271
 30
19.9
 10
-11.644589918382795
 20
-3.164132741310387
 30
19.3
 10
-12.026615909250042
 20
-2.502444315316472
 30
19.3
 10
-11.13900058592427
 20
-2.739892918917271
 30
19.9
 10
-10.729292143521045
 20
-3.0836791218280357
 30
19.9
 10
-11.059292143521045
 20
-3.6552558883257653
 30
19.3
 10
-11.644589918382795
 20
-3.164132741310387
 30
19.3
 10
-10.729292143521045
 20
-3.0836791218280357
 30
19.9
 10
-10.226710337128116
 20
-3.2666039396388014
 30
19.9
 10
-10.34131813438829
 20
-3.9165770566268585
 30
19.3
 10
-11.059292143521045
 20
-3.6552558883257653
 30
19.3
 10
-10.226710337128116
 20
-3.2666039396388014
 30
19.9
 10
-9.69187394991397
 20
-3.2666039396388014
 30
19.9
 10
-9.577266152653797
 20
-3.916577056626859
 30
19.3
 10
-10.34131813438829
 20
-3.9165770566268585
 30
19.3
 10
-9.69187394991397
 20
-3.2666039396388014
 30
19.9
 10
-9.189292143521044
 20
-3.083679121828037
 30
19.9
 10
-8.859292143521046
 20
-3.655255888325767
 30
19.3
 10
-9.577266152653797
 20
-3.916577056626859
 30
19.3
 10
-9.189292143521044
 20
-3.083679121828037
 30
19.9
 10
-8.779583701117819
 20
-2.739892918917272
 30
19.9
 10
-8.273994368659292
 20
-3.164132741310388
 30
19.3
 10
-8.859292143521046
 20
-3.655255888325767
 30
19.3
 10
-8.779583701117819
 20
-2.739892918917272
 30
19.9
 10
-8.512165507510744
 20
-2.2767110207215304
 30
19.9
 10
-7.891968377792045
 20
-2.5024443153164717
 30
19.3
 10
-8.273994368659292
 20
-3.164132741310388
 30
19.3
 10
-8.512165507510744
 20
-2.2767110207215304
 30
19.9
 10
-8.419292143521044
 20
-1.7500000000000009
 30
19.9
 10
-7.759292143521043
 20
-1.7500000000000009
 30
19.3
 10
-7.891968377792045
 20
-2.5024443153164717
 30
19.3
 10
-7.759292143521043
 20
-1.7500000000000009
 30
19.3
 10
-7.891968377792045
 20
-0.9975556846835296
 30
19.3
 10
-7.891968377792045
 20
-0.9975556846835296
 30
18.4
 10
-7.759292143521043
 20
-1.7500000000000009
 30
18.4
 10
-7.891968377792045
 20
-0.9975556846835296
 30
19.3
 10
-8.273994368659292
 20
-0.3358672586896143
 30
19.3
 10
-8.273994368659292
 20
-0.3358672586896143
 30
18.4
 10
-7.891968377792045
 20
-0.9975556846835296
 30
18.4
 10
-8.273994368659292
 20
-0.3358672586896143
 30
19.3
 10
-8.859292143521044
 20
0.1552558883257642
 30
19.3
 10
-8.859292143521044
 20
0.1552558883257642
 30
18.4
 10
-8.273994368659292
 20
-0.3358672586896143
 30
18.4
 10
-8.859292143521044
 20
0.1552558883257642
 30
19.3
 10
-9.577266152653797
 20
0.41657705662685673
 30
19.3
 10
-9.577266152653797
 20
0.41657705662685673
 30
18.4
 10
-8.859292143521044
 20
0.1552558883257642
 30
18.4
 10
-9.577266152653797
 20
0.41657705662685673
 30
19.3
 10
-10.34131813438829
 20
0.41657705662685673
 30
19.3
 10
-10.34131813438829
 20
0.41657705662685673
 30
18.4
 10
-9.577266152653797
 20
0.41657705662685673
 30
18.4
 10
-10.34131813438829
 20
0.41657705662685673
 30
19.3
 10
-11.059292143521043
 20
0.15525588832576442
 30
19.3
 10
-11.059292143521043
 20
0.15525588832576442
 30
18.4
 10
-10.34131813438829
 20
0.41657705662685673
 30
18.4
 10
-11.059292143521043
 20
0.15525588832576442
 30
19.3
 10
-11.644589918382795
 20
-0.33586725868961387
 30
19.3
 10
-11.644589918382795
 20
-0.33586725868961387
 30
18.4
 10
-11.059292143521043
 20
0.15525588832576442
 30
18.4
 10
-11.644589918382795
 20
-0.33586725868961387
 30
19.3
 10
-12.026615909250042
 20
-0.9975556846835293
 30
19.3
 10
-12.026615909250042
 20
-0.9975556846835293
 30
18.4
 10
-11.644589918382795
 20
-0.33586725868961387
 30
18.4
 10
-12.026615909250042
 20
-0.9975556846835293
 30
19.3
 10
-12.159292143521043
 20
-1.7500000000000007
 30
19.3
 10
-12.159292143521043
 20
-1.7500000000000007
 30
18.4
 10
-12.026615909250042
 20
-0.9975556846835293
 30
18.4
 10
-12.159292143521043
 20
-1.7500000000000007
 30
19.3
 10
-12.026615909250042
 20
-2.502444315316472
 30
19.3
 10
-12.026615909250042
 20
-2.502444315316472
 30
18.4
 10
-12.159292143521043
 20
-1.7500000000000007
 30
18.4
 10
-12.026615909250042
 20
-2.502444315316472
 30
19.3
 10
-11.644589918382795
 20
-3.164132741310387
 30
19.3
 10
-11.644589918382795
 20
-3.164132741310387
 30
18.4
 10
-12.026615909250042
 20
-2.502444315316472
 30
18.4
 10
-11.644589918382795
 20
-3.164132741310387
 30
19.3
 10
-11.059292143521045
 20
-3.6552558883257653
 30
19.3
 10
-11.059292143521045
 20
-3.6552558883257653
 30
18.4
 10
-11.644589918382795
 20
-3.164132741310387
 30
18.4
 10
-11.059292143521045
 20
-3.6552558883257653
 30
19.3
 10
-10.34131813438829
 20
-3.9165770566268585
 30
19.3
 10
-10.34131813438829
 20
-3.9165770566268585
 30
18.4
 10
-11.059292143521045
 20
-3.6552558883257653
 30
18.4
 10
-10.34131813438829
 20
-3.9165770566268585
 30
19.3
 10
-9.577266152653797
 20
-3.916577056626859
 30
19.3
 10
-9.577266152653797
 20
-3.916577056626859
 30
18.4
 10
-10.34131813438829
 20
-3.9165770566268585
 30
18.4
 10
-9.577266152653797
 20
-3.916577056626859
 30
19.3
 10
-8.859292143521046
 20
-3.655255888325767
 30
19.3
 10
-8.859292143521046
 20
-3.655255888325767
 30
18.4
 10
-9.577266152653797
 20
-3.916577056626859
 30
18.4
 10
-8.859292143521046
 20
-3.655255888325767
 30
19.3
 10
-8.273994368659292
 20
-3.164132741310388
 30
19.3
 10
-8.273994368659292
 20
-3.164132741310388
 30
18.4
 10
-8.859292143521046
 20
-3.655255888325767
 30
18.4
 10
-8.273994368659292
 20
-3.164132741310388
 30
19.3
 10
-7.891968377792045
 20
-2.5024443153164717
 30
19.3
 10
-7.891968377792045
 20
-2.5024443153164717
 30
18.4
 10
-8.273994368659292
 20
-3.164132741310388
 30
18.4
 10
-7.891968377792045
 20
-2.5024443153164717
 30
19.3
 10
-7.759292143521043
 20
-1.7500000000000009
 30
19.3
 10
-7.759292143521043
 20
-1.7500000000000009
 30
18.4
 10
-7.891968377792045
 20
-2.5024443153164717
 30
18.4
 10
-7.759292143521043
 20
-1.7500000000000009
 30
18.4
 10
-7.891968377792045
 20
-0.9975556846835296
 30
18.4
 10
-9.959292143521044
 20
-1.7500000000000009
 30
18.4
 10
-7.891968377792045
 20
-0.9975556846835296
 30
18.4
 10
-8.273994368659292
 20
-0.3358672586896143
 30
18.4
 10
-9.959292143521044
 20
-1.7500000000000009
 30
18.4
 10
-8.273994368659292
 20
-0.3358672586896143
 30
18.4
 10
-8.859292143521044
 20
0.1552558883257642
 30
18.4
 10
-9.959292143521044
 20
-1.7500000000000009
 30
18.4
 10
-8.859292143521044
 20
0.1552558883257642
 30
18.4
 10
-9.577266152653797
 20
0.41657705662685673
 30
18.4
 10
-9.959292143521044
 20
-1.7500000000000009
 30
18.4
 10
-9.577266152653797
 20
0.41657705662685673
 30
18.4
 10
-10.34131813438829
 20
0.41657705662685673
 30
18.4
 10
-9.959292143521044
 20
-1.7500000000000009
 30
18.4
 10
-10.34131813438829
 20
0.41657705662685673
 30
18.4
 10
-11.059292143521043
 20
0.15525588832576442
 30
18.4
 10
-9.959292143521044
 20
-1.7500000000000009
 30
18.4
 10
-11.059292143521043
 20
0.15525588832576442
 30
18.4
 10
-11.644589918382795
 20
-0.33586725868961387
 30
18.4
 10
-9.959292143521044
 20
-1.7500000000000009
 30
18.4
 10
-11.644589918382795
 20
-0.33586725868961387
 30
18.4
 10
-12.026615909250042
 20
-0.9975556846835293
 30
18.4
 10
-9.959292143521044
 20
-1.7500000000000009
 30
18.4
 10
-12.026615909250042
 20
-0.9975556846835293
 30
18.4
 10
-12.159292143521043
 20
-1.7500000000000007
 30
18.4
 10
-9.959292143521044
 20
-1.7500000000000009
 30
18.4
 10
-12.159292143521043
 20
-1.7500000000000007
 30
18.4
 10
-12.026615909250042
 20
-2.502444315316472
 30
18.4
 10
-9.959292143521044
 20
-1.7500000000000009
 30
18.4
 10
-12.026615909250042
 20
-2.502444315316472
 30
18.4
 10
-11.644589918382795
 20
-3.164132741310387
 30
18.4
 10
-9.959292143521044
 20
-1.7500000000000009
 30
18.4
 10
-11.644589918382795
 20
-3.164132741310387
 30
18.4
 10
-11.059292143521045
 20
-3.6552558883257653
 30
18.4
 10
-9.959292143521044
 20
-1.7500000000000009
 30
18.4
 10
-11.059292143521045
 20
-3.6552558883257653
 30
18.4
 10
-10.34131813438829
 20
-3.9165770566268585
 30
18.4
 10
-9.959292143521044
 20
-1.7500000000000009
 30
18.4
 10
-10.34131813438829
 20
-3.9165770566268585
 30
18.4
 10
-9.577266152653797
 20
-3.916577056626859
 30
18.4
 10
-9.959292143521044
 20
-1.7500000000000009
 30
18.4
 10
-9.577266152653797
 20
-3.916577056626859
 30
18.4
 10
-8.859292143521046
 20
-3.655255888325767
 30
18.4
 10
-9.959292143521044
 20
-1.7500000000000009
 30
18.4
 10
-8.859292143521046
 20
-3.655255888325767
 30
18.4
 10
-8.273994368659292
 20
-3.164132741310388
 30
18.4
 10
-9.959292143521044
 20
-1.7500000000000009
 30
18.4
 10
-8.273994368659292
 20
-3.164132741310388
 30
18.4
 10
-7.891968377792045
 20
-2.5024443153164717
 30
18.4
 10
-9.959292143521044
 20
-1.7500000000000009
 30
18.4
 10
-7.891968377792045
 20
-2.5024443153164717
 30
18.4
 10
-7.759292143521043
 20
-1.7500000000000009
 30
18.4
 10
-9.959292143521044
 20
-1.7500000000000009
 30
18.4
 10
0.6972459419812631
 20
-3.9695575847339644
 30
22.599999999999998
 10
2.2759295449015893
 20
-3.3949637439468408
 30
22.4
 10
2.377245941981263
 20
-3.9695575847339644
 30
22.4
 10
0.6972459419812631
 20
-3.9695575847339644
 30
22.599999999999998
 10
1.9842006064211462
 20
-2.8896744004605788
 30
22.4
 10
2.2759295449015893
 20
-3.3949637439468408
 30
22.4
 10
0.6972459419812631
 20
-3.9695575847339644
 30
22.599999999999998
 10
1.5372459419812632
 20
-2.5146349063761075
 30
22.4
 10
1.9842006064211462
 20
-2.8896744004605788
 30
22.4
 10
0.6972459419812631
 20
-3.9695575847339644
 30
22.599999999999998
 10
0.9889748804617062
 20
-2.315080559673455
 30
22.4
 10
1.5372459419812632
 20
-2.5146349063761075
 30
22.4
 10
0.6972459419812631
 20
-3.9695575847339644
 30
22.599999999999998
 10
0.4055170035008202
 20
-2.315080559673455
 30
22.4
 10
0.9889748804617062
 20
-2.315080559673455
 30
22.4
 10
0.6972459419812631
 20
-3.9695575847339644
 30
22.599999999999998
 10
-0.14275405801873653
 20
-2.5146349063761075
 30
22.4
 10
0.4055170035008202
 20
-2.315080559673455
 30
22.4
 10
0.6972459419812631
 20
-3.9695575847339644
 30
22.599999999999998
 10
-0.5897087224586197
 20
-2.889674400460578
 30
22.4
 10
-0.14275405801873653
 20
-2.5146349063761075
 30
22.4
 10
0.6972459419812631
 20
-3.9695575847339644
 30
22.599999999999998
 10
-0.8814376609390628
 20
-3.3949637439468408
 30
22.4
 10
-0.5897087224586197
 20
-2.889674400460578
 30
22.4
 10
0.6972459419812631
 20
-3.9695575847339644
 30
22.599999999999998
 10
-0.9827540580187368
 20
-3.9695575847339644
 30
22.4
 10
-0.8814376609390628
 20
-3.3949637439468408
 30
22.4
 10
0.6972459419812631
 20
-3.9695575847339644
 30
22.599999999999998
 10
-0.8814376609390631
 20
-4.544151425521088
 30
22.4
 10
-0.9827540580187368
 20
-3.9695575847339644
 30
22.4
 10
0.6972459419812631
 20
-3.9695575847339644
 30
22.599999999999998
 10
-0.5897087224586204
 20
-5.04944076900735
 30
22.4
 10
-0.8814376609390631
 20
-4.544151425521088
 30
22.4
 10
0.6972459419812631
 20
-3.9695575847339644
 30
22.599999999999998
 10
-0.14275405801873764
 20
-5.424480263091821
 30
22.4
 10
-0.5897087224586204
 20
-5.04944076900735
 30
22.4
 10
0.6972459419812631
 20
-3.9695575847339644
 30
22.599999999999998
 10
0.40551700350082015
 20
-5.624034609794474
 30
22.4
 10
-0.14275405801873764
 20
-5.424480263091821
 30
22.4
 10
0.6972459419812631
 20
-3.9695575847339644
 30
22.599999999999998
 10
0.9889748804617055
 20
-5.6240346097944744
 30
22.4
 10
0.40551700350082015
 20
-5.624034609794474
 30
22.4
 10
0.6972459419812631
 20
-3.9695575847339644
 30
22.599999999999998
 10
1.5372459419812619
 20
-5.424480263091822
 30
22.4
 10
0.9889748804617055
 20
-5.6240346097944744
 30
22.4
 10
0.6972459419812631
 20
-3.9695575847339644
 30
22.599999999999998
 10
1.9842006064211457
 20
-5.049440769007351
 30
22.4
 10
1.5372459419812619
 20
-5.424480263091822
 30
22.4
 10
0.6972459419812631
 20
-3.9695575847339644
 30
22.599999999999998
 10
2.2759295449015893
 20
-4.544151425521088
 30
22.4
 10
1.9842006064211457
 20
-5.049440769007351
 30
22.4
 10
0.6972459419812631
 20
-3.9695575847339644
 30
22.599999999999998
 10
2.377245941981263
 20
-3.9695575847339644
 30
22.4
 10
2.2759295449015893
 20
-4.544151425521088
 30
22.4
 10
2.377245941981263
 20
-3.9695575847339644
 30
22.4
 10
2.2759295449015893
 20
-3.3949637439468408
 30
22.4
 10
2.9525082318674434
 20
-3.1487092407523596
 30
21.8
 10
3.097245941981263
 20
-3.9695575847339644
 30
21.8
 10
2.2759295449015893
 20
-3.3949637439468408
 30
22.4
 10
1.9842006064211462
 20
-2.8896744004605788
 30
22.4
 10
2.5357526054668105
 20
-2.42686732148627
 30
21.8
 10
2.9525082318674434
 20
-3.1487092407523596
 30
21.8
 10
1.9842006064211462
 20
-2.8896744004605788
 30
22.4
 10
1.5372459419812632
 20
-2.5146349063761075
 30
22.4
 10
1.8972459419812633
 20
-1.8910966156513118
 30
21.8
 10
2.5357526054668105
 20
-2.42686732148627
 30
21.8
 10
1.5372459419812632
 20
-2.5146349063761075
 30
22.4
 10
0.9889748804617062
 20
-2.315080559673455
 30
22.4
 10
1.114001568381896
 20
-1.6060189775046654
 30
21.8
 10
1.8972459419812633
 20
-1.8910966156513118
 30
21.8
 10
0.9889748804617062
 20
-2.315080559673455
 30
22.4
 10
0.4055170035008202
 20
-2.315080559673455
 30
22.4
 10
0.28049031558063037
 20
-1.6060189775046654
 30
21.8
 10
1.114001568381896
 20
-1.6060189775046654
 30
21.8
 10
0.4055170035008202
 20
-2.315080559673455
 30
22.4
 10
-0.14275405801873653
 20
-2.5146349063761075
 30
22.4
 10
-0.5027540580187364
 20
-1.8910966156513114
 30
21.8
 10
0.28049031558063037
 20
-1.6060189775046654
 30
21.8
 10
-0.14275405801873653
 20
-2.5146349063761075
 30
22.4
 10
-0.5897087224586197
 20
-2.889674400460578
 30
22.4
 10
-1.1412607215042838
 20
-2.4268673214862697
 30
21.8
 10
-0.5027540580187364
 20
-1.8910966156513114
 30
21.8
 10
-0.5897087224586197
 20
-2.889674400460578
 30
22.4
 10
-0.8814376609390628
 20
-3.3949637439468408
 30
22.4
 10
-1.558016347904917
 20
-3.148709240752359
 30
21.8
 10
-1.1412607215042838
 20
-2.4268673214862697
 30
21.8
 10
-0.8814376609390628
 20
-3.3949637439468408
 30
22.4
 10
-0.9827540580187368
 20
-3.9695575847339644
 30
22.4
 10
-1.7027540580187368
 20
-3.969557584733964
 30
21.8
 10
-1.558016347904917
 20
-3.148709240752359
 30
21.8
 10
-0.9827540580187368
 20
-3.9695575847339644
 30
22.4
 10
-0.8814376609390631
 20
-4.544151425521088
 30
22.4
 10
-1.558016347904917
 20
-4.790405928715569
 30
21.8
 10
-1.7027540580187368
 20
-3.969557584733964
 30
21.8
 10
-0.8814376609390631
 20
-4.544151425521088
 30
22.4
 10
-0.5897087224586204
 20
-5.04944076900735
 30
22.4
 10
-1.141260721504285
 20
-5.512247847981658
 30
21.8
 10
-1.558016347904917
 20
-4.790405928715569
 30
21.8
 10
-0.5897087224586204
 20
-5.04944076900735
 30
22.4
 10
-0.14275405801873764
 20
-5.424480263091821
 30
22.4
 10
-0.502754058018738
 20
-6.0480185538166165
 30
21.8
 10
-1.141260721504285
 20
-5.512247847981658
 30
21.8
 10
-0.14275405801873764
 20
-5.424480263091821
 30
22.4
 10
0.40551700350082015
 20
-5.624034609794474
 30
22.4
 10
0.2804903155806303
 20
-6.333096191963263
 30
21.8
 10
-0.502754058018738
 20
-6.0480185538166165
 30
21.8
 10
0.40551700350082015
 20
-5.624034609794474
 30
22.4
 10
0.9889748804617055
 20
-5.6240346097944744
 30
22.4
 10
1.114001568381895
 20
-6.333096191963264
 30
21.8
 10
0.2804903155806303
 20
-6.333096191963263
 30
21.8
 10
0.9889748804617055
 20
-5.6240346097944744
 30
22.4
 10
1.5372459419812619
 20
-5.424480263091822
 30
22.4
 10
1.8972459419812615
 20
-6.048018553816618
 30
21.8
 10
1.114001568381895
 20
-6.333096191963264
 30
21.8
 10
1.5372459419812619
 20
-5.424480263091822
 30
22.4
 10
1.9842006064211457
 20
-5.049440769007351
 30
22.4
 10
2.5357526054668096
 20
-5.5122478479816595
 30
21.8
 10
1.8972459419812615
 20
-6.048018553816618
 30
21.8
 10
1.9842006064211457
 20
-5.049440769007351
 30
22.4
 10
2.2759295449015893
 20
-4.544151425521088
 30
22.4
 10
2.9525082318674434
 20
-4.790405928715569
 30
21.8
 10
2.5357526054668096
 20
-5.5122478479816595
 30
21.8
 10
2.2759295449015893
 20
-4.544151425521088
 30
22.4
 10
2.377245941981263
 20
-3.9695575847339644
 30
22.4
 10
3.097245941981263
 20
-3.9695575847339644
 30
21.8
 10
2.9525082318674434
 20
-4.790405928715569
 30
21.8
 10
3.097245941981263
 20
-3.9695575847339644
 30
21.8
 10
2.9525082318674434
 20
-3.1487092407523596
 30
21.8
 10
2.9525082318674434
 20
-3.1487092407523596
 30
20.9
 10
3.097245941981263
 20
-3.9695575847339644
 30
20.9
 10
2.9525082318674434
 20
-3.1487092407523596
 30
21.8
 10
2.5357526054668105
 20
-2.42686732148627
 30
21.8
 10
2.5357526054668105
 20
-2.42686732148627
 30
20.9
 10
2.9525082318674434
 20
-3.1487092407523596
 30
20.9
 10
2.5357526054668105
 20
-2.42686732148627
 30
21.8
 10
1.8972459419812633
 20
-1.8910966156513118
 30
21.8
 10
1.8972459419812633
 20
-1.8910966156513118
 30
20.9
 10
2.5357526054668105
 20
-2.42686732148627
 30
20.9
 10
1.8972459419812633
 20
-1.8910966156513118
 30
21.8
 10
1.114001568381896
 20
-1.6060189775046654
 30
21.8
 10
1.114001568381896
 20
-1.6060189775046654
 30
20.9
 10
1.8972459419812633
 20
-1.8910966156513118
 30
20.9
 10
1.114001568381896
 20
-1.6060189775046654
 30
21.8
 10
0.28049031558063037
 20
-1.6060189775046654
 30
21.8
 10
0.28049031558063037
 20
-1.6060189775046654
 30
20.9
 10
1.114001568381896
 20
-1.6060189775046654
 30
20.9
 10
0.28049031558063037
 20
-1.6060189775046654
 30
21.8
 10
-0.5027540580187364
 20
-1.8910966156513114
 30
21.8
 10
-0.5027540580187364
 20
-1.8910966156513114
 30
20.9
 10
0.28049031558063037
 20
-1.6060189775046654
 30
20.9
 10
-0.5027540580187364
 20
-1.8910966156513114
 30
21.8
 10
-1.1412607215042838
 20
-2.4268673214862697
 30
21.8
 10
-1.1412607215042838
 20
-2.4268673214862697
 30
20.9
 10
-0.5027540580187364
 20
-1.8910966156513114
 30
20.9
 10
-1.1412607215042838
 20
-2.4268673214862697
 30
21.8
 10
-1.558016347904917
 20
-3.148709240752359
 30
21.8
 10
-1.558016347904917
 20
-3.148709240752359
 30
20.9
 10
-1.1412607215042838
 20
-2.4268673214862697
 30
20.9
 10
-1.558016347904917
 20
-3.148709240752359
 30
21.8
 10
-1.7027540580187368
 20
-3.969557584733964
 30
21.8
 10
-1.7027540580187368
 20
-3.969557584733964
 30
20.9
 10
-1.558016347904917
 20
-3.148709240752359
 30
20.9
 10
-1.7027540580187368
 20
-3.969557584733964
 30
21.8
 10
-1.558016347904917
 20
-4.790405928715569
 30
21.8
 10
-1.558016347904917
 20
-4.790405928715569
 30
20.9
 10
-1.7027540580187368
 20
-3.969557584733964
 30
20.9
 10
-1.558016347904917
 20
-4.790405928715569
 30
21.8
 10
-1.141260721504285
 20
-5.512247847981658
 30
21.8
 10
-1.141260721504285
 20
-5.512247847981658
 30
20.9
 10
-1.558016347904917
 20
-4.790405928715569
 30
20.9
 10
-1.141260721504285
 20
-5.512247847981658
 30
21.8
 10
-0.502754058018738
 20
-6.0480185538166165
 30
21.8
 10
-0.502754058018738
 20
-6.0480185538166165
 30
20.9
 10
-1.141260721504285
 20
-5.512247847981658
 30
20.9
 10
-0.502754058018738
 20
-6.0480185538166165
 30
21.8
 10
0.2804903155806303
 20
-6.333096191963263
 30
21.8
 10
0.2804903155806303
 20
-6.333096191963263
 30
20.9
 10
-0.502754058018738
 20
-6.0480185538166165
 30
20.9
 10
0.2804903155806303
 20
-6.333096191963263
 30
21.8
 10
1.114001568381895
 20
-6.333096191963264
 30
21.8
 10
1.114001568381895
 20
-6.333096191963264
 30
20.9
 10
0.2804903155806303
 20
-6.333096191963263
 30
20.9
 10
1.114001568381895
 20
-6.333096191963264
 30
21.8
 10
1.8972459419812615
 20
-6.048018553816618
 30
21.8
 10
1.8972459419812615
 20
-6.048018553816618
 30
20.9
 10
1.114001568381895
 20
-6.333096191963264
 30
20.9
 10
1.8972459419812615
 20
-6.048018553816618
 30
21.8
 10
2.5357526054668096
 20
-5.5122478479816595
 30
21.8
 10
2.5357526054668096
 20
-5.5122478479816595
 30
20.9
 10
1.8972459419812615
 20
-6.048018553816618
 30
20.9
 10
2.5357526054668096
 20
-5.5122478479816595
 30
21.8
 10
2.9525082318674434
 20
-4.790405928715569
 30
21.8
 10
2.9525082318674434
 20
-4.790405928715569
 30
20.9
 10
2.5357526054668096
 20
-5.5122478479816595
 30
20.9
 10
2.9525082318674434
 20
-4.790405928715569
 30
21.8
 10
3.097245941981263
 20
-3.9695575847339644
 30
21.8
 10
3.097245941981263
 20
-3.9695575847339644
 30
20.9
 10
2.9525082318674434
 20
-4.790405928715569
 30
20.9
 10
3.097245941981263
 20
-3.9695575847339644
 30
20.9
 10
2.9525082318674434
 20
-3.1487092407523596
 30
20.9
 10
0.6972459419812631
 20
-3.9695575847339644
 30
20.9
 10
2.9525082318674434
 20
-3.1487092407523596
 30
20.9
 10
2.5357526054668105
 20
-2.42686732148627
 30
20.9
 10
0.6972459419812631
 20
-3.9695575847339644
 30
20.9
 10
2.5357526054668105
 20
-2.42686732148627
 30
20.9
 10
1.8972459419812633
 20
-1.8910966156513118
 30
20.9
 10
0.6972459419812631
 20
-3.9695575847339644
 30
20.9
 10
1.8972459419812633
 20
-1.8910966156513118
 30
20.9
 10
1.114001568381896
 20
-1.6060189775046654
 30
20.9
 10
0.6972459419812631
 20
-3.9695575847339644
 30
20.9
 10
1.114001568381896
 20
-1.6060189775046654
 30
20.9
 10
0.28049031558063037
 20
-1.6060189775046654
 30
20.9
 10
0.6972459419812631
 20
-3.9695575847339644
 30
20.9
 10
0.28049031558063037
 20
-1.6060189775046654
 30
20.9
 10
-0.5027540580187364
 20
-1.8910966156513114
 30
20.9
 10
0.6972459419812631
 20
-3.9695575847339644
 30
20.9
 10
-0.5027540580187364
 20
-1.8910966156513114
 30
20.9
 10
-1.1412607215042838
 20
-2.4268673214862697
 30
20.9
 10
0.6972459419812631
 20
-3.9695575847339644
 30
20.9
 10
-1.1412607215042838
 20
-2.4268673214862697
 30
20.9
 10
-1.558016347904917
 20
-3.148709240752359
 30
20.9
 10
0.6972459419812631
 20
-3.9695575847339644
 30
20.9
 10
-1.558016347904917
 20
-3.148709240752359
 30
20.9
 10
-1.7027540580187368
 20
-3.969557584733964
 30
20.9
 10
0.6972459419812631
 20
-3.9695575847339644
 30
20.9
 10
-1.7027540580187368
 20
-3.969557584733964
 30
20.9
 10
-1.558016347904917
 20
-4.790405928715569
 30
20.9
 10
0.6972459419812631
 20
-3.9695575847339644
 30
20.9
 10
-1.558016347904917
 20
-4.790405928715569
 30
20.9
 10
-1.141260721504285
 20
-5.512247847981658
 30
20.9
 10
0.6972459419812631
 20
-3.9695575847339644
 30
20.9
 10
-1.141260721504285
 20
-5.512247847981658
 30
20.9
 10
-0.502754058018738
 20
-6.0480185538166165
 30
20.9
 10
0.6972459419812631
 20
-3.9695575847339644
 30
20.9
 10
-0.502754058018738
 20
-6.0480185538166165
 30
20.9
 10
0.2804903155806303
 20
-6.333096191963263
 30
20.9
 10
0.6972459419812631
 20
-3.9695575847339644
 30
20.9
 10
0.2804903155806303
 20
-6.333096191963263
 30
20.9
 10
1.114001568381895
 20
-6.333096191963264
 30
20.9
 10
0.6972459419812631
 20
-3.9695575847339644
 30
20.9
 10
1.114001568381895
 20
-6.333096191963264
 30
20.9
 10
1.8972459419812615
 20
-6.048018553816618
 30
20.9
 10
0.6972459419812631
 20
-3.9695575847339644
 30
20.9
 10
1.8972459419812615
 20
-6.048018553816618
 30
20.9
 10
2.5357526054668096
 20
-5.5122478479816595
 30
20.9
 10
0.6972459419812631
 20
-3.9695575847339644
 30
20.9
 10
2.5357526054668096
 20
-5.5122478479816595
 30
20.9
 10
2.9525082318674434
 20
-4.790405928715569
 30
20.9
 10
0.6972459419812631
 20
-3.9695575847339644
 30
20.9
 10
2.9525082318674434
 20
-4.790405928715569
 30
20.9
 10
3.097245941981263
 20
-3.9695575847339644
 30
20.9
 10
0.6972459419812631
 20
-3.9695575847339644
 30
20.9
 10
10.82531754730548
 20
-2.2500000000000053
 30
19.099999999999998
 10
12.009330249495724
 20
-1.8190546194096626
 30
18.9
 10
12.085317547305479
 20
-2.2500000000000053
 30
18.9
 10
10.82531754730548
 20
-2.2500000000000053
 30
19.099999999999998
 10
11.790533545635391
 20
-1.440087611794966
 30
18.9
 10
12.009330249495724
 20
-1.8190546194096626
 30
18.9
 10
10.82531754730548
 20
-2.2500000000000053
 30
19.099999999999998
 10
11.45531754730548
 20
-1.1588079912316127
 30
18.9
 10
11.790533545635391
 20
-1.440087611794966
 30
18.9
 10
10.82531754730548
 20
-2.2500000000000053
 30
19.099999999999998
 10
11.044114251165812
 20
-1.0091422312046232
 30
18.9
 10
11.45531754730548
 20
-1.1588079912316127
 30
18.9
 10
10.82531754730548
 20
-2.2500000000000053
 30
19.099999999999998
 10
10.606520843445146
 20
-1.0091422312046232
 30
18.9
 10
11.044114251165812
 20
-1.0091422312046232
 30
18.9
 10
10.82531754730548
 20
-2.2500000000000053
 30
19.099999999999998
 10
10.19531754730548
 20
-1.1588079912316125
 30
18.9
 10
10.606520843445146
 20
-1.0091422312046232
 30
18.9
 10
10.82531754730548
 20
-2.2500000000000053
 30
19.099999999999998
 10
9.860101548975567
 20
-1.4400876117949655
 30
18.9
 10
10.19531754730548
 20
-1.1588079912316125
 30
18.9
 10
10.82531754730548
 20
-2.2500000000000053
 30
19.099999999999998
 10
9.641304845115235
 20
-1.8190546194096626
 30
18.9
 10
9.860101548975567
 20
-1.4400876117949655
 30
18.9
 10
10.82531754730548
 20
-2.2500000000000053
 30
19.099999999999998
 10
9.56531754730548
 20
-2.2500000000000053
 30
18.9
 10
9.641304845115235
 20
-1.8190546194096626
 30
18.9
 10
10.82531754730548
 20
-2.2500000000000053
 30
19.099999999999998
 10
9.641304845115235
 20
-2.680945380590348
 30
18.9
 10
9.56531754730548
 20
-2.2500000000000053
 30
18.9
 10
10.82531754730548
 20
-2.2500000000000053
 30
19.099999999999998
 10
9.860101548975567
 20
-3.0599123882050443
 30
18.9
 10
9.641304845115235
 20
-2.680945380590348
 30
18.9
 10
10.82531754730548
 20
-2.2500000000000053
 30
19.099999999999998
 10
10.195317547305478
 20
-3.341192008768398
 30
18.9
 10
9.860101548975567
 20
-3.0599123882050443
 30
18.9
 10
10.82531754730548
 20
-2.2500000000000053
 30
19.099999999999998
 10
10.606520843445146
 20
-3.4908577687953875
 30
18.9
 10
10.195317547305478
 20
-3.341192008768398
 30
18.9
 10
10.82531754730548
 20
-2.2500000000000053
 30
19.099999999999998
 10
11.04411425116581
 20
-3.4908577687953875
 30
18.9
 10
10.606520843445146
 20
-3.4908577687953875
 30
18.9
 10
10.82531754730548
 20
-2.2500000000000053
 30
19.099999999999998
 10
11.455317547305478
 20
-3.341192008768399
 30
18.9
 10
11.04411425116581
 20
-3.4908577687953875
 30
18.9
 10
10.82531754730548
 20
-2.2500000000000053
 30
19.099999999999998
 10
11.790533545635391
 20
-3.059912388205045
 30
18.9
 10
11.455317547305478
 20
-3.341192008768399
 30
18.9
 10
10.82531754730548
 20
-2.2500000000000053
 30
19.099999999999998
 10
12.009330249495724
 20
-2.6809453805903476
 30
18.9
 10
11.790533545635391
 20
-3.059912388205045
 30
18.9
 10
10.82531754730548
 20
-2.2500000000000053
 30
19.099999999999998
 10
12.085317547305479
 20
-2.2500000000000053
 30
18.9
 10
12.009330249495724
 20
-2.6809453805903476
 30
18.9
 10
12.085317547305479
 20
-2.2500000000000053
 30
18.9
 10
12.009330249495724
 20
-1.8190546194096626
 30
18.9
 10
12.516764264720114
 20
-1.6343637420138015
 30
18.3
 10
12.62531754730548
 20
-2.2500000000000053
 30
18.3
 10
12.009330249495724
 20
-1.8190546194096626
 30
18.9
 10
11.790533545635391
 20
-1.440087611794966
 30
18.9
 10
12.204197544919639
 20
-1.0929823025642347
 30
18.3
 10
12.516764264720114
 20
-1.6343637420138015
 30
18.3
 10
11.790533545635391
 20
-1.440087611794966
 30
18.9
 10
11.45531754730548
 20
-1.1588079912316127
 30
18.9
 10
11.72531754730548
 20
-0.6911542731880158
 30
18.3
 10
12.204197544919639
 20
-1.0929823025642347
 30
18.3
 10
11.45531754730548
 20
-1.1588079912316127
 30
18.9
 10
11.044114251165812
 20
-1.0091422312046232
 30
18.9
 10
11.137884267105955
 20
-0.47734604457803087
 30
18.3
 10
11.72531754730548
 20
-0.6911542731880158
 30
18.3
 10
11.044114251165812
 20
-1.0091422312046232
 30
18.9
 10
10.606520843445146
 20
-1.0091422312046232
 30
18.9
 10
10.512750827505005
 20
-0.47734604457803087
 30
18.3
 10
11.137884267105955
 20
-0.47734604457803087
 30
18.3
 10
10.606520843445146
 20
-1.0091422312046232
 30
18.9
 10
10.19531754730548
 20
-1.1588079912316125
 30
18.9
 10
9.925317547305479
 20
-0.6911542731880156
 30
18.3
 10
10.512750827505005
 20
-0.47734604457803087
 30
18.3
 10
10.19531754730548
 20
-1.1588079912316125
 30
18.9
 10
9.860101548975567
 20
-1.4400876117949655
 30
18.9
 10
9.44643754969132
 20
-1.0929823025642342
 30
18.3
 10
9.925317547305479
 20
-0.6911542731880156
 30
18.3
 10
9.860101548975567
 20
-1.4400876117949655
 30
18.9
 10
9.641304845115235
 20
-1.8190546194096626
 30
18.9
 10
9.133870829890844
 20
-1.6343637420138013
 30
18.3
 10
9.44643754969132
 20
-1.0929823025642342
 30
18.3
 10
9.641304845115235
 20
-1.8190546194096626
 30
18.9
 10
9.56531754730548
 20
-2.2500000000000053
 30
18.9
 10
9.025317547305479
 20
-2.2500000000000053
 30
18.3
 10
9.133870829890844
 20
-1.6343637420138013
 30
18.3
 10
9.56531754730548
 20
-2.2500000000000053
 30
18.9
 10
9.641304845115235
 20
-2.680945380590348
 30
18.9
 10
9.133870829890844
 20
-2.8656362579862087
 30
18.3
 10
9.025317547305479
 20
-2.2500000000000053
 30
18.3
 10
9.641304845115235
 20
-2.680945380590348
 30
18.9
 10
9.860101548975567
 20
-3.0599123882050443
 30
18.9
 10
9.446437549691318
 20
-3.4070176974357755
 30
18.3
 10
9.133870829890844
 20
-2.8656362579862087
 30
18.3
 10
9.860101548975567
 20
-3.0599123882050443
 30
18.9
 10
10.195317547305478
 20
-3.341192008768398
 30
18.9
 10
9.925317547305479
 20
-3.8088457268119944
 30
18.3
 10
9.446437549691318
 20
-3.4070176974357755
 30
18.3
 10
10.195317547305478
 20
-3.341192008768398
 30
18.9
 10
10.606520843445146
 20
-3.4908577687953875
 30
18.9
 10
10.512750827505005
 20
-4.02265395542198
 30
18.3
 10
9.925317547305479
 20
-3.8088457268119944
 30
18.3
 10
10.606520843445146
 20
-3.4908577687953875
 30
18.9
 10
11.04411425116581
 20
-3.4908577687953875
 30
18.9
 10
11.137884267105953
 20
-4.02265395542198
 30
18.3
 10
10.512750827505005
 20
-4.02265395542198
 30
18.3
 10
11.04411425116581
 20
-3.4908577687953875
 30
18.9
 10
11.455317547305478
 20
-3.341192008768399
 30
18.9
 10
11.725317547305478
 20
-3.8088457268119957
 30
18.3
 10
11.137884267105953
 20
-4.02265395542198
 30
18.3
 10
11.455317547305478
 20
-3.341192008768399
 30
18.9
 10
11.790533545635391
 20
-3.059912388205045
 30
18.9
 10
12.204197544919639
 20
-3.4070176974357764
 30
18.3
 10
11.725317547305478
 20
-3.8088457268119957
 30
18.3
 10
11.790533545635391
 20
-3.059912388205045
 30
18.9
 10
12.009330249495724
 20
-2.6809453805903476
 30
18.9
 10
12.516764264720114
 20
-2.8656362579862087
 30
18.3
 10
12.204197544919639
 20
-3.4070176974357764
 30
18.3
 10
12.009330249495724
 20
-2.6809453805903476
 30
18.9
 10
12.085317547305479
 20
-2.2500000000000053
 30
18.9
 10
12.62531754730548
 20
-2.2500000000000053
 30
18.3
 10
12.516764264720114
 20
-2.8656362579862087
 30
18.3
 10
12.62531754730548
 20
-2.2500000000000053
 30
18.3
 10
12.516764264720114
 20
-1.6343637420138015
 30
18.3
 10
12.516764264720114
 20
-1.6343637420138015
 30
17.4
 10
12.62531754730548
 20
-2.2500000000000053
 30
17.4
 10
12.516764264720114
 20
-1.6343637420138015
 30
18.3
 10
12.204197544919639
 20
-1.0929823025642347
 30
18.3
 10
12.204197544919639
 20
-1.0929823025642347
 30
17.4
 10
12.516764264720114
 20
-1.6343637420138015
 30
17.4
 10
12.204197544919639
 20
-1.0929823025642347
 30
18.3
 10
11.72531754730548
 20
-0.6911542731880158
 30
18.3
 10
11.72531754730548
 20
-0.6911542731880158
 30
17.4
 10
12.204197544919639
 20
-1.0929823025642347
 30
17.4
 10
11.72531754730548
 20
-0.6911542731880158
 30
18.3
 10
11.137884267105955
 20
-0.47734604457803087
 30
18.3
 10
11.137884267105955
 20
-0.47734604457803087
 30
17.4
 10
11.72531754730548
 20
-0.6911542731880158
 30
17.4
 10
11.137884267105955
 20
-0.47734604457803087
 30
18.3
 10
10.512750827505005
 20
-0.47734604457803087
 30
18.3
 10
10.512750827505005
 20
-0.47734604457803087
 30
17.4
 10
11.137884267105955
 20
-0.47734604457803087
 30
17.4
 10
10.512750827505005
 20
-0.47734604457803087
 30
18.3
 10
9.925317547305479
 20
-0.6911542731880156
 30
18.3
 10
9.925317547305479
 20
-0.6911542731880156
 30
17.4
 10
10.512750827505005
 20
-0.47734604457803087
 30
17.4
 10
9.925317547305479
 20
-0.6911542731880156
 30
18.3
 10
9.44643754969132
 20
-1.0929823025642342
 30
18.3
 10
9.44643754969132
 20
-1.0929823025642342
 30
17.4
 10
9.925317547305479
 20
-0.6911542731880156
 30
17.4
 10
9.44643754969132
 20
-1.0929823025642342
 30
18.3
 10
9.133870829890844
 20
-1.6343637420138013
 30
18.3
 10
9.133870829890844
 20
-1.6343637420138013
 30
17.4
 10
9.44643754969132
 20
-1.0929823025642342
 30
17.4
 10
9.133870829890844
 20
-1.6343637420138013
 30
18.3
 10
9.025317547305479
 20
-2.2500000000000053
 30
18.3
 10
9.025317547305479
 20
-2.2500000000000053
 30
17.4
 10
9.133870829890844
 20
-1.6343637420138013
 30
17.4
 10
9.025317547305479
 20
-2.2500000000000053
 30
18.3
 10
9.133870829890844
 20
-2.8656362579862087
 30
18.3
 10
9.133870829890844
 20
-2.8656362579862087
 30
17.4
 10
9.025317547305479
 20
-2.2500000000000053
 30
17.4
 10
9.133870829890844
 20
-2.8656362579862087
 30
18.3
 10
9.446437549691318
 20
-3.4070176974357755
 30
18.3
 10
9.446437549691318
 20
-3.4070176974357755
 30
17.4
 10
9.133870829890844
 20
-2.8656362579862087
 30
17.4
 10
9.446437549691318
 20
-3.4070176974357755
 30
18.3
 10
9.925317547305479
 20
-3.8088457268119944
 30
18.3
 10
9.925317547305479
 20
-3.8088457268119944
 30
17.4
 10
9.446437549691318
 20
-3.4070176974357755
 30
17.4
 10
9.925317547305479
 20
-3.8088457268119944
 30
18.3
 10
10.512750827505005
 20
-4.02265395542198
 30
18.3
 10
10.512750827505005
 20
-4.02265395542198
 30
17.4
 10
9.925317547305479
 20
-3.8088457268119944
 30
17.4
 10
10.512750827505005
 20
-4.02265395542198
 30
18.3
 10
11.137884267105953
 20
-4.02265395542198
 30
18.3
 10
11.137884267105953
 20
-4.02265395542198
 30
17.4
 10
10.512750827505005
 20
-4.02265395542198
 30
17.4
 10
11.137884267105953
 20
-4.02265395542198
 30
18.3
 10
11.725317547305478
 20
-3.8088457268119957
 30
18.3
 10
11.725317547305478
 20
-3.8088457268119957
 30
17.4
 10
11.137884267105953
 20
-4.02265395542198
 30
17.4
 10
11.725317547305478
 20
-3.8088457268119957
 30
18.3
 10
12.204197544919639
 20
-3.4070176974357764
 30
18.3
 10
12.204197544919639
 20
-3.4070176974357764
 30
17.4
 10
11.725317547305478
 20
-3.8088457268119957
 30
17.4
 10
12.204197544919639
 20
-3.4070176974357764
 30
18.3
 10
12.516764264720114
 20
-2.8656362579862087
 30
18.3
 10
12.516764264720114
 20
-2.8656362579862087
 30
17.4
 10
12.204197544919639
 20
-3.4070176974357764
 30
17.4
 10
12.516764264720114
 20
-2.8656362579862087
 30
18.3
 10
12.62531754730548
 20
-2.2500000000000053
 30
18.3
 10
12.62531754730548
 20
-2.2500000000000053
 30
17.4
 10
12.516764264720114
 20
-2.8656362579862087
 30
17.4
 10
12.62531754730548
 20
-2.2500000000000053
 30
17.4
 10
12.516764264720114
 20
-1.6343637420138015
 30
17.4
 10
10.82531754730548
 20
-2.2500000000000053
 30
17.4
 10
12.516764264720114
 20
-1.6343637420138015
 30
17.4
 10
12.204197544919639
 20
-1.0929823025642347
 30
17.4
 10
10.82531754730548
 20
-2.2500000000000053
 30
17.4
 10
12.204197544919639
 20
-1.0929823025642347
 30
17.4
 10
11.72531754730548
 20
-0.6911542731880158
 30
17.4
 10
10.82531754730548
 20
-2.2500000000000053
 30
17.4
 10
11.72531754730548
 20
-0.6911542731880158
 30
17.4
 10
11.137884267105955
 20
-0.47734604457803087
 30
17.4
 10
10.82531754730548
 20
-2.2500000000000053
 30
17.4
 10
11.137884267105955
 20
-0.47734604457803087
 30
17.4
 10
10.512750827505005
 20
-0.47734604457803087
 30
17.4
 10
10.82531754730548
 20
-2.2500000000000053
 30
17.4
 10
10.512750827505005
 20
-0.47734604457803087
 30
17.4
 10
9.925317547305479
 20
-0.6911542731880156
 30
17.4
 10
10.82531754730548
 20
-2.2500000000000053
 30
17.4
 10
9.925317547305479
 20
-0.6911542731880156
 30
17.4
 10
9.44643754969132
 20
-1.0929823025642342
 30
17.4
 10
10.82531754730548
 20
-2.2500000000000053
 30
17.4
 10
9.44643754969132
 20
-1.0929823025642342
 30
17.4
 10
9.133870829890844
 20
-1.6343637420138013
 30
17.4
 10
10.82531754730548
 20
-2.2500000000000053
 30
17.4
 10
9.133870829890844
 20
-1.6343637420138013
 30
17.4
 10
9.025317547305479
 20
-2.2500000000000053
 30
17.4
 10
10.82531754730548
 20
-2.2500000000000053
 30
17.4
 10
9.025317547305479
 20
-2.2500000000000053
 30
17.4
 10
9.133870829890844
 20
-2.8656362579862087
 30
17.4
 10
10.82531754730548
 20
-2.2500000000000053
 30
17.4
 10
9.133870829890844
 20
-2.8656362579862087
 30
17.4
 10
9.446437549691318
 20
-3.4070176974357755
 30
17.4
 10
10.82531754730548
 20
-2.2500000000000053
 30
17.4
 10
9.446437549691318
 20
-3.4070176974357755
 30
17.4
 10
9.925317547305479
 20
-3.8088457268119944
 30
17.4
 10
10.82531754730548
 20
-2.2500000000000053
 30
17.4
 10
9.925317547305479
 20
-3.8088457268119944
 30
17.4
 10
10.512750827505005
 20
-4.02265395542198
 30
17.4
 10
10.82531754730548
 20
-2.2500000000000053
 30
17.4
 10
10.512750827505005
 20
-4.02265395542198
 30
17.4
 10
11.137884267105953
 20
-4.02265395542198
 30
17.4
 10
10.82531754730548
 20
-2.2500000000000053
 30
17.4
 10
11.137884267105953
 20
-4.02265395542198
 30
17.4
 10
11.725317547305478
 20
-3.8088457268119957
 30
17.4
 10
10.82531754730548
 20
-2.2500000000000053
 30
17.4
 10
11.725317547305478
 20
-3.8088457268119957
 30
17.4
 10
12.204197544919639
 20
-3.4070176974357764
 30
17.4
 10
10.82531754730548
 20
-2.2500000000000053
 30
17.4
 10
12.204197544919639
 20
-3.4070176974357764
 30
17.4
 10
12.516764264720114
 20
-2.8656362579862087
 30
17.4
 10
10.82531754730548
 20
-2.2500000000000053
 30
17.4
 10
12.516764264720114
 20
-2.8656362579862087
 30
17.4
 10
12.62531754730548
 20
-2.2500000000000053
 30
17.4
 10
10.82531754730548
 20
-2.2500000000000053
 30
17.4
 93
2592
 90
3
 90
0
 90
1
 90
2
 90
3
 90
3
 90
4
 90
5
 90
3
 90
6
 90
7
 90
8
 90
3
 90
9
 90
10
 90
11
 90
3
 90
12
 90
13
 90
14
 90
3
 90
15
 90
16
 90
17
 90
3
 90
18
 90
19
 90
20
 90
3
 90
21
 90
22
 90
23
 90
3
 90
24
 90
25
 90
26
 90
3
 90
27
 90
28
 90
29
 90
3
 90
30
 90
31
 90
32
 90
3
 90
33
 90
34
 90
35
 90
3
 90
36
 90
37
 90
38
 90
3
 90
39
 90
40
 90
41
 90
3
 90
42
 90
43
 90
44
 90
3
 90
45
 90
46
 90
47
 90
3
 90
48
 90
49
 90
50
 90
3
 90
51
 90
52
 90
53
 90
3
 90
54
 90
55
 90
56
 90
3
 90
54
 90
56
 90
57
 90
3
 90
58
 90
59
 90
60
 90
3
 90
58
 90
60
 90
61
 90
3
 90
62
 90
63
 90
64
 90
3
 90
62
 90
64
 90
65
 90
3
 90
66
 90
67
 90
68
 90
3
 90
66
 90
68
 90
69
 90
3
 90
70
 90
71
 90
72
 90
3
 90
70
 90
72
 90
73
 90
3
 90
74
 90
75
 90
76
 90
3
 90
74
 90
76
 90
77
 90
3
 90
78
 90
79
 90
80
 90
3
 90
78
 90
80
 90
81
 90
3
 90
82
 90
83
 90
84
 90
3
 90
82
 90
84
 90
85
 90
3
 90
86
 90
87
 90
88
 90
3
 90
86
 90
88
 90
89
 90
3
 90
90
 90
91
 90
92
 90
3
 90
90
 90
92
 90
93
 90
3
 90
94
 90
95
 90
96
 90
3
 90
94
 90
96
 90
97
 90
3
 90
98
 90
99
 90
100
 90
3
 90
98
 90
100
 90
101
 90
3
 90
102
 90
103
 90
104
 90
3
 90
102
 90
104
 90
105
 90
3
 90
106
 90
107
 90
108
 90
3
 90
106
 90
108
 90
109
 90
3
 90
110
 90
111
 90
112
 90
3
 90
110
 90
112
 90
113
 90
3
 90
114
 90
115
 90
116
 90
3
 90
114
 90
116
 90
117
 90
3
 90
118
 90
119
 90
120
 90
3
 90
118
 90
120
 90
121
 90
3
 90
122
 90
123
 90
124
 90
3
 90
122
 90
124
 90
125
 90
3
 90
126
 90
127
 90
128
 90
3
 90
126
 90
128
 90
129
 90
3
 90
130
 90
131
 90
132
 90
3
 90
130
 90
132
 90
133
 90
3
 90
134
 90
135
 90
136
 90
3
 90
134
 90
136
 90
137
 90
3
 90
138
 90
139
 90
140
 90
3
 90
138
 90
140
 90
141
 90
3
 90
142
 90
143
 90
144
 90
3
 90
142
 90
144
 90
145
 90
3
 90
146
 90
147
 90
148
 90
3
 90
146
 90
148
 90
149
 90
3
 90
150
 90
151
 90
152
 90
3
 90
150
 90
152
 90
153
 90
3
 90
154
 90
155
 90
156
 90
3
 90
154
 90
156
 90
157
 90
3
 90
158
 90
159
 90
160
 90
3
 90
158
 90
160
 90
161
 90
3
 90
162
 90
163
 90
164
 90
3
 90
162
 90
164
 90
165
 90
3
 90
166
 90
167
 90
168
 90
3
 90
166
 90
168
 90
169
 90
3
 90
170
 90
171
 90
172
 90
3
 90
170
 90
172
 90
173
 90
3
 90
174
 90
175
 90
176
 90
3
 90
174
 90
176
 90
177
 90
3
 90
178
 90
179
 90
180
 90
3
 90
178
 90
180
 90
181
 90
3
 90
182
 90
183
 90
184
 90
3
 90
182
 90
184
 90
185
 90
3
 90
186
 90
187
 90
188
 90
3
 90
186
 90
188
 90
189
 90
3
 90
190
 90
191
 90
192
 90
3
 90
190
 90
192
 90
193
 90
3
 90
194
 90
195
 90
196
 90
3
 90
194
 90
196
 90
197
 90
3
 90
198
 90
199
 90
200
 90
3
 90
201
 90
202
 90
203
 90
3
 90
204
 90
205
 90
206
 90
3
 90
207
 90
208
 90
209
 90
3
 90
210
 90
211
 90
212
 90
3
 90
213
 90
214
 90
215
 90
3
 90
216
 90
217
 90
218
 90
3
 90
219
 90
220
 90
221
 90
3
 90
222
 90
223
 90
224
 90
3
 90
225
 90
226
 90
227
 90
3
 90
228
 90
229
 90
230
 90
3
 90
231
 90
232
 90
233
 90
3
 90
234
 90
235
 90
236
 90
3
 90
237
 90
238
 90
239
 90
3
 90
240
 90
241
 90
242
 90
3
 90
243
 90
244
 90
245
 90
3
 90
246
 90
247
 90
248
 90
3
 90
249
 90
250
 90
251
 90
3
 90
252
 90
253
 90
254
 90
3
 90
255
 90
256
 90
257
 90
3
 90
258
 90
259
 90
260
 90
3
 90
261
 90
262
 90
263
 90
3
 90
264
 90
265
 90
266
 90
3
 90
267
 90
268
 90
269
 90
3
 90
270
 90
271
 90
272
 90
3
 90
273
 90
274
 90
275
 90
3
 90
276
 90
277
 90
278
 90
3
 90
279
 90
280
 90
281
 90
3
 90
282
 90
283
 90
284
 90
3
 90
285
 90
286
 90
287
 90
3
 90
288
 90
289
 90
290
 90
3
 90
291
 90
292
 90
293
 90
3
 90
294
 90
295
 90
296
 90
3
 90
297
 90
298
 90
299
 90
3
 90
300
 90
301
 90
302
 90
3
 90
303
 90
304
 90
305
 90
3
 90
306
 90
307
 90
308
 90
3
 90
306
 90
308
 90
309
 90
3
 90
310
 90
311
 90
312
 90
3
 90
310
 90
312
 90
313
 90
3
 90
314
 90
315
 90
316
 90
3
 90
314
 90
316
 90
317
 90
3
 90
318
 90
319
 90
320
 90
3
 90
318
 90
320
 90
321
 90
3
 90
322
 90
323
 90
324
 90
3
 90
322
 90
324
 90
325
 90
3
 90
326
 90
327
 90
328
 90
3
 90
326
 90
328
 90
329
 90
3
 90
330
 90
331
 90
332
 90
3
 90
330
 90
332
 90
333
 90
3
 90
334
 90
335
 90
336
 90
3
 90
334
 90
336
 90
337
 90
3
 90
338
 90
339
 90
340
 90
3
 90
338
 90
340
 90
341
 90
3
 90
342
 90
343
 90
344
 90
3
 90
342
 90
344
 90
345
 90
3
 90
346
 90
347
 90
348
 90
3
 90
346
 90
348
 90
349
 90
3
 90
350
 90
351
 90
352
 90
3
 90
350
 90
352
 90
353
 90
3
 90
354
 90
355
 90
356
 90
3
 90
354
 90
356
 90
357
 90
3
 90
358
 90
359
 90
360
 90
3
 90
358
 90
360
 90
361
 90
3
 90
362
 90
363
 90
364
 90
3
 90
362
 90
364
 90
365
 90
3
 90
366
 90
367
 90
368
 90
3
 90
366
 90
368
 90
369
 90
3
 90
370
 90
371
 90
372
 90
3
 90
370
 90
372
 90
373
 90
3
 90
374
 90
375
 90
376
 90
3
 90
374
 90
376
 90
377
 90
3
 90
378
 90
379
 90
380
 90
3
 90
378
 90
380
 90
381
 90
3
 90
382
 90
383
 90
384
 90
3
 90
382
 90
384
 90
385
 90
3
 90
386
 90
387
 90
388
 90
3
 90
386
 90
388
 90
389
 90
3
 90
390
 90
391
 90
392
 90
3
 90
390
 90
392
 90
393
 90
3
 90
394
 90
395
 90
396
 90
3
 90
394
 90
396
 90
397
 90
3
 90
398
 90
399
 90
400
 90
3
 90
398
 90
400
 90
401
 90
3
 90
402
 90
403
 90
404
 90
3
 90
402
 90
404
 90
405
 90
3
 90
406
 90
407
 90
408
 90
3
 90
406
 90
408
 90
409
 90
3
 90
410
 90
411
 90
412
 90
3
 90
410
 90
412
 90
413
 90
3
 90
414
 90
415
 90
416
 90
3
 90
414
 90
416
 90
417
 90
3
 90
418
 90
419
 90
420
 90
3
 90
418
 90
420
 90
421
 90
3
 90
422
 90
423
 90
424
 90
3
 90
422
 90
424
 90
425
 90
3
 90
426
 90
427
 90
428
 90
3
 90
426
 90
428
 90
429
 90
3
 90
430
 90
431
 90
432
 90
3
 90
430
 90
432
 90
433
 90
3
 90
434
 90
435
 90
436
 90
3
 90
434
 90
436
 90
437
 90
3
 90
438
 90
439
 90
440
 90
3
 90
438
 90
440
 90
441
 90
3
 90
442
 90
443
 90
444
 90
3
 90
442
 90
444
 90
445
 90
3
 90
446
 90
447
 90
448
 90
3
 90
446
 90
448
 90
449
 90
3
 90
450
 90
451
 90
452
 90
3
 90
453
 90
454
 90
455
 90
3
 90
456
 90
457
 90
458
 90
3
 90
459
 90
460
 90
461
 90
3
 90
462
 90
463
 90
464
 90
3
 90
465
 90
466
 90
467
 90
3
 90
468
 90
469
 90
470
 90
3
 90
471
 90
472
 90
473
 90
3
 90
474
 90
475
 90
476
 90
3
 90
477
 90
478
 90
479
 90
3
 90
480
 90
481
 90
482
 90
3
 90
483
 90
484
 90
485
 90
3
 90
486
 90
487
 90
488
 90
3
 90
489
 90
490
 90
491
 90
3
 90
492
 90
493
 90
494
 90
3
 90
495
 90
496
 90
497
 90
3
 90
498
 90
499
 90
500
 90
3
 90
501
 90
502
 90
503
 90
3
 90
504
 90
505
 90
506
 90
3
 90
507
 90
508
 90
509
 90
3
 90
510
 90
511
 90
512
 90
3
 90
513
 90
514
 90
515
 90
3
 90
516
 90
517
 90
518
 90
3
 90
519
 90
520
 90
521
 90
3
 90
522
 90
523
 90
524
 90
3
 90
525
 90
526
 90
527
 90
3
 90
528
 90
529
 90
530
 90
3
 90
531
 90
532
 90
533
 90
3
 90
534
 90
535
 90
536
 90
3
 90
537
 90
538
 90
539
 90
3
 90
540
 90
541
 90
542
 90
3
 90
543
 90
544
 90
545
 90
3
 90
546
 90
547
 90
548
 90
3
 90
549
 90
550
 90
551
 90
3
 90
552
 90
553
 90
554
 90
3
 90
555
 90
556
 90
557
 90
3
 90
558
 90
559
 90
560
 90
3
 90
558
 90
560
 90
561
 90
3
 90
562
 90
563
 90
564
 90
3
 90
562
 90
564
 90
565
 90
3
 90
566
 90
567
 90
568
 90
3
 90
566
 90
568
 90
569
 90
3
 90
570
 90
571
 90
572
 90
3
 90
570
 90
572
 90
573
 90
3
 90
574
 90
575
 90
576
 90
3
 90
574
 90
576
 90
577
 90
3
 90
578
 90
579
 90
580
 90
3
 90
578
 90
580
 90
581
 90
3
 90
582
 90
583
 90
584
 90
3
 90
582
 90
584
 90
585
 90
3
 90
586
 90
587
 90
588
 90
3
 90
586
 90
588
 90
589
 90
3
 90
590
 90
591
 90
592
 90
3
 90
590
 90
592
 90
593
 90
3
 90
594
 90
595
 90
596
 90
3
 90
594
 90
596
 90
597
 90
3
 90
598
 90
599
 90
600
 90
3
 90
598
 90
600
 90
601
 90
3
 90
602
 90
603
 90
604
 90
3
 90
602
 90
604
 90
605
 90
3
 90
606
 90
607
 90
608
 90
3
 90
606
 90
608
 90
609
 90
3
 90
610
 90
611
 90
612
 90
3
 90
610
 90
612
 90
613
 90
3
 90
614
 90
615
 90
616
 90
3
 90
614
 90
616
 90
617
 90
3
 90
618
 90
619
 90
620
 90
3
 90
618
 90
620
 90
621
 90
3
 90
622
 90
623
 90
624
 90
3
 90
622
 90
624
 90
625
 90
3
 90
626
 90
627
 90
628
 90
3
 90
626
 90
628
 90
629
 90
3
 90
630
 90
631
 90
632
 90
3
 90
630
 90
632
 90
633
 90
3
 90
634
 90
635
 90
636
 90
3
 90
634
 90
636
 90
637
 90
3
 90
638
 90
639
 90
640
 90
3
 90
638
 90
640
 90
641
 90
3
 90
642
 90
643
 90
644
 90
3
 90
642
 90
644
 90
645
 90
3
 90
646
 90
647
 90
648
 90
3
 90
646
 90
648
 90
649
 90
3
 90
650
 90
651
 90
652
 90
3
 90
650
 90
652
 90
653
 90
3
 90
654
 90
655
 90
656
 90
3
 90
654
 90
656
 90
657
 90
3
 90
658
 90
659
 90
660
 90
3
 90
658
 90
660
 90
661
 90
3
 90
662
 90
663
 90
664
 90
3
 90
662
 90
664
 90
665
 90
3
 90
666
 90
667
 90
668
 90
3
 90
666
 90
668
 90
669
 90
3
 90
670
 90
671
 90
672
 90
3
 90
670
 90
672
 90
673
 90
3
 90
674
 90
675
 90
676
 90
3
 90
674
 90
676
 90
677
 90
3
 90
678
 90
679
 90
680
 90
3
 90
678
 90
680
 90
681
 90
3
 90
682
 90
683
 90
684
 90
3
 90
682
 90
684
 90
685
 90
3
 90
686
 90
687
 90
688
 90
3
 90
686
 90
688
 90
689
 90
3
 90
690
 90
691
 90
692
 90
3
 90
690
 90
692
 90
693
 90
3
 90
694
 90
695
 90
696
 90
3
 90
694
 90
696
 90
697
 90
3
 90
698
 90
699
 90
700
 90
3
 90
698
 90
700
 90
701
 90
3
 90
702
 90
703
 90
704
 90
3
 90
705
 90
706
 90
707
 90
3
 90
708
 90
709
 90
710
 90
3
 90
711
 90
712
 90
713
 90
3
 90
714
 90
715
 90
716
 90
3
 90
717
 90
718
 90
719
 90
3
 90
720
 90
721
 90
722
 90
3
 90
723
 90
724
 90
725
 90
3
 90
726
 90
727
 90
728
 90
3
 90
729
 90
730
 90
731
 90
3
 90
732
 90
733
 90
734
 90
3
 90
735
 90
736
 90
737
 90
3
 90
738
 90
739
 90
740
 90
3
 90
741
 90
742
 90
743
 90
3
 90
744
 90
745
 90
746
 90
3
 90
747
 90
748
 90
749
 90
3
 90
750
 90
751
 90
752
 90
3
 90
753
 90
754
 90
755
 90
3
 90
756
 90
757
 90
758
 90
3
 90
759
 90
760
 90
761
 90
3
 90
762
 90
763
 90
764
 90
3
 90
765
 90
766
 90
767
 90
3
 90
768
 90
769
 90
770
 90
3
 90
771
 90
772
 90
773
 90
3
 90
774
 90
775
 90
776
 90
3
 90
777
 90
778
 90
779
 90
3
 90
780
 90
781
 90
782
 90
3
 90
783
 90
784
 90
785
 90
3
 90
786
 90
787
 90
788
 90
3
 90
789
 90
790
 90
791
 90
3
 90
792
 90
793
 90
794
 90
3
 90
795
 90
796
 90
797
 90
3
 90
798
 90
799
 90
800
 90
3
 90
801
 90
802
 90
803
 90
3
 90
804
 90
805
 90
806
 90
3
 90
807
 90
808
 90
809
 90
3
 90
810
 90
811
 90
812
 90
3
 90
810
 90
812
 90
813
 90
3
 90
814
 90
815
 90
816
 90
3
 90
814
 90
816
 90
817
 90
3
 90
818
 90
819
 90
820
 90
3
 90
818
 90
820
 90
821
 90
3
 90
822
 90
823
 90
824
 90
3
 90
822
 90
824
 90
825
 90
3
 90
826
 90
827
 90
828
 90
3
 90
826
 90
828
 90
829
 90
3
 90
830
 90
831
 90
832
 90
3
 90
830
 90
832
 90
833
 90
3
 90
834
 90
835
 90
836
 90
3
 90
834
 90
836
 90
837
 90
3
 90
838
 90
839
 90
840
 90
3
 90
838
 90
840
 90
841
 90
3
 90
842
 90
843
 90
844
 90
3
 90
842
 90
844
 90
845
 90
3
 90
846
 90
847
 90
848
 90
3
 90
846
 90
848
 90
849
 90
3
 90
850
 90
851
 90
852
 90
3
 90
850
 90
852
 90
853
 90
3
 90
854
 90
855
 90
856
 90
3
 90
854
 90
856
 90
857
 90
3
 90
858
 90
859
 90
860
 90
3
 90
858
 90
860
 90
861
 90
3
 90
862
 90
863
 90
864
 90
3
 90
862
 90
864
 90
865
 90
3
 90
866
 90
867
 90
868
 90
3
 90
866
 90
868
 90
869
 90
3
 90
870
 90
871
 90
872
 90
3
 90
870
 90
872
 90
873
 90
3
 90
874
 90
875
 90
876
 90
3
 90
874
 90
876
 90
877
 90
3
 90
878
 90
879
 90
880
 90
3
 90
878
 90
880
 90
881
 90
3
 90
882
 90
883
 90
884
 90
3
 90
882
 90
884
 90
885
 90
3
 90
886
 90
887
 90
888
 90
3
 90
886
 90
888
 90
889
 90
3
 90
890
 90
891
 90
892
 90
3
 90
890
 90
892
 90
893
 90
3
 90
894
 90
895
 90
896
 90
3
 90
894
 90
896
 90
897
 90
3
 90
898
 90
899
 90
900
 90
3
 90
898
 90
900
 90
901
 90
3
 90
902
 90
903
 90
904
 90
3
 90
902
 90
904
 90
905
 90
3
 90
906
 90
907
 90
908
 90
3
 90
906
 90
908
 90
909
 90
3
 90
910
 90
911
 90
912
 90
3
 90
910
 90
912
 90
913
 90
3
 90
914
 90
915
 90
916
 90
3
 90
914
 90
916
 90
917
 90
3
 90
918
 90
919
 90
920
 90
3
 90
918
 90
920
 90
921
 90
3
 90
922
 90
923
 90
924
 90
3
 90
922
 90
924
 90
925
 90
3
 90
926
 90
927
 90
928
 90
3
 90
926
 90
928
 90
929
 90
3
 90
930
 90
931
 90
932
 90
3
 90
930
 90
932
 90
933
 90
3
 90
934
 90
935
 90
936
 90
3
 90
934
 90
936
 90
937
 90
3
 90
938
 90
939
 90
940
 90
3
 90
938
 90
940
 90
941
 90
3
 90
942
 90
943
 90
944
 90
3
 90
942
 90
944
 90
945
 90
3
 90
946
 90
947
 90
948
 90
3
 90
946
 90
948
 90
949
 90
3
 90
950
 90
951
 90
952
 90
3
 90
950
 90
952
 90
953
 90
3
 90
954
 90
955
 90
956
 90
3
 90
957
 90
958
 90
959
 90
3
 90
960
 90
961
 90
962
 90
3
 90
963
 90
964
 90
965
 90
3
 90
966
 90
967
 90
968
 90
3
 90
969
 90
970
 90
971
 90
3
 90
972
 90
973
 90
974
 90
3
 90
975
 90
976
 90
977
 90
3
 90
978
 90
979
 90
980
 90
3
 90
981
 90
982
 90
983
 90
3
 90
984
 90
985
 90
986
 90
3
 90
987
 90
988
 90
989
 90
3
 90
990
 90
991
 90
992
 90
3
 90
993
 90
994
 90
995
 90
3
 90
996
 90
997
 90
998
 90
3
 90
999
 90
1000
 90
1001
 90
3
 90
1002
 90
1003
 90
1004
 90
3
 90
1005
 90
1006
 90
1007
 90
3
 90
1008
 90
1009
 90
1010
 90
3
 90
1011
 90
1012
 90
1013
 90
3
 90
1014
 90
1015
 90
1016
 90
3
 90
1017
 90
1018
 90
1019
 90
3
 90
1020
 90
1021
 90
1022
 90
3
 90
1023
 90
1024
 90
1025
 90
3
 90
1026
 90
1027
 90
1028
 90
3
 90
1029
 90
1030
 90
1031
 90
3
 90
1032
 90
1033
 90
1034
 90
3
 90
1035
 90
1036
 90
1037
 90
3
 90
1038
 90
1039
 90
1040
 90
3
 90
1041
 90
1042
 90
1043
 90
3
 90
1044
 90
1045
 90
1046
 90
3
 90
1047
 90
1048
 90
1049
 90
3
 90
1050
 90
1051
 90
1052
 90
3
 90
1053
 90
1054
 90
1055
 90
3
 90
1056
 90
1057
 90
1058
 90
3
 90
1059
 90
1060
 90
1061
 90
3
 90
1062
 90
1063
 90
1064
 90
3
 90
1062
 90
1064
 90
1065
 90
3
 90
1066
 90
1067
 90
1068
 90
3
 90
1066
 90
1068
 90
1069
 90
3
 90
1070
 90
1071
 90
1072
 90
3
 90
1070
 90
1072
 90
1073
 90
3
 90
1074
 90
1075
 90
1076
 90
3
 90
1074
 90
1076
 90
1077
 90
3
 90
1078
 90
1079
 90
1080
 90
3
 90
1078
 90
1080
 90
1081
 90
3
 90
1082
 90
1083
 90
1084
 90
3
 90
1082
 90
1084
 90
1085
 90
3
 90
1086
 90
1087
 90
1088
 90
3
 90
1086
 90
1088
 90
1089
 90
3
 90
1090
 90
1091
 90
1092
 90
3
 90
1090
 90
1092
 90
1093
 90
3
 90
1094
 90
1095
 90
1096
 90
3
 90
1094
 90
1096
 90
1097
 90
3
 90
1098
 90
1099
 90
1100
 90
3
 90
1098
 90
1100
 90
1101
 90
3
 90
1102
 90
1103
 90
1104
 90
3
 90
1102
 90
1104
 90
1105
 90
3
 90
1106
 90
1107
 90
1108
 90
3
 90
1106
 90
1108
 90
1109
 90
3
 90
1110
 90
1111
 90
1112
 90
3
 90
1110
 90
1112
 90
1113
 90
3
 90
1114
 90
1115
 90
1116
 90
3
 90
1114
 90
1116
 90
1117
 90
3
 90
1118
 90
1119
 90
1120
 90
3
 90
1118
 90
1120
 90
1121
 90
3
 90
1122
 90
1123
 90
1124
 90
3
 90
1122
 90
1124
 90
1125
 90
3
 90
1126
 90
1127
 90
1128
 90
3
 90
1126
 90
1128
 90
1129
 90
3
 90
1130
 90
1131
 90
1132
 90
3
 90
1130
 90
1132
 90
1133
 90
3
 90
1134
 90
1135
 90
1136
 90
3
 90
1134
 90
1136
 90
1137
 90
3
 90
1138
 90
1139
 90
1140
 90
3
 90
1138
 90
1140
 90
1141
 90
3
 90
1142
 90
1143
 90
1144
 90
3
 90
1142
 90
1144
 90
1145
 90
3
 90
1146
 90
1147
 90
1148
 90
3
 90
1146
 90
1148
 90
1149
 90
3
 90
1150
 90
1151
 90
1152
 90
3
 90
1150
 90
1152
 90
1153
 90
3
 90
1154
 90
1155
 90
1156
 90
3
 90
1154
 90
1156
 90
1157
 90
3
 90
1158
 90
1159
 90
1160
 90
3
 90
1158
 90
1160
 90
1161
 90
3
 90
1162
 90
1163
 90
1164
 90
3
 90
1162
 90
1164
 90
1165
 90
3
 90
1166
 90
1167
 90
1168
 90
3
 90
1166
 90
1168
 90
1169
 90
3
 90
1170
 90
1171
 90
1172
 90
3
 90
1170
 90
1172
 90
1173
 90
3
 90
1174
 90
1175
 90
1176
 90
3
 90
1174
 90
1176
 90
1177
 90
3
 90
1178
 90
1179
 90
1180
 90
3
 90
1178
 90
1180
 90
1181
 90
3
 90
1182
 90
1183
 90
1184
 90
3
 90
1182
 90
1184
 90
1185
 90
3
 90
1186
 90
1187
 90
1188
 90
3
 90
1186
 90
1188
 90
1189
 90
3
 90
1190
 90
1191
 90
1192
 90
3
 90
1190
 90
1192
 90
1193
 90
3
 90
1194
 90
1195
 90
1196
 90
3
 90
1194
 90
1196
 90
1197
 90
3
 90
1198
 90
1199
 90
1200
 90
3
 90
1198
 90
1200
 90
1201
 90
3
 90
1202
 90
1203
 90
1204
 90
3
 90
1202
 90
1204
 90
1205
 90
3
 90
1206
 90
1207
 90
1208
 90
3
 90
1209
 90
1210
 90
1211
 90
3
 90
1212
 90
1213
 90
1214
 90
3
 90
1215
 90
1216
 90
1217
 90
3
 90
1218
 90
1219
 90
1220
 90
3
 90
1221
 90
1222
 90
1223
 90
3
 90
1224
 90
1225
 90
1226
 90
3
 90
1227
 90
1228
 90
1229
 90
3
 90
1230
 90
1231
 90
1232
 90
3
 90
1233
 90
1234
 90
1235
 90
3
 90
1236
 90
1237
 90
1238
 90
3
 90
1239
 90
1240
 90
1241
 90
3
 90
1242
 90
1243
 90
1244
 90
3
 90
1245
 90
1246
 90
1247
 90
3
 90
1248
 90
1249
 90
1250
 90
3
 90
1251
 90
1252
 90
1253
 90
3
 90
1254
 90
1255
 90
1256
 90
3
 90
1257
 90
1258
 90
1259
 90
3
 90
1260
 90
1261
 90
1262
 90
3
 90
1263
 90
1264
 90
1265
 90
3
 90
1266
 90
1267
 90
1268
 90
3
 90
1269
 90
1270
 90
1271
 90
3
 90
1272
 90
1273
 90
1274
 90
3
 90
1275
 90
1276
 90
1277
 90
3
 90
1278
 90
1279
 90
1280
 90
3
 90
1281
 90
1282
 90
1283
 90
3
 90
1284
 90
1285
 90
1286
 90
3
 90
1287
 90
1288
 90
1289
 90
3
 90
1290
 90
1291
 90
1292
 90
3
 90
1293
 90
1294
 90
1295
 90
3
 90
1296
 90
1297
 90
1298
 90
3
 90
1299
 90
1300
 90
1301
 90
3
 90
1302
 90
1303
 90
1304
 90
3
 90
1305
 90
1306
 90
1307
 90
3
 90
1308
 90
1309
 90
1310
 90
3
 90
1311
 90
1312
 90
1313
 90
3
 90
1314
 90
1315
 90
1316
 90
3
 90
1314
 90
1316
 90
1317
 90
3
 90
1318
 90
1319
 90
1320
 90
3
 90
1318
 90
1320
 90
1321
 90
3
 90
1322
 90
1323
 90
1324
 90
3
 90
1322
 90
1324
 90
1325
 90
3
 90
1326
 90
1327
 90
1328
 90
3
 90
1326
 90
1328
 90
1329
 90
3
 90
1330
 90
1331
 90
1332
 90
3
 90
1330
 90
1332
 90
1333
 90
3
 90
1334
 90
1335
 90
1336
 90
3
 90
1334
 90
1336
 90
1337
 90
3
 90
1338
 90
1339
 90
1340
 90
3
 90
1338
 90
1340
 90
1341
 90
3
 90
1342
 90
1343
 90
1344
 90
3
 90
1342
 90
1344
 90
1345
 90
3
 90
1346
 90
1347
 90
1348
 90
3
 90
1346
 90
1348
 90
1349
 90
3
 90
1350
 90
1351
 90
1352
 90
3
 90
1350
 90
1352
 90
1353
 90
3
 90
1354
 90
1355
 90
1356
 90
3
 90
1354
 90
1356
 90
1357
 90
3
 90
1358
 90
1359
 90
1360
 90
3
 90
1358
 90
1360
 90
1361
 90
3
 90
1362
 90
1363
 90
1364
 90
3
 90
1362
 90
1364
 90
1365
 90
3
 90
1366
 90
1367
 90
1368
 90
3
 90
1366
 90
1368
 90
1369
 90
3
 90
1370
 90
1371
 90
1372
 90
3
 90
1370
 90
1372
 90
1373
 90
3
 90
1374
 90
1375
 90
1376
 90
3
 90
1374
 90
1376
 90
1377
 90
3
 90
1378
 90
1379
 90
1380
 90
3
 90
1378
 90
1380
 90
1381
 90
3
 90
1382
 90
1383
 90
1384
 90
3
 90
1382
 90
1384
 90
1385
 90
3
 90
1386
 90
1387
 90
1388
 90
3
 90
1386
 90
1388
 90
1389
 90
3
 90
1390
 90
1391
 90
1392
 90
3
 90
1390
 90
1392
 90
1393
 90
3
 90
1394
 90
1395
 90
1396
 90
3
 90
1394
 90
1396
 90
1397
 90
3
 90
1398
 90
1399
 90
1400
 90
3
 90
1398
 90
1400
 90
1401
 90
3
 90
1402
 90
1403
 90
1404
 90
3
 90
1402
 90
1404
 90
1405
 90
3
 90
1406
 90
1407
 90
1408
 90
3
 90
1406
 90
1408
 90
1409
 90
3
 90
1410
 90
1411
 90
1412
 90
3
 90
1410
 90
1412
 90
1413
 90
3
 90
1414
 90
1415
 90
1416
 90
3
 90
1414
 90
1416
 90
1417
 90
3
 90
1418
 90
1419
 90
1420
 90
3
 90
1418
 90
1420
 90
1421
 90
3
 90
1422
 90
1423
 90
1424
 90
3
 90
1422
 90
1424
 90
1425
 90
3
 90
1426
 90
1427
 90
1428
 90
3
 90
1426
 90
1428
 90
1429
 90
3
 90
1430
 90
1431
 90
1432
 90
3
 90
1430
 90
1432
 90
1433
 90
3
 90
1434
 90
1435
 90
1436
 90
3
 90
1434
 90
1436
 90
1437
 90
3
 90
1438
 90
1439
 90
1440
 90
3
 90
1438
 90
1440
 90
1441
 90
3
 90
1442
 90
1443
 90
1444
 90
3
 90
1442
 90
1444
 90
1445
 90
3
 90
1446
 90
1447
 90
1448
 90
3
 90
1446
 90
1448
 90
1449
 90
3
 90
1450
 90
1451
 90
1452
 90
3
 90
1450
 90
1452
 90
1453
 90
3
 90
1454
 90
1455
 90
1456
 90
3
 90
1454
 90
1456
 90
1457
 90
3
 90
1458
 90
1459
 90
1460
 90
3
 90
1461
 90
1462
 90
1463
 90
3
 90
1464
 90
1465
 90
1466
 90
3
 90
1467
 90
1468
 90
1469
 90
3
 90
1470
 90
1471
 90
1472
 90
3
 90
1473
 90
1474
 90
1475
 90
3
 90
1476
 90
1477
 90
1478
 90
3
 90
1479
 90
1480
 90
1481
 90
3
 90
1482
 90
1483
 90
1484
 90
3
 90
1485
 90
1486
 90
1487
 90
3
 90
1488
 90
1489
 90
1490
 90
3
 90
1491
 90
1492
 90
1493
 90
3
 90
1494
 90
1495
 90
1496
 90
3
 90
1497
 90
1498
 90
1499
 90
3
 90
1500
 90
1501
 90
1502
 90
3
 90
1503
 90
1504
 90
1505
 90
3
 90
1506
 90
1507
 90
1508
 90
3
 90
1509
 90
1510
 90
1511
 94
0
 95
0
 90
0
  0
MESH
  5
9C
330
17
100
AcDbEntity
  8
M-SKYLIGHT
100
AcDbSubDMesh
 71
2
 72
0
 91
0
 92
240
 10
0.0
 20
4.0
 30
23.9
 10
2.1250368178359507
 20
4.569401899225546
 30
23.9
 10
2.2
 20
4.0
 30
23.9
 10
0.0
 20
4.0
 30
23.9
 10
1.9052558883257653
 20
5.1
 30
23.9
 10
2.1250368178359507
 20
4.569401899225546
 30
23.9
 10
0.0
 20
4.0
 30
23.9
 10
1.5556349186104048
 20
5.555634918610405
 30
23.9
 10
1.9052558883257653
 20
5.1
 30
23.9
 10
0.0
 20
4.0
 30
23.9
 10
1.1000000000000003
 20
5.905255888325765
 30
23.9
 10
1.5556349186104048
 20
5.555634918610405
 30
23.9
 10
0.0
 20
4.0
 30
23.9
 10
0.5694018992255456
 20
6.125036817835951
 30
23.9
 10
1.1000000000000003
 20
5.905255888325765
 30
23.9
 10
0.0
 20
4.0
 30
23.9
 10
1.3471114790620887e-16
 20
6.2
 30
23.9
 10
0.5694018992255456
 20
6.125036817835951
 30
23.9
 10
0.0
 20
4.0
 30
23.9
 10
-0.5694018992255454
 20
6.125036817835951
 30
23.9
 10
1.3471114790620887e-16
 20
6.2
 30
23.9
 10
0.0
 20
4.0
 30
23.9
 10
-1.0999999999999996
 20
5.905255888325765
 30
23.9
 10
-0.5694018992255454
 20
6.125036817835951
 30
23.9
 10
0.0
 20
4.0
 30
23.9
 10
-1.5556349186104046
 20
5.555634918610405
 30
23.9
 10
-1.0999999999999996
 20
5.905255888325765
 30
23.9
 10
0.0
 20
4.0
 30
23.9
 10
-1.9052558883257653
 20
5.1
 30
23.9
 10
-1.5556349186104046
 20
5.555634918610405
 30
23.9
 10
0.0
 20
4.0
 30
23.9
 10
-2.12503681783595
 20
4.5694018992255465
 30
23.9
 10
-1.9052558883257653
 20
5.1
 30
23.9
 10
0.0
 20
4.0
 30
23.9
 10
-2.2
 20
4.0
 30
23.9
 10
-2.12503681783595
 20
4.5694018992255465
 30
23.9
 10
0.0
 20
4.0
 30
23.9
 10
-2.1250368178359507
 20
3.4305981007744544
 30
23.9
 10
-2.2
 20
4.0
 30
23.9
 10
0.0
 20
4.0
 30
23.9
 10
-1.9052558883257655
 20
2.9000000000000004
 30
23.9
 10
-2.1250368178359507
 20
3.4305981007744544
 30
23.9
 10
0.0
 20
4.0
 30
23.9
 10
-1.5556349186104055
 20
2.4443650813895963
 30
23.9
 10
-1.9052558883257655
 20
2.9000000000000004
 30
23.9
 10
0.0
 20
4.0
 30
23.9
 10
-1.100000000000001
 20
2.0947441116742356
 30
23.9
 10
-1.5556349186104055
 20
2.4443650813895963
 30
23.9
 10
0.0
 20
4.0
 30
23.9
 10
-0.5694018992255454
 20
1.8749631821640493
 30
23.9
 10
-1.100000000000001
 20
2.0947441116742356
 30
23.9
 10
0.0
 20
4.0
 30
23.9
 10
-4.0413344371862655e-16
 20
1.7999999999999998
 30
23.9
 10
-0.5694018992255454
 20
1.8749631821640493
 30
23.9
 10
0.0
 20
4.0
 30
23.9
 10
0.5694018992255447
 20
1.8749631821640493
 30
23.9
 10
-4.0413344371862655e-16
 20
1.7999999999999998
 30
23.9
 10
0.0
 20
4.0
 30
23.9
 10
1.1000000000000003
 20
2.0947441116742347
 30
23.9
 10
0.5694018992255447
 20
1.8749631821640493
 30
23.9
 10
0.0
 20
4.0
 30
23.9
 10
1.5556349186104044
 20
2.444365081389595
 30
23.9
 10
1.1000000000000003
 20
2.0947441116742347
 30
23.9
 10
0.0
 20
4.0
 30
23.9
 10
1.9052558883257646
 20
2.899999999999999
 30
23.9
 10
1.5556349186104044
 20
2.444365081389595
 30
23.9
 10
0.0
 20
4.0
 30
23.9
 10
2.1250368178359498
 20
3.4305981007744526
 30
23.9
 10
1.9052558883257646
 20
2.899999999999999
 30
23.9
 10
0.0
 20
4.0
 30
23.9
 10
2.2
 20
4.0
 30
23.9
 10
2.1250368178359498
 20
3.4305981007744526
 30
23.9
 10
2.2
 20
4.0
 30
23.9
 10
2.1250368178359507
 20
4.569401899225546
 30
23.9
 10
2.1250368178359507
 20
4.569401899225546
 30
23.3
 10
2.2
 20
4.0
 30
23.3
 10
2.1250368178359507
 20
4.569401899225546
 30
23.9
 10
1.9052558883257653
 20
5.1
 30
23.9
 10
1.9052558883257653
 20
5.1
 30
23.3
 10
2.1250368178359507
 20
4.569401899225546
 30
23.3
 10
1.9052558883257653
 20
5.1
 30
23.9
 10
1.5556349186104048
 20
5.555634918610405
 30
23.9
 10
1.5556349186104048
 20
5.555634918610405
 30
23.3
 10
1.9052558883257653
 20
5.1
 30
23.3
 10
1.5556349186104048
 20
5.555634918610405
 30
23.9
 10
1.1000000000000003
 20
5.905255888325765
 30
23.9
 10
1.1000000000000003
 20
5.905255888325765
 30
23.3
 10
1.5556349186104048
 20
5.555634918610405
 30
23.3
 10
1.1000000000000003
 20
5.905255888325765
 30
23.9
 10
0.5694018992255456
 20
6.125036817835951
 30
23.9
 10
0.5694018992255456
 20
6.125036817835951
 30
23.3
 10
1.1000000000000003
 20
5.905255888325765
 30
23.3
 10
0.5694018992255456
 20
6.125036817835951
 30
23.9
 10
1.3471114790620887e-16
 20
6.2
 30
23.9
 10
1.3471114790620887e-16
 20
6.2
 30
23.3
 10
0.5694018992255456
 20
6.125036817835951
 30
23.3
 10
1.3471114790620887e-16
 20
6.2
 30
23.9
 10
-0.5694018992255454
 20
6.125036817835951
 30
23.9
 10
-0.5694018992255454
 20
6.125036817835951
 30
23.3
 10
1.3471114790620887e-16
 20
6.2
 30
23.3
 10
-0.5694018992255454
 20
6.125036817835951
 30
23.9
 10
-1.0999999999999996
 20
5.905255888325765
 30
23.9
 10
-1.0999999999999996
 20
5.905255888325765
 30
23.3
 10
-0.5694018992255454
 20
6.125036817835951
 30
23.3
 10
-1.0999999999999996
 20
5.905255888325765
 30
23.9
 10
-1.5556349186104046
 20
5.555634918610405
 30
23.9
 10
-1.5556349186104046
 20
5.555634918610405
 30
23.3
 10
-1.0999999999999996
 20
5.905255888325765
 30
23.3
 10
-1.5556349186104046
 20
5.555634918610405
 30
23.9
 10
-1.9052558883257653
 20
5.1
 30
23.9
 10
-1.9052558883257653
 20
5.1
 30
23.3
 10
-1.5556349186104046
 20
5.555634918610405
 30
23.3
 10
-1.9052558883257653
 20
5.1
 30
23.9
 10
-2.12503681783595
 20
4.5694018992255465
 30
23.9
 10
-2.12503681783595
 20
4.5694018992255465
 30
23.3
 10
-1.9052558883257653
 20
5.1
 30
23.3
 10
-2.12503681783595
 20
4.5694018992255465
 30
23.9
 10
-2.2
 20
4.0
 30
23.9
 10
-2.2
 20
4.0
 30
23.3
 10
-2.12503681783595
 20
4.5694018992255465
 30
23.3
 10
-2.2
 20
4.0
 30
23.9
 10
-2.1250368178359507
 20
3.4305981007744544
 30
23.9
 10
-2.1250368178359507
 20
3.4305981007744544
 30
23.3
 10
-2.2
 20
4.0
 30
23.3
 10
-2.1250368178359507
 20
3.4305981007744544
 30
23.9
 10
-1.9052558883257655
 20
2.9000000000000004
 30
23.9
 10
-1.9052558883257655
 20
2.9000000000000004
 30
23.3
 10
-2.1250368178359507
 20
3.4305981007744544
 30
23.3
 10
-1.9052558883257655
 20
2.9000000000000004
 30
23.9
 10
-1.5556349186104055
 20
2.4443650813895963
 30
23.9
 10
-1.5556349186104055
 20
2.4443650813895963
 30
23.3
 10
-1.9052558883257655
 20
2.9000000000000004
 30
23.3
 10
-1.5556349186104055
 20
2.4443650813895963
 30
23.9
 10
-1.100000000000001
 20
2.0947441116742356
 30
23.9
 10
-1.100000000000001
 20
2.0947441116742356
 30
23.3
 10
-1.5556349186104055
 20
2.4443650813895963
 30
23.3
 10
-1.100000000000001
 20
2.0947441116742356
 30
23.9
 10
-0.5694018992255454
 20
1.8749631821640493
 30
23.9
 10
-0.5694018992255454
 20
1.8749631821640493
 30
23.3
 10
-1.100000000000001
 20
2.0947441116742356
 30
23.3
 10
-0.5694018992255454
 20
1.8749631821640493
 30
23.9
 10
-4.0413344371862655e-16
 20
1.7999999999999998
 30
23.9
 10
-4.0413344371862655e-16
 20
1.7999999999999998
 30
23.3
 10
-0.5694018992255454
 20
1.8749631821640493
 30
23.3
 10
-4.0413344371862655e-16
 20
1.7999999999999998
 30
23.9
 10
0.5694018992255447
 20
1.8749631821640493
 30
23.9
 10
0.5694018992255447
 20
1.8749631821640493
 30
23.3
 10
-4.0413344371862655e-16
 20
1.7999999999999998
 30
23.3
 10
0.5694018992255447
 20
1.8749631821640493
 30
23.9
 10
1.1000000000000003
 20
2.0947441116742347
 30
23.9
 10
1.1000000000000003
 20
2.0947441116742347
 30
23.3
 10
0.5694018992255447
 20
1.8749631821640493
 30
23.3
 10
1.1000000000000003
 20
2.0947441116742347
 30
23.9
 10
1.5556349186104044
 20
2.444365081389595
 30
23.9
 10
1.5556349186104044
 20
2.444365081389595
 30
23.3
 10
1.1000000000000003
 20
2.0947441116742347
 30
23.3
 10
1.5556349186104044
 20
2.444365081389595
 30
23.9
 10
1.9052558883257646
 20
2.899999999999999
 30
23.9
 10
1.9052558883257646
 20
2.899999999999999
 30
23.3
 10
1.5556349186104044
 20
2.444365081389595
 30
23.3
 10
1.9052558883257646
 20
2.899999999999999
 30
23.9
 10
2.1250368178359498
 20
3.4305981007744526
 30
23.9
 10
2.1250368178359498
 20
3.4305981007744526
 30
23.3
 10
1.9052558883257646
 20
2.899999999999999
 30
23.3
 10
2.1250368178359498
 20
3.4305981007744526
 30
23.9
 10
2.2
 20
4.0
 30
23.9
 10
2.2
 20
4.0
 30
23.3
 10
2.1250368178359498
 20
3.4305981007744526
 30
23.3
 10
2.2
 20
4.0
 30
23.3
 10
2.1250368178359507
 20
4.569401899225546
 30
23.3
 10
0.0
 20
4.0
 30
23.3
 10
2.1250368178359507
 20
4.569401899225546
 30
23.3
 10
1.9052558883257653
 20
5.1
 30
23.3
 10
0.0
 20
4.0
 30
23.3
 10
1.9052558883257653
 20
5.1
 30
23.3
 10
1.5556349186104048
 20
5.555634918610405
 30
23.3
 10
0.0
 20
4.0
 30
23.3
 10
1.5556349186104048
 20
5.555634918610405
 30
23.3
 10
1.1000000000000003
 20
5.905255888325765
 30
23.3
 10
0.0
 20
4.0
 30
23.3
 10
1.1000000000000003
 20
5.905255888325765
 30
23.3
 10
0.5694018992255456
 20
6.125036817835951
 30
23.3
 10
0.0
 20
4.0
 30
23.3
 10
0.5694018992255456
 20
6.125036817835951
 30
23.3
 10
1.3471114790620887e-16
 20
6.2
 30
23.3
 10
0.0
 20
4.0
 30
23.3
 10
1.3471114790620887e-16
 20
6.2
 30
23.3
 10
-0.5694018992255454
 20
6.125036817835951
 30
23.3
 10
0.0
 20
4.0
 30
23.3
 10
-0.5694018992255454
 20
6.125036817835951
 30
23.3
 10
-1.0999999999999996
 20
5.905255888325765
 30
23.3
 10
0.0
 20
4.0
 30
23.3
 10
-1.0999999999999996
 20
5.905255888325765
 30
23.3
 10
-1.5556349186104046
 20
5.555634918610405
 30
23.3
 10
0.0
 20
4.0
 30
23.3
 10
-1.5556349186104046
 20
5.555634918610405
 30
23.3
 10
-1.9052558883257653
 20
5.1
 30
23.3
 10
0.0
 20
4.0
 30
23.3
 10
-1.9052558883257653
 20
5.1
 30
23.3
 10
-2.12503681783595
 20
4.5694018992255465
 30
23.3
 10
0.0
 20
4.0
 30
23.3
 10
-2.12503681783595
 20
4.5694018992255465
 30
23.3
 10
-2.2
 20
4.0
 30
23.3
 10
0.0
 20
4.0
 30
23.3
 10
-2.2
 20
4.0
 30
23.3
 10
-2.1250368178359507
 20
3.4305981007744544
 30
23.3
 10
0.0
 20
4.0
 30
23.3
 10
-2.1250368178359507
 20
3.4305981007744544
 30
23.3
 10
-1.9052558883257655
 20
2.9000000000000004
 30
23.3
 10
0.0
 20
4.0
 30
23.3
 10
-1.9052558883257655
 20
2.9000000000000004
 30
23.3
 10
-1.5556349186104055
 20
2.4443650813895963
 30
23.3
 10
0.0
 20
4.0
 30
23.3
 10
-1.5556349186104055
 20
2.4443650813895963
 30
23.3
 10
-1.100000000000001
 20
2.0947441116742356
 30
23.3
 10
0.0
 20
4.0
 30
23.3
 10
-1.100000000000001
 20
2.0947441116742356
 30
23.3
 10
-0.5694018992255454
 20
1.8749631821640493
 30
23.3
 10
0.0
 20
4.0
 30
23.3
 10
-0.5694018992255454
 20
1.8749631821640493
 30
23.3
 10
-4.0413344371862655e-16
 20
1.7999999999999998
 30
23.3
 10
0.0
 20
4.0
 30
23.3
 10
-4.0413344371862655e-16
 20
1.7999999999999998
 30
23.3
 10
0.5694018992255447
 20
1.8749631821640493
 30
23.3
 10
0.0
 20
4.0
 30
23.3
 10
0.5694018992255447
 20
1.8749631821640493
 30
23.3
 10
1.1000000000000003
 20
2.0947441116742347
 30
23.3
 10
0.0
 20
4.0
 30
23.3
 10
1.1000000000000003
 20
2.0947441116742347
 30
23.3
 10
1.5556349186104044
 20
2.444365081389595
 30
23.3
 10
0.0
 20
4.0
 30
23.3
 10
1.5556349186104044
 20
2.444365081389595
 30
23.3
 10
1.9052558883257646
 20
2.899999999999999
 30
23.3
 10
0.0
 20
4.0
 30
23.3
 10
1.9052558883257646
 20
2.899999999999999
 30
23.3
 10
2.1250368178359498
 20
3.4305981007744526
 30
23.3
 10
0.0
 20
4.0
 30
23.3
 10
2.1250368178359498
 20
3.4305981007744526
 30
23.3
 10
2.2
 20
4.0
 30
23.3
 10
0.0
 20
4.0
 30
23.3
 93
384
 90
3
 90
0
 90
1
 90
2
 90
3
 90
3
 90
4
 90
5
 90
3
 90
6
 90
7
 90
8
 90
3
 90
9
 90
10
 90
11
 90
3
 90
12
 90
13
 90
14
 90
3
 90
15
 90
16
 90
17
 90
3
 90
18
 90
19
 90
20
 90
3
 90
21
 90
22
 90
23
 90
3
 90
24
 90
25
 90
26
 90
3
 90
27
 90
28
 90
29
 90
3
 90
30
 90
31
 90
32
 90
3
 90
33
 90
34
 90
35
 90
3
 90
36
 90
37
 90
38
 90
3
 90
39
 90
40
 90
41
 90
3
 90
42
 90
43
 90
44
 90
3
 90
45
 90
46
 90
47
 90
3
 90
48
 90
49
 90
50
 90
3
 90
51
 90
52
 90
53
 90
3
 90
54
 90
55
 90
56
 90
3
 90
57
 90
58
 90
59
 90
3
 90
60
 90
61
 90
62
 90
3
 90
63
 90
64
 90
65
 90
3
 90
66
 90
67
 90
68
 90
3
 90
69
 90
70
 90
71
 90
3
 90
72
 90
73
 90
74
 90
3
 90
72
 90
74
 90
75
 90
3
 90
76
 90
77
 90
78
 90
3
 90
76
 90
78
 90
79
 90
3
 90
80
 90
81
 90
82
 90
3
 90
80
 90
82
 90
83
 90
3
 90
84
 90
85
 90
86
 90
3
 90
84
 90
86
 90
87
 90
3
 90
88
 90
89
 90
90
 90
3
 90
88
 90
90
 90
91
 90
3
 90
92
 90
93
 90
94
 90
3
 90
92
 90
94
 90
95
 90
3
 90
96
 90
97
 90
98
 90
3
 90
96
 90
98
 90
99
 90
3
 90
100
 90
101
 90
102
 90
3
 90
100
 90
102
 90
103
 90
3
 90
104
 90
105
 90
106
 90
3
 90
104
 90
106
 90
107
 90
3
 90
108
 90
109
 90
110
 90
3
 90
108
 90
110
 90
111
 90
3
 90
112
 90
113
 90
114
 90
3
 90
112
 90
114
 90
115
 90
3
 90
116
 90
117
 90
118
 90
3
 90
116
 90
118
 90
119
 90
3
 90
120
 90
121
 90
122
 90
3
 90
120
 90
122
 90
123
 90
3
 90
124
 90
125
 90
126
 90
3
 90
124
 90
126
 90
127
 90
3
 90
128
 90
129
 90
130
 90
3
 90
128
 90
130
 90
131
 90
3
 90
132
 90
133
 90
134
 90
3
 90
132
 90
134
 90
135
 90
3
 90
136
 90
137
 90
138
 90
3
 90
136
 90
138
 90
139
 90
3
 90
140
 90
141
 90
142
 90
3
 90
140
 90
142
 90
143
 90
3
 90
144
 90
145
 90
146
 90
3
 90
144
 90
146
 90
147
 90
3
 90
148
 90
149
 90
150
 90
3
 90
148
 90
150
 90
151
 90
3
 90
152
 90
153
 90
154
 90
3
 90
152
 90
154
 90
155
 90
3
 90
156
 90
157
 90
158
 90
3
 90
156
 90
158
 90
159
 90
3
 90
160
 90
161
 90
162
 90
3
 90
160
 90
162
 90
163
 90
3
 90
164
 90
165
 90
166
 90
3
 90
164
 90
166
 90
167
 90
3
 90
168
 90
169
 90
170
 90
3
 90
171
 90
172
 90
173
 90
3
 90
174
 90
175
 90
176
 90
3
 90
177
 90
178
 90
179
 90
3
 90
180
 90
181
 90
182
 90
3
 90
183
 90
184
 90
185
 90
3
 90
186
 90
187
 90
188
 90
3
 90
189
 90
190
 90
191
 90
3
 90
192
 90
193
 90
194
 90
3
 90
195
 90
196
 90
197
 90
3
 90
198
 90
199
 90
200
 90
3
 90
201
 90
202
 90
203
 90
3
 90
204
 90
205
 90
206
 90
3
 90
207
 90
208
 90
209
 90
3
 90
210
 90
211
 90
212
 90
3
 90
213
 90
214
 90
215
 90
3
 90
216
 90
217
 90
218
 90
3
 90
219
 90
220
 90
221
 90
3
 90
222
 90
223
 90
224
 90
3
 90
225
 90
226
 90
227
 90
3
 90
228
 90
229
 90
230
 90
3
 90
231
 90
232
 90
233
 90
3
 90
234
 90
235
 90
236
 90
3
 90
237
 90
238
 90
239
 94
0
 95
0
 90
0
  0
MESH
  5
9E
330
17
100
AcDbEntity
  8
M-WINDOWS
100
AcDbSubDMesh
 71
2
 72
0
 91
0
 92
800
 10
7.372368398600926
 20
9.162187927159415
 30
5.6
 10
8.894058824673172
 20
9.656615118159332
 30
5.6
 10
8.972368398600926
 20
9.162187927159415
 30
5.6
 10
7.372368398600926
 20
9.162187927159415
 30
5.6
 10
8.666795589600842
 20
10.102644330827372
 30
5.6
 10
8.894058824673172
 20
9.656615118159332
 30
5.6
 10
7.372368398600926
 20
9.162187927159415
 30
5.6
 10
8.312824802268883
 20
10.45661511815933
 30
5.6
 10
8.666795589600842
 20
10.102644330827372
 30
5.6
 10
7.372368398600926
 20
9.162187927159415
 30
5.6
 10
7.866795589600843
 20
10.68387835323166
 30
5.6
 10
8.312824802268883
 20
10.45661511815933
 30
5.6
 10
7.372368398600926
 20
9.162187927159415
 30
5.6
 10
7.372368398600926
 20
10.762187927159415
 30
5.6
 10
7.866795589600843
 20
10.68387835323166
 30
5.6
 10
7.372368398600926
 20
9.162187927159415
 30
5.6
 10
6.877941207601011
 20
10.68387835323166
 30
5.6
 10
7.372368398600926
 20
10.762187927159415
 30
5.6
 10
7.372368398600926
 20
9.162187927159415
 30
5.6
 10
6.431911994932969
 20
10.45661511815933
 30
5.6
 10
6.877941207601011
 20
10.68387835323166
 30
5.6
 10
7.372368398600926
 20
9.162187927159415
 30
5.6
 10
6.07794120760101
 20
10.102644330827372
 30
5.6
 10
6.431911994932969
 20
10.45661511815933
 30
5.6
 10
7.372368398600926
 20
9.162187927159415
 30
5.6
 10
5.850677972528681
 20
9.656615118159332
 30
5.6
 10
6.07794120760101
 20
10.102644330827372
 30
5.6
 10
7.372368398600926
 20
9.162187927159415
 30
5.6
 10
5.772368398600927
 20
9.162187927159415
 30
5.6
 10
5.850677972528681
 20
9.656615118159332
 30
5.6
 10
7.372368398600926
 20
9.162187927159415
 30
5.6
 10
5.85067797252868
 20
8.6677607361595
 30
5.6
 10
5.772368398600927
 20
9.162187927159415
 30
5.6
 10
7.372368398600926
 20
9.162187927159415
 30
5.6
 10
6.07794120760101
 20
8.221731523491458
 30
5.6
 10
5.85067797252868
 20
8.6677607361595
 30
5.6
 10
7.372368398600926
 20
9.162187927159415
 30
5.6
 10
6.431911994932969
 20
7.867760736159499
 30
5.6
 10
6.07794120760101
 20
8.221731523491458
 30
5.6
 10
7.372368398600926
 20
9.162187927159415
 30
5.6
 10
6.87794120760101
 20
7.64049750108717
 30
5.6
 10
6.431911994932969
 20
7.867760736159499
 30
5.6
 10
7.372368398600926
 20
9.162187927159415
 30
5.6
 10
7.372368398600926
 20
7.562187927159416
 30
5.6
 10
6.87794120760101
 20
7.64049750108717
 30
5.6
 10
7.372368398600926
 20
9.162187927159415
 30
5.6
 10
7.866795589600842
 20
7.64049750108717
 30
5.6
 10
7.372368398600926
 20
7.562187927159416
 30
5.6
 10
7.372368398600926
 20
9.162187927159415
 30
5.6
 10
8.312824802268883
 20
7.867760736159499
 30
5.6
 10
7.866795589600842
 20
7.64049750108717
 30
5.6
 10
7.372368398600926
 20
9.162187927159415
 30
5.6
 10
8.666795589600842
 20
8.221731523491458
 30
5.6
 10
8.312824802268883
 20
7.867760736159499
 30
5.6
 10
7.372368398600926
 20
9.162187927159415
 30
5.6
 10
8.894058824673172
 20
8.667760736159499
 30
5.6
 10
8.666795589600842
 20
8.221731523491458
 30
5.6
 10
7.372368398600926
 20
9.162187927159415
 30
5.6
 10
8.972368398600926
 20
9.162187927159415
 30
5.6
 10
8.894058824673172
 20
8.667760736159499
 30
5.6
 10
8.972368398600926
 20
9.162187927159415
 30
5.6
 10
8.894058824673172
 20
9.656615118159332
 30
5.6
 10
8.894058824673172
 20
9.656615118159332
 30
5.2
 10
8.972368398600926
 20
9.162187927159415
 30
5.2
 10
8.894058824673172
 20
9.656615118159332
 30
5.6
 10
8.666795589600842
 20
10.102644330827372
 30
5.6
 10
8.666795589600842
 20
10.102644330827372
 30
5.2
 10
8.894058824673172
 20
9.656615118159332
 30
5.2
 10
8.666795589600842
 20
10.102644330827372
 30
5.6
 10
8.312824802268883
 20
10.45661511815933
 30
5.6
 10
8.312824802268883
 20
10.45661511815933
 30
5.2
 10
8.666795589600842
 20
10.102644330827372
 30
5.2
 10
8.312824802268883
 20
10.45661511815933
 30
5.6
 10
7.866795589600843
 20
10.68387835323166
 30
5.6
 10
7.866795589600843
 20
10.68387835323166
 30
5.2
 10
8.312824802268883
 20
10.45661511815933
 30
5.2
 10
7.866795589600843
 20
10.68387835323166
 30
5.6
 10
7.372368398600926
 20
10.762187927159415
 30
5.6
 10
7.372368398600926
 20
10.762187927159415
 30
5.2
 10
7.866795589600843
 20
10.68387835323166
 30
5.2
 10
7.372368398600926
 20
10.762187927159415
 30
5.6
 10
6.877941207601011
 20
10.68387835323166
 30
5.6
 10
6.877941207601011
 20
10.68387835323166
 30
5.2
 10
7.372368398600926
 20
10.762187927159415
 30
5.2
 10
6.877941207601011
 20
10.68387835323166
 30
5.6
 10
6.431911994932969
 20
10.45661511815933
 30
5.6
 10
6.431911994932969
 20
10.45661511815933
 30
5.2
 10
6.877941207601011
 20
10.68387835323166
 30
5.2
 10
6.431911994932969
 20
10.45661511815933
 30
5.6
 10
6.07794120760101
 20
10.102644330827372
 30
5.6
 10
6.07794120760101
 20
10.102644330827372
 30
5.2
 10
6.431911994932969
 20
10.45661511815933
 30
5.2
 10
6.07794120760101
 20
10.102644330827372
 30
5.6
 10
5.850677972528681
 20
9.656615118159332
 30
5.6
 10
5.850677972528681
 20
9.656615118159332
 30
5.2
 10
6.07794120760101
 20
10.102644330827372
 30
5.2
 10
5.850677972528681
 20
9.656615118159332
 30
5.6
 10
5.772368398600927
 20
9.162187927159415
 30
5.6
 10
5.772368398600927
 20
9.162187927159415
 30
5.2
 10
5.850677972528681
 20
9.656615118159332
 30
5.2
 10
5.772368398600927
 20
9.162187927159415
 30
5.6
 10
5.85067797252868
 20
8.6677607361595
 30
5.6
 10
5.85067797252868
 20
8.6677607361595
 30
5.2
 10
5.772368398600927
 20
9.162187927159415
 30
5.2
 10
5.85067797252868
 20
8.6677607361595
 30
5.6
 10
6.07794120760101
 20
8.221731523491458
 30
5.6
 10
6.07794120760101
 20
8.221731523491458
 30
5.2
 10
5.85067797252868
 20
8.6677607361595
 30
5.2
 10
6.07794120760101
 20
8.221731523491458
 30
5.6
 10
6.431911994932969
 20
7.867760736159499
 30
5.6
 10
6.431911994932969
 20
7.867760736159499
 30
5.2
 10
6.07794120760101
 20
8.221731523491458
 30
5.2
 10
6.431911994932969
 20
7.867760736159499
 30
5.6
 10
6.87794120760101
 20
7.64049750108717
 30
5.6
 10
6.87794120760101
 20
7.64049750108717
 30
5.2
 10
6.431911994932969
 20
7.867760736159499
 30
5.2
 10
6.87794120760101
 20
7.64049750108717
 30
5.6
 10
7.372368398600926
 20
7.562187927159416
 30
5.6
 10
7.372368398600926
 20
7.562187927159416
 30
5.2
 10
6.87794120760101
 20
7.64049750108717
 30
5.2
 10
7.372368398600926
 20
7.562187927159416
 30
5.6
 10
7.866795589600842
 20
7.64049750108717
 30
5.6
 10
7.866795589600842
 20
7.64049750108717
 30
5.2
 10
7.372368398600926
 20
7.562187927159416
 30
5.2
 10
7.866795589600842
 20
7.64049750108717
 30
5.6
 10
8.312824802268883
 20
7.867760736159499
 30
5.6
 10
8.312824802268883
 20
7.867760736159499
 30
5.2
 10
7.866795589600842
 20
7.64049750108717
 30
5.2
 10
8.312824802268883
 20
7.867760736159499
 30
5.6
 10
8.666795589600842
 20
8.221731523491458
 30
5.6
 10
8.666795589600842
 20
8.221731523491458
 30
5.2
 10
8.312824802268883
 20
7.867760736159499
 30
5.2
 10
8.666795589600842
 20
8.221731523491458
 30
5.6
 10
8.894058824673172
 20
8.667760736159499
 30
5.6
 10
8.894058824673172
 20
8.667760736159499
 30
5.2
 10
8.666795589600842
 20
8.221731523491458
 30
5.2
 10
8.894058824673172
 20
8.667760736159499
 30
5.6
 10
8.972368398600926
 20
9.162187927159415
 30
5.6
 10
8.972368398600926
 20
9.162187927159415
 30
5.2
 10
8.894058824673172
 20
8.667760736159499
 30
5.2
 10
8.972368398600926
 20
9.162187927159415
 30
5.2
 10
8.894058824673172
 20
9.656615118159332
 30
5.2
 10
7.372368398600926
 20
9.162187927159415
 30
5.2
 10
8.894058824673172
 20
9.656615118159332
 30
5.2
 10
8.666795589600842
 20
10.102644330827372
 30
5.2
 10
7.372368398600926
 20
9.162187927159415
 30
5.2
 10
8.666795589600842
 20
10.102644330827372
 30
5.2
 10
8.312824802268883
 20
10.45661511815933
 30
5.2
 10
7.372368398600926
 20
9.162187927159415
 30
5.2
 10
8.312824802268883
 20
10.45661511815933
 30
5.2
 10
7.866795589600843
 20
10.68387835323166
 30
5.2
 10
7.372368398600926
 20
9.162187927159415
 30
5.2
 10
7.866795589600843
 20
10.68387835323166
 30
5.2
 10
7.372368398600926
 20
10.762187927159415
 30
5.2
 10
7.372368398600926
 20
9.162187927159415
 30
5.2
 10
7.372368398600926
 20
10.762187927159415
 30
5.2
 10
6.877941207601011
 20
10.68387835323166
 30
5.2
 10
7.372368398600926
 20
9.162187927159415
 30
5.2
 10
6.877941207601011
 20
10.68387835323166
 30
5.2
 10
6.431911994932969
 20
10.45661511815933
 30
5.2
 10
7.372368398600926
 20
9.162187927159415
 30
5.2
 10
6.431911994932969
 20
10.45661511815933
 30
5.2
 10
6.07794120760101
 20
10.102644330827372
 30
5.2
 10
7.372368398600926
 20
9.162187927159415
 30
5.2
 10
6.07794120760101
 20
10.102644330827372
 30
5.2
 10
5.850677972528681
 20
9.656615118159332
 30
5.2
 10
7.372368398600926
 20
9.162187927159415
 30
5.2
 10
5.850677972528681
 20
9.656615118159332
 30
5.2
 10
5.772368398600927
 20
9.162187927159415
 30
5.2
 10
7.372368398600926
 20
9.162187927159415
 30
5.2
 10
5.772368398600927
 20
9.162187927159415
 30
5.2
 10
5.85067797252868
 20
8.6677607361595
 30
5.2
 10
7.372368398600926
 20
9.162187927159415
 30
5.2
 10
5.85067797252868
 20
8.6677607361595
 30
5.2
 10
6.07794120760101
 20
8.221731523491458
 30
5.2
 10
7.372368398600926
 20
9.162187927159415
 30
5.2
 10
6.07794120760101
 20
8.221731523491458
 30
5.2
 10
6.431911994932969
 20
7.867760736159499
 30
5.2
 10
7.372368398600926
 20
9.162187927159415
 30
5.2
 10
6.431911994932969
 20
7.867760736159499
 30
5.2
 10
6.87794120760101
 20
7.64049750108717
 30
5.2
 10
7.372368398600926
 20
9.162187927159415
 30
5.2
 10
6.87794120760101
 20
7.64049750108717
 30
5.2
 10
7.372368398600926
 20
7.562187927159416
 30
5.2
 10
7.372368398600926
 20
9.162187927159415
 30
5.2
 10
7.372368398600926
 20
7.562187927159416
 30
5.2
 10
7.866795589600842
 20
7.64049750108717
 30
5.2
 10
7.372368398600926
 20
9.162187927159415
 30
5.2
 10
7.866795589600842
 20
7.64049750108717
 30
5.2
 10
8.312824802268883
 20
7.867760736159499
 30
5.2
 10
7.372368398600926
 20
9.162187927159415
 30
5.2
 10
8.312824802268883
 20
7.867760736159499
 30
5.2
 10
8.666795589600842
 20
8.221731523491458
 30
5.2
 10
7.372368398600926
 20
9.162187927159415
 30
5.2
 10
8.666795589600842
 20
8.221731523491458
 30
5.2
 10
8.894058824673172
 20
8.667760736159499
 30
5.2
 10
7.372368398600926
 20
9.162187927159415
 30
5.2
 10
8.894058824673172
 20
8.667760736159499
 30
5.2
 10
8.972368398600926
 20
9.162187927159415
 30
5.2
 10
7.372368398600926
 20
9.162187927159415
 30
5.2
 10
-7.372368398600927
 20
9.162187927159414
 30
5.6
 10
-5.850677972528682
 20
9.65661511815933
 30
5.6
 10
-5.772368398600927
 20
9.162187927159414
 30
5.6
 10
-7.372368398600927
 20
9.162187927159414
 30
5.6
 10
-6.077941207601011
 20
10.10264433082737
 30
5.6
 10
-5.850677972528682
 20
9.65661511815933
 30
5.6
 10
-7.372368398600927
 20
9.162187927159414
 30
5.6
 10
-6.43191199493297
 20
10.45661511815933
 30
5.6
 10
-6.077941207601011
 20
10.10264433082737
 30
5.6
 10
-7.372368398600927
 20
9.162187927159414
 30
5.6
 10
-6.877941207601011
 20
10.683878353231659
 30
5.6
 10
-6.43191199493297
 20
10.45661511815933
 30
5.6
 10
-7.372368398600927
 20
9.162187927159414
 30
5.6
 10
-7.372368398600927
 20
10.762187927159413
 30
5.6
 10
-6.877941207601011
 20
10.683878353231659
 30
5.6
 10
-7.372368398600927
 20
9.162187927159414
 30
5.6
 10
-7.866795589600843
 20
10.683878353231659
 30
5.6
 10
-7.372368398600927
 20
10.762187927159413
 30
5.6
 10
-7.372368398600927
 20
9.162187927159414
 30
5.6
 10
-8.312824802268883
 20
10.45661511815933
 30
5.6
 10
-7.866795589600843
 20
10.683878353231659
 30
5.6
 10
-7.372368398600927
 20
9.162187927159414
 30
5.6
 10
-8.666795589600843
 20
10.10264433082737
 30
5.6
 10
-8.312824802268883
 20
10.45661511815933
 30
5.6
 10
-7.372368398600927
 20
9.162187927159414
 30
5.6
 10
-8.894058824673174
 20
9.65661511815933
 30
5.6
 10
-8.666795589600843
 20
10.10264433082737
 30
5.6
 10
-7.372368398600927
 20
9.162187927159414
 30
5.6
 10
-8.972368398600928
 20
9.162187927159414
 30
5.6
 10
-8.894058824673174
 20
9.65661511815933
 30
5.6
 10
-7.372368398600927
 20
9.162187927159414
 30
5.6
 10
-8.894058824673174
 20
8.667760736159499
 30
5.6
 10
-8.972368398600928
 20
9.162187927159414
 30
5.6
 10
-7.372368398600927
 20
9.162187927159414
 30
5.6
 10
-8.666795589600843
 20
8.221731523491457
 30
5.6
 10
-8.894058824673174
 20
8.667760736159499
 30
5.6
 10
-7.372368398600927
 20
9.162187927159414
 30
5.6
 10
-8.312824802268885
 20
7.8677607361594974
 30
5.6
 10
-8.666795589600843
 20
8.221731523491457
 30
5.6
 10
-7.372368398600927
 20
9.162187927159414
 30
5.6
 10
-7.8667955896008435
 20
7.640497501087168
 30
5.6
 10
-8.312824802268885
 20
7.8677607361594974
 30
5.6
 10
-7.372368398600927
 20
9.162187927159414
 30
5.6
 10
-7.372368398600927
 20
7.562187927159414
 30
5.6
 10
-7.8667955896008435
 20
7.640497501087168
 30
5.6
 10
-7.372368398600927
 20
9.162187927159414
 30
5.6
 10
-6.877941207601012
 20
7.640497501087168
 30
5.6
 10
-7.372368398600927
 20
7.562187927159414
 30
5.6
 10
-7.372368398600927
 20
9.162187927159414
 30
5.6
 10
-6.43191199493297
 20
7.8677607361594974
 30
5.6
 10
-6.877941207601012
 20
7.640497501087168
 30
5.6
 10
-7.372368398600927
 20
9.162187927159414
 30
5.6
 10
-6.077941207601011
 20
8.221731523491457
 30
5.6
 10
-6.43191199493297
 20
7.8677607361594974
 30
5.6
 10
-7.372368398600927
 20
9.162187927159414
 30
5.6
 10
-5.850677972528682
 20
8.667760736159497
 30
5.6
 10
-6.077941207601011
 20
8.221731523491457
 30
5.6
 10
-7.372368398600927
 20
9.162187927159414
 30
5.6
 10
-5.772368398600927
 20
9.162187927159414
 30
5.6
 10
-5.850677972528682
 20
8.667760736159497
 30
5.6
 10
-5.772368398600927
 20
9.162187927159414
 30
5.6
 10
-5.850677972528682
 20
9.65661511815933
 30
5.6
 10
-5.850677972528682
 20
9.65661511815933
 30
5.2
 10
-5.772368398600927
 20
9.162187927159414
 30
5.2
 10
-5.850677972528682
 20
9.65661511815933
 30
5.6
 10
-6.077941207601011
 20
10.10264433082737
 30
5.6
 10
-6.077941207601011
 20
10.10264433082737
 30
5.2
 10
-5.850677972528682
 20
9.65661511815933
 30
5.2
 10
-6.077941207601011
 20
10.10264433082737
 30
5.6
 10
-6.43191199493297
 20
10.45661511815933
 30
5.6
 10
-6.43191199493297
 20
10.45661511815933
 30
5.2
 10
-6.077941207601011
 20
10.10264433082737
 30
5.2
 10
-6.43191199493297
 20
10.45661511815933
 30
5.6
 10
-6.877941207601011
 20
10.683878353231659
 30
5.6
 10
-6.877941207601011
 20
10.683878353231659
 30
5.2
 10
-6.43191199493297
 20
10.45661511815933
 30
5.2
 10
-6.877941207601011
 20
10.683878353231659
 30
5.6
 10
-7.372368398600927
 20
10.762187927159413
 30
5.6
 10
-7.372368398600927
 20
10.762187927159413
 30
5.2
 10
-6.877941207601011
 20
10.683878353231659
 30
5.2
 10
-7.372368398600927
 20
10.762187927159413
 30
5.6
 10
-7.866795589600843
 20
10.683878353231659
 30
5.6
 10
-7.866795589600843
 20
10.683878353231659
 30
5.2
 10
-7.372368398600927
 20
10.762187927159413
 30
5.2
 10
-7.866795589600843
 20
10.683878353231659
 30
5.6
 10
-8.312824802268883
 20
10.45661511815933
 30
5.6
 10
-8.312824802268883
 20
10.45661511815933
 30
5.2
 10
-7.866795589600843
 20
10.683878353231659
 30
5.2
 10
-8.312824802268883
 20
10.45661511815933
 30
5.6
 10
-8.666795589600843
 20
10.10264433082737
 30
5.6
 10
-8.666795589600843
 20
10.10264433082737
 30
5.2
 10
-8.312824802268883
 20
10.45661511815933
 30
5.2
 10
-8.666795589600843
 20
10.10264433082737
 30
5.6
 10
-8.894058824673174
 20
9.65661511815933
 30
5.6
 10
-8.894058824673174
 20
9.65661511815933
 30
5.2
 10
-8.666795589600843
 20
10.10264433082737
 30
5.2
 10
-8.894058824673174
 20
9.65661511815933
 30
5.6
 10
-8.972368398600928
 20
9.162187927159414
 30
5.6
 10
-8.972368398600928
 20
9.162187927159414
 30
5.2
 10
-8.894058824673174
 20
9.65661511815933
 30
5.2
 10
-8.972368398600928
 20
9.162187927159414
 30
5.6
 10
-8.894058824673174
 20
8.667760736159499
 30
5.6
 10
-8.894058824673174
 20
8.667760736159499
 30
5.2
 10
-8.972368398600928
 20
9.162187927159414
 30
5.2
 10
-8.894058824673174
 20
8.667760736159499
 30
5.6
 10
-8.666795589600843
 20
8.221731523491457
 30
5.6
 10
-8.666795589600843
 20
8.221731523491457
 30
5.2
 10
-8.894058824673174
 20
8.667760736159499
 30
5.2
 10
-8.666795589600843
 20
8.221731523491457
 30
5.6
 10
-8.312824802268885
 20
7.8677607361594974
 30
5.6
 10
-8.312824802268885
 20
7.8677607361594974
 30
5.2
 10
-8.666795589600843
 20
8.221731523491457
 30
5.2
 10
-8.312824802268885
 20
7.8677607361594974
 30
5.6
 10
-7.8667955896008435
 20
7.640497501087168
 30
5.6
 10
-7.8667955896008435
 20
7.640497501087168
 30
5.2
 10
-8.312824802268885
 20
7.8677607361594974
 30
5.2
 10
-7.8667955896008435
 20
7.640497501087168
 30
5.6
 10
-7.372368398600927
 20
7.562187927159414
 30
5.6
 10
-7.372368398600927
 20
7.562187927159414
 30
5.2
 10
-7.8667955896008435
 20
7.640497501087168
 30
5.2
 10
-7.372368398600927
 20
7.562187927159414
 30
5.6
 10
-6.877941207601012
 20
7.640497501087168
 30
5.6
 10
-6.877941207601012
 20
7.640497501087168
 30
5.2
 10
-7.372368398600927
 20
7.562187927159414
 30
5.2
 10
-6.877941207601012
 20
7.640497501087168
 30
5.6
 10
-6.43191199493297
 20
7.8677607361594974
 30
5.6
 10
-6.43191199493297
 20
7.8677607361594974
 30
5.2
 10
-6.877941207601012
 20
7.640497501087168
 30
5.2
 10
-6.43191199493297
 20
7.8677607361594974
 30
5.6
 10
-6.077941207601011
 20
8.221731523491457
 30
5.6
 10
-6.077941207601011
 20
8.221731523491457
 30
5.2
 10
-6.43191199493297
 20
7.8677607361594974
 30
5.2
 10
-6.077941207601011
 20
8.221731523491457
 30
5.6
 10
-5.850677972528682
 20
8.667760736159497
 30
5.6
 10
-5.850677972528682
 20
8.667760736159497
 30
5.2
 10
-6.077941207601011
 20
8.221731523491457
 30
5.2
 10
-5.850677972528682
 20
8.667760736159497
 30
5.6
 10
-5.772368398600927
 20
9.162187927159414
 30
5.6
 10
-5.772368398600927
 20
9.162187927159414
 30
5.2
 10
-5.850677972528682
 20
8.667760736159497
 30
5.2
 10
-5.772368398600927
 20
9.162187927159414
 30
5.2
 10
-5.850677972528682
 20
9.65661511815933
 30
5.2
 10
-7.372368398600927
 20
9.162187927159414
 30
5.2
 10
-5.850677972528682
 20
9.65661511815933
 30
5.2
 10
-6.077941207601011
 20
10.10264433082737
 30
5.2
 10
-7.372368398600927
 20
9.162187927159414
 30
5.2
 10
-6.077941207601011
 20
10.10264433082737
 30
5.2
 10
-6.43191199493297
 20
10.45661511815933
 30
5.2
 10
-7.372368398600927
 20
9.162187927159414
 30
5.2
 10
-6.43191199493297
 20
10.45661511815933
 30
5.2
 10
-6.877941207601011
 20
10.683878353231659
 30
5.2
 10
-7.372368398600927
 20
9.162187927159414
 30
5.2
 10
-6.877941207601011
 20
10.683878353231659
 30
5.2
 10
-7.372368398600927
 20
10.762187927159413
 30
5.2
 10
-7.372368398600927
 20
9.162187927159414
 30
5.2
 10
-7.372368398600927
 20
10.762187927159413
 30
5.2
 10
-7.866795589600843
 20
10.683878353231659
 30
5.2
 10
-7.372368398600927
 20
9.162187927159414
 30
5.2
 10
-7.866795589600843
 20
10.683878353231659
 30
5.2
 10
-8.312824802268883
 20
10.45661511815933
 30
5.2
 10
-7.372368398600927
 20
9.162187927159414
 30
5.2
 10
-8.312824802268883
 20
10.45661511815933
 30
5.2
 10
-8.666795589600843
 20
10.10264433082737
 30
5.2
 10
-7.372368398600927
 20
9.162187927159414
 30
5.2
 10
-8.666795589600843
 20
10.10264433082737
 30
5.2
 10
-8.894058824673174
 20
9.65661511815933
 30
5.2
 10
-7.372368398600927
 20
9.162187927159414
 30
5.2
 10
-8.894058824673174
 20
9.65661511815933
 30
5.2
 10
-8.972368398600928
 20
9.162187927159414
 30
5.2
 10
-7.372368398600927
 20
9.162187927159414
 30
5.2
 10
-8.972368398600928
 20
9.162187927159414
 30
5.2
 10
-8.894058824673174
 20
8.667760736159499
 30
5.2
 10
-7.372368398600927
 20
9.162187927159414
 30
5.2
 10
-8.894058824673174
 20
8.667760736159499
 30
5.2
 10
-8.666795589600843
 20
8.221731523491457
 30
5.2
 10
-7.372368398600927
 20
9.162187927159414
 30
5.2
 10
-8.666795589600843
 20
8.221731523491457
 30
5.2
 10
-8.312824802268885
 20
7.8677607361594974
 30
5.2
 10
-7.372368398600927
 20
9.162187927159414
 30
5.2
 10
-8.312824802268885
 20
7.8677607361594974
 30
5.2
 10
-7.8667955896008435
 20
7.640497501087168
 30
5.2
 10
-7.372368398600927
 20
9.162187927159414
 30
5.2
 10
-7.8667955896008435
 20
7.640497501087168
 30
5.2
 10
-7.372368398600927
 20
7.562187927159414
 30
5.2
 10
-7.372368398600927
 20
9.162187927159414
 30
5.2
 10
-7.372368398600927
 20
7.562187927159414
 30
5.2
 10
-6.877941207601012
 20
7.640497501087168
 30
5.2
 10
-7.372368398600927
 20
9.162187927159414
 30
5.2
 10
-6.877941207601012
 20
7.640497501087168
 30
5.2
 10
-6.43191199493297
 20
7.8677607361594974
 30
5.2
 10
-7.372368398600927
 20
9.162187927159414
 30
5.2
 10
-6.43191199493297
 20
7.8677607361594974
 30
5.2
 10
-6.077941207601011
 20
8.221731523491457
 30
5.2
 10
-7.372368398600927
 20
9.162187927159414
 30
5.2
 10
-6.077941207601011
 20
8.221731523491457
 30
5.2
 10
-5.850677972528682
 20
8.667760736159497
 30
5.2
 10
-7.372368398600927
 20
9.162187927159414
 30
5.2
 10
-5.850677972528682
 20
8.667760736159497
 30
5.2
 10
-5.772368398600927
 20
9.162187927159414
 30
5.2
 10
-7.372368398600927
 20
9.162187927159414
 30
5.2
 10
-7.372368398600926
 20
-1.1621879271594153
 30
5.6
 10
-5.850677972528681
 20
-0.6677607361594995
 30
5.6
 10
-5.772368398600927
 20
-1.1621879271594153
 30
5.6
 10
-7.372368398600926
 20
-1.1621879271594153
 30
5.6
 10
-6.07794120760101
 20
-0.2217315234914583
 30
5.6
 10
-5.850677972528681
 20
-0.6677607361594995
 30
5.6
 10
-7.372368398600926
 20
-1.1621879271594153
 30
5.6
 10
-6.431911994932969
 20
0.13223926384050078
 30
5.6
 10
-6.07794120760101
 20
-0.2217315234914583
 30
5.6
 10
-7.372368398600926
 20
-1.1621879271594153
 30
5.6
 10
-6.87794120760101
 20
0.35950249891283037
 30
5.6
 10
-6.431911994932969
 20
0.13223926384050078
 30
5.6
 10
-7.372368398600926
 20
-1.1621879271594153
 30
5.6
 10
-7.372368398600926
 20
0.43781207284058477
 30
5.6
 10
-6.87794120760101
 20
0.35950249891283037
 30
5.6
 10
-7.372368398600926
 20
-1.1621879271594153
 30
5.6
 10
-7.866795589600842
 20
0.3595024989128306
 30
5.6
 10
-7.372368398600926
 20
0.43781207284058477
 30
5.6
 10
-7.372368398600926
 20
-1.1621879271594153
 30
5.6
 10
-8.312824802268883
 20
0.13223926384050078
 30
5.6
 10
-7.866795589600842
 20
0.3595024989128306
 30
5.6
 10
-7.372368398600926
 20
-1.1621879271594153
 30
5.6
 10
-8.666795589600842
 20
-0.22173152349145808
 30
5.6
 10
-8.312824802268883
 20
0.13223926384050078
 30
5.6
 10
-7.372368398600926
 20
-1.1621879271594153
 30
5.6
 10
-8.894058824673172
 20
-0.6677607361594993
 30
5.6
 10
-8.666795589600842
 20
-0.22173152349145808
 30
5.6
 10
-7.372368398600926
 20
-1.1621879271594153
 30
5.6
 10
-8.972368398600926
 20
-1.162187927159415
 30
5.6
 10
-8.894058824673172
 20
-0.6677607361594993
 30
5.6
 10
-7.372368398600926
 20
-1.1621879271594153
 30
5.6
 10
-8.894058824673172
 20
-1.6566151181593303
 30
5.6
 10
-8.972368398600926
 20
-1.162187927159415
 30
5.6
 10
-7.372368398600926
 20
-1.1621879271594153
 30
5.6
 10
-8.666795589600842
 20
-2.1026443308273723
 30
5.6
 10
-8.894058824673172
 20
-1.6566151181593303
 30
5.6
 10
-7.372368398600926
 20
-1.1621879271594153
 30
5.6
 10
-8.312824802268883
 20
-2.4566151181593314
 30
5.6
 10
-8.666795589600842
 20
-2.1026443308273723
 30
5.6
 10
-7.372368398600926
 20
-1.1621879271594153
 30
5.6
 10
-7.866795589600843
 20
-2.683878353231661
 30
5.6
 10
-8.312824802268883
 20
-2.4566151181593314
 30
5.6
 10
-7.372368398600926
 20
-1.1621879271594153
 30
5.6
 10
-7.372368398600926
 20
-2.7621879271594154
 30
5.6
 10
-7.866795589600843
 20
-2.683878353231661
 30
5.6
 10
-7.372368398600926
 20
-1.1621879271594153
 30
5.6
 10
-6.877941207601011
 20
-2.6838783532316612
 30
5.6
 10
-7.372368398600926
 20
-2.7621879271594154
 30
5.6
 10
-7.372368398600926
 20
-1.1621879271594153
 30
5.6
 10
-6.431911994932969
 20
-2.4566151181593314
 30
5.6
 10
-6.877941207601011
 20
-2.6838783532316612
 30
5.6
 10
-7.372368398600926
 20
-1.1621879271594153
 30
5.6
 10
-6.07794120760101
 20
-2.102644330827373
 30
5.6
 10
-6.431911994932969
 20
-2.4566151181593314
 30
5.6
 10
-7.372368398600926
 20
-1.1621879271594153
 30
5.6
 10
-5.850677972528681
 20
-1.6566151181593316
 30
5.6
 10
-6.07794120760101
 20
-2.102644330827373
 30
5.6
 10
-7.372368398600926
 20
-1.1621879271594153
 30
5.6
 10
-5.772368398600927
 20
-1.1621879271594153
 30
5.6
 10
-5.850677972528681
 20
-1.6566151181593316
 30
5.6
 10
-5.772368398600927
 20
-1.1621879271594153
 30
5.6
 10
-5.850677972528681
 20
-0.6677607361594995
 30
5.6
 10
-5.850677972528681
 20
-0.6677607361594995
 30
5.2
 10
-5.772368398600927
 20
-1.1621879271594153
 30
5.2
 10
-5.850677972528681
 20
-0.6677607361594995
 30
5.6
 10
-6.07794120760101
 20
-0.2217315234914583
 30
5.6
 10
-6.07794120760101
 20
-0.2217315234914583
 30
5.2
 10
-5.850677972528681
 20
-0.6677607361594995
 30
5.2
 10
-6.07794120760101
 20
-0.2217315234914583
 30
5.6
 10
-6.431911994932969
 20
0.13223926384050078
 30
5.6
 10
-6.431911994932969
 20
0.13223926384050078
 30
5.2
 10
-6.07794120760101
 20
-0.2217315234914583
 30
5.2
 10
-6.431911994932969
 20
0.13223926384050078
 30
5.6
 10
-6.87794120760101
 20
0.35950249891283037
 30
5.6
 10
-6.87794120760101
 20
0.35950249891283037
 30
5.2
 10
-6.431911994932969
 20
0.13223926384050078
 30
5.2
 10
-6.87794120760101
 20
0.35950249891283037
 30
5.6
 10
-7.372368398600926
 20
0.43781207284058477
 30
5.6
 10
-7.372368398600926
 20
0.43781207284058477
 30
5.2
 10
-6.87794120760101
 20
0.35950249891283037
 30
5.2
 10
-7.372368398600926
 20
0.43781207284058477
 30
5.6
 10
-7.866795589600842
 20
0.3595024989128306
 30
5.6
 10
-7.866795589600842
 20
0.3595024989128306
 30
5.2
 10
-7.372368398600926
 20
0.43781207284058477
 30
5.2
 10
-7.866795589600842
 20
0.3595024989128306
 30
5.6
 10
-8.312824802268883
 20
0.13223926384050078
 30
5.6
 10
-8.312824802268883
 20
0.13223926384050078
 30
5.2
 10
-7.866795589600842
 20
0.3595024989128306
 30
5.2
 10
-8.312824802268883
 20
0.13223926384050078
 30
5.6
 10
-8.666795589600842
 20
-0.22173152349145808
 30
5.6
 10
-8.666795589600842
 20
-0.22173152349145808
 30
5.2
 10
-8.312824802268883
 20
0.13223926384050078
 30
5.2
 10
-8.666795589600842
 20
-0.22173152349145808
 30
5.6
 10
-8.894058824673172
 20
-0.6677607361594993
 30
5.6
 10
-8.894058824673172
 20
-0.6677607361594993
 30
5.2
 10
-8.666795589600842
 20
-0.22173152349145808
 30
5.2
 10
-8.894058824673172
 20
-0.6677607361594993
 30
5.6
 10
-8.972368398600926
 20
-1.162187927159415
 30
5.6
 10
-8.972368398600926
 20
-1.162187927159415
 30
5.2
 10
-8.894058824673172
 20
-0.6677607361594993
 30
5.2
 10
-8.972368398600926
 20
-1.162187927159415
 30
5.6
 10
-8.894058824673172
 20
-1.6566151181593303
 30
5.6
 10
-8.894058824673172
 20
-1.6566151181593303
 30
5.2
 10
-8.972368398600926
 20
-1.162187927159415
 30
5.2
 10
-8.894058824673172
 20
-1.6566151181593303
 30
5.6
 10
-8.666795589600842
 20
-2.1026443308273723
 30
5.6
 10
-8.666795589600842
 20
-2.1026443308273723
 30
5.2
 10
-8.894058824673172
 20
-1.6566151181593303
 30
5.2
 10
-8.666795589600842
 20
-2.1026443308273723
 30
5.6
 10
-8.312824802268883
 20
-2.4566151181593314
 30
5.6
 10
-8.312824802268883
 20
-2.4566151181593314
 30
5.2
 10
-8.666795589600842
 20
-2.1026443308273723
 30
5.2
 10
-8.312824802268883
 20
-2.4566151181593314
 30
5.6
 10
-7.866795589600843
 20
-2.683878353231661
 30
5.6
 10
-7.866795589600843
 20
-2.683878353231661
 30
5.2
 10
-8.312824802268883
 20
-2.4566151181593314
 30
5.2
 10
-7.866795589600843
 20
-2.683878353231661
 30
5.6
 10
-7.372368398600926
 20
-2.7621879271594154
 30
5.6
 10
-7.372368398600926
 20
-2.7621879271594154
 30
5.2
 10
-7.866795589600843
 20
-2.683878353231661
 30
5.2
 10
-7.372368398600926
 20
-2.7621879271594154
 30
5.6
 10
-6.877941207601011
 20
-2.6838783532316612
 30
5.6
 10
-6.877941207601011
 20
-2.6838783532316612
 30
5.2
 10
-7.372368398600926
 20
-2.7621879271594154
 30
5.2
 10
-6.877941207601011
 20
-2.6838783532316612
 30
5.6
 10
-6.431911994932969
 20
-2.4566151181593314
 30
5.6
 10
-6.431911994932969
 20
-2.4566151181593314
 30
5.2
 10
-6.877941207601011
 20
-2.6838783532316612
 30
5.2
 10
-6.431911994932969
 20
-2.4566151181593314
 30
5.6
 10
-6.07794120760101
 20
-2.102644330827373
 30
5.6
 10
-6.07794120760101
 20
-2.102644330827373
 30
5.2
 10
-6.431911994932969
 20
-2.4566151181593314
 30
5.2
 10
-6.07794120760101
 20
-2.102644330827373
 30
5.6
 10
-5.850677972528681
 20
-1.6566151181593316
 30
5.6
 10
-5.850677972528681
 20
-1.6566151181593316
 30
5.2
 10
-6.07794120760101
 20
-2.102644330827373
 30
5.2
 10
-5.850677972528681
 20
-1.6566151181593316
 30
5.6
 10
-5.772368398600927
 20
-1.1621879271594153
 30
5.6
 10
-5.772368398600927
 20
-1.1621879271594153
 30
5.2
 10
-5.850677972528681
 20
-1.6566151181593316
 30
5.2
 10
-5.772368398600927
 20
-1.1621879271594153
 30
5.2
 10
-5.850677972528681
 20
-0.6677607361594995
 30
5.2
 10
-7.372368398600926
 20
-1.1621879271594153
 30
5.2
 10
-5.850677972528681
 20
-0.6677607361594995
 30
5.2
 10
-6.07794120760101
 20
-0.2217315234914583
 30
5.2
 10
-7.372368398600926
 20
-1.1621879271594153
 30
5.2
 10
-6.07794120760101
 20
-0.2217315234914583
 30
5.2
 10
-6.431911994932969
 20
0.13223926384050078
 30
5.2
 10
-7.372368398600926
 20
-1.1621879271594153
 30
5.2
 10
-6.431911994932969
 20
0.13223926384050078
 30
5.2
 10
-6.87794120760101
 20
0.35950249891283037
 30
5.2
 10
-7.372368398600926
 20
-1.1621879271594153
 30
5.2
 10
-6.87794120760101
 20
0.35950249891283037
 30
5.2
 10
-7.372368398600926
 20
0.43781207284058477
 30
5.2
 10
-7.372368398600926
 20
-1.1621879271594153
 30
5.2
 10
-7.372368398600926
 20
0.43781207284058477
 30
5.2
 10
-7.866795589600842
 20
0.3595024989128306
 30
5.2
 10
-7.372368398600926
 20
-1.1621879271594153
 30
5.2
 10
-7.866795589600842
 20
0.3595024989128306
 30
5.2
 10
-8.312824802268883
 20
0.13223926384050078
 30
5.2
 10
-7.372368398600926
 20
-1.1621879271594153
 30
5.2
 10
-8.312824802268883
 20
0.13223926384050078
 30
5.2
 10
-8.666795589600842
 20
-0.22173152349145808
 30
5.2
 10
-7.372368398600926
 20
-1.1621879271594153
 30
5.2
 10
-8.666795589600842
 20
-0.22173152349145808
 30
5.2
 10
-8.894058824673172
 20
-0.6677607361594993
 30
5.2
 10
-7.372368398600926
 20
-1.1621879271594153
 30
5.2
 10
-8.894058824673172
 20
-0.6677607361594993
 30
5.2
 10
-8.972368398600926
 20
-1.162187927159415
 30
5.2
 10
-7.372368398600926
 20
-1.1621879271594153
 30
5.2
 10
-8.972368398600926
 20
-1.162187927159415
 30
5.2
 10
-8.894058824673172
 20
-1.6566151181593303
 30
5.2
 10
-7.372368398600926
 20
-1.1621879271594153
 30
5.2
 10
-8.894058824673172
 20
-1.6566151181593303
 30
5.2
 10
-8.666795589600842
 20
-2.1026443308273723
 30
5.2
 10
-7.372368398600926
 20
-1.1621879271594153
 30
5.2
 10
-8.666795589600842
 20
-2.1026443308273723
 30
5.2
 10
-8.312824802268883
 20
-2.4566151181593314
 30
5.2
 10
-7.372368398600926
 20
-1.1621879271594153
 30
5.2
 10
-8.312824802268883
 20
-2.4566151181593314
 30
5.2
 10
-7.866795589600843
 20
-2.683878353231661
 30
5.2
 10
-7.372368398600926
 20
-1.1621879271594153
 30
5.2
 10
-7.866795589600843
 20
-2.683878353231661
 30
5.2
 10
-7.372368398600926
 20
-2.7621879271594154
 30
5.2
 10
-7.372368398600926
 20
-1.1621879271594153
 30
5.2
 10
-7.372368398600926
 20
-2.7621879271594154
 30
5.2
 10
-6.877941207601011
 20
-2.6838783532316612
 30
5.2
 10
-7.372368398600926
 20
-1.1621879271594153
 30
5.2
 10
-6.877941207601011
 20
-2.6838783532316612
 30
5.2
 10
-6.431911994932969
 20
-2.4566151181593314
 30
5.2
 10
-7.372368398600926
 20
-1.1621879271594153
 30
5.2
 10
-6.431911994932969
 20
-2.4566151181593314
 30
5.2
 10
-6.07794120760101
 20
-2.102644330827373
 30
5.2
 10
-7.372368398600926
 20
-1.1621879271594153
 30
5.2
 10
-6.07794120760101
 20
-2.102644330827373
 30
5.2
 10
-5.850677972528681
 20
-1.6566151181593316
 30
5.2
 10
-7.372368398600926
 20
-1.1621879271594153
 30
5.2
 10
-5.850677972528681
 20
-1.6566151181593316
 30
5.2
 10
-5.772368398600927
 20
-1.1621879271594153
 30
5.2
 10
-7.372368398600926
 20
-1.1621879271594153
 30
5.2
 10
7.3723683986009245
 20
-1.1621879271594189
 30
5.6
 10
8.89405882467317
 20
-0.667760736159503
 30
5.6
 10
8.972368398600924
 20
-1.1621879271594189
 30
5.6
 10
7.3723683986009245
 20
-1.1621879271594189
 30
5.6
 10
8.666795589600842
 20
-0.22173152349146186
 30
5.6
 10
8.89405882467317
 20
-0.667760736159503
 30
5.6
 10
7.3723683986009245
 20
-1.1621879271594189
 30
5.6
 10
8.312824802268882
 20
0.13223926384049722
 30
5.6
 10
8.666795589600842
 20
-0.22173152349146186
 30
5.6
 10
7.3723683986009245
 20
-1.1621879271594189
 30
5.6
 10
7.866795589600841
 20
0.3595024989128268
 30
5.6
 10
8.312824802268882
 20
0.13223926384049722
 30
5.6
 10
7.3723683986009245
 20
-1.1621879271594189
 30
5.6
 10
7.3723683986009245
 20
0.4378120728405812
 30
5.6
 10
7.866795589600841
 20
0.3595024989128268
 30
5.6
 10
7.3723683986009245
 20
-1.1621879271594189
 30
5.6
 10
6.877941207601009
 20
0.35950249891282704
 30
5.6
 10
7.3723683986009245
 20
0.4378120728405812
 30
5.6
 10
7.3723683986009245
 20
-1.1621879271594189
 30
5.6
 10
6.4319119949329675
 20
0.13223926384049722
 30
5.6
 10
6.877941207601009
 20
0.35950249891282704
 30
5.6
 10
7.3723683986009245
 20
-1.1621879271594189
 30
5.6
 10
6.077941207601008
 20
-0.22173152349146164
 30
5.6
 10
6.4319119949329675
 20
0.13223926384049722
 30
5.6
 10
7.3723683986009245
 20
-1.1621879271594189
 30
5.6
 10
5.850677972528679
 20
-0.6677607361595028
 30
5.6
 10
6.077941207601008
 20
-0.22173152349146164
 30
5.6
 10
7.3723683986009245
 20
-1.1621879271594189
 30
5.6
 10
5.772368398600925
 20
-1.1621879271594187
 30
5.6
 10
5.850677972528679
 20
-0.6677607361595028
 30
5.6
 10
7.3723683986009245
 20
-1.1621879271594189
 30
5.6
 10
5.850677972528678
 20
-1.6566151181593338
 30
5.6
 10
5.772368398600925
 20
-1.1621879271594187
 30
5.6
 10
7.3723683986009245
 20
-1.1621879271594189
 30
5.6
 10
6.077941207601008
 20
-2.102644330827376
 30
5.6
 10
5.850677972528678
 20
-1.6566151181593338
 30
5.6
 10
7.3723683986009245
 20
-1.1621879271594189
 30
5.6
 10
6.4319119949329675
 20
-2.456615118159335
 30
5.6
 10
6.077941207601008
 20
-2.102644330827376
 30
5.6
 10
7.3723683986009245
 20
-1.1621879271594189
 30
5.6
 10
6.877941207601008
 20
-2.6838783532316643
 30
5.6
 10
6.4319119949329675
 20
-2.456615118159335
 30
5.6
 10
7.3723683986009245
 20
-1.1621879271594189
 30
5.6
 10
7.3723683986009245
 20
-2.762187927159419
 30
5.6
 10
6.877941207601008
 20
-2.6838783532316643
 30
5.6
 10
7.3723683986009245
 20
-1.1621879271594189
 30
5.6
 10
7.86679558960084
 20
-2.683878353231665
 30
5.6
 10
7.3723683986009245
 20
-2.762187927159419
 30
5.6
 10
7.3723683986009245
 20
-1.1621879271594189
 30
5.6
 10
8.312824802268882
 20
-2.456615118159335
 30
5.6
 10
7.86679558960084
 20
-2.683878353231665
 30
5.6
 10
7.3723683986009245
 20
-1.1621879271594189
 30
5.6
 10
8.66679558960084
 20
-2.1026443308273763
 30
5.6
 10
8.312824802268882
 20
-2.456615118159335
 30
5.6
 10
7.3723683986009245
 20
-1.1621879271594189
 30
5.6
 10
8.89405882467317
 20
-1.6566151181593352
 30
5.6
 10
8.66679558960084
 20
-2.1026443308273763
 30
5.6
 10
7.3723683986009245
 20
-1.1621879271594189
 30
5.6
 10
8.972368398600924
 20
-1.1621879271594189
 30
5.6
 10
8.89405882467317
 20
-1.6566151181593352
 30
5.6
 10
8.972368398600924
 20
-1.1621879271594189
 30
5.6
 10
8.89405882467317
 20
-0.667760736159503
 30
5.6
 10
8.89405882467317
 20
-0.667760736159503
 30
5.2
 10
8.972368398600924
 20
-1.1621879271594189
 30
5.2
 10
8.89405882467317
 20
-0.667760736159503
 30
5.6
 10
8.666795589600842
 20
-0.22173152349146186
 30
5.6
 10
8.666795589600842
 20
-0.22173152349146186
 30
5.2
 10
8.89405882467317
 20
-0.667760736159503
 30
5.2
 10
8.666795589600842
 20
-0.22173152349146186
 30
5.6
 10
8.312824802268882
 20
0.13223926384049722
 30
5.6
 10
8.312824802268882
 20
0.13223926384049722
 30
5.2
 10
8.666795589600842
 20
-0.22173152349146186
 30
5.2
 10
8.312824802268882
 20
0.13223926384049722
 30
5.6
 10
7.866795589600841
 20
0.3595024989128268
 30
5.6
 10
7.866795589600841
 20
0.3595024989128268
 30
5.2
 10
8.312824802268882
 20
0.13223926384049722
 30
5.2
 10
7.866795589600841
 20
0.3595024989128268
 30
5.6
 10
7.3723683986009245
 20
0.4378120728405812
 30
5.6
 10
7.3723683986009245
 20
0.4378120728405812
 30
5.2
 10
7.866795589600841
 20
0.3595024989128268
 30
5.2
 10
7.3723683986009245
 20
0.4378120728405812
 30
5.6
 10
6.877941207601009
 20
0.35950249891282704
 30
5.6
 10
6.877941207601009
 20
0.35950249891282704
 30
5.2
 10
7.3723683986009245
 20
0.4378120728405812
 30
5.2
 10
6.877941207601009
 20
0.35950249891282704
 30
5.6
 10
6.4319119949329675
 20
0.13223926384049722
 30
5.6
 10
6.4319119949329675
 20
0.13223926384049722
 30
5.2
 10
6.877941207601009
 20
0.35950249891282704
 30
5.2
 10
6.4319119949329675
 20
0.13223926384049722
 30
5.6
 10
6.077941207601008
 20
-0.22173152349146164
 30
5.6
 10
6.077941207601008
 20
-0.22173152349146164
 30
5.2
 10
6.4319119949329675
 20
0.13223926384049722
 30
5.2
 10
6.077941207601008
 20
-0.22173152349146164
 30
5.6
 10
5.850677972528679
 20
-0.6677607361595028
 30
5.6
 10
5.850677972528679
 20
-0.6677607361595028
 30
5.2
 10
6.077941207601008
 20
-0.22173152349146164
 30
5.2
 10
5.850677972528679
 20
-0.6677607361595028
 30
5.6
 10
5.772368398600925
 20
-1.1621879271594187
 30
5.6
 10
5.772368398600925
 20
-1.1621879271594187
 30
5.2
 10
5.850677972528679
 20
-0.6677607361595028
 30
5.2
 10
5.772368398600925
 20
-1.1621879271594187
 30
5.6
 10
5.850677972528678
 20
-1.6566151181593338
 30
5.6
 10
5.850677972528678
 20
-1.6566151181593338
 30
5.2
 10
5.772368398600925
 20
-1.1621879271594187
 30
5.2
 10
5.850677972528678
 20
-1.6566151181593338
 30
5.6
 10
6.077941207601008
 20
-2.102644330827376
 30
5.6
 10
6.077941207601008
 20
-2.102644330827376
 30
5.2
 10
5.850677972528678
 20
-1.6566151181593338
 30
5.2
 10
6.077941207601008
 20
-2.102644330827376
 30
5.6
 10
6.4319119949329675
 20
-2.456615118159335
 30
5.6
 10
6.4319119949329675
 20
-2.456615118159335
 30
5.2
 10
6.077941207601008
 20
-2.102644330827376
 30
5.2
 10
6.4319119949329675
 20
-2.456615118159335
 30
5.6
 10
6.877941207601008
 20
-2.6838783532316643
 30
5.6
 10
6.877941207601008
 20
-2.6838783532316643
 30
5.2
 10
6.4319119949329675
 20
-2.456615118159335
 30
5.2
 10
6.877941207601008
 20
-2.6838783532316643
 30
5.6
 10
7.3723683986009245
 20
-2.762187927159419
 30
5.6
 10
7.3723683986009245
 20
-2.762187927159419
 30
5.2
 10
6.877941207601008
 20
-2.6838783532316643
 30
5.2
 10
7.3723683986009245
 20
-2.762187927159419
 30
5.6
 10
7.86679558960084
 20
-2.683878353231665
 30
5.6
 10
7.86679558960084
 20
-2.683878353231665
 30
5.2
 10
7.3723683986009245
 20
-2.762187927159419
 30
5.2
 10
7.86679558960084
 20
-2.683878353231665
 30
5.6
 10
8.312824802268882
 20
-2.456615118159335
 30
5.6
 10
8.312824802268882
 20
-2.456615118159335
 30
5.2
 10
7.86679558960084
 20
-2.683878353231665
 30
5.2
 10
8.312824802268882
 20
-2.456615118159335
 30
5.6
 10
8.66679558960084
 20
-2.1026443308273763
 30
5.6
 10
8.66679558960084
 20
-2.1026443308273763
 30
5.2
 10
8.312824802268882
 20
-2.456615118159335
 30
5.2
 10
8.66679558960084
 20
-2.1026443308273763
 30
5.6
 10
8.89405882467317
 20
-1.6566151181593352
 30
5.6
 10
8.89405882467317
 20
-1.6566151181593352
 30
5.2
 10
8.66679558960084
 20
-2.1026443308273763
 30
5.2
 10
8.89405882467317
 20
-1.6566151181593352
 30
5.6
 10
8.972368398600924
 20
-1.1621879271594189
 30
5.6
 10
8.972368398600924
 20
-1.1621879271594189
 30
5.2
 10
8.89405882467317
 20
-1.6566151181593352
 30
5.2
 10
8.972368398600924
 20
-1.1621879271594189
 30
5.2
 10
8.89405882467317
 20
-0.667760736159503
 30
5.2
 10
7.3723683986009245
 20
-1.1621879271594189
 30
5.2
 10
8.89405882467317
 20
-0.667760736159503
 30
5.2
 10
8.666795589600842
 20
-0.22173152349146186
 30
5.2
 10
7.3723683986009245
 20
-1.1621879271594189
 30
5.2
 10
8.666795589600842
 20
-0.22173152349146186
 30
5.2
 10
8.312824802268882
 20
0.13223926384049722
 30
5.2
 10
7.3723683986009245
 20
-1.1621879271594189
 30
5.2
 10
8.312824802268882
 20
0.13223926384049722
 30
5.2
 10
7.866795589600841
 20
0.3595024989128268
 30
5.2
 10
7.3723683986009245
 20
-1.1621879271594189
 30
5.2
 10
7.866795589600841
 20
0.3595024989128268
 30
5.2
 10
7.3723683986009245
 20
0.4378120728405812
 30
5.2
 10
7.3723683986009245
 20
-1.1621879271594189
 30
5.2
 10
7.3723683986009245
 20
0.4378120728405812
 30
5.2
 10
6.877941207601009
 20
0.35950249891282704
 30
5.2
 10
7.3723683986009245
 20
-1.1621879271594189
 30
5.2
 10
6.877941207601009
 20
0.35950249891282704
 30
5.2
 10
6.4319119949329675
 20
0.13223926384049722
 30
5.2
 10
7.3723683986009245
 20
-1.1621879271594189
 30
5.2
 10
6.4319119949329675
 20
0.13223926384049722
 30
5.2
 10
6.077941207601008
 20
-0.22173152349146164
 30
5.2
 10
7.3723683986009245
 20
-1.1621879271594189
 30
5.2
 10
6.077941207601008
 20
-0.22173152349146164
 30
5.2
 10
5.850677972528679
 20
-0.6677607361595028
 30
5.2
 10
7.3723683986009245
 20
-1.1621879271594189
 30
5.2
 10
5.850677972528679
 20
-0.6677607361595028
 30
5.2
 10
5.772368398600925
 20
-1.1621879271594187
 30
5.2
 10
7.3723683986009245
 20
-1.1621879271594189
 30
5.2
 10
5.772368398600925
 20
-1.1621879271594187
 30
5.2
 10
5.850677972528678
 20
-1.6566151181593338
 30
5.2
 10
7.3723683986009245
 20
-1.1621879271594189
 30
5.2
 10
5.850677972528678
 20
-1.6566151181593338
 30
5.2
 10
6.077941207601008
 20
-2.102644330827376
 30
5.2
 10
7.3723683986009245
 20
-1.1621879271594189
 30
5.2
 10
6.077941207601008
 20
-2.102644330827376
 30
5.2
 10
6.4319119949329675
 20
-2.456615118159335
 30
5.2
 10
7.3723683986009245
 20
-1.1621879271594189
 30
5.2
 10
6.4319119949329675
 20
-2.456615118159335
 30
5.2
 10
6.877941207601008
 20
-2.6838783532316643
 30
5.2
 10
7.3723683986009245
 20
-1.1621879271594189
 30
5.2
 10
6.877941207601008
 20
-2.6838783532316643
 30
5.2
 10
7.3723683986009245
 20
-2.762187927159419
 30
5.2
 10
7.3723683986009245
 20
-1.1621879271594189
 30
5.2
 10
7.3723683986009245
 20
-2.762187927159419
 30
5.2
 10
7.86679558960084
 20
-2.683878353231665
 30
5.2
 10
7.3723683986009245
 20
-1.1621879271594189
 30
5.2
 10
7.86679558960084
 20
-2.683878353231665
 30
5.2
 10
8.312824802268882
 20
-2.456615118159335
 30
5.2
 10
7.3723683986009245
 20
-1.1621879271594189
 30
5.2
 10
8.312824802268882
 20
-2.456615118159335
 30
5.2
 10
8.66679558960084
 20
-2.1026443308273763
 30
5.2
 10
7.3723683986009245
 20
-1.1621879271594189
 30
5.2
 10
8.66679558960084
 20
-2.1026443308273763
 30
5.2
 10
8.89405882467317
 20
-1.6566151181593352
 30
5.2
 10
7.3723683986009245
 20
-1.1621879271594189
 30
5.2
 10
8.89405882467317
 20
-1.6566151181593352
 30
5.2
 10
8.972368398600924
 20
-1.1621879271594189
 30
5.2
 10
7.3723683986009245
 20
-1.1621879271594189
 30
5.2
 93
1280
 90
3
 90
0
 90
1
 90
2
 90
3
 90
3
 90
4
 90
5
 90
3
 90
6
 90
7
 90
8
 90
3
 90
9
 90
10
 90
11
 90
3
 90
12
 90
13
 90
14
 90
3
 90
15
 90
16
 90
17
 90
3
 90
18
 90
19
 90
20
 90
3
 90
21
 90
22
 90
23
 90
3
 90
24
 90
25
 90
26
 90
3
 90
27
 90
28
 90
29
 90
3
 90
30
 90
31
 90
32
 90
3
 90
33
 90
34
 90
35
 90
3
 90
36
 90
37
 90
38
 90
3
 90
39
 90
40
 90
41
 90
3
 90
42
 90
43
 90
44
 90
3
 90
45
 90
46
 90
47
 90
3
 90
48
 90
49
 90
50
 90
3
 90
51
 90
52
 90
53
 90
3
 90
54
 90
55
 90
56
 90
3
 90
57
 90
58
 90
59
 90
3
 90
60
 90
61
 90
62
 90
3
 90
60
 90
62
 90
63
 90
3
 90
64
 90
65
 90
66
 90
3
 90
64
 90
66
 90
67
 90
3
 90
68
 90
69
 90
70
 90
3
 90
68
 90
70
 90
71
 90
3
 90
72
 90
73
 90
74
 90
3
 90
72
 90
74
 90
75
 90
3
 90
76
 90
77
 90
78
 90
3
 90
76
 90
78
 90
79
 90
3
 90
80
 90
81
 90
82
 90
3
 90
80
 90
82
 90
83
 90
3
 90
84
 90
85
 90
86
 90
3
 90
84
 90
86
 90
87
 90
3
 90
88
 90
89
 90
90
 90
3
 90
88
 90
90
 90
91
 90
3
 90
92
 90
93
 90
94
 90
3
 90
92
 90
94
 90
95
 90
3
 90
96
 90
97
 90
98
 90
3
 90
96
 90
98
 90
99
 90
3
 90
100
 90
101
 90
102
 90
3
 90
100
 90
102
 90
103
 90
3
 90
104
 90
105
 90
106
 90
3
 90
104
 90
106
 90
107
 90
3
 90
108
 90
109
 90
110
 90
3
 90
108
 90
110
 90
111
 90
3
 90
112
 90
113
 90
114
 90
3
 90
112
 90
114
 90
115
 90
3
 90
116
 90
117
 90
118
 90
3
 90
116
 90
118
 90
119
 90
3
 90
120
 90
121
 90
122
 90
3
 90
120
 90
122
 90
123
 90
3
 90
124
 90
125
 90
126
 90
3
 90
124
 90
126
 90
127
 90
3
 90
128
 90
129
 90
130
 90
3
 90
128
 90
130
 90
131
 90
3
 90
132
 90
133
 90
134
 90
3
 90
132
 90
134
 90
135
 90
3
 90
136
 90
137
 90
138
 90
3
 90
136
 90
138
 90
139
 90
3
 90
140
 90
141
 90
142
 90
3
 90
143
 90
144
 90
145
 90
3
 90
146
 90
147
 90
148
 90
3
 90
149
 90
150
 90
151
 90
3
 90
152
 90
153
 90
154
 90
3
 90
155
 90
156
 90
157
 90
3
 90
158
 90
159
 90
160
 90
3
 90
161
 90
162
 90
163
 90
3
 90
164
 90
165
 90
166
 90
3
 90
167
 90
168
 90
169
 90
3
 90
170
 90
171
 90
172
 90
3
 90
173
 90
174
 90
175
 90
3
 90
176
 90
177
 90
178
 90
3
 90
179
 90
180
 90
181
 90
3
 90
182
 90
183
 90
184
 90
3
 90
185
 90
186
 90
187
 90
3
 90
188
 90
189
 90
190
 90
3
 90
191
 90
192
 90
193
 90
3
 90
194
 90
195
 90
196
 90
3
 90
197
 90
198
 90
199
 90
3
 90
200
 90
201
 90
202
 90
3
 90
203
 90
204
 90
205
 90
3
 90
206
 90
207
 90
208
 90
3
 90
209
 90
210
 90
211
 90
3
 90
212
 90
213
 90
214
 90
3
 90
215
 90
216
 90
217
 90
3
 90
218
 90
219
 90
220
 90
3
 90
221
 90
222
 90
223
 90
3
 90
224
 90
225
 90
226
 90
3
 90
227
 90
228
 90
229
 90
3
 90
230
 90
231
 90
232
 90
3
 90
233
 90
234
 90
235
 90
3
 90
236
 90
237
 90
238
 90
3
 90
239
 90
240
 90
241
 90
3
 90
242
 90
243
 90
244
 90
3
 90
245
 90
246
 90
247
 90
3
 90
248
 90
249
 90
250
 90
3
 90
251
 90
252
 90
253
 90
3
 90
254
 90
255
 90
256
 90
3
 90
257
 90
258
 90
259
 90
3
 90
260
 90
261
 90
262
 90
3
 90
260
 90
262
 90
263
 90
3
 90
264
 90
265
 90
266
 90
3
 90
264
 90
266
 90
267
 90
3
 90
268
 90
269
 90
270
 90
3
 90
268
 90
270
 90
271
 90
3
 90
272
 90
273
 90
274
 90
3
 90
272
 90
274
 90
275
 90
3
 90
276
 90
277
 90
278
 90
3
 90
276
 90
278
 90
279
 90
3
 90
280
 90
281
 90
282
 90
3
 90
280
 90
282
 90
283
 90
3
 90
284
 90
285
 90
286
 90
3
 90
284
 90
286
 90
287
 90
3
 90
288
 90
289
 90
290
 90
3
 90
288
 90
290
 90
291
 90
3
 90
292
 90
293
 90
294
 90
3
 90
292
 90
294
 90
295
 90
3
 90
296
 90
297
 90
298
 90
3
 90
296
 90
298
 90
299
 90
3
 90
300
 90
301
 90
302
 90
3
 90
300
 90
302
 90
303
 90
3
 90
304
 90
305
 90
306
 90
3
 90
304
 90
306
 90
307
 90
3
 90
308
 90
309
 90
310
 90
3
 90
308
 90
310
 90
311
 90
3
 90
312
 90
313
 90
314
 90
3
 90
312
 90
314
 90
315
 90
3
 90
316
 90
317
 90
318
 90
3
 90
316
 90
318
 90
319
 90
3
 90
320
 90
321
 90
322
 90
3
 90
320
 90
322
 90
323
 90
3
 90
324
 90
325
 90
326
 90
3
 90
324
 90
326
 90
327
 90
3
 90
328
 90
329
 90
330
 90
3
 90
328
 90
330
 90
331
 90
3
 90
332
 90
333
 90
334
 90
3
 90
332
 90
334
 90
335
 90
3
 90
336
 90
337
 90
338
 90
3
 90
336
 90
338
 90
339
 90
3
 90
340
 90
341
 90
342
 90
3
 90
343
 90
344
 90
345
 90
3
 90
346
 90
347
 90
348
 90
3
 90
349
 90
350
 90
351
 90
3
 90
352
 90
353
 90
354
 90
3
 90
355
 90
356
 90
357
 90
3
 90
358
 90
359
 90
360
 90
3
 90
361
 90
362
 90
363
 90
3
 90
364
 90
365
 90
366
 90
3
 90
367
 90
368
 90
369
 90
3
 90
370
 90
371
 90
372
 90
3
 90
373
 90
374
 90
375
 90
3
 90
376
 90
377
 90
378
 90
3
 90
379
 90
380
 90
381
 90
3
 90
382
 90
383
 90
384
 90
3
 90
385
 90
386
 90
387
 90
3
 90
388
 90
389
 90
390
 90
3
 90
391
 90
392
 90
393
 90
3
 90
394
 90
395
 90
396
 90
3
 90
397
 90
398
 90
399
 90
3
 90
400
 90
401
 90
402
 90
3
 90
403
 90
404
 90
405
 90
3
 90
406
 90
407
 90
408
 90
3
 90
409
 90
410
 90
411
 90
3
 90
412
 90
413
 90
414
 90
3
 90
415
 90
416
 90
417
 90
3
 90
418
 90
419
 90
420
 90
3
 90
421
 90
422
 90
423
 90
3
 90
424
 90
425
 90
426
 90
3
 90
427
 90
428
 90
429
 90
3
 90
430
 90
431
 90
432
 90
3
 90
433
 90
434
 90
435
 90
3
 90
436
 90
437
 90
438
 90
3
 90
439
 90
440
 90
441
 90
3
 90
442
 90
443
 90
444
 90
3
 90
445
 90
446
 90
447
 90
3
 90
448
 90
449
 90
450
 90
3
 90
451
 90
452
 90
453
 90
3
 90
454
 90
455
 90
456
 90
3
 90
457
 90
458
 90
459
 90
3
 90
460
 90
461
 90
462
 90
3
 90
460
 90
462
 90
463
 90
3
 90
464
 90
465
 90
466
 90
3
 90
464
 90
466
 90
467
 90
3
 90
468
 90
469
 90
470
 90
3
 90
468
 90
470
 90
471
 90
3
 90
472
 90
473
 90
474
 90
3
 90
472
 90
474
 90
475
 90
3
 90
476
 90
477
 90
478
 90
3
 90
476
 90
478
 90
479
 90
3
 90
480
 90
481
 90
482
 90
3
 90
480
 90
482
 90
483
 90
3
 90
484
 90
485
 90
486
 90
3
 90
484
 90
486
 90
487
 90
3
 90
488
 90
489
 90
490
 90
3
 90
488
 90
490
 90
491
 90
3
 90
492
 90
493
 90
494
 90
3
 90
492
 90
494
 90
495
 90
3
 90
496
 90
497
 90
498
 90
3
 90
496
 90
498
 90
499
 90
3
 90
500
 90
501
 90
502
 90
3
 90
500
 90
502
 90
503
 90
3
 90
504
 90
505
 90
506
 90
3
 90
504
 90
506
 90
507
 90
3
 90
508
 90
509
 90
510
 90
3
 90
508
 90
510
 90
511
 90
3
 90
512
 90
513
 90
514
 90
3
 90
512
 90
514
 90
515
 90
3
 90
516
 90
517
 90
518
 90
3
 90
516
 90
518
 90
519
 90
3
 90
520
 90
521
 90
522
 90
3
 90
520
 90
522
 90
523
 90
3
 90
524
 90
525
 90
526
 90
3
 90
524
 90
526
 90
527
 90
3
 90
528
 90
529
 90
530
 90
3
 90
528
 90
530
 90
531
 90
3
 90
532
 90
533
 90
534
 90
3
 90
532
 90
534
 90
535
 90
3
 90
536
 90
537
 90
538
 90
3
 90
536
 90
538
 90
539
 90
3
 90
540
 90
541
 90
542
 90
3
 90
543
 90
544
 90
545
 90
3
 90
546
 90
547
 90
548
 90
3
 90
549
 90
550
 90
551
 90
3
 90
552
 90
553
 90
554
 90
3
 90
555
 90
556
 90
557
 90
3
 90
558
 90
559
 90
560
 90
3
 90
561
 90
562
 90
563
 90
3
 90
564
 90
565
 90
566
 90
3
 90
567
 90
568
 90
569
 90
3
 90
570
 90
571
 90
572
 90
3
 90
573
 90
574
 90
575
 90
3
 90
576
 90
577
 90
578
 90
3
 90
579
 90
580
 90
581
 90
3
 90
582
 90
583
 90
584
 90
3
 90
585
 90
586
 90
587
 90
3
 90
588
 90
589
 90
590
 90
3
 90
591
 90
592
 90
593
 90
3
 90
594
 90
595
 90
596
 90
3
 90
597
 90
598
 90
599
 90
3
 90
600
 90
601
 90
602
 90
3
 90
603
 90
604
 90
605
 90
3
 90
606
 90
607
 90
608
 90
3
 90
609
 90
610
 90
611
 90
3
 90
612
 90
613
 90
614
 90
3
 90
615
 90
616
 90
617
 90
3
 90
618
 90
619
 90
620
 90
3
 90
621
 90
622
 90
623
 90
3
 90
624
 90
625
 90
626
 90
3
 90
627
 90
628
 90
629
 90
3
 90
630
 90
631
 90
632
 90
3
 90
633
 90
634
 90
635
 90
3
 90
636
 90
637
 90
638
 90
3
 90
639
 90
640
 90
641
 90
3
 90
642
 90
643
 90
644
 90
3
 90
645
 90
646
 90
647
 90
3
 90
648
 90
649
 90
650
 90
3
 90
651
 90
652
 90
653
 90
3
 90
654
 90
655
 90
656
 90
3
 90
657
 90
658
 90
659
 90
3
 90
660
 90
661
 90
662
 90
3
 90
660
 90
662
 90
663
 90
3
 90
664
 90
665
 90
666
 90
3
 90
664
 90
666
 90
667
 90
3
 90
668
 90
669
 90
670
 90
3
 90
668
 90
670
 90
671
 90
3
 90
672
 90
673
 90
674
 90
3
 90
672
 90
674
 90
675
 90
3
 90
676
 90
677
 90
678
 90
3
 90
676
 90
678
 90
679
 90
3
 90
680
 90
681
 90
682
 90
3
 90
680
 90
682
 90
683
 90
3
 90
684
 90
685
 90
686
 90
3
 90
684
 90
686
 90
687
 90
3
 90
688
 90
689
 90
690
 90
3
 90
688
 90
690
 90
691
 90
3
 90
692
 90
693
 90
694
 90
3
 90
692
 90
694
 90
695
 90
3
 90
696
 90
697
 90
698
 90
3
 90
696
 90
698
 90
699
 90
3
 90
700
 90
701
 90
702
 90
3
 90
700
 90
702
 90
703
 90
3
 90
704
 90
705
 90
706
 90
3
 90
704
 90
706
 90
707
 90
3
 90
708
 90
709
 90
710
 90
3
 90
708
 90
710
 90
711
 90
3
 90
712
 90
713
 90
714
 90
3
 90
712
 90
714
 90
715
 90
3
 90
716
 90
717
 90
718
 90
3
 90
716
 90
718
 90
719
 90
3
 90
720
 90
721
 90
722
 90
3
 90
720
 90
722
 90
723
 90
3
 90
724
 90
725
 90
726
 90
3
 90
724
 90
726
 90
727
 90
3
 90
728
 90
729
 90
730
 90
3
 90
728
 90
730
 90
731
 90
3
 90
732
 90
733
 90
734
 90
3
 90
732
 90
734
 90
735
 90
3
 90
736
 90
737
 90
738
 90
3
 90
736
 90
738
 90
739
 90
3
 90
740
 90
741
 90
742
 90
3
 90
743
 90
744
 90
745
 90
3
 90
746
 90
747
 90
748
 90
3
 90
749
 90
750
 90
751
 90
3
 90
752
 90
753
 90
754
 90
3
 90
755
 90
756
 90
757
 90
3
 90
758
 90
759
 90
760
 90
3
 90
761
 90
762
 90
763
 90
3
 90
764
 90
765
 90
766
 90
3
 90
767
 90
768
 90
769
 90
3
 90
770
 90
771
 90
772
 90
3
 90
773
 90
774
 90
775
 90
3
 90
776
 90
777
 90
778
 90
3
 90
779
 90
780
 90
781
 90
3
 90
782
 90
783
 90
784
 90
3
 90
785
 90
786
 90
787
 90
3
 90
788
 90
789
 90
790
 90
3
 90
791
 90
792
 90
793
 90
3
 90
794
 90
795
 90
796
 90
3
 90
797
 90
798
 90
799
 94
0
 95
0
 90
0
  0
MESH
  5
A0
330
17
100
AcDbEntity
  8
M-DOOR
100
AcDbSubDMesh
 71
2
 72
0
 91
0
 92
24
 10
-1.8
 20
-4.8
 30
0.5
 10
1.8
 20
-4.8
 30
0.5
 10
1.8
 20
-5.4
 30
0.5
 10
-1.8
 20
-5.4
 30
0.5
 10
-1.8
 20
-5.4
 30
7.5
 10
1.8
 20
-5.4
 30
7.5
 10
1.8
 20
-4.8
 30
7.5
 10
-1.8
 20
-4.8
 30
7.5
 10
-1.8
 20
-5.4
 30
0.5
 10
1.8
 20
-5.4
 30
0.5
 10
1.8
 20
-5.4
 30
7.5
 10
-1.8
 20
-5.4
 30
7.5
 10
1.8
 20
-5.4
 30
0.5
 10
1.8
 20
-4.8
 30
0.5
 10
1.8
 20
-4.8
 30
7.5
 10
1.8
 20
-5.4
 30
7.5
 10
1.8
 20
-4.8
 30
0.5
 10
-1.8
 20
-4.8
 30
0.5
 10
-1.8
 20
-4.8
 30
7.5
 10
1.8
 20
-4.8
 30
7.5
 10
-1.8
 20
-4.8
 30
0.5
 10
-1.8
 20
-5.4
 30
0.5
 10
-1.8
 20
-5.4
 30
7.5
 10
-1.8
 20
-4.8
 30
7.5
 93
48
 90
3
 90
0
 90
1
 90
2
 90
3
 90
0
 90
2
 90
3
 90
3
 90
4
 90
5
 90
6
 90
3
 90
4
 90
6
 90
7
 90
3
 90
8
 90
9
 90
10
 90
3
 90
8
 90
10
 90
11
 90
3
 90
12
 90
13
 90
14
 90
3
 90
12
 90
14
 90
15
 90
3
 90
16
 90
17
 90
18
 90
3
 90
16
 90
18
 90
19
 90
3
 90
20
 90
21
 90
22
 90
3
 90
20
 90
22
 90
23
 94
0
 95
0
 90
0
  0
MESH
  5
A2
330
17
100
AcDbEntity
  8
M-DECK
100
AcDbSubDMesh
 71
2
 72
0
 91
0
 92
126
 10
-6.5
 20
-4.5
 30
0.0
 10
6.5
 20
-4.5
 30
0.0
 10
6.278517870878942
 20
-5.68232379316639
 30
0.0
 10
5.629165124598849
 20
-7.250000000000003
 30
0.0
 10
4.596194077712558
 20
-8.59619407771256
 30
0.0
 10
3.250000000000001
 20
-9.62916512459885
 30
0.0
 10
1.682323793166382
 20
-10.278517870878945
 30
0.0
 10
-1.1940306291686693e-15
 20
-10.5
 30
0.0
 10
-1.6823237931663841
 20
-10.278517870878943
 30
0.0
 10
-3.2500000000000027
 20
-9.629165124598849
 30
0.0
 10
-4.596194077712561
 20
-8.596194077712557
 30
0.0
 10
-5.6291651245988525
 20
-7.249999999999998
 30
0.0
 10
-6.278517870878944
 20
-5.682323793166385
 30
0.0
 10
-6.278517870878944
 20
-5.682323793166385
 30
0.5
 10
-5.6291651245988525
 20
-7.249999999999998
 30
0.5
 10
-4.596194077712561
 20
-8.596194077712557
 30
0.5
 10
-3.2500000000000027
 20
-9.629165124598849
 30
0.5
 10
-1.6823237931663841
 20
-10.278517870878943
 30
0.5
 10
-1.1940306291686693e-15
 20
-10.5
 30
0.5
 10
1.682323793166382
 20
-10.278517870878945
 30
0.5
 10
3.250000000000001
 20
-9.62916512459885
 30
0.5
 10
4.596194077712558
 20
-8.59619407771256
 30
0.5
 10
5.629165124598849
 20
-7.250000000000003
 30
0.5
 10
6.278517870878942
 20
-5.68232379316639
 30
0.5
 10
6.5
 20
-4.5
 30
0.5
 10
-6.5
 20
-4.5
 30
0.5
 10
-6.278517870878944
 20
-5.682323793166385
 30
0.0
 10
-5.6291651245988525
 20
-7.249999999999998
 30
0.0
 10
-5.6291651245988525
 20
-7.249999999999998
 30
0.5
 10
-6.278517870878944
 20
-5.682323793166385
 30
0.5
 10
-5.6291651245988525
 20
-7.249999999999998
 30
0.0
 10
-4.596194077712561
 20
-8.596194077712557
 30
0.0
 10
-4.596194077712561
 20
-8.596194077712557
 30
0.5
 10
-5.6291651245988525
 20
-7.249999999999998
 30
0.5
 10
-4.596194077712561
 20
-8.596194077712557
 30
0.0
 10
-3.2500000000000027
 20
-9.629165124598849
 30
0.0
 10
-3.2500000000000027
 20
-9.629165124598849
 30
0.5
 10
-4.596194077712561
 20
-8.596194077712557
 30
0.5
 10
-3.2500000000000027
 20
-9.629165124598849
 30
0.0
 10
-1.6823237931663841
 20
-10.278517870878943
 30
0.0
 10
-1.6823237931663841
 20
-10.278517870878943
 30
0.5
 10
-3.2500000000000027
 20
-9.629165124598849
 30
0.5
 10
-1.6823237931663841
 20
-10.278517870878943
 30
0.0
 10
-1.1940306291686693e-15
 20
-10.5
 30
0.0
 10
-1.1940306291686693e-15
 20
-10.5
 30
0.5
 10
-1.6823237931663841
 20
-10.278517870878943
 30
0.5
 10
-1.1940306291686693e-15
 20
-10.5
 30
0.0
 10
1.682323793166382
 20
-10.278517870878945
 30
0.0
 10
1.682323793166382
 20
-10.278517870878945
 30
0.5
 10
-1.1940306291686693e-15
 20
-10.5
 30
0.5
 10
1.682323793166382
 20
-10.278517870878945
 30
0.0
 10
3.250000000000001
 20
-9.62916512459885
 30
0.0
 10
3.250000000000001
 20
-9.62916512459885
 30
0.5
 10
1.682323793166382
 20
-10.278517870878945
 30
0.5
 10
3.250000000000001
 20
-9.62916512459885
 30
0.0
 10
4.596194077712558
 20
-8.59619407771256
 30
0.0
 10
4.596194077712558
 20
-8.59619407771256
 30
0.5
 10
3.250000000000001
 20
-9.62916512459885
 30
0.5
 10
4.596194077712558
 20
-8.59619407771256
 30
0.0
 10
5.629165124598849
 20
-7.250000000000003
 30
0.0
 10
5.629165124598849
 20
-7.250000000000003
 30
0.5
 10
4.596194077712558
 20
-8.59619407771256
 30
0.5
 10
5.629165124598849
 20
-7.250000000000003
 30
0.0
 10
6.278517870878942
 20
-5.68232379316639
 30
0.0
 10
6.278517870878942
 20
-5.68232379316639
 30
0.5
 10
5.629165124598849
 20
-7.250000000000003
 30
0.5
 10
6.278517870878942
 20
-5.68232379316639
 30
0.0
 10
6.5
 20
-4.5
 30
0.0
 10
6.5
 20
-4.5
 30
0.5
 10
6.278517870878942
 20
-5.68232379316639
 30
0.5
 10
6.5
 20
-4.5
 30
0.0
 10
-6.5
 20
-4.5
 30
0.0
 10
-6.5
 20
-4.5
 30
0.5
 10
6.5
 20
-4.5
 30
0.5
 10
-6.5
 20
-4.5
 30
0.0
 10
-6.278517870878944
 20
-5.682323793166385
 30
0.0
 10
-6.278517870878944
 20
-5.682323793166385
 30
0.5
 10
-6.5
 20
-4.5
 30
0.5
 10
-2.5
 20
-11.0
 30
0.0
 10
2.5
 20
-11.0
 30
0.0
 10
2.5
 20
-14.5
 30
0.0
 10
-2.5
 20
-14.5
 30
0.0
 10
-2.5
 20
-14.5
 30
0.25
 10
2.5
 20
-14.5
 30
0.25
 10
2.5
 20
-11.0
 30
0.25
 10
-2.5
 20
-11.0
 30
0.25
 10
-2.5
 20
-14.5
 30
0.0
 10
2.5
 20
-14.5
 30
0.0
 10
2.5
 20
-14.5
 30
0.25
 10
-2.5
 20
-14.5
 30
0.25
 10
2.5
 20
-14.5
 30
0.0
 10
2.5
 20
-11.0
 30
0.0
 10
2.5
 20
-11.0
 30
0.25
 10
2.5
 20
-14.5
 30
0.25
 10
2.5
 20
-11.0
 30
0.0
 10
-2.5
 20
-11.0
 30
0.0
 10
-2.5
 20
-11.0
 30
0.25
 10
2.5
 20
-11.0
 30
0.25
 10
-2.5
 20
-11.0
 30
0.0
 10
-2.5
 20
-14.5
 30
0.0
 10
-2.5
 20
-14.5
 30
0.25
 10
-2.5
 20
-11.0
 30
0.25
 10
-2.5
 20
-11.0
 30
0.0
 10
2.5
 20
-11.0
 30
0.0
 10
2.5
 20
-12.75
 30
0.0
 10
-2.5
 20
-12.75
 30
0.0
 10
-2.5
 20
-12.75
 30
0.5
 10
2.5
 20
-12.75
 30
0.5
 10
2.5
 20
-11.0
 30
0.5
 10
-2.5
 20
-11.0
 30
0.5
 10
-2.5
 20
-12.75
 30
0.0
 10
2.5
 20
-12.75
 30
0.0
 10
2.5
 20
-12.75
 30
0.5
 10
-2.5
 20
-12.75
 30
0.5
 10
2.5
 20
-12.75
 30
0.0
 10
2.5
 20
-11.0
 30
0.0
 10
2.5
 20
-11.0
 30
0.5
 10
2.5
 20
-12.75
 30
0.5
 10
2.5
 20
-11.0
 30
0.0
 10
-2.5
 20
-11.0
 30
0.0
 10
-2.5
 20
-11.0
 30
0.5
 10
2.5
 20
-11.0
 30
0.5
 10
-2.5
 20
-11.0
 30
0.0
 10
-2.5
 20
-12.75
 30
0.0
 10
-2.5
 20
-12.75
 30
0.5
 10
-2.5
 20
-11.0
 30
0.5
 93
288
 90
3
 90
0
 90
1
 90
2
 90
3
 90
0
 90
2
 90
3
 90
3
 90
0
 90
3
 90
4
 90
3
 90
0
 90
4
 90
5
 90
3
 90
0
 90
5
 90
6
 90
3
 90
0
 90
6
 90
7
 90
3
 90
0
 90
7
 90
8
 90
3
 90
0
 90
8
 90
9
 90
3
 90
0
 90
9
 90
10
 90
3
 90
0
 90
10
 90
11
 90
3
 90
0
 90
11
 90
12
 90
3
 90
13
 90
14
 90
15
 90
3
 90
13
 90
15
 90
16
 90
3
 90
13
 90
16
 90
17
 90
3
 90
13
 90
17
 90
18
 90
3
 90
13
 90
18
 90
19
 90
3
 90
13
 90
19
 90
20
 90
3
 90
13
 90
20
 90
21
 90
3
 90
13
 90
21
 90
22
 90
3
 90
13
 90
22
 90
23
 90
3
 90
13
 90
23
 90
24
 90
3
 90
13
 90
24
 90
25
 90
3
 90
26
 90
27
 90
28
 90
3
 90
26
 90
28
 90
29
 90
3
 90
30
 90
31
 90
32
 90
3
 90
30
 90
32
 90
33
 90
3
 90
34
 90
35
 90
36
 90
3
 90
34
 90
36
 90
37
 90
3
 90
38
 90
39
 90
40
 90
3
 90
38
 90
40
 90
41
 90
3
 90
42
 90
43
 90
44
 90
3
 90
42
 90
44
 90
45
 90
3
 90
46
 90
47
 90
48
 90
3
 90
46
 90
48
 90
49
 90
3
 90
50
 90
51
 90
52
 90
3
 90
50
 90
52
 90
53
 90
3
 90
54
 90
55
 90
56
 90
3
 90
54
 90
56
 90
57
 90
3
 90
58
 90
59
 90
60
 90
3
 90
58
 90
60
 90
61
 90
3
 90
62
 90
63
 90
64
 90
3
 90
62
 90
64
 90
65
 90
3
 90
66
 90
67
 90
68
 90
3
 90
66
 90
68
 90
69
 90
3
 90
70
 90
71
 90
72
 90
3
 90
70
 90
72
 90
73
 90
3
 90
74
 90
75
 90
76
 90
3
 90
74
 90
76
 90
77
 90
3
 90
78
 90
79
 90
80
 90
3
 90
78
 90
80
 90
81
 90
3
 90
82
 90
83
 90
84
 90
3
 90
82
 90
84
 90
85
 90
3
 90
86
 90
87
 90
88
 90
3
 90
86
 90
88
 90
89
 90
3
 90
90
 90
91
 90
92
 90
3
 90
90
 90
92
 90
93
 90
3
 90
94
 90
95
 90
96
 90
3
 90
94
 90
96
 90
97
 90
3
 90
98
 90
99
 90
100
 90
3
 90
98
 90
100
 90
101
 90
3
 90
102
 90
103
 90
104
 90
3
 90
102
 90
104
 90
105
 90
3
 90
106
 90
107
 90
108
 90
3
 90
106
 90
108
 90
109
 90
3
 90
110
 90
111
 90
112
 90
3
 90
110
 90
112
 90
113
 90
3
 90
114
 90
115
 90
116
 90
3
 90
114
 90
116
 90
117
 90
3
 90
118
 90
119
 90
120
 90
3
 90
118
 90
120
 90
121
 90
3
 90
122
 90
123
 90
124
 90
3
 90
122
 90
124
 90
125
 94
0
 95
0
 90
0
  0
MESH
  5
A4
330
17
100
AcDbEntity
  8
M-POD-STEM
100
AcDbSubDMesh
 71
2
 72
0
 91
0
 92
240
 10
-9.2
 20
12.2
 30
7.5
 10
-5.722667025359353
 20
13.131748562369074
 30
7.5
 10
-5.6
 20
12.2
 30
7.5
 10
-9.2
 20
12.2
 30
7.5
 10
-6.082308546376019
 20
14.0
 30
7.5
 10
-5.722667025359353
 20
13.131748562369074
 30
7.5
 10
-9.2
 20
12.2
 30
7.5
 10
-6.654415587728428
 20
14.74558441227157
 30
7.5
 10
-6.082308546376019
 20
14.0
 30
7.5
 10
-9.2
 20
12.2
 30
7.5
 10
-7.399999999999999
 20
15.31769145362398
 30
7.5
 10
-6.654415587728428
 20
14.74558441227157
 30
7.5
 10
-9.2
 20
12.2
 30
7.5
 10
-8.268251437630925
 20
15.677332974640645
 30
7.5
 10
-7.399999999999999
 20
15.31769145362398
 30
7.5
 10
-9.2
 20
12.2
 30
7.5
 10
-9.2
 20
15.799999999999999
 30
7.5
 10
-8.268251437630925
 20
15.677332974640645
 30
7.5
 10
-9.2
 20
12.2
 30
7.5
 10
-10.131748562369074
 20
15.677332974640645
 30
7.5
 10
-9.2
 20
15.799999999999999
 30
7.5
 10
-9.2
 20
12.2
 30
7.5
 10
-10.999999999999998
 20
15.31769145362398
 30
7.5
 10
-10.131748562369074
 20
15.677332974640645
 30
7.5
 10
-9.2
 20
12.2
 30
7.5
 10
-11.74558441227157
 20
14.74558441227157
 30
7.5
 10
-10.999999999999998
 20
15.31769145362398
 30
7.5
 10
-9.2
 20
12.2
 30
7.5
 10
-12.31769145362398
 20
14.0
 30
7.5
 10
-11.74558441227157
 20
14.74558441227157
 30
7.5
 10
-9.2
 20
12.2
 30
7.5
 10
-12.677332974640645
 20
13.131748562369076
 30
7.5
 10
-12.31769145362398
 20
14.0
 30
7.5
 10
-9.2
 20
12.2
 30
7.5
 10
-12.799999999999999
 20
12.2
 30
7.5
 10
-12.677332974640645
 20
13.131748562369076
 30
7.5
 10
-9.2
 20
12.2
 30
7.5
 10
-12.677332974640645
 20
11.268251437630925
 30
7.5
 10
-12.799999999999999
 20
12.2
 30
7.5
 10
-9.2
 20
12.2
 30
7.5
 10
-12.31769145362398
 20
10.4
 30
7.5
 10
-12.677332974640645
 20
11.268251437630925
 30
7.5
 10
-9.2
 20
12.2
 30
7.5
 10
-11.745584412271572
 20
9.65441558772843
 30
7.5
 10
-12.31769145362398
 20
10.4
 30
7.5
 10
-9.2
 20
12.2
 30
7.5
 10
-11.0
 20
9.082308546376021
 30
7.5
 10
-11.745584412271572
 20
9.65441558772843
 30
7.5
 10
-9.2
 20
12.2
 30
7.5
 10
-10.131748562369074
 20
8.722667025359353
 30
7.5
 10
-11.0
 20
9.082308546376021
 30
7.5
 10
-9.2
 20
12.2
 30
7.5
 10
-9.2
 20
8.6
 30
7.5
 10
-10.131748562369074
 20
8.722667025359353
 30
7.5
 10
-9.2
 20
12.2
 30
7.5
 10
-8.268251437630926
 20
8.722667025359353
 30
7.5
 10
-9.2
 20
8.6
 30
7.5
 10
-9.2
 20
12.2
 30
7.5
 10
-7.399999999999999
 20
9.08230854637602
 30
7.5
 10
-8.268251437630926
 20
8.722667025359353
 30
7.5
 10
-9.2
 20
12.2
 30
7.5
 10
-6.654415587728429
 20
9.654415587728428
 30
7.5
 10
-7.399999999999999
 20
9.08230854637602
 30
7.5
 10
-9.2
 20
12.2
 30
7.5
 10
-6.082308546376021
 20
10.399999999999999
 30
7.5
 10
-6.654415587728429
 20
9.654415587728428
 30
7.5
 10
-9.2
 20
12.2
 30
7.5
 10
-5.722667025359354
 20
11.268251437630921
 30
7.5
 10
-6.082308546376021
 20
10.399999999999999
 30
7.5
 10
-9.2
 20
12.2
 30
7.5
 10
-5.6
 20
12.2
 30
7.5
 10
-5.722667025359354
 20
11.268251437630921
 30
7.5
 10
-5.6
 20
12.2
 30
7.5
 10
-5.722667025359353
 20
13.131748562369074
 30
7.5
 10
-5.722667025359353
 20
13.131748562369074
 30
0.0
 10
-5.6
 20
12.2
 30
0.0
 10
-5.722667025359353
 20
13.131748562369074
 30
7.5
 10
-6.082308546376019
 20
14.0
 30
7.5
 10
-6.082308546376019
 20
14.0
 30
0.0
 10
-5.722667025359353
 20
13.131748562369074
 30
0.0
 10
-6.082308546376019
 20
14.0
 30
7.5
 10
-6.654415587728428
 20
14.74558441227157
 30
7.5
 10
-6.654415587728428
 20
14.74558441227157
 30
0.0
 10
-6.082308546376019
 20
14.0
 30
0.0
 10
-6.654415587728428
 20
14.74558441227157
 30
7.5
 10
-7.399999999999999
 20
15.31769145362398
 30
7.5
 10
-7.399999999999999
 20
15.31769145362398
 30
0.0
 10
-6.654415587728428
 20
14.74558441227157
 30
0.0
 10
-7.399999999999999
 20
15.31769145362398
 30
7.5
 10
-8.268251437630925
 20
15.677332974640645
 30
7.5
 10
-8.268251437630925
 20
15.677332974640645
 30
0.0
 10
-7.399999999999999
 20
15.31769145362398
 30
0.0
 10
-8.268251437630925
 20
15.677332974640645
 30
7.5
 10
-9.2
 20
15.799999999999999
 30
7.5
 10
-9.2
 20
15.799999999999999
 30
0.0
 10
-8.268251437630925
 20
15.677332974640645
 30
0.0
 10
-9.2
 20
15.799999999999999
 30
7.5
 10
-10.131748562369074
 20
15.677332974640645
 30
7.5
 10
-10.131748562369074
 20
15.677332974640645
 30
0.0
 10
-9.2
 20
15.799999999999999
 30
0.0
 10
-10.131748562369074
 20
15.677332974640645
 30
7.5
 10
-10.999999999999998
 20
15.31769145362398
 30
7.5
 10
-10.999999999999998
 20
15.31769145362398
 30
0.0
 10
-10.131748562369074
 20
15.677332974640645
 30
0.0
 10
-10.999999999999998
 20
15.31769145362398
 30
7.5
 10
-11.74558441227157
 20
14.74558441227157
 30
7.5
 10
-11.74558441227157
 20
14.74558441227157
 30
0.0
 10
-10.999999999999998
 20
15.31769145362398
 30
0.0
 10
-11.74558441227157
 20
14.74558441227157
 30
7.5
 10
-12.31769145362398
 20
14.0
 30
7.5
 10
-12.31769145362398
 20
14.0
 30
0.0
 10
-11.74558441227157
 20
14.74558441227157
 30
0.0
 10
-12.31769145362398
 20
14.0
 30
7.5
 10
-12.677332974640645
 20
13.131748562369076
 30
7.5
 10
-12.677332974640645
 20
13.131748562369076
 30
0.0
 10
-12.31769145362398
 20
14.0
 30
0.0
 10
-12.677332974640645
 20
13.131748562369076
 30
7.5
 10
-12.799999999999999
 20
12.2
 30
7.5
 10
-12.799999999999999
 20
12.2
 30
0.0
 10
-12.677332974640645
 20
13.131748562369076
 30
0.0
 10
-12.799999999999999
 20
12.2
 30
7.5
 10
-12.677332974640645
 20
11.268251437630925
 30
7.5
 10
-12.677332974640645
 20
11.268251437630925
 30
0.0
 10
-12.799999999999999
 20
12.2
 30
0.0
 10
-12.677332974640645
 20
11.268251437630925
 30
7.5
 10
-12.31769145362398
 20
10.4
 30
7.5
 10
-12.31769145362398
 20
10.4
 30
0.0
 10
-12.677332974640645
 20
11.268251437630925
 30
0.0
 10
-12.31769145362398
 20
10.4
 30
7.5
 10
-11.745584412271572
 20
9.65441558772843
 30
7.5
 10
-11.745584412271572
 20
9.65441558772843
 30
0.0
 10
-12.31769145362398
 20
10.4
 30
0.0
 10
-11.745584412271572
 20
9.65441558772843
 30
7.5
 10
-11.0
 20
9.082308546376021
 30
7.5
 10
-11.0
 20
9.082308546376021
 30
0.0
 10
-11.745584412271572
 20
9.65441558772843
 30
0.0
 10
-11.0
 20
9.082308546376021
 30
7.5
 10
-10.131748562369074
 20
8.722667025359353
 30
7.5
 10
-10.131748562369074
 20
8.722667025359353
 30
0.0
 10
-11.0
 20
9.082308546376021
 30
0.0
 10
-10.131748562369074
 20
8.722667025359353
 30
7.5
 10
-9.2
 20
8.6
 30
7.5
 10
-9.2
 20
8.6
 30
0.0
 10
-10.131748562369074
 20
8.722667025359353
 30
0.0
 10
-9.2
 20
8.6
 30
7.5
 10
-8.268251437630926
 20
8.722667025359353
 30
7.5
 10
-8.268251437630926
 20
8.722667025359353
 30
0.0
 10
-9.2
 20
8.6
 30
0.0
 10
-8.268251437630926
 20
8.722667025359353
 30
7.5
 10
-7.399999999999999
 20
9.08230854637602
 30
7.5
 10
-7.399999999999999
 20
9.08230854637602
 30
0.0
 10
-8.268251437630926
 20
8.722667025359353
 30
0.0
 10
-7.399999999999999
 20
9.08230854637602
 30
7.5
 10
-6.654415587728429
 20
9.654415587728428
 30
7.5
 10
-6.654415587728429
 20
9.654415587728428
 30
0.0
 10
-7.399999999999999
 20
9.08230854637602
 30
0.0
 10
-6.654415587728429
 20
9.654415587728428
 30
7.5
 10
-6.082308546376021
 20
10.399999999999999
 30
7.5
 10
-6.082308546376021
 20
10.399999999999999
 30
0.0
 10
-6.654415587728429
 20
9.654415587728428
 30
0.0
 10
-6.082308546376021
 20
10.399999999999999
 30
7.5
 10
-5.722667025359354
 20
11.268251437630921
 30
7.5
 10
-5.722667025359354
 20
11.268251437630921
 30
0.0
 10
-6.082308546376021
 20
10.399999999999999
 30
0.0
 10
-5.722667025359354
 20
11.268251437630921
 30
7.5
 10
-5.6
 20
12.2
 30
7.5
 10
-5.6
 20
12.2
 30
0.0
 10
-5.722667025359354
 20
11.268251437630921
 30
0.0
 10
-5.6
 20
12.2
 30
0.0
 10
-5.722667025359353
 20
13.131748562369074
 30
0.0
 10
-9.2
 20
12.2
 30
0.0
 10
-5.722667025359353
 20
13.131748562369074
 30
0.0
 10
-6.082308546376019
 20
14.0
 30
0.0
 10
-9.2
 20
12.2
 30
0.0
 10
-6.082308546376019
 20
14.0
 30
0.0
 10
-6.654415587728428
 20
14.74558441227157
 30
0.0
 10
-9.2
 20
12.2
 30
0.0
 10
-6.654415587728428
 20
14.74558441227157
 30
0.0
 10
-7.399999999999999
 20
15.31769145362398
 30
0.0
 10
-9.2
 20
12.2
 30
0.0
 10
-7.399999999999999
 20
15.31769145362398
 30
0.0
 10
-8.268251437630925
 20
15.677332974640645
 30
0.0
 10
-9.2
 20
12.2
 30
0.0
 10
-8.268251437630925
 20
15.677332974640645
 30
0.0
 10
-9.2
 20
15.799999999999999
 30
0.0
 10
-9.2
 20
12.2
 30
0.0
 10
-9.2
 20
15.799999999999999
 30
0.0
 10
-10.131748562369074
 20
15.677332974640645
 30
0.0
 10
-9.2
 20
12.2
 30
0.0
 10
-10.131748562369074
 20
15.677332974640645
 30
0.0
 10
-10.999999999999998
 20
15.31769145362398
 30
0.0
 10
-9.2
 20
12.2
 30
0.0
 10
-10.999999999999998
 20
15.31769145362398
 30
0.0
 10
-11.74558441227157
 20
14.74558441227157
 30
0.0
 10
-9.2
 20
12.2
 30
0.0
 10
-11.74558441227157
 20
14.74558441227157
 30
0.0
 10
-12.31769145362398
 20
14.0
 30
0.0
 10
-9.2
 20
12.2
 30
0.0
 10
-12.31769145362398
 20
14.0
 30
0.0
 10
-12.677332974640645
 20
13.131748562369076
 30
0.0
 10
-9.2
 20
12.2
 30
0.0
 10
-12.677332974640645
 20
13.131748562369076
 30
0.0
 10
-12.799999999999999
 20
12.2
 30
0.0
 10
-9.2
 20
12.2
 30
0.0
 10
-12.799999999999999
 20
12.2
 30
0.0
 10
-12.677332974640645
 20
11.268251437630925
 30
0.0
 10
-9.2
 20
12.2
 30
0.0
 10
-12.677332974640645
 20
11.268251437630925
 30
0.0
 10
-12.31769145362398
 20
10.4
 30
0.0
 10
-9.2
 20
12.2
 30
0.0
 10
-12.31769145362398
 20
10.4
 30
0.0
 10
-11.745584412271572
 20
9.65441558772843
 30
0.0
 10
-9.2
 20
12.2
 30
0.0
 10
-11.745584412271572
 20
9.65441558772843
 30
0.0
 10
-11.0
 20
9.082308546376021
 30
0.0
 10
-9.2
 20
12.2
 30
0.0
 10
-11.0
 20
9.082308546376021
 30
0.0
 10
-10.131748562369074
 20
8.722667025359353
 30
0.0
 10
-9.2
 20
12.2
 30
0.0
 10
-10.131748562369074
 20
8.722667025359353
 30
0.0
 10
-9.2
 20
8.6
 30
0.0
 10
-9.2
 20
12.2
 30
0.0
 10
-9.2
 20
8.6
 30
0.0
 10
-8.268251437630926
 20
8.722667025359353
 30
0.0
 10
-9.2
 20
12.2
 30
0.0
 10
-8.268251437630926
 20
8.722667025359353
 30
0.0
 10
-7.399999999999999
 20
9.08230854637602
 30
0.0
 10
-9.2
 20
12.2
 30
0.0
 10
-7.399999999999999
 20
9.08230854637602
 30
0.0
 10
-6.654415587728429
 20
9.654415587728428
 30
0.0
 10
-9.2
 20
12.2
 30
0.0
 10
-6.654415587728429
 20
9.654415587728428
 30
0.0
 10
-6.082308546376021
 20
10.399999999999999
 30
0.0
 10
-9.2
 20
12.2
 30
0.0
 10
-6.082308546376021
 20
10.399999999999999
 30
0.0
 10
-5.722667025359354
 20
11.268251437630921
 30
0.0
 10
-9.2
 20
12.2
 30
0.0
 10
-5.722667025359354
 20
11.268251437630921
 30
0.0
 10
-5.6
 20
12.2
 30
0.0
 10
-9.2
 20
12.2
 30
0.0
 93
384
 90
3
 90
0
 90
1
 90
2
 90
3
 90
3
 90
4
 90
5
 90
3
 90
6
 90
7
 90
8
 90
3
 90
9
 90
10
 90
11
 90
3
 90
12
 90
13
 90
14
 90
3
 90
15
 90
16
 90
17
 90
3
 90
18
 90
19
 90
20
 90
3
 90
21
 90
22
 90
23
 90
3
 90
24
 90
25
 90
26
 90
3
 90
27
 90
28
 90
29
 90
3
 90
30
 90
31
 90
32
 90
3
 90
33
 90
34
 90
35
 90
3
 90
36
 90
37
 90
38
 90
3
 90
39
 90
40
 90
41
 90
3
 90
42
 90
43
 90
44
 90
3
 90
45
 90
46
 90
47
 90
3
 90
48
 90
49
 90
50
 90
3
 90
51
 90
52
 90
53
 90
3
 90
54
 90
55
 90
56
 90
3
 90
57
 90
58
 90
59
 90
3
 90
60
 90
61
 90
62
 90
3
 90
63
 90
64
 90
65
 90
3
 90
66
 90
67
 90
68
 90
3
 90
69
 90
70
 90
71
 90
3
 90
72
 90
73
 90
74
 90
3
 90
72
 90
74
 90
75
 90
3
 90
76
 90
77
 90
78
 90
3
 90
76
 90
78
 90
79
 90
3
 90
80
 90
81
 90
82
 90
3
 90
80
 90
82
 90
83
 90
3
 90
84
 90
85
 90
86
 90
3
 90
84
 90
86
 90
87
 90
3
 90
88
 90
89
 90
90
 90
3
 90
88
 90
90
 90
91
 90
3
 90
92
 90
93
 90
94
 90
3
 90
92
 90
94
 90
95
 90
3
 90
96
 90
97
 90
98
 90
3
 90
96
 90
98
 90
99
 90
3
 90
100
 90
101
 90
102
 90
3
 90
100
 90
102
 90
103
 90
3
 90
104
 90
105
 90
106
 90
3
 90
104
 90
106
 90
107
 90
3
 90
108
 90
109
 90
110
 90
3
 90
108
 90
110
 90
111
 90
3
 90
112
 90
113
 90
114
 90
3
 90
112
 90
114
 90
115
 90
3
 90
116
 90
117
 90
118
 90
3
 90
116
 90
118
 90
119
 90
3
 90
120
 90
121
 90
122
 90
3
 90
120
 90
122
 90
123
 90
3
 90
124
 90
125
 90
126
 90
3
 90
124
 90
126
 90
127
 90
3
 90
128
 90
129
 90
130
 90
3
 90
128
 90
130
 90
131
 90
3
 90
132
 90
133
 90
134
 90
3
 90
132
 90
134
 90
135
 90
3
 90
136
 90
137
 90
138
 90
3
 90
136
 90
138
 90
139
 90
3
 90
140
 90
141
 90
142
 90
3
 90
140
 90
142
 90
143
 90
3
 90
144
 90
145
 90
146
 90
3
 90
144
 90
146
 90
147
 90
3
 90
148
 90
149
 90
150
 90
3
 90
148
 90
150
 90
151
 90
3
 90
152
 90
153
 90
154
 90
3
 90
152
 90
154
 90
155
 90
3
 90
156
 90
157
 90
158
 90
3
 90
156
 90
158
 90
159
 90
3
 90
160
 90
161
 90
162
 90
3
 90
160
 90
162
 90
163
 90
3
 90
164
 90
165
 90
166
 90
3
 90
164
 90
166
 90
167
 90
3
 90
168
 90
169
 90
170
 90
3
 90
171
 90
172
 90
173
 90
3
 90
174
 90
175
 90
176
 90
3
 90
177
 90
178
 90
179
 90
3
 90
180
 90
181
 90
182
 90
3
 90
183
 90
184
 90
185
 90
3
 90
186
 90
187
 90
188
 90
3
 90
189
 90
190
 90
191
 90
3
 90
192
 90
193
 90
194
 90
3
 90
195
 90
196
 90
197
 90
3
 90
198
 90
199
 90
200
 90
3
 90
201
 90
202
 90
203
 90
3
 90
204
 90
205
 90
206
 90
3
 90
207
 90
208
 90
209
 90
3
 90
210
 90
211
 90
212
 90
3
 90
213
 90
214
 90
215
 90
3
 90
216
 90
217
 90
218
 90
3
 90
219
 90
220
 90
221
 90
3
 90
222
 90
223
 90
224
 90
3
 90
225
 90
226
 90
227
 90
3
 90
228
 90
229
 90
230
 90
3
 90
231
 90
232
 90
233
 90
3
 90
234
 90
235
 90
236
 90
3
 90
237
 90
238
 90
239
 94
0
 95
0
 90
0
  0
MESH
  5
A6
330
17
100
AcDbEntity
  8
M-POD-CAP
100
AcDbSubDMesh
 71
2
 72
0
 91
0
 92
960
 10
-9.2
 20
12.2
 30
12.5
 10
-6.748036798991923
 20
12.68772580504032
 30
12.2
 10
-6.699999999999999
 20
12.2
 30
12.2
 10
-9.2
 20
12.2
 30
12.5
 10
-6.890301168721782
 20
13.156708580912724
 30
12.2
 10
-6.748036798991923
 20
12.68772580504032
 30
12.2
 10
-9.2
 20
12.2
 30
12.5
 10
-7.121325969243636
 20
13.588925582549004
 30
12.2
 10
-6.890301168721782
 20
13.156708580912724
 30
12.2
 10
-9.2
 20
12.2
 30
12.5
 10
-7.43223304703363
 20
13.967766952966368
 30
12.2
 10
-7.121325969243636
 20
13.588925582549004
 30
12.2
 10
-9.2
 20
12.2
 30
12.5
 10
-7.811074417450993
 20
14.278674030756363
 30
12.2
 10
-7.43223304703363
 20
13.967766952966368
 30
12.2
 10
-9.2
 20
12.2
 30
12.5
 10
-8.243291419087274
 20
14.509698831278216
 30
12.2
 10
-7.811074417450993
 20
14.278674030756363
 30
12.2
 10
-9.2
 20
12.2
 30
12.5
 10
-8.71227419495968
 20
14.651963201008076
 30
12.2
 10
-8.243291419087274
 20
14.509698831278216
 30
12.2
 10
-9.2
 20
12.2
 30
12.5
 10
-9.2
 20
14.7
 30
12.2
 10
-8.71227419495968
 20
14.651963201008076
 30
12.2
 10
-9.2
 20
12.2
 30
12.5
 10
-9.68772580504032
 20
14.651963201008076
 30
12.2
 10
-9.2
 20
14.7
 30
12.2
 10
-9.2
 20
12.2
 30
12.5
 10
-10.156708580912724
 20
14.509698831278216
 30
12.2
 10
-9.68772580504032
 20
14.651963201008076
 30
12.2
 10
-9.2
 20
12.2
 30
12.5
 10
-10.588925582549004
 20
14.278674030756363
 30
12.2
 10
-10.156708580912724
 20
14.509698831278216
 30
12.2
 10
-9.2
 20
12.2
 30
12.5
 10
-10.967766952966368
 20
13.967766952966368
 30
12.2
 10
-10.588925582549004
 20
14.278674030756363
 30
12.2
 10
-9.2
 20
12.2
 30
12.5
 10
-11.278674030756363
 20
13.588925582549004
 30
12.2
 10
-10.967766952966368
 20
13.967766952966368
 30
12.2
 10
-9.2
 20
12.2
 30
12.5
 10
-11.509698831278216
 20
13.156708580912724
 30
12.2
 10
-11.278674030756363
 20
13.588925582549004
 30
12.2
 10
-9.2
 20
12.2
 30
12.5
 10
-11.651963201008076
 20
12.687725805040321
 30
12.2
 10
-11.509698831278216
 20
13.156708580912724
 30
12.2
 10
-9.2
 20
12.2
 30
12.5
 10
-11.7
 20
12.2
 30
12.2
 10
-11.651963201008076
 20
12.687725805040321
 30
12.2
 10
-9.2
 20
12.2
 30
12.5
 10
-11.651963201008076
 20
11.712274194959678
 30
12.2
 10
-11.7
 20
12.2
 30
12.2
 10
-9.2
 20
12.2
 30
12.5
 10
-11.509698831278216
 20
11.243291419087274
 30
12.2
 10
-11.651963201008076
 20
11.712274194959678
 30
12.2
 10
-9.2
 20
12.2
 30
12.5
 10
-11.278674030756363
 20
10.811074417450994
 30
12.2
 10
-11.509698831278216
 20
11.243291419087274
 30
12.2
 10
-9.2
 20
12.2
 30
12.5
 10
-10.967766952966368
 20
10.43223304703363
 30
12.2
 10
-11.278674030756363
 20
10.811074417450994
 30
12.2
 10
-9.2
 20
12.2
 30
12.5
 10
-10.588925582549004
 20
10.121325969243635
 30
12.2
 10
-10.967766952966368
 20
10.43223304703363
 30
12.2
 10
-9.2
 20
12.2
 30
12.5
 10
-10.156708580912724
 20
9.890301168721784
 30
12.2
 10
-10.588925582549004
 20
10.121325969243635
 30
12.2
 10
-9.2
 20
12.2
 30
12.5
 10
-9.687725805040321
 20
9.748036798991924
 30
12.2
 10
-10.156708580912724
 20
9.890301168721784
 30
12.2
 10
-9.2
 20
12.2
 30
12.5
 10
-9.2
 20
9.7
 30
12.2
 10
-9.687725805040321
 20
9.748036798991924
 30
12.2
 10
-9.2
 20
12.2
 30
12.5
 10
-8.71227419495968
 20
9.748036798991922
 30
12.2
 10
-9.2
 20
9.7
 30
12.2
 10
-9.2
 20
12.2
 30
12.5
 10
-8.243291419087274
 20
9.890301168721782
 30
12.2
 10
-8.71227419495968
 20
9.748036798991922
 30
12.2
 10
-9.2
 20
12.2
 30
12.5
 10
-7.811074417450994
 20
10.121325969243635
 30
12.2
 10
-8.243291419087274
 20
9.890301168721782
 30
12.2
 10
-9.2
 20
12.2
 30
12.5
 10
-7.43223304703363
 20
10.43223304703363
 30
12.2
 10
-7.811074417450994
 20
10.121325969243635
 30
12.2
 10
-9.2
 20
12.2
 30
12.5
 10
-7.121325969243636
 20
10.811074417450994
 30
12.2
 10
-7.43223304703363
 20
10.43223304703363
 30
12.2
 10
-9.2
 20
12.2
 30
12.5
 10
-6.890301168721783
 20
11.243291419087273
 30
12.2
 10
-7.121325969243636
 20
10.811074417450994
 30
12.2
 10
-9.2
 20
12.2
 30
12.5
 10
-6.748036798991924
 20
11.712274194959678
 30
12.2
 10
-6.890301168721783
 20
11.243291419087273
 30
12.2
 10
-9.2
 20
12.2
 30
12.5
 10
-6.699999999999999
 20
12.2
 30
12.2
 10
-6.748036798991924
 20
11.712274194959678
 30
12.2
 10
-6.699999999999999
 20
12.2
 30
12.2
 10
-6.748036798991923
 20
12.68772580504032
 30
12.2
 10
-4.492230654064493
 20
13.136433545677415
 30
10.6
 10
-4.3999999999999995
 20
12.2
 30
10.6
 10
-6.748036798991923
 20
12.68772580504032
 30
12.2
 10
-6.890301168721782
 20
13.156708580912724
 30
12.2
 10
-4.765378243945823
 20
14.03688047535243
 30
10.6
 10
-4.492230654064493
 20
13.136433545677415
 30
10.6
 10
-6.890301168721782
 20
13.156708580912724
 30
12.2
 10
-7.121325969243636
 20
13.588925582549004
 30
12.2
 10
-5.208945860947782
 20
14.86673711849409
 30
10.6
 10
-4.765378243945823
 20
14.03688047535243
 30
10.6
 10
-7.121325969243636
 20
13.588925582549004
 30
12.2
 10
-7.43223304703363
 20
13.967766952966368
 30
12.2
 10
-5.805887450304571
 20
15.594112549695428
 30
10.6
 10
-5.208945860947782
 20
14.86673711849409
 30
10.6
 10
-7.43223304703363
 20
13.967766952966368
 30
12.2
 10
-7.811074417450993
 20
14.278674030756363
 30
12.2
 10
-6.533262881505909
 20
16.191054139052216
 30
10.6
 10
-5.805887450304571
 20
15.594112549695428
 30
10.6
 10
-7.811074417450993
 20
14.278674030756363
 30
12.2
 10
-8.243291419087274
 20
14.509698831278216
 30
12.2
 10
-7.363119524647568
 20
16.634621756054177
 30
10.6
 10
-6.533262881505909
 20
16.191054139052216
 30
10.6
 10
-8.243291419087274
 20
14.509698831278216
 30
12.2
 10
-8.71227419495968
 20
14.651963201008076
 30
12.2
 10
-8.263566454322584
 20
16.907769345935506
 30
10.6
 10
-7.363119524647568
 20
16.634621756054177
 30
10.6
 10
-8.71227419495968
 20
14.651963201008076
 30
12.2
 10
-9.2
 20
14.7
 30
12.2
 10
-9.2
 20
17.0
 30
10.6
 10
-8.263566454322584
 20
16.907769345935506
 30
10.6
 10
-9.2
 20
14.7
 30
12.2
 10
-9.68772580504032
 20
14.651963201008076
 30
12.2
 10
-10.136433545677415
 20
16.907769345935506
 30
10.6
 10
-9.2
 20
17.0
 30
10.6
 10
-9.68772580504032
 20
14.651963201008076
 30
12.2
 10
-10.156708580912724
 20
14.509698831278216
 30
12.2
 10
-11.03688047535243
 20
16.634621756054177
 30
10.6
 10
-10.136433545677415
 20
16.907769345935506
 30
10.6
 10
-10.156708580912724
 20
14.509698831278216
 30
12.2
 10
-10.588925582549004
 20
14.278674030756363
 30
12.2
 10
-11.866737118494088
 20
16.191054139052216
 30
10.6
 10
-11.03688047535243
 20
16.634621756054177
 30
10.6
 10
-10.588925582549004
 20
14.278674030756363
 30
12.2
 10
-10.967766952966368
 20
13.967766952966368
 30
12.2
 10
-12.594112549695428
 20
15.594112549695428
 30
10.6
 10
-11.866737118494088
 20
16.191054139052216
 30
10.6
 10
-10.967766952966368
 20
13.967766952966368
 30
12.2
 10
-11.278674030756363
 20
13.588925582549004
 30
12.2
 10
-13.191054139052216
 20
14.86673711849409
 30
10.6
 10
-12.594112549695428
 20
15.594112549695428
 30
10.6
 10
-11.278674030756363
 20
13.588925582549004
 30
12.2
 10
-11.509698831278216
 20
13.156708580912724
 30
12.2
 10
-13.634621756054177
 20
14.036880475352431
 30
10.6
 10
-13.191054139052216
 20
14.86673711849409
 30
10.6
 10
-11.509698831278216
 20
13.156708580912724
 30
12.2
 10
-11.651963201008076
 20
12.687725805040321
 30
12.2
 10
-13.907769345935506
 20
13.136433545677416
 30
10.6
 10
-13.634621756054177
 20
14.036880475352431
 30
10.6
 10
-11.651963201008076
 20
12.687725805040321
 30
12.2
 10
-11.7
 20
12.2
 30
12.2
 10
-14.0
 20
12.2
 30
10.6
 10
-13.907769345935506
 20
13.136433545677416
 30
10.6
 10
-11.7
 20
12.2
 30
12.2
 10
-11.651963201008076
 20
11.712274194959678
 30
12.2
 10
-13.907769345935506
 20
11.263566454322584
 30
10.6
 10
-14.0
 20
12.2
 30
10.6
 10
-11.651963201008076
 20
11.712274194959678
 30
12.2
 10
-11.509698831278216
 20
11.243291419087274
 30
12.2
 10
-13.634621756054177
 20
10.36311952464757
 30
10.6
 10
-13.907769345935506
 20
11.263566454322584
 30
10.6
 10
-11.509698831278216
 20
11.243291419087274
 30
12.2
 10
-11.278674030756363
 20
10.811074417450994
 30
12.2
 10
-13.191054139052216
 20
9.53326288150591
 30
10.6
 10
-13.634621756054177
 20
10.36311952464757
 30
10.6
 10
-11.278674030756363
 20
10.811074417450994
 30
12.2
 10
-10.967766952966368
 20
10.43223304703363
 30
12.2
 10
-12.594112549695428
 20
8.80588745030457
 30
10.6
 10
-13.191054139052216
 20
9.53326288150591
 30
10.6
 10
-10.967766952966368
 20
10.43223304703363
 30
12.2
 10
-10.588925582549004
 20
10.121325969243635
 30
12.2
 10
-11.86673711849409
 20
8.208945860947782
 30
10.6
 10
-12.594112549695428
 20
8.80588745030457
 30
10.6
 10
-10.588925582549004
 20
10.121325969243635
 30
12.2
 10
-10.156708580912724
 20
9.890301168721784
 30
12.2
 10
-11.036880475352433
 20
7.7653782439458245
 30
10.6
 10
-11.86673711849409
 20
8.208945860947782
 30
10.6
 10
-10.156708580912724
 20
9.890301168721784
 30
12.2
 10
-9.687725805040321
 20
9.748036798991924
 30
12.2
 10
-10.136433545677416
 20
7.492230654064494
 30
10.6
 10
-11.036880475352433
 20
7.7653782439458245
 30
10.6
 10
-9.687725805040321
 20
9.748036798991924
 30
12.2
 10
-9.2
 20
9.7
 30
12.2
 10
-9.2
 20
7.3999999999999995
 30
10.6
 10
-10.136433545677416
 20
7.492230654064494
 30
10.6
 10
-9.2
 20
9.7
 30
12.2
 10
-8.71227419495968
 20
9.748036798991922
 30
12.2
 10
-8.263566454322584
 20
7.492230654064493
 30
10.6
 10
-9.2
 20
7.3999999999999995
 30
10.6
 10
-8.71227419495968
 20
9.748036798991922
 30
12.2
 10
-8.243291419087274
 20
9.890301168721782
 30
12.2
 10
-7.363119524647567
 20
7.765378243945824
 30
10.6
 10
-8.263566454322584
 20
7.492230654064493
 30
10.6
 10
-8.243291419087274
 20
9.890301168721782
 30
12.2
 10
-7.811074417450994
 20
10.121325969243635
 30
12.2
 10
-6.533262881505911
 20
8.208945860947782
 30
10.6
 10
-7.363119524647567
 20
7.765378243945824
 30
10.6
 10
-7.811074417450994
 20
10.121325969243635
 30
12.2
 10
-7.43223304703363
 20
10.43223304703363
 30
12.2
 10
-5.8058874503045725
 20
8.80588745030457
 30
10.6
 10
-6.533262881505911
 20
8.208945860947782
 30
10.6
 10
-7.43223304703363
 20
10.43223304703363
 30
12.2
 10
-7.121325969243636
 20
10.811074417450994
 30
12.2
 10
-5.208945860947782
 20
9.533262881505909
 30
10.6
 10
-5.8058874503045725
 20
8.80588745030457
 30
10.6
 10
-7.121325969243636
 20
10.811074417450994
 30
12.2
 10
-6.890301168721783
 20
11.243291419087273
 30
12.2
 10
-4.7653782439458245
 20
10.363119524647566
 30
10.6
 10
-5.208945860947782
 20
9.533262881505909
 30
10.6
 10
-6.890301168721783
 20
11.243291419087273
 30
12.2
 10
-6.748036798991924
 20
11.712274194959678
 30
12.2
 10
-4.492230654064494
 20
11.263566454322582
 30
10.6
 10
-4.7653782439458245
 20
10.363119524647566
 30
10.6
 10
-6.748036798991924
 20
11.712274194959678
 30
12.2
 10
-6.699999999999999
 20
12.2
 30
12.2
 10
-4.3999999999999995
 20
12.2
 30
10.6
 10
-4.492230654064494
 20
11.263566454322582
 30
10.6
 10
-4.3999999999999995
 20
12.2
 30
10.6
 10
-4.492230654064493
 20
13.136433545677415
 30
10.6
 10
-3.3152883175806167
 20
13.370541932096769
 30
8.8
 10
-3.1999999999999993
 20
12.2
 30
8.8
 10
-4.492230654064493
 20
13.136433545677415
 30
10.6
 10
-4.765378243945823
 20
14.03688047535243
 30
10.6
 10
-3.6567228049322793
 20
14.496100594190537
 30
8.8
 10
-3.3152883175806167
 20
13.370541932096769
 30
8.8
 10
-4.765378243945823
 20
14.03688047535243
 30
10.6
 10
-5.208945860947782
 20
14.86673711849409
 30
10.6
 10
-4.211182326184728
 20
15.533421398117612
 30
8.8
 10
-3.6567228049322793
 20
14.496100594190537
 30
8.8
 10
-5.208945860947782
 20
14.86673711849409
 30
10.6
 10
-5.805887450304571
 20
15.594112549695428
 30
10.6
 10
-4.957359312880714
 20
16.442640687119283
 30
8.8
 10
-4.211182326184728
 20
15.533421398117612
 30
8.8
 10
-5.805887450304571
 20
15.594112549695428
 30
10.6
 10
-6.533262881505909
 20
16.191054139052216
 30
10.6
 10
-5.866578601882385
 20
17.188817673815272
 30
8.8
 10
-4.957359312880714
 20
16.442640687119283
 30
8.8
 10
-6.533262881505909
 20
16.191054139052216
 30
10.6
 10
-7.363119524647568
 20
16.634621756054177
 30
10.6
 10
-6.90389940580946
 20
17.74327719506772
 30
8.8
 10
-5.866578601882385
 20
17.188817673815272
 30
8.8
 10
-7.363119524647568
 20
16.634621756054177
 30
10.6
 10
-8.263566454322584
 20
16.907769345935506
 30
10.6
 10
-8.02945806790323
 20
18.084711682419382
 30
8.8
 10
-6.90389940580946
 20
17.74327719506772
 30
8.8
 10
-8.263566454322584
 20
16.907769345935506
 30
10.6
 10
-9.2
 20
17.0
 30
10.6
 10
-9.2
 20
18.2
 30
8.8
 10
-8.02945806790323
 20
18.084711682419382
 30
8.8
 10
-9.2
 20
17.0
 30
10.6
 10
-10.136433545677415
 20
16.907769345935506
 30
10.6
 10
-10.370541932096769
 20
18.084711682419382
 30
8.8
 10
-9.2
 20
18.2
 30
8.8
 10
-10.136433545677415
 20
16.907769345935506
 30
10.6
 10
-11.03688047535243
 20
16.634621756054177
 30
10.6
 10
-11.496100594190537
 20
17.74327719506772
 30
8.8
 10
-10.370541932096769
 20
18.084711682419382
 30
8.8
 10
-11.03688047535243
 20
16.634621756054177
 30
10.6
 10
-11.866737118494088
 20
16.191054139052216
 30
10.6
 10
-12.53342139811761
 20
17.188817673815272
 30
8.8
 10
-11.496100594190537
 20
17.74327719506772
 30
8.8
 10
-11.866737118494088
 20
16.191054139052216
 30
10.6
 10
-12.594112549695428
 20
15.594112549695428
 30
10.6
 10
-13.442640687119283
 20
16.442640687119287
 30
8.8
 10
-12.53342139811761
 20
17.188817673815272
 30
8.8
 10
-12.594112549695428
 20
15.594112549695428
 30
10.6
 10
-13.191054139052216
 20
14.86673711849409
 30
10.6
 10
-14.188817673815272
 20
15.533421398117612
 30
8.8
 10
-13.442640687119283
 20
16.442640687119287
 30
8.8
 10
-13.191054139052216
 20
14.86673711849409
 30
10.6
 10
-13.634621756054177
 20
14.036880475352431
 30
10.6
 10
-14.74327719506772
 20
14.496100594190539
 30
8.8
 10
-14.188817673815272
 20
15.533421398117612
 30
8.8
 10
-13.634621756054177
 20
14.036880475352431
 30
10.6
 10
-13.907769345935506
 20
13.136433545677416
 30
10.6
 10
-15.084711682419382
 20
13.37054193209677
 30
8.8
 10
-14.74327719506772
 20
14.496100594190539
 30
8.8
 10
-13.907769345935506
 20
13.136433545677416
 30
10.6
 10
-14.0
 20
12.2
 30
10.6
 10
-15.2
 20
12.2
 30
8.8
 10
-15.084711682419382
 20
13.37054193209677
 30
8.8
 10
-14.0
 20
12.2
 30
10.6
 10
-13.907769345935506
 20
11.263566454322584
 30
10.6
 10
-15.084711682419382
 20
11.02945806790323
 30
8.8
 10
-15.2
 20
12.2
 30
8.8
 10
-13.907769345935506
 20
11.263566454322584
 30
10.6
 10
-13.634621756054177
 20
10.36311952464757
 30
10.6
 10
-14.74327719506772
 20
9.903899405809462
 30
8.8
 10
-15.084711682419382
 20
11.02945806790323
 30
8.8
 10
-13.634621756054177
 20
10.36311952464757
 30
10.6
 10
-13.191054139052216
 20
9.53326288150591
 30
10.6
 10
-14.188817673815272
 20
8.866578601882388
 30
8.8
 10
-14.74327719506772
 20
9.903899405809462
 30
8.8
 10
-13.191054139052216
 20
9.53326288150591
 30
10.6
 10
-12.594112549695428
 20
8.80588745030457
 30
10.6
 10
-13.442640687119285
 20
7.9573593128807145
 30
8.8
 10
-14.188817673815272
 20
8.866578601882388
 30
8.8
 10
-12.594112549695428
 20
8.80588745030457
 30
10.6
 10
-11.86673711849409
 20
8.208945860947782
 30
10.6
 10
-12.533421398117612
 20
7.211182326184728
 30
8.8
 10
-13.442640687119285
 20
7.9573593128807145
 30
8.8
 10
-11.86673711849409
 20
8.208945860947782
 30
10.6
 10
-11.036880475352433
 20
7.7653782439458245
 30
10.6
 10
-11.49610059419054
 20
6.65672280493228
 30
8.8
 10
-12.533421398117612
 20
7.211182326184728
 30
8.8
 10
-11.036880475352433
 20
7.7653782439458245
 30
10.6
 10
-10.136433545677416
 20
7.492230654064494
 30
10.6
 10
-10.37054193209677
 20
6.315288317580618
 30
8.8
 10
-11.49610059419054
 20
6.65672280493228
 30
8.8
 10
-10.136433545677416
 20
7.492230654064494
 30
10.6
 10
-9.2
 20
7.3999999999999995
 30
10.6
 10
-9.200000000000001
 20
6.199999999999999
 30
8.8
 10
-10.37054193209677
 20
6.315288317580618
 30
8.8
 10
-9.2
 20
7.3999999999999995
 30
10.6
 10
-8.263566454322584
 20
7.492230654064493
 30
10.6
 10
-8.02945806790323
 20
6.315288317580617
 30
8.8
 10
-9.200000000000001
 20
6.199999999999999
 30
8.8
 10
-8.263566454322584
 20
7.492230654064493
 30
10.6
 10
-7.363119524647567
 20
7.765378243945824
 30
10.6
 10
-6.90389940580946
 20
6.656722804932279
 30
8.8
 10
-8.02945806790323
 20
6.315288317580617
 30
8.8
 10
-7.363119524647567
 20
7.765378243945824
 30
10.6
 10
-6.533262881505911
 20
8.208945860947782
 30
10.6
 10
-5.866578601882388
 20
7.211182326184726
 30
8.8
 10
-6.90389940580946
 20
6.656722804932279
 30
8.8
 10
-6.533262881505911
 20
8.208945860947782
 30
10.6
 10
-5.8058874503045725
 20
8.80588745030457
 30
10.6
 10
-4.957359312880715
 20
7.957359312880714
 30
8.8
 10
-5.866578601882388
 20
7.211182326184726
 30
8.8
 10
-5.8058874503045725
 20
8.80588745030457
 30
10.6
 10
-5.208945860947782
 20
9.533262881505909
 30
10.6
 10
-4.211182326184728
 20
8.866578601882386
 30
8.8
 10
-4.957359312880715
 20
7.957359312880714
 30
8.8
 10
-5.208945860947782
 20
9.533262881505909
 30
10.6
 10
-4.7653782439458245
 20
10.363119524647566
 30
10.6
 10
-3.65672280493228
 20
9.903899405809458
 30
8.8
 10
-4.211182326184728
 20
8.866578601882386
 30
8.8
 10
-4.7653782439458245
 20
10.363119524647566
 30
10.6
 10
-4.492230654064494
 20
11.263566454322582
 30
10.6
 10
-3.3152883175806176
 20
11.029458067903228
 30
8.8
 10
-3.65672280493228
 20
9.903899405809458
 30
8.8
 10
-4.492230654064494
 20
11.263566454322582
 30
10.6
 10
-4.3999999999999995
 20
12.2
 30
10.6
 10
-3.1999999999999993
 20
12.2
 30
8.8
 10
-3.3152883175806176
 20
11.029458067903228
 30
8.8
 10
-3.1999999999999993
 20
12.2
 30
8.8
 10
-3.3152883175806167
 20
13.370541932096769
 30
8.8
 10
-3.1191312614999704
 20
13.409559996499995
 30
7.6
 10
-2.999999999999999
 20
12.2
 30
7.6
 10
-3.3152883175806167
 20
13.370541932096769
 30
8.8
 10
-3.6567228049322793
 20
14.496100594190537
 30
8.8
 10
-3.471946898430021
 20
14.572637280663557
 30
7.6
 10
-3.1191312614999704
 20
13.409559996499995
 30
7.6
 10
-3.6567228049322793
 20
14.496100594190537
 30
8.8
 10
-4.211182326184728
 20
15.533421398117612
 30
8.8
 10
-4.044888403724219
 20
15.644535444721534
 30
7.6
 10
-3.471946898430021
 20
14.572637280663557
 30
7.6
 10
-4.211182326184728
 20
15.533421398117612
 30
8.8
 10
-4.957359312880714
 20
16.442640687119283
 30
8.8
 10
-4.815937956643404
 20
16.584062043356592
 30
7.6
 10
-4.044888403724219
 20
15.644535444721534
 30
7.6
 10
-4.957359312880714
 20
16.442640687119283
 30
8.8
 10
-5.866578601882385
 20
17.188817673815272
 30
8.8
 10
-5.755464555278465
 20
17.35511159627578
 30
7.6
 10
-4.815937956643404
 20
16.584062043356592
 30
7.6
 10
-5.866578601882385
 20
17.188817673815272
 30
8.8
 10
-6.90389940580946
 20
17.74327719506772
 30
8.8
 10
-6.827362719336442
 20
17.92805310156998
 30
7.6
 10
-5.755464555278465
 20
17.35511159627578
 30
7.6
 10
-6.90389940580946
 20
17.74327719506772
 30
8.8
 10
-8.02945806790323
 20
18.084711682419382
 30
8.8
 10
-7.990440003500003
 20
18.28086873850003
 30
7.6
 10
-6.827362719336442
 20
17.92805310156998
 30
7.6
 10
-8.02945806790323
 20
18.084711682419382
 30
8.8
 10
-9.2
 20
18.2
 30
8.8
 10
-9.2
 20
18.4
 30
7.6
 10
-7.990440003500003
 20
18.28086873850003
 30
7.6
 10
-9.2
 20
18.2
 30
8.8
 10
-10.370541932096769
 20
18.084711682419382
 30
8.8
 10
-10.409559996499993
 20
18.28086873850003
 30
7.6
 10
-9.2
 20
18.4
 30
7.6
 10
-10.370541932096769
 20
18.084711682419382
 30
8.8
 10
-11.496100594190537
 20
17.74327719506772
 30
8.8
 10
-11.572637280663557
 20
17.92805310156998
 30
7.6
 10
-10.409559996499993
 20
18.28086873850003
 30
7.6
 10
-11.496100594190537
 20
17.74327719506772
 30
8.8
 10
-12.53342139811761
 20
17.188817673815272
 30
8.8
 10
-12.644535444721532
 20
17.355111596275783
 30
7.6
 10
-11.572637280663557
 20
17.92805310156998
 30
7.6
 10
-12.53342139811761
 20
17.188817673815272
 30
8.8
 10
-13.442640687119283
 20
16.442640687119287
 30
8.8
 10
-13.584062043356592
 20
16.584062043356596
 30
7.6
 10
-12.644535444721532
 20
17.355111596275783
 30
7.6
 10
-13.442640687119283
 20
16.442640687119287
 30
8.8
 10
-14.188817673815272
 20
15.533421398117612
 30
8.8
 10
-14.35511159627578
 20
15.644535444721534
 30
7.6
 10
-13.584062043356592
 20
16.584062043356596
 30
7.6
 10
-14.188817673815272
 20
15.533421398117612
 30
8.8
 10
-14.74327719506772
 20
14.496100594190539
 30
8.8
 10
-14.928053101569978
 20
14.572637280663557
 30
7.6
 10
-14.35511159627578
 20
15.644535444721534
 30
7.6
 10
-14.74327719506772
 20
14.496100594190539
 30
8.8
 10
-15.084711682419382
 20
13.37054193209677
 30
8.8
 10
-15.280868738500029
 20
13.409559996499997
 30
7.6
 10
-14.928053101569978
 20
14.572637280663557
 30
7.6
 10
-15.084711682419382
 20
13.37054193209677
 30
8.8
 10
-15.2
 20
12.2
 30
8.8
 10
-15.399999999999999
 20
12.2
 30
7.6
 10
-15.280868738500029
 20
13.409559996499997
 30
7.6
 10
-15.2
 20
12.2
 30
8.8
 10
-15.084711682419382
 20
11.02945806790323
 30
8.8
 10
-15.280868738500029
 20
10.990440003500003
 30
7.6
 10
-15.399999999999999
 20
12.2
 30
7.6
 10
-15.084711682419382
 20
11.02945806790323
 30
8.8
 10
-14.74327719506772
 20
9.903899405809462
 30
8.8
 10
-14.928053101569978
 20
9.827362719336444
 30
7.6
 10
-15.280868738500029
 20
10.990440003500003
 30
7.6
 10
-14.74327719506772
 20
9.903899405809462
 30
8.8
 10
-14.188817673815272
 20
8.866578601882388
 30
8.8
 10
-14.355111596275782
 20
8.755464555278467
 30
7.6
 10
-14.928053101569978
 20
9.827362719336444
 30
7.6
 10
-14.188817673815272
 20
8.866578601882388
 30
8.8
 10
-13.442640687119285
 20
7.9573593128807145
 30
8.8
 10
-13.584062043356596
 20
7.815937956643405
 30
7.6
 10
-14.355111596275782
 20
8.755464555278467
 30
7.6
 10
-13.442640687119285
 20
7.9573593128807145
 30
8.8
 10
-12.533421398117612
 20
7.211182326184728
 30
8.8
 10
-12.644535444721534
 20
7.044888403724219
 30
7.6
 10
-13.584062043356596
 20
7.815937956643405
 30
7.6
 10
-12.533421398117612
 20
7.211182326184728
 30
8.8
 10
-11.49610059419054
 20
6.65672280493228
 30
8.8
 10
-11.57263728066356
 20
6.471946898430023
 30
7.6
 10
-12.644535444721534
 20
7.044888403724219
 30
7.6
 10
-11.49610059419054
 20
6.65672280493228
 30
8.8
 10
-10.37054193209677
 20
6.315288317580618
 30
8.8
 10
-10.409559996499997
 20
6.119131261499971
 30
7.6
 10
-11.57263728066356
 20
6.471946898430023
 30
7.6
 10
-10.37054193209677
 20
6.315288317580618
 30
8.8
 10
-9.200000000000001
 20
6.199999999999999
 30
8.8
 10
-9.200000000000001
 20
5.999999999999999
 30
7.6
 10
-10.409559996499997
 20
6.119131261499971
 30
7.6
 10
-9.200000000000001
 20
6.199999999999999
 30
8.8
 10
-8.02945806790323
 20
6.315288317580617
 30
8.8
 10
-7.990440003500003
 20
6.11913126149997
 30
7.6
 10
-9.200000000000001
 20
5.999999999999999
 30
7.6
 10
-8.02945806790323
 20
6.315288317580617
 30
8.8
 10
-6.90389940580946
 20
6.656722804932279
 30
8.8
 10
-6.827362719336441
 20
6.471946898430022
 30
7.6
 10
-7.990440003500003
 20
6.11913126149997
 30
7.6
 10
-6.90389940580946
 20
6.656722804932279
 30
8.8
 10
-5.866578601882388
 20
7.211182326184726
 30
8.8
 10
-5.755464555278468
 20
7.044888403724217
 30
7.6
 10
-6.827362719336441
 20
6.471946898430022
 30
7.6
 10
-5.866578601882388
 20
7.211182326184726
 30
8.8
 10
-4.957359312880715
 20
7.957359312880714
 30
8.8
 10
-4.815937956643405
 20
7.8159379566434035
 30
7.6
 10
-5.755464555278468
 20
7.044888403724217
 30
7.6
 10
-4.957359312880715
 20
7.957359312880714
 30
8.8
 10
-4.211182326184728
 20
8.866578601882386
 30
8.8
 10
-4.044888403724219
 20
8.755464555278465
 30
7.6
 10
-4.815937956643405
 20
7.8159379566434035
 30
7.6
 10
-4.211182326184728
 20
8.866578601882386
 30
8.8
 10
-3.65672280493228
 20
9.903899405809458
 30
8.8
 10
-3.471946898430023
 20
9.827362719336438
 30
7.6
 10
-4.044888403724219
 20
8.755464555278465
 30
7.6
 10
-3.65672280493228
 20
9.903899405809458
 30
8.8
 10
-3.3152883175806176
 20
11.029458067903228
 30
8.8
 10
-3.1191312614999713
 20
10.990440003500002
 30
7.6
 10
-3.471946898430023
 20
9.827362719336438
 30
7.6
 10
-3.3152883175806176
 20
11.029458067903228
 30
8.8
 10
-3.1999999999999993
 20
12.2
 30
8.8
 10
-2.999999999999999
 20
12.2
 30
7.6
 10
-3.1191312614999713
 20
10.990440003500002
 30
7.6
 10
-2.999999999999999
 20
12.2
 30
7.6
 10
-3.1191312614999704
 20
13.409559996499995
 30
7.6
 10
-3.9037594858225546
 20
13.253487738887092
 30
6.9
 10
-3.799999999999999
 20
12.2
 30
6.9
 10
-3.1191312614999704
 20
13.409559996499995
 30
7.6
 10
-3.471946898430021
 20
14.572637280663557
 30
7.6
 10
-4.211050524439051
 20
14.266490534771485
 30
6.9
 10
-3.9037594858225546
 20
13.253487738887092
 30
6.9
 10
-3.471946898430021
 20
14.572637280663557
 30
7.6
 10
-4.044888403724219
 20
15.644535444721534
 30
7.6
 10
-4.710064093566254
 20
15.200079258305852
 30
6.9
 10
-4.211050524439051
 20
14.266490534771485
 30
6.9
 10
-4.044888403724219
 20
15.644535444721534
 30
7.6
 10
-4.815937956643404
 20
16.584062043356592
 30
7.6
 10
-5.381623381592642
 20
16.018376618407355
 30
6.9
 10
-4.710064093566254
 20
15.200079258305852
 30
6.9
 10
-4.815937956643404
 20
16.584062043356592
 30
7.6
 10
-5.755464555278465
 20
17.35511159627578
 30
7.6
 10
-6.199920741694147
 20
16.689935906433746
 30
6.9
 10
-5.381623381592642
 20
16.018376618407355
 30
6.9
 10
-5.755464555278465
 20
17.35511159627578
 30
7.6
 10
-6.827362719336442
 20
17.92805310156998
 30
7.6
 10
-7.133509465228514
 20
17.188949475560946
 30
6.9
 10
-6.199920741694147
 20
16.689935906433746
 30
6.9
 10
-6.827362719336442
 20
17.92805310156998
 30
7.6
 10
-7.990440003500003
 20
18.28086873850003
 30
7.6
 10
-8.146512261112907
 20
17.496240514177444
 30
6.9
 10
-7.133509465228514
 20
17.188949475560946
 30
6.9
 10
-7.990440003500003
 20
18.28086873850003
 30
7.6
 10
-9.2
 20
18.4
 30
7.6
 10
-9.2
 20
17.6
 30
6.9
 10
-8.146512261112907
 20
17.496240514177444
 30
6.9
 10
-9.2
 20
18.4
 30
7.6
 10
-10.409559996499993
 20
18.28086873850003
 30
7.6
 10
-10.253487738887092
 20
17.496240514177444
 30
6.9
 10
-9.2
 20
17.6
 30
6.9
 10
-10.409559996499993
 20
18.28086873850003
 30
7.6
 10
-11.572637280663557
 20
17.92805310156998
 30
7.6
 10
-11.266490534771485
 20
17.188949475560946
 30
6.9
 10
-10.253487738887092
 20
17.496240514177444
 30
6.9
 10
-11.572637280663557
 20
17.92805310156998
 30
7.6
 10
-12.644535444721532
 20
17.355111596275783
 30
7.6
 10
-12.20007925830585
 20
16.689935906433746
 30
6.9
 10
-11.266490534771485
 20
17.188949475560946
 30
6.9
 10
-12.644535444721532
 20
17.355111596275783
 30
7.6
 10
-13.584062043356592
 20
16.584062043356596
 30
7.6
 10
-13.018376618407355
 20
16.018376618407355
 30
6.9
 10
-12.20007925830585
 20
16.689935906433746
 30
6.9
 10
-13.584062043356592
 20
16.584062043356596
 30
7.6
 10
-14.35511159627578
 20
15.644535444721534
 30
7.6
 10
-13.689935906433744
 20
15.200079258305852
 30
6.9
 10
-13.018376618407355
 20
16.018376618407355
 30
6.9
 10
-14.35511159627578
 20
15.644535444721534
 30
7.6
 10
-14.928053101569978
 20
14.572637280663557
 30
7.6
 10
-14.188949475560948
 20
14.266490534771485
 30
6.9
 10
-13.689935906433744
 20
15.200079258305852
 30
6.9
 10
-14.928053101569978
 20
14.572637280663557
 30
7.6
 10
-15.280868738500029
 20
13.409559996499997
 30
7.6
 10
-14.496240514177444
 20
13.253487738887094
 30
6.9
 10
-14.188949475560948
 20
14.266490534771485
 30
6.9
 10
-15.280868738500029
 20
13.409559996499997
 30
7.6
 10
-15.399999999999999
 20
12.2
 30
7.6
 10
-14.6
 20
12.2
 30
6.9
 10
-14.496240514177444
 20
13.253487738887094
 30
6.9
 10
-15.399999999999999
 20
12.2
 30
7.6
 10
-15.280868738500029
 20
10.990440003500003
 30
7.6
 10
-14.496240514177444
 20
11.146512261112907
 30
6.9
 10
-14.6
 20
12.2
 30
6.9
 10
-15.280868738500029
 20
10.990440003500003
 30
7.6
 10
-14.928053101569978
 20
9.827362719336444
 30
7.6
 10
-14.18894947556095
 20
10.133509465228515
 30
6.9
 10
-14.496240514177444
 20
11.146512261112907
 30
6.9
 10
-14.928053101569978
 20
9.827362719336444
 30
7.6
 10
-14.355111596275782
 20
8.755464555278467
 30
7.6
 10
-13.689935906433746
 20
9.199920741694148
 30
6.9
 10
-14.18894947556095
 20
10.133509465228515
 30
6.9
 10
-14.355111596275782
 20
8.755464555278467
 30
7.6
 10
-13.584062043356596
 20
7.815937956643405
 30
7.6
 10
-13.018376618407357
 20
8.381623381592643
 30
6.9
 10
-13.689935906433746
 20
9.199920741694148
 30
6.9
 10
-13.584062043356596
 20
7.815937956643405
 30
7.6
 10
-12.644535444721534
 20
7.044888403724219
 30
7.6
 10
-12.200079258305852
 20
7.710064093566254
 30
6.9
 10
-13.018376618407357
 20
8.381623381592643
 30
6.9
 10
-12.644535444721534
 20
7.044888403724219
 30
7.6
 10
-11.57263728066356
 20
6.471946898430023
 30
7.6
 10
-11.266490534771487
 20
7.2110505244390515
 30
6.9
 10
-12.200079258305852
 20
7.710064093566254
 30
6.9
 10
-11.57263728066356
 20
6.471946898430023
 30
7.6
 10
-10.409559996499997
 20
6.119131261499971
 30
7.6
 10
-10.253487738887094
 20
6.9037594858225555
 30
6.9
 10
-11.266490534771487
 20
7.2110505244390515
 30
6.9
 10
-10.409559996499997
 20
6.119131261499971
 30
7.6
 10
-9.200000000000001
 20
5.999999999999999
 30
7.6
 10
-9.200000000000001
 20
6.799999999999999
 30
6.9
 10
-10.253487738887094
 20
6.9037594858225555
 30
6.9
 10
-9.200000000000001
 20
5.999999999999999
 30
7.6
 10
-7.990440003500003
 20
6.11913126149997
 30
7.6
 10
-8.146512261112907
 20
6.903759485822555
 30
6.9
 10
-9.200000000000001
 20
6.799999999999999
 30
6.9
 10
-7.990440003500003
 20
6.11913126149997
 30
7.6
 10
-6.827362719336441
 20
6.471946898430022
 30
7.6
 10
-7.133509465228514
 20
7.2110505244390515
 30
6.9
 10
-8.146512261112907
 20
6.903759485822555
 30
6.9
 10
-6.827362719336441
 20
6.471946898430022
 30
7.6
 10
-5.755464555278468
 20
7.044888403724217
 30
7.6
 10
-6.199920741694149
 20
7.710064093566253
 30
6.9
 10
-7.133509465228514
 20
7.2110505244390515
 30
6.9
 10
-5.755464555278468
 20
7.044888403724217
 30
7.6
 10
-4.815937956643405
 20
7.8159379566434035
 30
7.6
 10
-5.381623381592643
 20
8.381623381592641
 30
6.9
 10
-6.199920741694149
 20
7.710064093566253
 30
6.9
 10
-4.815937956643405
 20
7.8159379566434035
 30
7.6
 10
-4.044888403724219
 20
8.755464555278465
 30
7.6
 10
-4.710064093566254
 20
9.199920741694147
 30
6.9
 10
-5.381623381592643
 20
8.381623381592641
 30
6.9
 10
-4.044888403724219
 20
8.755464555278465
 30
7.6
 10
-3.471946898430023
 20
9.827362719336438
 30
7.6
 10
-4.2110505244390515
 20
10.13350946522851
 30
6.9
 10
-4.710064093566254
 20
9.199920741694147
 30
6.9
 10
-3.471946898430023
 20
9.827362719336438
 30
7.6
 10
-3.1191312614999713
 20
10.990440003500002
 30
7.6
 10
-3.9037594858225555
 20
11.146512261112903
 30
6.9
 10
-4.2110505244390515
 20
10.13350946522851
 30
6.9
 10
-3.1191312614999713
 20
10.990440003500002
 30
7.6
 10
-2.999999999999999
 20
12.2
 30
7.6
 10
-3.799999999999999
 20
12.2
 30
6.9
 10
-3.9037594858225555
 20
11.146512261112903
 30
6.9
 10
-3.799999999999999
 20
12.2
 30
6.9
 10
-3.9037594858225546
 20
13.253487738887092
 30
6.9
 10
-5.5710944625080465
 20
12.921834191459673
 30
7.0
 10
-5.499999999999999
 20
12.2
 30
7.0
 10
-3.9037594858225546
 20
13.253487738887092
 30
6.9
 10
-4.211050524439051
 20
14.266490534771485
 30
6.9
 10
-5.781645729708238
 20
13.615928699750832
 30
7.0
 10
-5.5710944625080465
 20
12.921834191459673
 30
7.0
 10
-4.211050524439051
 20
14.266490534771485
 30
6.9
 10
-4.710064093566254
 20
15.200079258305852
 30
6.9
 10
-6.123562434480582
 20
14.255609862172527
 30
7.0
 10
-5.781645729708238
 20
13.615928699750832
 30
7.0
 10
-4.710064093566254
 20
15.200079258305852
 30
6.9
 10
-5.381623381592642
 20
16.018376618407355
 30
6.9
 10
-6.583704909609773
 20
14.816295090390225
 30
7.0
 10
-6.123562434480582
 20
14.255609862172527
 30
7.0
 10
-5.381623381592642
 20
16.018376618407355
 30
6.9
 10
-6.199920741694147
 20
16.689935906433746
 30
6.9
 10
-7.144390137827471
 20
15.276437565519416
 30
7.0
 10
-6.583704909609773
 20
14.816295090390225
 30
7.0
 10
-6.199920741694147
 20
16.689935906433746
 30
6.9
 10
-7.133509465228514
 20
17.188949475560946
 30
6.9
 10
-7.784071300249167
 20
15.61835427029176
 30
7.0
 10
-7.144390137827471
 20
15.276437565519416
 30
7.0
 10
-7.133509465228514
 20
17.188949475560946
 30
6.9
 10
-8.146512261112907
 20
17.496240514177444
 30
6.9
 10
-8.478165808540325
 20
15.828905537491952
 30
7.0
 10
-7.784071300249167
 20
15.61835427029176
 30
7.0
 10
-8.146512261112907
 20
17.496240514177444
 30
6.9
 10
-9.2
 20
17.6
 30
6.9
 10
-9.2
 20
15.899999999999999
 30
7.0
 10
-8.478165808540325
 20
15.828905537491952
 30
7.0
 10
-9.2
 20
17.6
 30
6.9
 10
-10.253487738887092
 20
17.496240514177444
 30
6.9
 10
-9.921834191459673
 20
15.828905537491952
 30
7.0
 10
-9.2
 20
15.899999999999999
 30
7.0
 10
-10.253487738887092
 20
17.496240514177444
 30
6.9
 10
-11.266490534771485
 20
17.188949475560946
 30
6.9
 10
-10.615928699750832
 20
15.61835427029176
 30
7.0
 10
-9.921834191459673
 20
15.828905537491952
 30
7.0
 10
-11.266490534771485
 20
17.188949475560946
 30
6.9
 10
-12.20007925830585
 20
16.689935906433746
 30
6.9
 10
-11.255609862172527
 20
15.276437565519418
 30
7.0
 10
-10.615928699750832
 20
15.61835427029176
 30
7.0
 10
-12.20007925830585
 20
16.689935906433746
 30
6.9
 10
-13.018376618407355
 20
16.018376618407355
 30
6.9
 10
-11.816295090390225
 20
14.816295090390225
 30
7.0
 10
-11.255609862172527
 20
15.276437565519418
 30
7.0
 10
-13.018376618407355
 20
16.018376618407355
 30
6.9
 10
-13.689935906433744
 20
15.200079258305852
 30
6.9
 10
-12.276437565519418
 20
14.255609862172527
 30
7.0
 10
-11.816295090390225
 20
14.816295090390225
 30
7.0
 10
-13.689935906433744
 20
15.200079258305852
 30
6.9
 10
-14.188949475560948
 20
14.266490534771485
 30
6.9
 10
-12.61835427029176
 20
13.615928699750832
 30
7.0
 10
-12.276437565519418
 20
14.255609862172527
 30
7.0
 10
-14.188949475560948
 20
14.266490534771485
 30
6.9
 10
-14.496240514177444
 20
13.253487738887094
 30
6.9
 10
-12.828905537491952
 20
12.921834191459675
 30
7.0
 10
-12.61835427029176
 20
13.615928699750832
 30
7.0
 10
-14.496240514177444
 20
13.253487738887094
 30
6.9
 10
-14.6
 20
12.2
 30
6.9
 10
-12.899999999999999
 20
12.2
 30
7.0
 10
-12.828905537491952
 20
12.921834191459675
 30
7.0
 10
-14.6
 20
12.2
 30
6.9
 10
-14.496240514177444
 20
11.146512261112907
 30
6.9
 10
-12.828905537491952
 20
11.478165808540325
 30
7.0
 10
-12.899999999999999
 20
12.2
 30
7.0
 10
-14.496240514177444
 20
11.146512261112907
 30
6.9
 10
-14.18894947556095
 20
10.133509465228515
 30
6.9
 10
-12.61835427029176
 20
10.784071300249167
 30
7.0
 10
-12.828905537491952
 20
11.478165808540325
 30
7.0
 10
-14.18894947556095
 20
10.133509465228515
 30
6.9
 10
-13.689935906433746
 20
9.199920741694148
 30
6.9
 10
-12.276437565519418
 20
10.144390137827472
 30
7.0
 10
-12.61835427029176
 20
10.784071300249167
 30
7.0
 10
-13.689935906433746
 20
9.199920741694148
 30
6.9
 10
-13.018376618407357
 20
8.381623381592643
 30
6.9
 10
-11.816295090390225
 20
9.583704909609773
 30
7.0
 10
-12.276437565519418
 20
10.144390137827472
 30
7.0
 10
-13.018376618407357
 20
8.381623381592643
 30
6.9
 10
-12.200079258305852
 20
7.710064093566254
 30
6.9
 10
-11.255609862172527
 20
9.123562434480583
 30
7.0
 10
-11.816295090390225
 20
9.583704909609773
 30
7.0
 10
-12.200079258305852
 20
7.710064093566254
 30
6.9
 10
-11.266490534771487
 20
7.2110505244390515
 30
6.9
 10
-10.615928699750834
 20
8.781645729708238
 30
7.0
 10
-11.255609862172527
 20
9.123562434480583
 30
7.0
 10
-11.266490534771487
 20
7.2110505244390515
 30
6.9
 10
-10.253487738887094
 20
6.9037594858225555
 30
6.9
 10
-9.921834191459675
 20
8.571094462508047
 30
7.0
 10
-10.615928699750834
 20
8.781645729708238
 30
7.0
 10
-10.253487738887094
 20
6.9037594858225555
 30
6.9
 10
-9.200000000000001
 20
6.799999999999999
 30
6.9
 10
-9.2
 20
8.5
 30
7.0
 10
-9.921834191459675
 20
8.571094462508047
 30
7.0
 10
-9.200000000000001
 20
6.799999999999999
 30
6.9
 10
-8.146512261112907
 20
6.903759485822555
 30
6.9
 10
-8.478165808540325
 20
8.571094462508047
 30
7.0
 10
-9.2
 20
8.5
 30
7.0
 10
-8.146512261112907
 20
6.903759485822555
 30
6.9
 10
-7.133509465228514
 20
7.2110505244390515
 30
6.9
 10
-7.784071300249166
 20
8.781645729708238
 30
7.0
 10
-8.478165808540325
 20
8.571094462508047
 30
7.0
 10
-7.133509465228514
 20
7.2110505244390515
 30
6.9
 10
-6.199920741694149
 20
7.710064093566253
 30
6.9
 10
-7.144390137827473
 20
9.123562434480581
 30
7.0
 10
-7.784071300249166
 20
8.781645729708238
 30
7.0
 10
-6.199920741694149
 20
7.710064093566253
 30
6.9
 10
-5.381623381592643
 20
8.381623381592641
 30
6.9
 10
-6.583704909609774
 20
9.583704909609773
 30
7.0
 10
-7.144390137827473
 20
9.123562434480581
 30
7.0
 10
-5.381623381592643
 20
8.381623381592641
 30
6.9
 10
-4.710064093566254
 20
9.199920741694147
 30
6.9
 10
-6.123562434480582
 20
10.144390137827472
 30
7.0
 10
-6.583704909609774
 20
9.583704909609773
 30
7.0
 10
-4.710064093566254
 20
9.199920741694147
 30
6.9
 10
-4.2110505244390515
 20
10.13350946522851
 30
6.9
 10
-5.781645729708239
 20
10.784071300249165
 30
7.0
 10
-6.123562434480582
 20
10.144390137827472
 30
7.0
 10
-4.2110505244390515
 20
10.13350946522851
 30
6.9
 10
-3.9037594858225555
 20
11.146512261112903
 30
6.9
 10
-5.5710944625080465
 20
11.478165808540323
 30
7.0
 10
-5.781645729708239
 20
10.784071300249165
 30
7.0
 10
-3.9037594858225555
 20
11.146512261112903
 30
6.9
 10
-3.799999999999999
 20
12.2
 30
6.9
 10
-5.499999999999999
 20
12.2
 30
7.0
 10
-5.5710944625080465
 20
11.478165808540323
 30
7.0
 10
-5.499999999999999
 20
12.2
 30
7.0
 10
-5.5710944625080465
 20
12.921834191459673
 30
7.0
 10
-5.5710944625080465
 20
12.921834191459673
 30
7.5
 10
-5.499999999999999
 20
12.2
 30
7.5
 10
-5.5710944625080465
 20
12.921834191459673
 30
7.0
 10
-5.781645729708238
 20
13.615928699750832
 30
7.0
 10
-5.781645729708238
 20
13.615928699750832
 30
7.5
 10
-5.5710944625080465
 20
12.921834191459673
 30
7.5
 10
-5.781645729708238
 20
13.615928699750832
 30
7.0
 10
-6.123562434480582
 20
14.255609862172527
 30
7.0
 10
-6.123562434480582
 20
14.255609862172527
 30
7.5
 10
-5.781645729708238
 20
13.615928699750832
 30
7.5
 10
-6.123562434480582
 20
14.255609862172527
 30
7.0
 10
-6.583704909609773
 20
14.816295090390225
 30
7.0
 10
-6.583704909609773
 20
14.816295090390225
 30
7.5
 10
-6.123562434480582
 20
14.255609862172527
 30
7.5
 10
-6.583704909609773
 20
14.816295090390225
 30
7.0
 10
-7.144390137827471
 20
15.276437565519416
 30
7.0
 10
-7.144390137827471
 20
15.276437565519416
 30
7.5
 10
-6.583704909609773
 20
14.816295090390225
 30
7.5
 10
-7.144390137827471
 20
15.276437565519416
 30
7.0
 10
-7.784071300249167
 20
15.61835427029176
 30
7.0
 10
-7.784071300249167
 20
15.61835427029176
 30
7.5
 10
-7.144390137827471
 20
15.276437565519416
 30
7.5
 10
-7.784071300249167
 20
15.61835427029176
 30
7.0
 10
-8.478165808540325
 20
15.828905537491952
 30
7.0
 10
-8.478165808540325
 20
15.828905537491952
 30
7.5
 10
-7.784071300249167
 20
15.61835427029176
 30
7.5
 10
-8.478165808540325
 20
15.828905537491952
 30
7.0
 10
-9.2
 20
15.899999999999999
 30
7.0
 10
-9.2
 20
15.899999999999999
 30
7.5
 10
-8.478165808540325
 20
15.828905537491952
 30
7.5
 10
-9.2
 20
15.899999999999999
 30
7.0
 10
-9.921834191459673
 20
15.828905537491952
 30
7.0
 10
-9.921834191459673
 20
15.828905537491952
 30
7.5
 10
-9.2
 20
15.899999999999999
 30
7.5
 10
-9.921834191459673
 20
15.828905537491952
 30
7.0
 10
-10.615928699750832
 20
15.61835427029176
 30
7.0
 10
-10.615928699750832
 20
15.61835427029176
 30
7.5
 10
-9.921834191459673
 20
15.828905537491952
 30
7.5
 10
-10.615928699750832
 20
15.61835427029176
 30
7.0
 10
-11.255609862172527
 20
15.276437565519418
 30
7.0
 10
-11.255609862172527
 20
15.276437565519418
 30
7.5
 10
-10.615928699750832
 20
15.61835427029176
 30
7.5
 10
-11.255609862172527
 20
15.276437565519418
 30
7.0
 10
-11.816295090390225
 20
14.816295090390225
 30
7.0
 10
-11.816295090390225
 20
14.816295090390225
 30
7.5
 10
-11.255609862172527
 20
15.276437565519418
 30
7.5
 10
-11.816295090390225
 20
14.816295090390225
 30
7.0
 10
-12.276437565519418
 20
14.255609862172527
 30
7.0
 10
-12.276437565519418
 20
14.255609862172527
 30
7.5
 10
-11.816295090390225
 20
14.816295090390225
 30
7.5
 10
-12.276437565519418
 20
14.255609862172527
 30
7.0
 10
-12.61835427029176
 20
13.615928699750832
 30
7.0
 10
-12.61835427029176
 20
13.615928699750832
 30
7.5
 10
-12.276437565519418
 20
14.255609862172527
 30
7.5
 10
-12.61835427029176
 20
13.615928699750832
 30
7.0
 10
-12.828905537491952
 20
12.921834191459675
 30
7.0
 10
-12.828905537491952
 20
12.921834191459675
 30
7.5
 10
-12.61835427029176
 20
13.615928699750832
 30
7.5
 10
-12.828905537491952
 20
12.921834191459675
 30
7.0
 10
-12.899999999999999
 20
12.2
 30
7.0
 10
-12.899999999999999
 20
12.2
 30
7.5
 10
-12.828905537491952
 20
12.921834191459675
 30
7.5
 10
-12.899999999999999
 20
12.2
 30
7.0
 10
-12.828905537491952
 20
11.478165808540325
 30
7.0
 10
-12.828905537491952
 20
11.478165808540325
 30
7.5
 10
-12.899999999999999
 20
12.2
 30
7.5
 10
-12.828905537491952
 20
11.478165808540325
 30
7.0
 10
-12.61835427029176
 20
10.784071300249167
 30
7.0
 10
-12.61835427029176
 20
10.784071300249167
 30
7.5
 10
-12.828905537491952
 20
11.478165808540325
 30
7.5
 10
-12.61835427029176
 20
10.784071300249167
 30
7.0
 10
-12.276437565519418
 20
10.144390137827472
 30
7.0
 10
-12.276437565519418
 20
10.144390137827472
 30
7.5
 10
-12.61835427029176
 20
10.784071300249167
 30
7.5
 10
-12.276437565519418
 20
10.144390137827472
 30
7.0
 10
-11.816295090390225
 20
9.583704909609773
 30
7.0
 10
-11.816295090390225
 20
9.583704909609773
 30
7.5
 10
-12.276437565519418
 20
10.144390137827472
 30
7.5
 10
-11.816295090390225
 20
9.583704909609773
 30
7.0
 10
-11.255609862172527
 20
9.123562434480583
 30
7.0
 10
-11.255609862172527
 20
9.123562434480583
 30
7.5
 10
-11.816295090390225
 20
9.583704909609773
 30
7.5
 10
-11.255609862172527
 20
9.123562434480583
 30
7.0
 10
-10.615928699750834
 20
8.781645729708238
 30
7.0
 10
-10.615928699750834
 20
8.781645729708238
 30
7.5
 10
-11.255609862172527
 20
9.123562434480583
 30
7.5
 10
-10.615928699750834
 20
8.781645729708238
 30
7.0
 10
-9.921834191459675
 20
8.571094462508047
 30
7.0
 10
-9.921834191459675
 20
8.571094462508047
 30
7.5
 10
-10.615928699750834
 20
8.781645729708238
 30
7.5
 10
-9.921834191459675
 20
8.571094462508047
 30
7.0
 10
-9.2
 20
8.5
 30
7.0
 10
-9.2
 20
8.5
 30
7.5
 10
-9.921834191459675
 20
8.571094462508047
 30
7.5
 10
-9.2
 20
8.5
 30
7.0
 10
-8.478165808540325
 20
8.571094462508047
 30
7.0
 10
-8.478165808540325
 20
8.571094462508047
 30
7.5
 10
-9.2
 20
8.5
 30
7.5
 10
-8.478165808540325
 20
8.571094462508047
 30
7.0
 10
-7.784071300249166
 20
8.781645729708238
 30
7.0
 10
-7.784071300249166
 20
8.781645729708238
 30
7.5
 10
-8.478165808540325
 20
8.571094462508047
 30
7.5
 10
-7.784071300249166
 20
8.781645729708238
 30
7.0
 10
-7.144390137827473
 20
9.123562434480581
 30
7.0
 10
-7.144390137827473
 20
9.123562434480581
 30
7.5
 10
-7.784071300249166
 20
8.781645729708238
 30
7.5
 10
-7.144390137827473
 20
9.123562434480581
 30
7.0
 10
-6.583704909609774
 20
9.583704909609773
 30
7.0
 10
-6.583704909609774
 20
9.583704909609773
 30
7.5
 10
-7.144390137827473
 20
9.123562434480581
 30
7.5
 10
-6.583704909609774
 20
9.583704909609773
 30
7.0
 10
-6.123562434480582
 20
10.144390137827472
 30
7.0
 10
-6.123562434480582
 20
10.144390137827472
 30
7.5
 10
-6.583704909609774
 20
9.583704909609773
 30
7.5
 10
-6.123562434480582
 20
10.144390137827472
 30
7.0
 10
-5.781645729708239
 20
10.784071300249165
 30
7.0
 10
-5.781645729708239
 20
10.784071300249165
 30
7.5
 10
-6.123562434480582
 20
10.144390137827472
 30
7.5
 10
-5.781645729708239
 20
10.784071300249165
 30
7.0
 10
-5.5710944625080465
 20
11.478165808540323
 30
7.0
 10
-5.5710944625080465
 20
11.478165808540323
 30
7.5
 10
-5.781645729708239
 20
10.784071300249165
 30
7.5
 10
-5.5710944625080465
 20
11.478165808540323
 30
7.0
 10
-5.499999999999999
 20
12.2
 30
7.0
 10
-5.499999999999999
 20
12.2
 30
7.5
 10
-5.5710944625080465
 20
11.478165808540323
 30
7.5
 10
-5.499999999999999
 20
12.2
 30
7.5
 10
-5.5710944625080465
 20
12.921834191459673
 30
7.5
 10
-9.2
 20
12.2
 30
7.5
 10
-5.5710944625080465
 20
12.921834191459673
 30
7.5
 10
-5.781645729708238
 20
13.615928699750832
 30
7.5
 10
-9.2
 20
12.2
 30
7.5
 10
-5.781645729708238
 20
13.615928699750832
 30
7.5
 10
-6.123562434480582
 20
14.255609862172527
 30
7.5
 10
-9.2
 20
12.2
 30
7.5
 10
-6.123562434480582
 20
14.255609862172527
 30
7.5
 10
-6.583704909609773
 20
14.816295090390225
 30
7.5
 10
-9.2
 20
12.2
 30
7.5
 10
-6.583704909609773
 20
14.816295090390225
 30
7.5
 10
-7.144390137827471
 20
15.276437565519416
 30
7.5
 10
-9.2
 20
12.2
 30
7.5
 10
-7.144390137827471
 20
15.276437565519416
 30
7.5
 10
-7.784071300249167
 20
15.61835427029176
 30
7.5
 10
-9.2
 20
12.2
 30
7.5
 10
-7.784071300249167
 20
15.61835427029176
 30
7.5
 10
-8.478165808540325
 20
15.828905537491952
 30
7.5
 10
-9.2
 20
12.2
 30
7.5
 10
-8.478165808540325
 20
15.828905537491952
 30
7.5
 10
-9.2
 20
15.899999999999999
 30
7.5
 10
-9.2
 20
12.2
 30
7.5
 10
-9.2
 20
15.899999999999999
 30
7.5
 10
-9.921834191459673
 20
15.828905537491952
 30
7.5
 10
-9.2
 20
12.2
 30
7.5
 10
-9.921834191459673
 20
15.828905537491952
 30
7.5
 10
-10.615928699750832
 20
15.61835427029176
 30
7.5
 10
-9.2
 20
12.2
 30
7.5
 10
-10.615928699750832
 20
15.61835427029176
 30
7.5
 10
-11.255609862172527
 20
15.276437565519418
 30
7.5
 10
-9.2
 20
12.2
 30
7.5
 10
-11.255609862172527
 20
15.276437565519418
 30
7.5
 10
-11.816295090390225
 20
14.816295090390225
 30
7.5
 10
-9.2
 20
12.2
 30
7.5
 10
-11.816295090390225
 20
14.816295090390225
 30
7.5
 10
-12.276437565519418
 20
14.255609862172527
 30
7.5
 10
-9.2
 20
12.2
 30
7.5
 10
-12.276437565519418
 20
14.255609862172527
 30
7.5
 10
-12.61835427029176
 20
13.615928699750832
 30
7.5
 10
-9.2
 20
12.2
 30
7.5
 10
-12.61835427029176
 20
13.615928699750832
 30
7.5
 10
-12.828905537491952
 20
12.921834191459675
 30
7.5
 10
-9.2
 20
12.2
 30
7.5
 10
-12.828905537491952
 20
12.921834191459675
 30
7.5
 10
-12.899999999999999
 20
12.2
 30
7.5
 10
-9.2
 20
12.2
 30
7.5
 10
-12.899999999999999
 20
12.2
 30
7.5
 10
-12.828905537491952
 20
11.478165808540325
 30
7.5
 10
-9.2
 20
12.2
 30
7.5
 10
-12.828905537491952
 20
11.478165808540325
 30
7.5
 10
-12.61835427029176
 20
10.784071300249167
 30
7.5
 10
-9.2
 20
12.2
 30
7.5
 10
-12.61835427029176
 20
10.784071300249167
 30
7.5
 10
-12.276437565519418
 20
10.144390137827472
 30
7.5
 10
-9.2
 20
12.2
 30
7.5
 10
-12.276437565519418
 20
10.144390137827472
 30
7.5
 10
-11.816295090390225
 20
9.583704909609773
 30
7.5
 10
-9.2
 20
12.2
 30
7.5
 10
-11.816295090390225
 20
9.583704909609773
 30
7.5
 10
-11.255609862172527
 20
9.123562434480583
 30
7.5
 10
-9.2
 20
12.2
 30
7.5
 10
-11.255609862172527
 20
9.123562434480583
 30
7.5
 10
-10.615928699750834
 20
8.781645729708238
 30
7.5
 10
-9.2
 20
12.2
 30
7.5
 10
-10.615928699750834
 20
8.781645729708238
 30
7.5
 10
-9.921834191459675
 20
8.571094462508047
 30
7.5
 10
-9.2
 20
12.2
 30
7.5
 10
-9.921834191459675
 20
8.571094462508047
 30
7.5
 10
-9.2
 20
8.5
 30
7.5
 10
-9.2
 20
12.2
 30
7.5
 10
-9.2
 20
8.5
 30
7.5
 10
-8.478165808540325
 20
8.571094462508047
 30
7.5
 10
-9.2
 20
12.2
 30
7.5
 10
-8.478165808540325
 20
8.571094462508047
 30
7.5
 10
-7.784071300249166
 20
8.781645729708238
 30
7.5
 10
-9.2
 20
12.2
 30
7.5
 10
-7.784071300249166
 20
8.781645729708238
 30
7.5
 10
-7.144390137827473
 20
9.123562434480581
 30
7.5
 10
-9.2
 20
12.2
 30
7.5
 10
-7.144390137827473
 20
9.123562434480581
 30
7.5
 10
-6.583704909609774
 20
9.583704909609773
 30
7.5
 10
-9.2
 20
12.2
 30
7.5
 10
-6.583704909609774
 20
9.583704909609773
 30
7.5
 10
-6.123562434480582
 20
10.144390137827472
 30
7.5
 10
-9.2
 20
12.2
 30
7.5
 10
-6.123562434480582
 20
10.144390137827472
 30
7.5
 10
-5.781645729708239
 20
10.784071300249165
 30
7.5
 10
-9.2
 20
12.2
 30
7.5
 10
-5.781645729708239
 20
10.784071300249165
 30
7.5
 10
-5.5710944625080465
 20
11.478165808540323
 30
7.5
 10
-9.2
 20
12.2
 30
7.5
 10
-5.5710944625080465
 20
11.478165808540323
 30
7.5
 10
-5.499999999999999
 20
12.2
 30
7.5
 10
-9.2
 20
12.2
 30
7.5
 93
1792
 90
3
 90
0
 90
1
 90
2
 90
3
 90
3
 90
4
 90
5
 90
3
 90
6
 90
7
 90
8
 90
3
 90
9
 90
10
 90
11
 90
3
 90
12
 90
13
 90
14
 90
3
 90
15
 90
16
 90
17
 90
3
 90
18
 90
19
 90
20
 90
3
 90
21
 90
22
 90
23
 90
3
 90
24
 90
25
 90
26
 90
3
 90
27
 90
28
 90
29
 90
3
 90
30
 90
31
 90
32
 90
3
 90
33
 90
34
 90
35
 90
3
 90
36
 90
37
 90
38
 90
3
 90
39
 90
40
 90
41
 90
3
 90
42
 90
43
 90
44
 90
3
 90
45
 90
46
 90
47
 90
3
 90
48
 90
49
 90
50
 90
3
 90
51
 90
52
 90
53
 90
3
 90
54
 90
55
 90
56
 90
3
 90
57
 90
58
 90
59
 90
3
 90
60
 90
61
 90
62
 90
3
 90
63
 90
64
 90
65
 90
3
 90
66
 90
67
 90
68
 90
3
 90
69
 90
70
 90
71
 90
3
 90
72
 90
73
 90
74
 90
3
 90
75
 90
76
 90
77
 90
3
 90
78
 90
79
 90
80
 90
3
 90
81
 90
82
 90
83
 90
3
 90
84
 90
85
 90
86
 90
3
 90
87
 90
88
 90
89
 90
3
 90
90
 90
91
 90
92
 90
3
 90
93
 90
94
 90
95
 90
3
 90
96
 90
97
 90
98
 90
3
 90
96
 90
98
 90
99
 90
3
 90
100
 90
101
 90
102
 90
3
 90
100
 90
102
 90
103
 90
3
 90
104
 90
105
 90
106
 90
3
 90
104
 90
106
 90
107
 90
3
 90
108
 90
109
 90
110
 90
3
 90
108
 90
110
 90
111
 90
3
 90
112
 90
113
 90
114
 90
3
 90
112
 90
114
 90
115
 90
3
 90
116
 90
117
 90
118
 90
3
 90
116
 90
118
 90
119
 90
3
 90
120
 90
121
 90
122
 90
3
 90
120
 90
122
 90
123
 90
3
 90
124
 90
125
 90
126
 90
3
 90
124
 90
126
 90
127
 90
3
 90
128
 90
129
 90
130
 90
3
 90
128
 90
130
 90
131
 90
3
 90
132
 90
133
 90
134
 90
3
 90
132
 90
134
 90
135
 90
3
 90
136
 90
137
 90
138
 90
3
 90
136
 90
138
 90
139
 90
3
 90
140
 90
141
 90
142
 90
3
 90
140
 90
142
 90
143
 90
3
 90
144
 90
145
 90
146
 90
3
 90
144
 90
146
 90
147
 90
3
 90
148
 90
149
 90
150
 90
3
 90
148
 90
150
 90
151
 90
3
 90
152
 90
153
 90
154
 90
3
 90
152
 90
154
 90
155
 90
3
 90
156
 90
157
 90
158
 90
3
 90
156
 90
158
 90
159
 90
3
 90
160
 90
161
 90
162
 90
3
 90
160
 90
162
 90
163
 90
3
 90
164
 90
165
 90
166
 90
3
 90
164
 90
166
 90
167
 90
3
 90
168
 90
169
 90
170
 90
3
 90
168
 90
170
 90
171
 90
3
 90
172
 90
173
 90
174
 90
3
 90
172
 90
174
 90
175
 90
3
 90
176
 90
177
 90
178
 90
3
 90
176
 90
178
 90
179
 90
3
 90
180
 90
181
 90
182
 90
3
 90
180
 90
182
 90
183
 90
3
 90
184
 90
185
 90
186
 90
3
 90
184
 90
186
 90
187
 90
3
 90
188
 90
189
 90
190
 90
3
 90
188
 90
190
 90
191
 90
3
 90
192
 90
193
 90
194
 90
3
 90
192
 90
194
 90
195
 90
3
 90
196
 90
197
 90
198
 90
3
 90
196
 90
198
 90
199
 90
3
 90
200
 90
201
 90
202
 90
3
 90
200
 90
202
 90
203
 90
3
 90
204
 90
205
 90
206
 90
3
 90
204
 90
206
 90
207
 90
3
 90
208
 90
209
 90
210
 90
3
 90
208
 90
210
 90
211
 90
3
 90
212
 90
213
 90
214
 90
3
 90
212
 90
214
 90
215
 90
3
 90
216
 90
217
 90
218
 90
3
 90
216
 90
218
 90
219
 90
3
 90
220
 90
221
 90
222
 90
3
 90
220
 90
222
 90
223
 90
3
 90
224
 90
225
 90
226
 90
3
 90
224
 90
226
 90
227
 90
3
 90
228
 90
229
 90
230
 90
3
 90
228
 90
230
 90
231
 90
3
 90
232
 90
233
 90
234
 90
3
 90
232
 90
234
 90
235
 90
3
 90
236
 90
237
 90
238
 90
3
 90
236
 90
238
 90
239
 90
3
 90
240
 90
241
 90
242
 90
3
 90
240
 90
242
 90
243
 90
3
 90
244
 90
245
 90
246
 90
3
 90
244
 90
246
 90
247
 90
3
 90
248
 90
249
 90
250
 90
3
 90
248
 90
250
 90
251
 90
3
 90
252
 90
253
 90
254
 90
3
 90
252
 90
254
 90
255
 90
3
 90
256
 90
257
 90
258
 90
3
 90
256
 90
258
 90
259
 90
3
 90
260
 90
261
 90
262
 90
3
 90
260
 90
262
 90
263
 90
3
 90
264
 90
265
 90
266
 90
3
 90
264
 90
266
 90
267
 90
3
 90
268
 90
269
 90
270
 90
3
 90
268
 90
270
 90
271
 90
3
 90
272
 90
273
 90
274
 90
3
 90
272
 90
274
 90
275
 90
3
 90
276
 90
277
 90
278
 90
3
 90
276
 90
278
 90
279
 90
3
 90
280
 90
281
 90
282
 90
3
 90
280
 90
282
 90
283
 90
3
 90
284
 90
285
 90
286
 90
3
 90
284
 90
286
 90
287
 90
3
 90
288
 90
289
 90
290
 90
3
 90
288
 90
290
 90
291
 90
3
 90
292
 90
293
 90
294
 90
3
 90
292
 90
294
 90
295
 90
3
 90
296
 90
297
 90
298
 90
3
 90
296
 90
298
 90
299
 90
3
 90
300
 90
301
 90
302
 90
3
 90
300
 90
302
 90
303
 90
3
 90
304
 90
305
 90
306
 90
3
 90
304
 90
306
 90
307
 90
3
 90
308
 90
309
 90
310
 90
3
 90
308
 90
310
 90
311
 90
3
 90
312
 90
313
 90
314
 90
3
 90
312
 90
314
 90
315
 90
3
 90
316
 90
317
 90
318
 90
3
 90
316
 90
318
 90
319
 90
3
 90
320
 90
321
 90
322
 90
3
 90
320
 90
322
 90
323
 90
3
 90
324
 90
325
 90
326
 90
3
 90
324
 90
326
 90
327
 90
3
 90
328
 90
329
 90
330
 90
3
 90
328
 90
330
 90
331
 90
3
 90
332
 90
333
 90
334
 90
3
 90
332
 90
334
 90
335
 90
3
 90
336
 90
337
 90
338
 90
3
 90
336
 90
338
 90
339
 90
3
 90
340
 90
341
 90
342
 90
3
 90
340
 90
342
 90
343
 90
3
 90
344
 90
345
 90
346
 90
3
 90
344
 90
346
 90
347
 90
3
 90
348
 90
349
 90
350
 90
3
 90
348
 90
350
 90
351
 90
3
 90
352
 90
353
 90
354
 90
3
 90
352
 90
354
 90
355
 90
3
 90
356
 90
357
 90
358
 90
3
 90
356
 90
358
 90
359
 90
3
 90
360
 90
361
 90
362
 90
3
 90
360
 90
362
 90
363
 90
3
 90
364
 90
365
 90
366
 90
3
 90
364
 90
366
 90
367
 90
3
 90
368
 90
369
 90
370
 90
3
 90
368
 90
370
 90
371
 90
3
 90
372
 90
373
 90
374
 90
3
 90
372
 90
374
 90
375
 90
3
 90
376
 90
377
 90
378
 90
3
 90
376
 90
378
 90
379
 90
3
 90
380
 90
381
 90
382
 90
3
 90
380
 90
382
 90
383
 90
3
 90
384
 90
385
 90
386
 90
3
 90
384
 90
386
 90
387
 90
3
 90
388
 90
389
 90
390
 90
3
 90
388
 90
390
 90
391
 90
3
 90
392
 90
393
 90
394
 90
3
 90
392
 90
394
 90
395
 90
3
 90
396
 90
397
 90
398
 90
3
 90
396
 90
398
 90
399
 90
3
 90
400
 90
401
 90
402
 90
3
 90
400
 90
402
 90
403
 90
3
 90
404
 90
405
 90
406
 90
3
 90
404
 90
406
 90
407
 90
3
 90
408
 90
409
 90
410
 90
3
 90
408
 90
410
 90
411
 90
3
 90
412
 90
413
 90
414
 90
3
 90
412
 90
414
 90
415
 90
3
 90
416
 90
417
 90
418
 90
3
 90
416
 90
418
 90
419
 90
3
 90
420
 90
421
 90
422
 90
3
 90
420
 90
422
 90
423
 90
3
 90
424
 90
425
 90
426
 90
3
 90
424
 90
426
 90
427
 90
3
 90
428
 90
429
 90
430
 90
3
 90
428
 90
430
 90
431
 90
3
 90
432
 90
433
 90
434
 90
3
 90
432
 90
434
 90
435
 90
3
 90
436
 90
437
 90
438
 90
3
 90
436
 90
438
 90
439
 90
3
 90
440
 90
441
 90
442
 90
3
 90
440
 90
442
 90
443
 90
3
 90
444
 90
445
 90
446
 90
3
 90
444
 90
446
 90
447
 90
3
 90
448
 90
449
 90
450
 90
3
 90
448
 90
450
 90
451
 90
3
 90
452
 90
453
 90
454
 90
3
 90
452
 90
454
 90
455
 90
3
 90
456
 90
457
 90
458
 90
3
 90
456
 90
458
 90
459
 90
3
 90
460
 90
461
 90
462
 90
3
 90
460
 90
462
 90
463
 90
3
 90
464
 90
465
 90
466
 90
3
 90
464
 90
466
 90
467
 90
3
 90
468
 90
469
 90
470
 90
3
 90
468
 90
470
 90
471
 90
3
 90
472
 90
473
 90
474
 90
3
 90
472
 90
474
 90
475
 90
3
 90
476
 90
477
 90
478
 90
3
 90
476
 90
478
 90
479
 90
3
 90
480
 90
481
 90
482
 90
3
 90
480
 90
482
 90
483
 90
3
 90
484
 90
485
 90
486
 90
3
 90
484
 90
486
 90
487
 90
3
 90
488
 90
489
 90
490
 90
3
 90
488
 90
490
 90
491
 90
3
 90
492
 90
493
 90
494
 90
3
 90
492
 90
494
 90
495
 90
3
 90
496
 90
497
 90
498
 90
3
 90
496
 90
498
 90
499
 90
3
 90
500
 90
501
 90
502
 90
3
 90
500
 90
502
 90
503
 90
3
 90
504
 90
505
 90
506
 90
3
 90
504
 90
506
 90
507
 90
3
 90
508
 90
509
 90
510
 90
3
 90
508
 90
510
 90
511
 90
3
 90
512
 90
513
 90
514
 90
3
 90
512
 90
514
 90
515
 90
3
 90
516
 90
517
 90
518
 90
3
 90
516
 90
518
 90
519
 90
3
 90
520
 90
521
 90
522
 90
3
 90
520
 90
522
 90
523
 90
3
 90
524
 90
525
 90
526
 90
3
 90
524
 90
526
 90
527
 90
3
 90
528
 90
529
 90
530
 90
3
 90
528
 90
530
 90
531
 90
3
 90
532
 90
533
 90
534
 90
3
 90
532
 90
534
 90
535
 90
3
 90
536
 90
537
 90
538
 90
3
 90
536
 90
538
 90
539
 90
3
 90
540
 90
541
 90
542
 90
3
 90
540
 90
542
 90
543
 90
3
 90
544
 90
545
 90
546
 90
3
 90
544
 90
546
 90
547
 90
3
 90
548
 90
549
 90
550
 90
3
 90
548
 90
550
 90
551
 90
3
 90
552
 90
553
 90
554
 90
3
 90
552
 90
554
 90
555
 90
3
 90
556
 90
557
 90
558
 90
3
 90
556
 90
558
 90
559
 90
3
 90
560
 90
561
 90
562
 90
3
 90
560
 90
562
 90
563
 90
3
 90
564
 90
565
 90
566
 90
3
 90
564
 90
566
 90
567
 90
3
 90
568
 90
569
 90
570
 90
3
 90
568
 90
570
 90
571
 90
3
 90
572
 90
573
 90
574
 90
3
 90
572
 90
574
 90
575
 90
3
 90
576
 90
577
 90
578
 90
3
 90
576
 90
578
 90
579
 90
3
 90
580
 90
581
 90
582
 90
3
 90
580
 90
582
 90
583
 90
3
 90
584
 90
585
 90
586
 90
3
 90
584
 90
586
 90
587
 90
3
 90
588
 90
589
 90
590
 90
3
 90
588
 90
590
 90
591
 90
3
 90
592
 90
593
 90
594
 90
3
 90
592
 90
594
 90
595
 90
3
 90
596
 90
597
 90
598
 90
3
 90
596
 90
598
 90
599
 90
3
 90
600
 90
601
 90
602
 90
3
 90
600
 90
602
 90
603
 90
3
 90
604
 90
605
 90
606
 90
3
 90
604
 90
606
 90
607
 90
3
 90
608
 90
609
 90
610
 90
3
 90
608
 90
610
 90
611
 90
3
 90
612
 90
613
 90
614
 90
3
 90
612
 90
614
 90
615
 90
3
 90
616
 90
617
 90
618
 90
3
 90
616
 90
618
 90
619
 90
3
 90
620
 90
621
 90
622
 90
3
 90
620
 90
622
 90
623
 90
3
 90
624
 90
625
 90
626
 90
3
 90
624
 90
626
 90
627
 90
3
 90
628
 90
629
 90
630
 90
3
 90
628
 90
630
 90
631
 90
3
 90
632
 90
633
 90
634
 90
3
 90
632
 90
634
 90
635
 90
3
 90
636
 90
637
 90
638
 90
3
 90
636
 90
638
 90
639
 90
3
 90
640
 90
641
 90
642
 90
3
 90
640
 90
642
 90
643
 90
3
 90
644
 90
645
 90
646
 90
3
 90
644
 90
646
 90
647
 90
3
 90
648
 90
649
 90
650
 90
3
 90
648
 90
650
 90
651
 90
3
 90
652
 90
653
 90
654
 90
3
 90
652
 90
654
 90
655
 90
3
 90
656
 90
657
 90
658
 90
3
 90
656
 90
658
 90
659
 90
3
 90
660
 90
661
 90
662
 90
3
 90
660
 90
662
 90
663
 90
3
 90
664
 90
665
 90
666
 90
3
 90
664
 90
666
 90
667
 90
3
 90
668
 90
669
 90
670
 90
3
 90
668
 90
670
 90
671
 90
3
 90
672
 90
673
 90
674
 90
3
 90
672
 90
674
 90
675
 90
3
 90
676
 90
677
 90
678
 90
3
 90
676
 90
678
 90
679
 90
3
 90
680
 90
681
 90
682
 90
3
 90
680
 90
682
 90
683
 90
3
 90
684
 90
685
 90
686
 90
3
 90
684
 90
686
 90
687
 90
3
 90
688
 90
689
 90
690
 90
3
 90
688
 90
690
 90
691
 90
3
 90
692
 90
693
 90
694
 90
3
 90
692
 90
694
 90
695
 90
3
 90
696
 90
697
 90
698
 90
3
 90
696
 90
698
 90
699
 90
3
 90
700
 90
701
 90
702
 90
3
 90
700
 90
702
 90
703
 90
3
 90
704
 90
705
 90
706
 90
3
 90
704
 90
706
 90
707
 90
3
 90
708
 90
709
 90
710
 90
3
 90
708
 90
710
 90
711
 90
3
 90
712
 90
713
 90
714
 90
3
 90
712
 90
714
 90
715
 90
3
 90
716
 90
717
 90
718
 90
3
 90
716
 90
718
 90
719
 90
3
 90
720
 90
721
 90
722
 90
3
 90
720
 90
722
 90
723
 90
3
 90
724
 90
725
 90
726
 90
3
 90
724
 90
726
 90
727
 90
3
 90
728
 90
729
 90
730
 90
3
 90
728
 90
730
 90
731
 90
3
 90
732
 90
733
 90
734
 90
3
 90
732
 90
734
 90
735
 90
3
 90
736
 90
737
 90
738
 90
3
 90
736
 90
738
 90
739
 90
3
 90
740
 90
741
 90
742
 90
3
 90
740
 90
742
 90
743
 90
3
 90
744
 90
745
 90
746
 90
3
 90
744
 90
746
 90
747
 90
3
 90
748
 90
749
 90
750
 90
3
 90
748
 90
750
 90
751
 90
3
 90
752
 90
753
 90
754
 90
3
 90
752
 90
754
 90
755
 90
3
 90
756
 90
757
 90
758
 90
3
 90
756
 90
758
 90
759
 90
3
 90
760
 90
761
 90
762
 90
3
 90
760
 90
762
 90
763
 90
3
 90
764
 90
765
 90
766
 90
3
 90
764
 90
766
 90
767
 90
3
 90
768
 90
769
 90
770
 90
3
 90
768
 90
770
 90
771
 90
3
 90
772
 90
773
 90
774
 90
3
 90
772
 90
774
 90
775
 90
3
 90
776
 90
777
 90
778
 90
3
 90
776
 90
778
 90
779
 90
3
 90
780
 90
781
 90
782
 90
3
 90
780
 90
782
 90
783
 90
3
 90
784
 90
785
 90
786
 90
3
 90
784
 90
786
 90
787
 90
3
 90
788
 90
789
 90
790
 90
3
 90
788
 90
790
 90
791
 90
3
 90
792
 90
793
 90
794
 90
3
 90
792
 90
794
 90
795
 90
3
 90
796
 90
797
 90
798
 90
3
 90
796
 90
798
 90
799
 90
3
 90
800
 90
801
 90
802
 90
3
 90
800
 90
802
 90
803
 90
3
 90
804
 90
805
 90
806
 90
3
 90
804
 90
806
 90
807
 90
3
 90
808
 90
809
 90
810
 90
3
 90
808
 90
810
 90
811
 90
3
 90
812
 90
813
 90
814
 90
3
 90
812
 90
814
 90
815
 90
3
 90
816
 90
817
 90
818
 90
3
 90
816
 90
818
 90
819
 90
3
 90
820
 90
821
 90
822
 90
3
 90
820
 90
822
 90
823
 90
3
 90
824
 90
825
 90
826
 90
3
 90
824
 90
826
 90
827
 90
3
 90
828
 90
829
 90
830
 90
3
 90
828
 90
830
 90
831
 90
3
 90
832
 90
833
 90
834
 90
3
 90
832
 90
834
 90
835
 90
3
 90
836
 90
837
 90
838
 90
3
 90
836
 90
838
 90
839
 90
3
 90
840
 90
841
 90
842
 90
3
 90
840
 90
842
 90
843
 90
3
 90
844
 90
845
 90
846
 90
3
 90
844
 90
846
 90
847
 90
3
 90
848
 90
849
 90
850
 90
3
 90
848
 90
850
 90
851
 90
3
 90
852
 90
853
 90
854
 90
3
 90
852
 90
854
 90
855
 90
3
 90
856
 90
857
 90
858
 90
3
 90
856
 90
858
 90
859
 90
3
 90
860
 90
861
 90
862
 90
3
 90
860
 90
862
 90
863
 90
3
 90
864
 90
865
 90
866
 90
3
 90
867
 90
868
 90
869
 90
3
 90
870
 90
871
 90
872
 90
3
 90
873
 90
874
 90
875
 90
3
 90
876
 90
877
 90
878
 90
3
 90
879
 90
880
 90
881
 90
3
 90
882
 90
883
 90
884
 90
3
 90
885
 90
886
 90
887
 90
3
 90
888
 90
889
 90
890
 90
3
 90
891
 90
892
 90
893
 90
3
 90
894
 90
895
 90
896
 90
3
 90
897
 90
898
 90
899
 90
3
 90
900
 90
901
 90
902
 90
3
 90
903
 90
904
 90
905
 90
3
 90
906
 90
907
 90
908
 90
3
 90
909
 90
910
 90
911
 90
3
 90
912
 90
913
 90
914
 90
3
 90
915
 90
916
 90
917
 90
3
 90
918
 90
919
 90
920
 90
3
 90
921
 90
922
 90
923
 90
3
 90
924
 90
925
 90
926
 90
3
 90
927
 90
928
 90
929
 90
3
 90
930
 90
931
 90
932
 90
3
 90
933
 90
934
 90
935
 90
3
 90
936
 90
937
 90
938
 90
3
 90
939
 90
940
 90
941
 90
3
 90
942
 90
943
 90
944
 90
3
 90
945
 90
946
 90
947
 90
3
 90
948
 90
949
 90
950
 90
3
 90
951
 90
952
 90
953
 90
3
 90
954
 90
955
 90
956
 90
3
 90
957
 90
958
 90
959
 94
0
 95
0
 90
0
  0
LWPOLYLINE
  5
A7
330
17
100
AcDbEntity
  8
A-WALL
100
AcDbPolyline
 90
32
 70
1
 43
0.5
 10
9.0
 20
4.0
 10
8.827067523629074
 20
5.755812898145154
 10
8.31491579260158
 20
7.444150891285808
 10
7.483226510722907
 20
9.000132097176419
 10
6.3639610306789285
 20
10.363961030678928
 10
5.0001320971764205
 20
11.483226510722908
 10
3.4441508912858083
 20
12.31491579260158
 10
1.755812898145155
 20
12.827067523629074
 10
5.51091059616309e-16
 20
13.0
 10
-1.7558128981451537
 20
12.827067523629074
 10
-3.4441508912858074
 20
12.31491579260158
 10
-5.000132097176418
 20
11.48322651072291
 10
-6.363961030678928
 20
10.36396103067893
 10
-7.483226510722908
 20
9.000132097176419
 10
-8.31491579260158
 20
7.444150891285809
 10
-8.827067523629074
 20
5.755812898145157
 10
-9.0
 20
4.000000000000001
 10
-8.827067523629074
 20
2.2441871018548447
 10
-8.314915792601582
 20
0.555849108714193
 10
-7.4832265107229095
 20
-1.0001320971764178
 10
-6.363961030678929
 20
-2.3639610306789276
 10
-5.00013209717642
 20
-3.483226510722907
 10
-3.444150891285813
 20
-4.314915792601578
 10
-1.755812898145158
 20
-4.827067523629072
 10
-1.6532731788489267e-15
 20
-5.0
 10
1.7558128981451548
 20
-4.827067523629074
 10
3.44415089128581
 20
-4.31491579260158
 10
5.000132097176417
 20
-3.4832265107229095
 10
6.363961030678926
 20
-2.3639610306789294
 10
7.483226510722907
 20
-1.0001320971764196
 10
8.314915792601578
 20
0.5558491087141864
 10
8.827067523629072
 20
2.2441871018548416
  0
LWPOLYLINE
  5
A8
330
17
100
AcDbEntity
  8
A-WALL
100
AcDbPolyline
 90
32
 70
1
 43
0.5
 10
-5.6
 20
12.2
 10
-5.66917299054837
 20
12.90232515925806
 10
-5.874033682959367
 20
13.577660356514322
 10
-6.206709395710837
 20
14.200052838870567
 10
-6.654415587728428
 20
14.74558441227157
 10
-7.1999471611294314
 20
15.193290604289162
 10
-7.822339643485676
 20
15.52596631704063
 10
-8.497674840741936
 20
15.730827009451628
 10
-9.2
 20
15.799999999999999
 10
-9.90232515925806
 20
15.730827009451628
 10
-10.577660356514322
 20
15.52596631704063
 10
-11.200052838870565
 20
15.193290604289164
 10
-11.74558441227157
 20
14.74558441227157
 10
-12.193290604289162
 20
14.200052838870567
 10
-12.52596631704063
 20
13.577660356514324
 10
-12.730827009451628
 20
12.902325159258062
 10
-12.799999999999999
 20
12.2
 10
-12.730827009451628
 20
11.497674840741936
 10
-12.525966317040632
 20
10.822339643485677
 10
-12.193290604289164
 20
10.199947161129433
 10
-11.74558441227157
 20
9.654415587728428
 10
-11.200052838870567
 20
9.206709395710837
 10
-10.577660356514325
 20
8.874033682959368
 10
-9.902325159258062
 20
8.66917299054837
 10
-9.2
 20
8.6
 10
-8.497674840741936
 20
8.66917299054837
 10
-7.822339643485675
 20
8.874033682959368
 10
-7.199947161129433
 20
9.206709395710835
 10
-6.654415587728429
 20
9.654415587728428
 10
-6.206709395710837
 20
10.199947161129431
 10
-5.874033682959368
 20
10.822339643485673
 10
-5.66917299054837
 20
11.497674840741936
  0
LWPOLYLINE
  5
A9
330
17
100
AcDbEntity
  8
A-DECK
100
AcDbPolyline
 90
11
 70
1
 10
-6.278517870878944
 20
-5.682323793166385
 10
-5.6291651245988525
 20
-7.249999999999998
 10
-4.596194077712561
 20
-8.596194077712557
 10
-3.2500000000000027
 20
-9.629165124598849
 10
-1.6823237931663841
 20
-10.278517870878943
 10
-1.1940306291686693e-15
 20
-10.5
 10
1.682323793166382
 20
-10.278517870878945
 10
3.250000000000001
 20
-9.62916512459885
 10
4.596194077712558
 20
-8.59619407771256
 10
5.629165124598849
 20
-7.250000000000003
 10
6.278517870878942
 20
-5.68232379316639
  0
LWPOLYLINE
  5
AA
330
17
100
AcDbEntity
  8
A-ROOF-OUTL
  6
DASHED
100
AcDbPolyline
 90
32
 70
1
 10
15.0
 20
4.0
 10
14.711779206048456
 20
6.926354830241923
 10
13.858192987669302
 20
9.740251485476346
 10
12.472044184538179
 20
12.333553495294034
 10
10.606601717798213
 20
14.606601717798211
 10
8.333553495294034
 20
16.472044184538177
 10
5.740251485476348
 20
17.8581929876693
 10
2.926354830241925
 20
18.711779206048455
 10
9.18485099360515e-16
 20
19.0
 10
-2.926354830241923
 20
18.711779206048455
 10
-5.740251485476346
 20
17.8581929876693
 10
-8.33355349529403
 20
16.472044184538184
 10
-10.606601717798211
 20
14.606601717798213
 10
-12.47204418453818
 20
12.333553495294034
 10
-13.858192987669302
 20
9.74025148547635
 10
-14.711779206048456
 20
6.926354830241929
 10
-15.0
 20
4.000000000000002
 10
-14.711779206048456
 20
1.0736451697580747
 10
-13.858192987669304
 20
-1.7402514854763451
 10
-12.472044184538182
 20
-4.33355349529403
 10
-10.606601717798215
 20
-6.6066017177982115
 10
-8.333553495294034
 20
-8.472044184538179
 10
-5.740251485476355
 20
-9.858192987669298
 10
-2.9263548302419298
 20
-10.711779206048455
 10
-2.7554552980815444e-15
 20
-11.0
 10
2.9263548302419244
 20
-10.711779206048456
 10
5.7402514854763504
 20
-9.8581929876693
 10
8.333553495294028
 20
-8.472044184538182
 10
10.60660171779821
 20
-6.606601717798215
 10
12.472044184538179
 20
-4.3335534952940336
 10
13.858192987669298
 20
-1.7402514854763558
 10
14.711779206048455
 20
1.0736451697580693
  0
LWPOLYLINE
  5
AB
330
17
100
AcDbEntity
  8
A-ROOF-OUTL
  6
DASHED
100
AcDbPolyline
 90
32
 70
1
 10
-2.999999999999999
 20
12.2
 10
-3.1191312614999704
 20
13.409559996499995
 10
-3.471946898430021
 20
14.572637280663557
 10
-4.044888403724219
 20
15.644535444721534
 10
-4.815937956643404
 20
16.584062043356592
 10
-5.755464555278465
 20
17.35511159627578
 10
-6.827362719336442
 20
17.92805310156998
 10
-7.990440003500003
 20
18.28086873850003
 10
-9.2
 20
18.4
 10
-10.409559996499993
 20
18.28086873850003
 10
-11.572637280663557
 20
17.92805310156998
 10
-12.644535444721532
 20
17.355111596275783
 10
-13.584062043356592
 20
16.584062043356596
 10
-14.35511159627578
 20
15.644535444721534
 10
-14.928053101569978
 20
14.572637280663557
 10
-15.280868738500029
 20
13.409559996499997
 10
-15.399999999999999
 20
12.2
 10
-15.280868738500029
 20
10.990440003500003
 10
-14.928053101569978
 20
9.827362719336444
 10
-14.355111596275782
 20
8.755464555278467
 10
-13.584062043356596
 20
7.815937956643405
 10
-12.644535444721534
 20
7.044888403724219
 10
-11.57263728066356
 20
6.471946898430023
 10
-10.409559996499997
 20
6.119131261499971
 10
-9.200000000000001
 20
5.999999999999999
 10
-7.990440003500003
 20
6.11913126149997
 10
-6.827362719336441
 20
6.471946898430022
 10
-5.755464555278468
 20
7.044888403724217
 10
-4.815937956643405
 20
7.8159379566434035
 10
-4.044888403724219
 20
8.755464555278465
 10
-3.471946898430023
 20
9.827362719336438
 10
-3.1191312614999713
 20
10.990440003500002
  0
LINE
  5
AC
330
17
100
AcDbEntity
  8
A-DOOR
100
AcDbLine
 10
-1.8
 20
-5.0
 30
0.0
 11
1.8
 21
-5.0
 31
0.0
  0
CIRCLE
  5
AD
330
17
100
AcDbEntity
  8
A-GLAZ
100
AcDbCircle
 10
7.372368398600926
 20
9.162187927159415
 30
0.0
 40
0.6
  0
CIRCLE
  5
AE
330
17
100
AcDbEntity
  8
A-GLAZ
100
AcDbCircle
 10
-7.372368398600927
 20
9.162187927159414
 30
0.0
 40
0.6
  0
CIRCLE
  5
AF
330
17
100
AcDbEntity
  8
A-GLAZ
100
AcDbCircle
 10
-7.372368398600926
 20
-1.1621879271594153
 30
0.0
 40
0.6
  0
CIRCLE
  5
B0
330
17
100
AcDbEntity
  8
A-GLAZ
100
AcDbCircle
 10
7.3723683986009245
 20
-1.1621879271594189
 30
0.0
 40
0.6
  0
TEXT
  5
B1
330
17
100
AcDbEntity
  8
A-ANNO
100
AcDbText
 10
0.0
 20
6.5
 30
0.0
 40
0.8
  1
LIVING / KITCHEN  254 SF
 72
1
 11
0.0
 21
6.5
 31
0.0
100
AcDbText
 73
2
  0
TEXT
  5
B2
330
17
100
AcDbEntity
  8
A-ANNO
100
AcDbText
 10
0.0
 20
2.5
 30
0.0
 40
0.8
  1
SLEEP LOFT ABOVE (in cap)  120 SF
 72
1
 11
0.0
 21
2.5
 31
0.0
100
AcDbText
 73
2
  0
TEXT
  5
B3
330
17
100
AcDbEntity
  8
A-ANNO
100
AcDbText
 10
-9.2
 20
12.2
 30
0.0
 40
0.8
  1
BATH POD  38 SF
 72
1
 11
-9.2
 21
12.2
 31
0.0
100
AcDbText
 73
2
  0
TEXT
  5
B4
330
17
100
AcDbEntity
  8
A-ANNO
100
AcDbText
 10
0.0
 20
-6.5
 30
0.0
 40
0.8
  1
DECK  55 SF
 72
1
 11
0.0
 21
-6.5
 31
0.0
100
AcDbText
 73
2
  0
CIRCLE
  5
B5
330
17
100
AcDbEntity
  8
A-FURN
100
AcDbCircle
 10
5.5
 20
7.5
 30
0.0
 40
2.2
  0
LWPOLYLINE
  5
B6
330
17
100
AcDbEntity
  8
A-FURN
100
AcDbPolyline
 90
4
 70
1
 10
-8.0
 20
8.0
 10
-2.0
 20
8.0
 10
-2.0
 20
10.0
 10
-8.0
 20
10.0
  0
LWPOLYLINE
  5
B7
330
17
100
AcDbEntity
  8
A-FURN
100
AcDbPolyline
 90
4
 70
1
 10
-3.0
 20
-1.5
 10
3.0
 20
-1.5
 10
3.0
 20
0.7000000000000002
 10
-3.0
 20
0.7000000000000002
  0
LWPOLYLINE
  5
B8
330
17
100
AcDbEntity
  8
A-FURN
100
AcDbPolyline
 90
4
 70
1
 10
-11.6
 20
13.2
 10
-10.0
 20
13.2
 10
-10.0
 20
15.2
 10
-11.6
 20
15.2
  0
LWPOLYLINE
  5
B9
330
17
100
AcDbEntity
  8
A-FURN
100
AcDbPolyline
 90
4
 70
1
 10
-10.4
 20
9.4
 10
-7.4
 20
9.4
 10
-7.4
 20
12.4
 10
-10.4
 20
12.4
  0
MTEXT
  5
BA
330
17
100
AcDbEntity
  8
A-ANNO
100
AcDbMText
 10
-17.0
 20
28.0
 30
0.0
 40
0.9
 41
40.0
 71
1
  1
AMANITA COTTAGE (mushroom) - TINY HOME CONCEPT\P18 ft diameter stem, 30 ft diameter cap, plus a 7 ft bath pod growing off the back\PGROSS 412 SF, HEIGHT 24 FT\PLOCAL ORIGIN AT PAD CENTRE; -Y FACES THE LANE; UNITS FEET
  0
ENDSEC
  0
SECTION
  2
OBJECTS
  0
DICTIONARY
  5
A
330
0
100
AcDbDictionary
281
1
  3
ACAD_COLOR
350
B
  3
ACAD_GROUP
350
C
  3
ACAD_LAYOUT
350
D
  3
ACAD_MATERIAL
350
E
  3
ACAD_MLEADERSTYLE
350
F
  3
ACAD_MLINESTYLE
350
10
  3
ACAD_PLOTSETTINGS
350
11
  3
ACAD_PLOTSTYLENAME
350
12
  3
ACAD_SCALELIST
350
14
  3
ACAD_TABLESTYLE
350
15
  3
ACAD_VISUALSTYLE
350
16
  3
EZDXF_META
350
2D
  0
DICTIONARY
  5
B
330
A
100
AcDbDictionary
281
1
  0
DICTIONARY
  5
C
330
A
100
AcDbDictionary
281
1
  0
DICTIONARY
  5
D
330
A
100
AcDbDictionary
281
1
  3
Model
350
1A
  3
Layout1
350
1E
  0
DICTIONARY
  5
E
330
A
100
AcDbDictionary
281
1
  3
ByBlock
350
1F
  3
ByLayer
350
20
  3
Global
350
21
  0
DICTIONARY
  5
F
330
A
100
AcDbDictionary
281
1
  3
Standard
350
2C
  0
DICTIONARY
  5
10
330
A
100
AcDbDictionary
281
1
  3
Standard
350
22
  0
DICTIONARY
  5
11
330
A
100
AcDbDictionary
281
1
  0
ACDBDICTIONARYWDFLT
  5
12
330
A
100
AcDbDictionary
281
1
  3
Normal
350
13
100
AcDbDictionaryWithDefault
340
13
  0
ACDBPLACEHOLDER
  5
13
330
12
  0
DICTIONARY
  5
14
330
A
100
AcDbDictionary
281
1
  0
DICTIONARY
  5
15
330
A
100
AcDbDictionary
281
1
  0
DICTIONARY
  5
16
330
A
100
AcDbDictionary
281
1
  3
2dWireframe
350
5A
  3
Basic
350
5B
  3
Brighten
350
5C
  3
ColorChange
350
5D
  3
Conceptual
350
5E
  3
Dim
350
5F
  3
EdgeColorOff
350
60
  3
Facepattern
350
61
  3
Flat
350
62
  3
FlatWithEdges
350
63
  3
Gouraud
350
64
  3
GouraudWithEdges
350
65
  3
Hidden
350
66
  3
JitterOff
350
67
  3
Linepattern
350
68
  3
Modeling
350
69
  3
OverhangOff
350
6A
  3
Realistic
350
6B
  3
Shaded
350
6C
  3
Shaded with edges
350
6D
  3
Shades of Gray
350
6E
  3
Sketchy
350
6F
  3
Thicken
350
70
  3
Wireframe
350
71
  3
X-Ray
350
72
  0
LAYOUT
  5
1A
330
D
100
AcDbPlotSettings
  1

  4
A3
  6

 40
7.5
 41
20.0
 42
7.5
 43
20.0
 44
420.0
 45
297.0
 46
0.0
 47
0.0
 48
0.0
 49
0.0
140
0.0
141
0.0
142
1.0
143
1.0
 70
1024
 72
1
 73
0
 74
5
  7

 75
16
 76
0
 77
2
 78
300
147
1.0
148
0.0
149
0.0
100
AcDbLayout
  1
Model
 70
1
 71
0
 10
0.0
 20
0.0
 11
420.0
 21
297.0
 12
0.0
 22
0.0
 32
0.0
 14
1e+20
 24
1e+20
 34
1e+20
 15
-1e+20
 25
-1e+20
 35
-1e+20
146
0.0
 13
0.0
 23
0.0
 33
0.0
 16
1.0
 26
0.0
 36
0.0
 17
0.0
 27
1.0
 37
0.0
 76
1
330
17
  0
LAYOUT
  5
1E
330
D
100
AcDbPlotSettings
  1

  4
A3
  6

 40
7.5
 41
20.0
 42
7.5
 43
20.0
 44
420.0
 45
297.0
 46
0.0
 47
0.0
 48
0.0
 49
0.0
140
0.0
141
0.0
142
1.0
143
1.0
 70
0
 72
1
 73
0
 74
5
  7

 75
16
 76
0
 77
2
 78
300
147
1.0
148
0.0
149
0.0
100
AcDbLayout
  1
Layout1
 70
1
 71
1
 10
0.0
 20
0.0
 11
420.0
 21
297.0
 12
0.0
 22
0.0
 32
0.0
 14
1e+20
 24
1e+20
 34
1e+20
 15
-1e+20
 25
-1e+20
 35
-1e+20
146
0.0
 13
0.0
 23
0.0
 33
0.0
 16
1.0
 26
0.0
 36
0.0
 17
0.0
 27
1.0
 37
0.0
 76
1
330
1B
  0
MATERIAL
  5
1F
102
{ACAD_REACTORS
330
E
102
}
330
E
100
AcDbMaterial
  1
ByBlock
  2

 70
0
 40
1.0
 71
1
 41
1.0
 91
-1023410177
 42
1.0
 72
1
  3

 73
1
 74
1
 75
1
 44
0.5
 73
0
 45
1.0
 46
1.0
 77
1
  4

 78
1
 79
1
170
1
 48
1.0
171
1
  6

172
1
173
1
174
1
140
1.0
141
1.0
175
1
  7

176
1
177
1
178
1
143
1.0
179
1
  8

270
1
271
1
272
1
145
1.0
146
1.0
273
1
  9

274
1
275
1
276
1
 42
1.0
 72
1
  3

 73
1
 74
1
 75
1
 94
63
  0
MATERIAL
  5
20
102
{ACAD_REACTORS
330
E
102
}
330
E
100
AcDbMaterial
  1
ByLayer
  2

 70
0
 40
1.0
 71
1
 41
1.0
 91
-1023410177
 42
1.0
 72
1
  3

 73
1
 74
1
 75
1
 44
0.5
 73
0
 45
1.0
 46
1.0
 77
1
  4

 78
1
 79
1
170
1
 48
1.0
171
1
  6

172
1
173
1
174
1
140
1.0
141
1.0
175
1
  7

176
1
177
1
178
1
143
1.0
179
1
  8

270
1
271
1
272
1
145
1.0
146
1.0
273
1
  9

274
1
275
1
276
1
 42
1.0
 72
1
  3

 73
1
 74
1
 75
1
 94
63
  0
MATERIAL
  5
21
102
{ACAD_REACTORS
330
E
102
}
330
E
100
AcDbMaterial
  1
Global
  2

 70
0
 40
1.0
 71
1
 41
1.0
 91
-1023410177
 42
1.0
 72
1
  3

 73
1
 74
1
 75
1
 44
0.5
 73
0
 45
1.0
 46
1.0
 77
1
  4

 78
1
 79
1
170
1
 48
1.0
171
1
  6

172
1
173
1
174
1
140
1.0
141
1.0
175
1
  7

176
1
177
1
178
1
143
1.0
179
1
  8

270
1
271
1
272
1
145
1.0
146
1.0
273
1
  9

274
1
275
1
276
1
 42
1.0
 72
1
  3

 73
1
 74
1
 75
1
 94
63
  0
MLINESTYLE
  5
22
102
{ACAD_REACTORS
330
10
102
}
330
10
100
AcDbMlineStyle
  2
Standard
 70
0
  3

 62
256
 51
90.0
 52
90.0
 71
2
 49
0.5
 62
256
  6
BYLAYER
 49
-0.5
 62
256
  6
BYLAYER
  0
MLEADERSTYLE
  5
2C
102
{ACAD_REACTORS
330
F
102
}
330
F
100
AcDbMLeaderStyle
179
2
170
2
171
1
172
0
 90
2
 40
0.0
 41
0.0
173
1
 91
-1056964608
 92
-2
290
1
 42
2.0
291
1
 43
8.0
  3
Standard
 44
4.0
300

342
29
174
1
175
1
176
0
178
1
 93
-1056964608
 45
4.0
292
0
297
0
 46
4.0
 94
-1056964608
 47
1.0
 49
1.0
140
1.0
294
1
141
0.0
177
0
142
1.0
295
0
296
0
143
3.75
271
0
272
9
273
9
  0
DICTIONARY
  5
2D
330
A
100
AcDbDictionary
280
1
281
1
  3
CREATED_BY_EZDXF
350
2E
  3
WRITTEN_BY_EZDXF
350
BD
  0
DICTIONARYVAR
  5
2E
330
2D
100
DictionaryVariables
280
0
  1
1.4.4 @ 2026-09-29T04:13:46.631032+00:00
  0
VISUALSTYLE
  5
5A
102
{ACAD_REACTORS
330
16
102
}
330
16
100
AcDbVisualStyle
  2
2dWireframe
 70
4
177
3
291
0
 70
58
 90
2
176
1
 90
2
176
1
 90
0
176
1
 90
0
176
1
 40
0.6
176
1
 40
30.0
176
1
 62
7
420
16777215
176
1
 90
1
176
1
 90
4
176
1
 62
7
176
1
 62
257
176
1
 90
1
176
1
 90
1
176
1
 40
1.0
176
1
 90
8
176
1
 62
7
176
1
 40
1.0
176
1
 90
1
176
1
 90
6
176
1
 90
2
176
1
 62
7
176
1
 90
5
176
1
 90
0
176
1
 90
0
176
1
290
0
176
1
 90
1
176
1
 40
0.0
176
1
 90
0
176
1
290
1
176
1
290
1
176
1
290
0
176
1
290
0
176
1
290
0
176
1
290
0
176
1
290
0
176
1
290
0
176
1
290
0
176
1
 90
50
176
1
 40
0.0
176
1
 40
1.0
176
1
 90
0
176
1
 62
18
420
0
176
1
 90
50
176
1
 90
3
176
1
 62
5
420
255
176
1
290
0
176
1
 90
50
176
1
 90
50
176
1
 90
50
176
1
290
0
176
1
 90
50
176
1
 62
256
176
0
 40
1.0
176
0
 90
2
176
1
  1
strokes_ogs.tif
176
1
290
0
176
1
 40
1.0
176
1
 40
1.0
176
1
  0
VISUALSTYLE
  5
5B
102
{ACAD_REACTORS
330
16
102
}
330
16
100
AcDbVisualStyle
  2
Basic
 70
7
177
3
291
1
 70
58
 90
2
176
1
 90
2
176
1
 90
0
176
1
 90
1
176
1
 40
0.6
176
1
 40
30.0
176
1
 62
7
420
16777215
176
1
 90
1
176
1
 90
4
176
1
 62
7
176
1
 62
257
176
1
 90
1
176
1
 90
1
176
1
 40
1.0
176
1
 90
8
176
1
 62
7
176
1
 40
1.0
176
1
 90
1
176
1
 90
6
176
1
 90
2
176
1
 62
7
176
1
 90
5
176
1
 90
0
176
1
 90
0
176
1
290
0
176
1
 90
1
176
1
 40
0.0
176
1
 90
0
176
1
290
0
176
1
290
1
176
1
290
1
176
1
290
0
176
1
290
0
176
1
290
0
176
1
290
0
176
1
290
0
176
1
290
0
176
1
 90
50
176
1
 40
0.0
176
1
 40
1.0
176
1
 90
0
176
1
 62
18
420
0
176
1
 90
50
176
1
 90
3
176
1
 62
5
420
255
176
1
290
0
176
1
 90
50
176
1
 90
50
176
1
 90
50
176
1
290
0
176
1
 90
50
176
1
 62
256
176
0
 40
1.0
176
0
 90
2
176
1
  1
strokes_ogs.tif
176
1
290
0
176
1
 40
1.0
176
1
 40
1.0
176
1
  0
VISUALSTYLE
  5
5C
102
{ACAD_REACTORS
330
16
102
}
330
16
100
AcDbVisualStyle
  2
Brighten
 70
12
177
3
291
1
 70
58
 90
2
176
1
 90
2
176
1
 90
0
176
1
 90
2
176
1
 40
0.6
176
1
 40
30.0
176
1
 62
7
420
16777215
176
1
 90
1
176
1
 90
4
176
1
 62
7
176
1
 62
257
176
1
 90
1
176
1
 90
1
176
1
 40
1.0
176
1
 90
8
176
1
 62
7
176
1
 40
1.0
176
1
 90
1
176
1
 90
6
176
1
 90
2
176
1
 62
7
176
1
 90
5
176
1
 90
0
176
1
 90
0
176
1
290
0
176
1
 90
1
176
1
 40
0.0
176
1
 90
0
176
1
290
0
176
1
290
1
176
1
290
1
176
1
290
0
176
1
290
0
176
1
290
0
176
1
290
0
176
1
290
0
176
1
290
0
176
1
 90
50
176
1
 40
0.0
176
1
 40
1.0
176
1
 90
0
176
1
 62
18
420
0
176
1
 90
50
176
1
 90
3
176
1
 62
5
420
255
176
1
290
0
176
1
 90
50
176
1
 90
50
176
1
 90
50
176
1
290
0
176
1
 90
50
176
1
 62
256
176
0
 40
1.0
176
0
 90
2
176
1
  1
strokes_ogs.tif
176
1
290
0
176
1
 40
1.0
176
1
 40
1.0
176
1
  0
VISUALSTYLE
  5
5D
102
{ACAD_REACTORS
330
16
102
}
330
16
100
AcDbVisualStyle
  2
ColorChange
 70
16
177
3
291
1
 70
58
 90
2
176
1
 90
2
176
1
 90
0
176
1
 90
2
176
1
 40
0.6
176
1
 40
30.0
176
1
 62
7
420
16777215
176
1
 90
1
176
1
 90
4
176
1
 62
7
176
1
 62
257
176
1
 90
1
176
1
 90
1
176
1
 40
1.0
176
1
 90
8
176
1
 62
7
176
1
 40
1.0
176
1
 90
1
176
1
 90
6
176
1
 90
2
176
1
 62
7
176
1
 90
5
176
1
 90
0
176
1
 90
0
176
1
290
0
176
1
 90
1
176
1
 40
0.0
176
1
 90
0
176
1
290
0
176
1
290
1
176
1
290
1
176
1
290
0
176
1
290
0
176
1
290
0
176
1
290
0
176
1
290
0
176
1
290
0
176
1
 90
50
176
1
 40
0.0
176
1
 40
1.0
176
1
 90
0
176
1
 62
18
420
0
176
1
 90
50
176
1
 90
3
176
1
 62
5
420
255
176
1
290
0
176
1
 90
50
176
1
 90
50
176
1
 90
50
176
1
290
0
176
1
 90
50
176
1
 62
256
176
0
 40
1.0
176
0
 90
2
176
1
  1
strokes_ogs.tif
176
1
290
0
176
1
 40
1.0
176
1
 40
1.0
176
1
  0
VISUALSTYLE
  5
5E
102
{ACAD_REACTORS
330
16
102
}
330
16
100
AcDbVisualStyle
  2
Conceptual
 70
9
177
3
291
0
 70
58
 90
2
176
1
 90
2
176
1
 90
0
176
1
 90
3
176
1
 40
0.6
176
1
 40
30.0
176
1
 62
7
420
16777215
176
1
 90
1
176
1
 90
4
176
1
 62
7
176
1
 62
257
176
1
 90
1
176
1
 90
1
176
1
 40
1.0
176
1
 90
8
176
1
 62
7
176
1
 40
1.0
176
1
 90
1
176
1
 90
6
176
1
 90
2
176
1
 62
7
176
1
 90
5
176
1
 90
0
176
1
 90
0
176
1
290
0
176
1
 90
1
176
1
 40
0.0
176
1
 90
0
176
1
290
0
176
1
290
1
176
1
290
1
176
1
290
0
176
1
290
0
176
1
290
0
176
1
290
0
176
1
290
0
176
1
290
0
176
1
 90
50
176
1
 40
0.0
176
1
 40
1.0
176
1
 90
0
176
1
 62
18
420
0
176
1
 90
50
176
1
 90
3
176
1
 62
5
420
255
176
1
290
0
176
1
 90
50
176
1
 90
50
176
1
 90
50
176
1
290
0
176
1
 90
50
176
1
 62
256
176
0
 40
1.0
176
0
 90
2
176
1
  1
strokes_ogs.tif
176
1
290
0
176
1
 40
1.0
176
1
 40
1.0
176
1
  0
VISUALSTYLE
  5
5F
102
{ACAD_REACTORS
330
16
102
}
330
16
100
AcDbVisualStyle
  2
Dim
 70
11
177
3
291
1
 70
58
 90
2
176
1
 90
2
176
1
 90
0
176
1
 90
2
176
1
 40
0.6
176
1
 40
30.0
176
1
 62
7
420
16777215
176
1
 90
1
176
1
 90
4
176
1
 62
7
176
1
 62
257
176
1
 90
1
176
1
 90
1
176
1
 40
1.0
176
1
 90
8
176
1
 62
7
176
1
 40
1.0
176
1
 90
1
176
1
 90
6
176
1
 90
2
176
1
 62
7
176
1
 90
5
176
1
 90
0
176
1
 90
0
176
1
290
0
176
1
 90
1
176
1
 40
0.0
176
1
 90
0
176
1
290
0
176
1
290
1
176
1
290
1
176
1
290
0
176
1
290
0
176
1
290
0
176
1
290
0
176
1
290
0
176
1
290
0
176
1
 90
50
176
1
 40
0.0
176
1
 40
1.0
176
1
 90
0
176
1
 62
18
420
0
176
1
 90
50
176
1
 90
3
176
1
 62
5
420
255
176
1
290
0
176
1
 90
50
176
1
 90
50
176
1
 90
50
176
1
290
0
176
1
 90
50
176
1
 62
256
176
0
 40
1.0
176
0
 90
2
176
1
  1
strokes_ogs.tif
176
1
290
0
176
1
 40
1.0
176
1
 40
1.0
176
1
  0
VISUALSTYLE
  5
60
102
{ACAD_REACTORS
330
16
102
}
330
16
100
AcDbVisualStyle
  2
EdgeColorOff
 70
22
177
3
291
1
 70
58
 90
2
176
1
 90
2
176
1
 90
0
176
1
 90
2
176
1
 40
0.6
176
1
 40
30.0
176
1
 62
7
420
16777215
176
1
 90
1
176
1
 90
4
176
1
 62
7
176
1
 62
257
176
1
 90
1
176
1
 90
1
176
1
 40
1.0
176
1
 90
8
176
1
 62
7
176
1
 40
1.0
176
1
 90
1
176
1
 90
6
176
1
 90
2
176
1
 62
7
176
1
 90
5
176
1
 90
0
176
1
 90
0
176
1
290
0
176
1
 90
1
176
1
 40
0.0
176
1
 90
0
176
1
290
0
176
1
290
1
176
1
290
1
176
1
290
0
176
1
290
0
176
1
290
0
176
1
290
0
176
1
290
0
176
1
290
0
176
1
 90
50
176
1
 40
0.0
176
1
 40
1.0
176
1
 90
0
176
1
 62
18
420
0
176
1
 90
50
176
1
 90
3
176
1
 62
5
420
255
176
1
290
0
176
1
 90
50
176
1
 90
50
176
1
 90
50
176
1
290
0
176
1
 90
50
176
1
 62
256
176
0
 40
1.0
176
0
 90
2
176
1
  1
strokes_ogs.tif
176
1
290
0
176
1
 40
1.0
176
1
 40
1.0
176
1
  0
VISUALSTYLE
  5
61
102
{ACAD_REACTORS
330
16
102
}
330
16
100
AcDbVisualStyle
  2
Facepattern
 70
15
177
3
291
1
 70
58
 90
2
176
1
 90
2
176
1
 90
0
176
1
 90
2
176
1
 40
0.6
176
1
 40
30.0
176
1
 62
7
420
16777215
176
1
 90
1
176
1
 90
4
176
1
 62
7
176
1
 62
257
176
1
 90
1
176
1
 90
1
176
1
 40
1.0
176
1
 90
8
176
1
 62
7
176
1
 40
1.0
176
1
 90
1
176
1
 90
6
176
1
 90
2
176
1
 62
7
176
1
 90
5
176
1
 90
0
176
1
 90
0
176
1
290
0
176
1
 90
1
176
1
 40
0.0
176
1
 90
0
176
1
290
0
176
1
290
1
176
1
290
1
176
1
290
0
176
1
290
0
176
1
290
0
176
1
290
0
176
1
290
0
176
1
290
0
176
1
 90
50
176
1
 40
0.0
176
1
 40
1.0
176
1
 90
0
176
1
 62
18
420
0
176
1
 90
50
176
1
 90
3
176
1
 62
5
420
255
176
1
290
0
176
1
 90
50
176
1
 90
50
176
1
 90
50
176
1
290
0
176
1
 90
50
176
1
 62
256
176
0
 40
1.0
176
0
 90
2
176
1
  1
strokes_ogs.tif
176
1
290
0
176
1
 40
1.0
176
1
 40
1.0
176
1
  0
VISUALSTYLE
  5
62
102
{ACAD_REACTORS
330
16
102
}
330
16
100
AcDbVisualStyle
  2
Flat
 70
0
177
3
291
1
 70
58
 90
2
176
1
 90
2
176
1
 90
0
176
1
 90
2
176
1
 40
0.6
176
1
 40
30.0
176
1
 62
7
420
16777215
176
1
 90
1
176
1
 90
4
176
1
 62
7
176
1
 62
257
176
1
 90
1
176
1
 90
1
176
1
 40
1.0
176
1
 90
8
176
1
 62
7
176
1
 40
1.0
176
1
 90
1
176
1
 90
6
176
1
 90
2
176
1
 62
7
176
1
 90
5
176
1
 90
0
176
1
 90
0
176
1
290
0
176
1
 90
1
176
1
 40
0.0
176
1
 90
0
176
1
290
0
176
1
290
1
176
1
290
1
176
1
290
0
176
1
290
0
176
1
290
0
176
1
290
0
176
1
290
0
176
1
290
0
176
1
 90
50
176
1
 40
0.0
176
1
 40
1.0
176
1
 90
0
176
1
 62
18
420
0
176
1
 90
50
176
1
 90
3
176
1
 62
5
420
255
176
1
290
0
176
1
 90
50
176
1
 90
50
176
1
 90
50
176
1
290
0
176
1
 90
50
176
1
 62
256
176
0
 40
1.0
176
0
 90
2
176
1
  1
strokes_ogs.tif
176
1
290
0
176
1
 40
1.0
176
1
 40
1.0
176
1
  0
VISUALSTYLE
  5
63
102
{ACAD_REACTORS
330
16
102
}
330
16
100
AcDbVisualStyle
  2
FlatWithEdges
 70
1
177
3
291
1
 70
58
 90
2
176
1
 90
2
176
1
 90
0
176
1
 90
2
176
1
 40
0.6
176
1
 40
30.0
176
1
 62
7
420
16777215
176
1
 90
1
176
1
 90
4
176
1
 62
7
176
1
 62
257
176
1
 90
1
176
1
 90
1
176
1
 40
1.0
176
1
 90
8
176
1
 62
7
176
1
 40
1.0
176
1
 90
1
176
1
 90
6
176
1
 90
2
176
1
 62
7
176
1
 90
5
176
1
 90
0
176
1
 90
0
176
1
290
0
176
1
 90
1
176
1
 40
0.0
176
1
 90
0
176
1
290
0
176
1
290
1
176
1
290
1
176
1
290
0
176
1
290
0
176
1
290
0
176
1
290
0
176
1
290
0
176
1
290
0
176
1
 90
50
176
1
 40
0.0
176
1
 40
1.0
176
1
 90
0
176
1
 62
18
420
0
176
1
 90
50
176
1
 90
3
176
1
 62
5
420
255
176
1
290
0
176
1
 90
50
176
1
 90
50
176
1
 90
50
176
1
290
0
176
1
 90
50
176
1
 62
256
176
0
 40
1.0
176
0
 90
2
176
1
  1
strokes_ogs.tif
176
1
290
0
176
1
 40
1.0
176
1
 40
1.0
176
1
  0
VISUALSTYLE
  5
64
102
{ACAD_REACTORS
330
16
102
}
330
16
100
AcDbVisualStyle
  2
Gouraud
 70
2
177
3
291
1
 70
58
 90
2
176
1
 90
2
176
1
 90
0
176
1
 90
2
176
1
 40
0.6
176
1
 40
30.0
176
1
 62
7
420
16777215
176
1
 90
1
176
1
 90
4
176
1
 62
7
176
1
 62
257
176
1
 90
1
176
1
 90
1
176
1
 40
1.0
176
1
 90
8
176
1
 62
7
176
1
 40
1.0
176
1
 90
1
176
1
 90
6
176
1
 90
2
176
1
 62
7
176
1
 90
5
176
1
 90
0
176
1
 90
0
176
1
290
0
176
1
 90
1
176
1
 40
0.0
176
1
 90
0
176
1
290
0
176
1
290
1
176
1
290
1
176
1
290
0
176
1
290
0
176
1
290
0
176
1
290
0
176
1
290
0
176
1
290
0
176
1
 90
50
176
1
 40
0.0
176
1
 40
1.0
176
1
 90
0
176
1
 62
18
420
0
176
1
 90
50
176
1
 90
3
176
1
 62
5
420
255
176
1
290
0
176
1
 90
50
176
1
 90
50
176
1
 90
50
176
1
290
0
176
1
 90
50
176
1
 62
256
176
0
 40
1.0
176
0
 90
2
176
1
  1
strokes_ogs.tif
176
1
290
0
176
1
 40
1.0
176
1
 40
1.0
176
1
  0
VISUALSTYLE
  5
65
102
{ACAD_REACTORS
330
16
102
}
330
16
100
AcDbVisualStyle
  2
GouraudWithEdges
 70
3
177
3
291
1
 70
58
 90
2
176
1
 90
2
176
1
 90
0
176
1
 90
2
176
1
 40
0.6
176
1
 40
30.0
176
1
 62
7
420
16777215
176
1
 90
1
176
1
 90
4
176
1
 62
7
176
1
 62
257
176
1
 90
1
176
1
 90
1
176
1
 40
1.0
176
1
 90
8
176
1
 62
7
176
1
 40
1.0
176
1
 90
1
176
1
 90
6
176
1
 90
2
176
1
 62
7
176
1
 90
5
176
1
 90
0
176
1
 90
0
176
1
290
0
176
1
 90
1
176
1
 40
0.0
176
1
 90
0
176
1
290
0
176
1
290
1
176
1
290
1
176
1
290
0
176
1
290
0
176
1
290
0
176
1
290
0
176
1
290
0
176
1
290
0
176
1
 90
50
176
1
 40
0.0
176
1
 40
1.0
176
1
 90
0
176
1
 62
18
420
0
176
1
 90
50
176
1
 90
3
176
1
 62
5
420
255
176
1
290
0
176
1
 90
50
176
1
 90
50
176
1
 90
50
176
1
290
0
176
1
 90
50
176
1
 62
256
176
0
 40
1.0
176
0
 90
2
176
1
  1
strokes_ogs.tif
176
1
290
0
176
1
 40
1.0
176
1
 40
1.0
176
1
  0
VISUALSTYLE
  5
66
102
{ACAD_REACTORS
330
16
102
}
330
16
100
AcDbVisualStyle
  2
Hidden
 70
6
177
3
291
0
 70
58
 90
2
176
1
 90
2
176
1
 90
0
176
1
 90
1
176
1
 40
0.6
176
1
 40
30.0
176
1
 62
7
420
16777215
176
1
 90
1
176
1
 90
4
176
1
 62
7
176
1
 62
257
176
1
 90
1
176
1
 90
1
176
1
 40
1.0
176
1
 90
8
176
1
 62
7
176
1
 40
1.0
176
1
 90
1
176
1
 90
6
176
1
 90
2
176
1
 62
7
176
1
 90
5
176
1
 90
0
176
1
 90
0
176
1
290
0
176
1
 90
1
176
1
 40
0.0
176
1
 90
0
176
1
290
0
176
1
290
1
176
1
290
1
176
1
290
0
176
1
290
0
176
1
290
0
176
1
290
0
176
1
290
0
176
1
290
0
176
1
 90
50
176
1
 40
0.0
176
1
 40
1.0
176
1
 90
0
176
1
 62
18
420
0
176
1
 90
50
176
1
 90
3
176
1
 62
5
420
255
176
1
290
0
176
1
 90
50
176
1
 90
50
176
1
 90
50
176
1
290
0
176
1
 90
50
176
1
 62
256
176
0
 40
1.0
176
0
 90
2
176
1
  1
strokes_ogs.tif
176
1
290
0
176
1
 40
1.0
176
1
 40
1.0
176
1
  0
VISUALSTYLE
  5
67
102
{ACAD_REACTORS
330
16
102
}
330
16
100
AcDbVisualStyle
  2
JitterOff
 70
20
177
3
291
1
 70
58
 90
2
176
1
 90
2
176
1
 90
0
176
1
 90
2
176
1
 40
0.6
176
1
 40
30.0
176
1
 62
7
420
16777215
176
1
 90
1
176
1
 90
4
176
1
 62
7
176
1
 62
257
176
1
 90
1
176
1
 90
1
176
1
 40
1.0
176
1
 90
8
176
1
 62
7
176
1
 40
1.0
176
1
 90
1
176
1
 90
6
176
1
 90
2
176
1
 62
7
176
1
 90
5
176
1
 90
0
176
1
 90
0
176
1
290
0
176
1
 90
1
176
1
 40
0.0
176
1
 90
0
176
1
290
0
176
1
290
1
176
1
290
1
176
1
290
0
176
1
290
0
176
1
290
0
176
1
290
0
176
1
290
0
176
1
290
0
176
1
 90
50
176
1
 40
0.0
176
1
 40
1.0
176
1
 90
0
176
1
 62
18
420
0
176
1
 90
50
176
1
 90
3
176
1
 62
5
420
255
176
1
290
0
176
1
 90
50
176
1
 90
50
176
1
 90
50
176
1
290
0
176
1
 90
50
176
1
 62
256
176
0
 40
1.0
176
0
 90
2
176
1
  1
strokes_ogs.tif
176
1
290
0
176
1
 40
1.0
176
1
 40
1.0
176
1
  0
VISUALSTYLE
  5
68
102
{ACAD_REACTORS
330
16
102
}
330
16
100
AcDbVisualStyle
  2
Linepattern
 70
14
177
3
291
1
 70
58
 90
2
176
1
 90
2
176
1
 90
0
176
1
 90
2
176
1
 40
0.6
176
1
 40
30.0
176
1
 62
7
420
16777215
176
1
 90
1
176
1
 90
4
176
1
 62
7
176
1
 62
257
176
1
 90
1
176
1
 90
1
176
1
 40
1.0
176
1
 90
8
176
1
 62
7
176
1
 40
1.0
176
1
 90
1
176
1
 90
6
176
1
 90
2
176
1
 62
7
176
1
 90
5
176
1
 90
0
176
1
 90
0
176
1
290
0
176
1
 90
1
176
1
 40
0.0
176
1
 90
0
176
1
290
0
176
1
290
1
176
1
290
1
176
1
290
0
176
1
290
0
176
1
290
0
176
1
290
0
176
1
290
0
176
1
290
0
176
1
 90
50
176
1
 40
0.0
176
1
 40
1.0
176
1
 90
0
176
1
 62
18
420
0
176
1
 90
50
176
1
 90
3
176
1
 62
5
420
255
176
1
290
0
176
1
 90
50
176
1
 90
50
176
1
 90
50
176
1
290
0
176
1
 90
50
176
1
 62
256
176
0
 40
1.0
176
0
 90
2
176
1
  1
strokes_ogs.tif
176
1
290
0
176
1
 40
1.0
176
1
 40
1.0
176
1
  0
VISUALSTYLE
  5
69
102
{ACAD_REACTORS
330
16
102
}
330
16
100
AcDbVisualStyle
  2
Modeling
 70
10
177
3
291
0
 70
58
 90
2
176
1
 90
2
176
1
 90
0
176
1
 90
2
176
1
 40
0.6
176
1
 40
30.0
176
1
 62
7
420
16777215
176
1
 90
1
176
1
 90
4
176
1
 62
7
176
1
 62
257
176
1
 90
1
176
1
 90
1
176
1
 40
1.0
176
1
 90
8
176
1
 62
7
176
1
 40
1.0
176
1
 90
1
176
1
 90
6
176
1
 90
2
176
1
 62
7
176
1
 90
5
176
1
 90
0
176
1
 90
0
176
1
290
0
176
1
 90
1
176
1
 40
0.0
176
1
 90
0
176
1
290
0
176
1
290
1
176
1
290
1
176
1
290
0
176
1
290
0
176
1
290
0
176
1
290
0
176
1
290
0
176
1
290
0
176
1
 90
50
176
1
 40
0.0
176
1
 40
1.0
176
1
 90
0
176
1
 62
18
420
0
176
1
 90
50
176
1
 90
3
176
1
 62
5
420
255
176
1
290
0
176
1
 90
50
176
1
 90
50
176
1
 90
50
176
1
290
0
176
1
 90
50
176
1
 62
256
176
0
 40
1.0
176
0
 90
2
176
1
  1
strokes_ogs.tif
176
1
290
0
176
1
 40
1.0
176
1
 40
1.0
176
1
  0
VISUALSTYLE
  5
6A
102
{ACAD_REACTORS
330
16
102
}
330
16
100
AcDbVisualStyle
  2
OverhangOff
 70
21
177
3
291
1
 70
58
 90
2
176
1
 90
2
176
1
 90
0
176
1
 90
2
176
1
 40
0.6
176
1
 40
30.0
176
1
 62
7
420
16777215
176
1
 90
1
176
1
 90
4
176
1
 62
7
176
1
 62
257
176
1
 90
1
176
1
 90
1
176
1
 40
1.0
176
1
 90
8
176
1
 62
7
176
1
 40
1.0
176
1
 90
1
176
1
 90
6
176
1
 90
2
176
1
 62
7
176
1
 90
5
176
1
 90
0
176
1
 90
0
176
1
290
0
176
1
 90
1
176
1
 40
0.0
176
1
 90
0
176
1
290
0
176
1
290
1
176
1
290
1
176
1
290
0
176
1
290
0
176
1
290
0
176
1
290
0
176
1
290
0
176
1
290
0
176
1
 90
50
176
1
 40
0.0
176
1
 40
1.0
176
1
 90
0
176
1
 62
18
420
0
176
1
 90
50
176
1
 90
3
176
1
 62
5
420
255
176
1
290
0
176
1
 90
50
176
1
 90
50
176
1
 90
50
176
1
290
0
176
1
 90
50
176
1
 62
256
176
0
 40
1.0
176
0
 90
2
176
1
  1
strokes_ogs.tif
176
1
290
0
176
1
 40
1.0
176
1
 40
1.0
176
1
  0
VISUALSTYLE
  5
6B
102
{ACAD_REACTORS
330
16
102
}
330
16
100
AcDbVisualStyle
  2
Realistic
 70
8
177
3
291
0
 70
58
 90
2
176
1
 90
2
176
1
 90
0
176
1
 90
2
176
1
 40
0.6
176
1
 40
30.0
176
1
 62
7
420
16777215
176
1
 90
1
176
1
 90
4
176
1
 62
7
176
1
 62
257
176
1
 90
1
176
1
 90
1
176
1
 40
1.0
176
1
 90
8
176
1
 62
7
176
1
 40
1.0
176
1
 90
1
176
1
 90
6
176
1
 90
2
176
1
 62
7
176
1
 90
5
176
1
 90
0
176
1
 90
0
176
1
290
0
176
1
 90
1
176
1
 40
0.0
176
1
 90
0
176
1
290
0
176
1
290
1
176
1
290
1
176
1
290
0
176
1
290
0
176
1
290
0
176
1
290
0
176
1
290
0
176
1
290
0
176
1
 90
50
176
1
 40
0.0
176
1
 40
1.0
176
1
 90
0
176
1
 62
18
420
0
176
1
 90
50
176
1
 90
3
176
1
 62
5
420
255
176
1
290
0
176
1
 90
50
176
1
 90
50
176
1
 90
50
176
1
290
0
176
1
 90
50
176
1
 62
256
176
0
 40
1.0
176
0
 90
2
176
1
  1
strokes_ogs.tif
176
1
290
0
176
1
 40
1.0
176
1
 40
1.0
176
1
  0
VISUALSTYLE
  5
6C
102
{ACAD_REACTORS
330
16
102
}
330
16
100
AcDbVisualStyle
  2
Shaded
 70
27
177
3
291
0
 70
58
 90
2
176
1
 90
2
176
1
 90
0
176
1
 90
2
176
1
 40
0.6
176
1
 40
30.0
176
1
 62
7
420
16777215
176
1
 90
1
176
1
 90
4
176
1
 62
7
176
1
 62
257
176
1
 90
1
176
1
 90
1
176
1
 40
1.0
176
1
 90
8
176
1
 62
7
176
1
 40
1.0
176
1
 90
1
176
1
 90
6
176
1
 90
2
176
1
 62
7
176
1
 90
5
176
1
 90
0
176
1
 90
0
176
1
290
0
176
1
 90
1
176
1
 40
0.0
176
1
 90
0
176
1
290
0
176
1
290
1
176
1
290
1
176
1
290
0
176
1
290
0
176
1
290
0
176
1
290
0
176
1
290
0
176
1
290
0
176
1
 90
50
176
1
 40
0.0
176
1
 40
1.0
176
1
 90
0
176
1
 62
18
420
0
176
1
 90
50
176
1
 90
3
176
1
 62
5
420
255
176
1
290
0
176
1
 90
50
176
1
 90
50
176
1
 90
50
176
1
290
0
176
1
 90
50
176
1
 62
256
176
0
 40
1.0
176
0
 90
2
176
1
  1
strokes_ogs.tif
176
1
290
0
176
1
 40
1.0
176
1
 40
1.0
176
1
  0
VISUALSTYLE
  5
6D
102
{ACAD_REACTORS
330
16
102
}
330
16
100
AcDbVisualStyle
  2
Shaded with edges
 70
26
177
3
291
0
 70
58
 90
2
176
1
 90
2
176
1
 90
0
176
1
 90
2
176
1
 40
0.6
176
1
 40
30.0
176
1
 62
7
420
16777215
176
1
 90
1
176
1
 90
4
176
1
 62
7
176
1
 62
257
176
1
 90
1
176
1
 90
1
176
1
 40
1.0
176
1
 90
8
176
1
 62
7
176
1
 40
1.0
176
1
 90
1
176
1
 90
6
176
1
 90
2
176
1
 62
7
176
1
 90
5
176
1
 90
0
176
1
 90
0
176
1
290
0
176
1
 90
1
176
1
 40
0.0
176
1
 90
0
176
1
290
0
176
1
290
1
176
1
290
1
176
1
290
0
176
1
290
0
176
1
290
0
176
1
290
0
176
1
290
0
176
1
290
0
176
1
 90
50
176
1
 40
0.0
176
1
 40
1.0
176
1
 90
0
176
1
 62
18
420
0
176
1
 90
50
176
1
 90
3
176
1
 62
5
420
255
176
1
290
0
176
1
 90
50
176
1
 90
50
176
1
 90
50
176
1
290
0
176
1
 90
50
176
1
 62
256
176
0
 40
1.0
176
0
 90
2
176
1
  1
strokes_ogs.tif
176
1
290
0
176
1
 40
1.0
176
1
 40
1.0
176
1
  0
VISUALSTYLE
  5
6E
102
{ACAD_REACTORS
330
16
102
}
330
16
100
AcDbVisualStyle
  2
Shades of Gray
 70
23
177
3
291
0
 70
58
 90
2
176
1
 90
2
176
1
 90
0
176
1
 90
2
176
1
 40
0.6
176
1
 40
30.0
176
1
 62
7
420
16777215
176
1
 90
1
176
1
 90
4
176
1
 62
7
176
1
 62
257
176
1
 90
1
176
1
 90
1
176
1
 40
1.0
176
1
 90
8
176
1
 62
7
176
1
 40
1.0
176
1
 90
1
176
1
 90
6
176
1
 90
2
176
1
 62
7
176
1
 90
5
176
1
 90
0
176
1
 90
0
176
1
290
0
176
1
 90
1
176
1
 40
0.0
176
1
 90
0
176
1
290
0
176
1
290
1
176
1
290
1
176
1
290
0
176
1
290
0
176
1
290
0
176
1
290
0
176
1
290
0
176
1
290
0
176
1
 90
50
176
1
 40
0.0
176
1
 40
1.0
176
1
 90
0
176
1
 62
18
420
0
176
1
 90
50
176
1
 90
3
176
1
 62
5
420
255
176
1
290
0
176
1
 90
50
176
1
 90
50
176
1
 90
50
176
1
290
0
176
1
 90
50
176
1
 62
256
176
0
 40
1.0
176
0
 90
2
176
1
  1
strokes_ogs.tif
176
1
290
0
176
1
 40
1.0
176
1
 40
1.0
176
1
  0
VISUALSTYLE
  5
6F
102
{ACAD_REACTORS
330
16
102
}
330
16
100
AcDbVisualStyle
  2
Sketchy
 70
24
177
3
291
0
 70
58
 90
2
176
1
 90
2
176
1
 90
0
176
1
 90
1
176
1
 40
0.6
176
1
 40
30.0
176
1
 62
7
420
16777215
176
1
 90
1
176
1
 90
4
176
1
 62
7
176
1
 62
257
176
1
 90
1
176
1
 90
1
176
1
 40
1.0
176
1
 90
8
176
1
 62
7
176
1
 40
1.0
176
1
 90
1
176
1
 90
6
176
1
 90
2
176
1
 62
7
176
1
 90
5
176
1
 90
0
176
1
 90
0
176
1
290
0
176
1
 90
1
176
1
 40
0.0
176
1
 90
0
176
1
290
0
176
1
290
1
176
1
290
1
176
1
290
0
176
1
290
0
176
1
290
0
176
1
290
0
176
1
290
0
176
1
290
0
176
1
 90
50
176
1
 40
0.0
176
1
 40
1.0
176
1
 90
0
176
1
 62
18
420
0
176
1
 90
50
176
1
 90
3
176
1
 62
5
420
255
176
1
290
0
176
1
 90
50
176
1
 90
50
176
1
 90
50
176
1
290
0
176
1
 90
50
176
1
 62
256
176
0
 40
1.0
176
0
 90
2
176
1
  1
strokes_ogs.tif
176
1
290
0
176
1
 40
1.0
176
1
 40
1.0
176
1
  0
VISUALSTYLE
  5
70
102
{ACAD_REACTORS
330
16
102
}
330
16
100
AcDbVisualStyle
  2
Thicken
 70
13
177
3
291
1
 70
58
 90
2
176
1
 90
2
176
1
 90
0
176
1
 90
2
176
1
 40
0.6
176
1
 40
30.0
176
1
 62
7
420
16777215
176
1
 90
1
176
1
 90
4
176
1
 62
7
176
1
 62
257
176
1
 90
1
176
1
 90
1
176
1
 40
1.0
176
1
 90
8
176
1
 62
7
176
1
 40
1.0
176
1
 90
1
176
1
 90
6
176
1
 90
2
176
1
 62
7
176
1
 90
5
176
1
 90
0
176
1
 90
0
176
1
290
0
176
1
 90
1
176
1
 40
0.0
176
1
 90
0
176
1
290
0
176
1
290
1
176
1
290
1
176
1
290
0
176
1
290
0
176
1
290
0
176
1
290
0
176
1
290
0
176
1
290
0
176
1
 90
50
176
1
 40
0.0
176
1
 40
1.0
176
1
 90
0
176
1
 62
18
420
0
176
1
 90
50
176
1
 90
3
176
1
 62
5
420
255
176
1
290
0
176
1
 90
50
176
1
 90
50
176
1
 90
50
176
1
290
0
176
1
 90
50
176
1
 62
256
176
0
 40
1.0
176
0
 90
2
176
1
  1
strokes_ogs.tif
176
1
290
0
176
1
 40
1.0
176
1
 40
1.0
176
1
  0
VISUALSTYLE
  5
71
102
{ACAD_REACTORS
330
16
102
}
330
16
100
AcDbVisualStyle
  2
Wireframe
 70
5
177
3
291
0
 70
58
 90
2
176
1
 90
2
176
1
 90
0
176
1
 90
0
176
1
 40
0.6
176
1
 40
30.0
176
1
 62
7
420
16777215
176
1
 90
1
176
1
 90
4
176
1
 62
7
176
1
 62
257
176
1
 90
1
176
1
 90
1
176
1
 40
1.0
176
1
 90
8
176
1
 62
7
176
1
 40
1.0
176
1
 90
1
176
1
 90
6
176
1
 90
2
176
1
 62
7
176
1
 90
5
176
1
 90
0
176
1
 90
0
176
1
290
0
176
1
 90
1
176
1
 40
0.0
176
1
 90
0
176
1
290
0
176
1
290
1
176
1
290
1
176
1
290
0
176
1
290
0
176
1
290
0
176
1
290
0
176
1
290
0
176
1
290
0
176
1
 90
50
176
1
 40
0.0
176
1
 40
1.0
176
1
 90
0
176
1
 62
18
420
0
176
1
 90
50
176
1
 90
3
176
1
 62
5
420
255
176
1
290
0
176
1
 90
50
176
1
 90
50
176
1
 90
50
176
1
290
0
176
1
 90
50
176
1
 62
256
176
0
 40
1.0
176
0
 90
2
176
1
  1
strokes_ogs.tif
176
1
290
0
176
1
 40
1.0
176
1
 40
1.0
176
1
  0
VISUALSTYLE
  5
72
102
{ACAD_REACTORS
330
16
102
}
330
16
100
AcDbVisualStyle
  2
X-Ray
 70
25
177
3
291
0
 70
58
 90
2
176
1
 90
2
176
1
 90
0
176
1
 90
2
176
1
 40
0.5
176
1
 40
30.0
176
1
 62
7
420
16777215
176
1
 90
1
176
1
 90
4
176
1
 62
7
176
1
 62
257
176
1
 90
1
176
1
 90
1
176
1
 40
1.0
176
1
 90
8
176
1
 62
7
176
1
 40
1.0
176
1
 90
1
176
1
 90
6
176
1
 90
2
176
1
 62
7
176
1
 90
5
176
1
 90
0
176
1
 90
0
176
1
290
0
176
1
 90
1
176
1
 40
0.0
176
1
 90
0
176
1
290
0
176
1
290
1
176
1
290
1
176
1
290
0
176
1
290
0
176
1
290
0
176
1
290
0
176
1
290
0
176
1
290
0
176
1
 90
50
176
1
 40
0.0
176
1
 40
1.0
176
1
 90
0
176
1
 62
18
420
0
176
1
 90
50
176
1
 90
3
176
1
 62
5
420
255
176
1
290
0
176
1
 90
50
176
1
 90
50
176
1
 90
50
176
1
290
0
176
1
 90
50
176
1
 62
256
176
0
 40
1.0
176
0
 90
2
176
1
  1
strokes_ogs.tif
176
1
290
0
176
1
 40
1.0
176
1
 40
1.0
176
1
  0
DICTIONARYVAR
  5
BD
330
2D
100
DictionaryVariables
280
0
  1
1.4.4 @ 2026-09-29T04:13:46.646042+00:00
  0
ENDSEC
  0
EOF
