  0
SECTION
  2
HEADER
  9
$ACADVER
  1
AC1032
  9
$ACADMAINTVER
 90
4
  9
$DWGCODEPAGE
  3
ANSI_1252
  9
$LASTSAVEDBY
  1
ezdxf
  9
$REQUIREDVERSIONS
160
0
  9
$INSBASE
 10
0.0
 20
0.0
 30
0.0
  9
$EXTMIN
 10
1e+20
 20
1e+20
 30
1e+20
  9
$EXTMAX
 10
-1e+20
 20
-1e+20
 30
-1e+20
  9
$LIMMIN
 10
0.0
 20
0.0
  9
$LIMMAX
 10
420.0
 20
297.0
  9
$ORTHOMODE
 70
0
  9
$REGENMODE
 70
1
  9
$FILLMODE
 70
1
  9
$QTEXTMODE
 70
0
  9
$MIRRTEXT
 70
1
  9
$LTSCALE
 40
1.0
  9
$ATTMODE
 70
1
  9
$TEXTSIZE
 40
2.5
  9
$TRACEWID
 40
1.0
  9
$TEXTSTYLE
  7
OpenSans
  9
$CLAYER
  8
0
  9
$CELTYPE
  6
ByLayer
  9
$CECOLOR
 62
256
  9
$CELTSCALE
 40
1.0
  9
$DISPSILH
 70
0
  9
$DIMSCALE
 40
1.0
  9
$DIMASZ
 40
0.175
  9
$DIMEXO
 40
0.125
  9
$DIMDLI
 40
3.75
  9
$DIMRND
 40
0.0
  9
$DIMDLE
 40
0.0
  9
$DIMEXE
 40
0.375
  9
$DIMTP
 40
0.0
  9
$DIMTM
 40
0.0
  9
$DIMTXT
 40
0.25
  9
$DIMCEN
 40
2.5
  9
$DIMTSZ
 40
0.0
  9
$DIMTOL
 70
0
  9
$DIMLIM
 70
0
  9
$DIMTIH
 70
0
  9
$DIMTOH
 70
0
  9
$DIMSE1
 70
0
  9
$DIMSE2
 70
0
  9
$DIMTAD
 70
1
  9
$DIMZIN
 70
12
  9
$DIMBLK
  1
ARCHTICK
  9
$DIMASO
 70
1
  9
$DIMSHO
 70
1
  9
$DIMPOST
  1

  9
$DIMAPOST
  1

  9
$DIMALT
 70
0
  9
$DIMALTD
 70
3
  9
$DIMALTF
 40
0.03937007874
  9
$DIMLFAC
 40
100.0
  9
$DIMTOFL
 70
1
  9
$DIMTVP
 40
0.0
  9
$DIMTIX
 70
0
  9
$DIMSOXD
 70
0
  9
$DIMSAH
 70
0
  9
$DIMBLK1
  1

  9
$DIMBLK2
  1

  9
$DIMSTYLE
  2
EZDXF
  9
$DIMCLRD
 70
0
  9
$DIMCLRE
 70
0
  9
$DIMCLRT
 70
0
  9
$DIMTFAC
 40
0.5
  9
$DIMGAP
 40
0.1
  9
$DIMJUST
 70
0
  9
$DIMSD1
 70
0
  9
$DIMSD2
 70
0
  9
$DIMTOLJ
 70
0
  9
$DIMTZIN
 70
8
  9
$DIMALTZ
 70
0
  9
$DIMALTTZ
 70
0
  9
$DIMUPT
 70
1
  9
$DIMDEC
 70
2
  9
$DIMTDEC
 70
2
  9
$DIMALTU
 70
2
  9
$DIMALTTD
 70
3
  9
$DIMTXSTY
  7
OpenSansCondensed-Light
  9
$DIMAUNIT
 70
0
  9
$DIMADEC
 70
2
  9
$DIMALTRND
 40
0.0
  9
$DIMAZIN
 70
3
  9
$DIMDSEP
 70
46
  9
$DIMATFIT
 70
3
  9
$DIMFRAC
 70
0
  9
$DIMLDRBLK
  1

  9
$DIMLUNIT
 70
2
  9
$DIMLWD
 70
-2
  9
$DIMLWE
 70
-2
  9
$DIMTMOVE
 70
2
  9
$DIMFXL
 40
1.0
  9
$DIMFXLON
 70
0
  9
$DIMJOGANG
 40
0.785398163397
  9
$DIMTFILL
 70
0
  9
$DIMTFILLCLR
 70
0
  9
$DIMARCSYM
 70
0
  9
$DIMLTYPE
  6

  9
$DIMLTEX1
  6

  9
$DIMLTEX2
  6

  9
$DIMTXTDIRECTION
 70
0
  9
$LUNITS
 70
2
  9
$LUPREC
 70
4
  9
$SKETCHINC
 40
1.0
  9
$FILLETRAD
 40
10.0
  9
$AUNITS
 70
0
  9
$AUPREC
 70
2
  9
$MENU
  1
.
  9
$ELEVATION
 40
0.0
  9
$PELEVATION
 40
0.0
  9
$THICKNESS
 40
0.0
  9
$LIMCHECK
 70
0
  9
$CHAMFERA
 40
0.0
  9
$CHAMFERB
 40
0.0
  9
$CHAMFERC
 40
0.0
  9
$CHAMFERD
 40
0.0
  9
$SKPOLY
 70
0
  9
$TDCREATE
 40
2461313.476354167
  9
$TDUCREATE
 40
2458532.153996898
  9
$TDUPDATE
 40
2461313.476354167
  9
$TDUUPDATE
 40
2458532.1544311
  9
$TDINDWG
 40
0.0
  9
$TDUSRTIMER
 40
0.0
  9
$USRTIMER
 70
1
  9
$ANGBASE
 50
0.0
  9
$ANGDIR
 70
0
  9
$PDMODE
 70
0
  9
$PDSIZE
 40
0.0
  9
$PLINEWID
 40
0.0
  9
$SPLFRAME
 70
0
  9
$SPLINETYPE
 70
6
  9
$SPLINESEGS
 70
8
  9
$HANDSEED
  5
D2
  9
$SURFTAB1
 70
6
  9
$SURFTAB2
 70
6
  9
$SURFTYPE
 70
6
  9
$SURFU
 70
6
  9
$SURFV
 70
6
  9
$UCSBASE
  2

  9
$UCSNAME
  2

  9
$UCSORG
 10
0.0
 20
0.0
 30
0.0
  9
$UCSXDIR
 10
1.0
 20
0.0
 30
0.0
  9
$UCSYDIR
 10
0.0
 20
1.0
 30
0.0
  9
$UCSORTHOREF
  2

  9
$UCSORTHOVIEW
 70
0
  9
$UCSORGTOP
 10
0.0
 20
0.0
 30
0.0
  9
$UCSORGBOTTOM
 10
0.0
 20
0.0
 30
0.0
  9
$UCSORGLEFT
 10
0.0
 20
0.0
 30
0.0
  9
$UCSORGRIGHT
 10
0.0
 20
0.0
 30
0.0
  9
$UCSORGFRONT
 10
0.0
 20
0.0
 30
0.0
  9
$UCSORGBACK
 10
0.0
 20
0.0
 30
0.0
  9
$PUCSBASE
  2

  9
$PUCSNAME
  2

  9
$PUCSORG
 10
0.0
 20
0.0
 30
0.0
  9
$PUCSXDIR
 10
1.0
 20
0.0
 30
0.0
  9
$PUCSYDIR
 10
0.0
 20
1.0
 30
0.0
  9
$PUCSORTHOREF
  2

  9
$PUCSORTHOVIEW
 70
0
  9
$PUCSORGTOP
 10
0.0
 20
0.0
 30
0.0
  9
$PUCSORGBOTTOM
 10
0.0
 20
0.0
 30
0.0
  9
$PUCSORGLEFT
 10
0.0
 20
0.0
 30
0.0
  9
$PUCSORGRIGHT
 10
0.0
 20
0.0
 30
0.0
  9
$PUCSORGFRONT
 10
0.0
 20
0.0
 30
0.0
  9
$PUCSORGBACK
 10
0.0
 20
0.0
 30
0.0
  9
$USERI1
 70
0
  9
$USERI2
 70
0
  9
$USERI3
 70
0
  9
$USERI4
 70
0
  9
$USERI5
 70
0
  9
$USERR1
 40
0.0
  9
$USERR2
 40
0.0
  9
$USERR3
 40
0.0
  9
$USERR4
 40
0.0
  9
$USERR5
 40
0.0
  9
$WORLDVIEW
 70
1
  9
$SHADEDGE
 70
3
  9
$SHADEDIF
 70
70
  9
$TILEMODE
 70
1
  9
$MAXACTVP
 70
64
  9
$PINSBASE
 10
0.0
 20
0.0
 30
0.0
  9
$PLIMCHECK
 70
0
  9
$PEXTMIN
 10
1e+20
 20
1e+20
 30
1e+20
  9
$PEXTMAX
 10
-1e+20
 20
-1e+20
 30
-1e+20
  9
$PLIMMIN
 10
0.0
 20
0.0
  9
$PLIMMAX
 10
420.0
 20
297.0
  9
$UNITMODE
 70
0
  9
$VISRETAIN
 70
1
  9
$PLINEGEN
 70
0
  9
$PSLTSCALE
 70
1
  9
$TREEDEPTH
 70
3020
  9
$CMLSTYLE
  2
Standard
  9
$CMLJUST
 70
0
  9
$CMLSCALE
 40
20.0
  9
$PROXYGRAPHICS
 70
1
  9
$MEASUREMENT
 70
1
  9
$CELWEIGHT
370
-1
  9
$ENDCAPS
280
0
  9
$JOINSTYLE
280
0
  9
$LWDISPLAY
290
0
  9
$INSUNITS
 70
2
  9
$HYPERLINKBASE
  1

  9
$STYLESHEET
  1

  9
$XEDIT
290
1
  9
$CEPSNTYPE
380
0
  9
$PSTYLEMODE
290
1
  9
$FINGERPRINTGUID
  2
{3D6A1BF4-5F3C-4390-A49F-0231F2FB1245}
  9
$VERSIONGUID
  2
{E736E29F-B2B7-4B28-B4D8-D42148157B13}
  9
$EXTNAMES
290
1
  9
$PSVPSCALE
 40
0.0
  9
$OLESTARTUP
290
0
  9
$SORTENTS
280
127
  9
$INDEXCTL
280
0
  9
$HIDETEXT
280
1
  9
$XCLIPFRAME
280
1
  9
$HALOGAP
280
0
  9
$OBSCOLOR
 70
257
  9
$OBSLTYPE
280
0
  9
$INTERSECTIONDISPLAY
280
0
  9
$INTERSECTIONCOLOR
 70
257
  9
$DIMASSOC
280
2
  9
$PROJECTNAME
  1

  9
$CAMERADISPLAY
290
0
  9
$LENSLENGTH
 40
50.0
  9
$CAMERAHEIGHT
 40
0.0
  9
$STEPSPERSEC
 40
24.0
  9
$STEPSIZE
 40
100.0
  9
$3DDWFPREC
 40
2.0
  9
$PSOLWIDTH
 40
0.005
  9
$PSOLHEIGHT
 40
0.08
  9
$LOFTANG1
 40
1.570796326795
  9
$LOFTANG2
 40
1.570796326795
  9
$LOFTMAG1
 40
0.0
  9
$LOFTMAG2
 40
0.0
  9
$LOFTPARAM
 70
7
  9
$LOFTNORMALS
280
1
  9
$LATITUDE
 40
37.795
  9
$LONGITUDE
 40
-122.394
  9
$NORTHDIRECTION
 40
0.0
  9
$TIMEZONE
 70
-8000
  9
$LIGHTGLYPHDISPLAY
280
1
  9
$TILEMODELIGHTSYNCH
280
1
  9
$CMATERIAL
347
20
  9
$SOLIDHIST
280
0
  9
$SHOWHIST
280
1
  9
$DWFFRAME
280
2
  9
$DGNFRAME
280
2
  9
$REALWORLDSCALE
290
1
  9
$INTERFERECOLOR
 62
256
  9
$CSHADOW
280
0
  9
$SHADOWPLANELOCATION
 40
0.0
  0
ENDSEC
  0
SECTION
  2
CLASSES
  0
CLASS
  1
ACDBDICTIONARYWDFLT
  2
AcDbDictionaryWithDefault
  3
ObjectDBX Classes
 90
0
 91
0
280
0
281
0
  0
CLASS
  1
SUN
  2
AcDbSun
  3
SCENEOE
 90
1153
 91
0
280
0
281
0
  0
CLASS
  1
VISUALSTYLE
  2
AcDbVisualStyle
  3
ObjectDBX Classes
 90
4095
 91
0
280
0
281
0
  0
CLASS
  1
MATERIAL
  2
AcDbMaterial
  3
ObjectDBX Classes
 90
1153
 91
0
280
0
281
0
  0
CLASS
  1
SCALE
  2
AcDbScale
  3
ObjectDBX Classes
 90
1153
 91
0
280
0
281
0
  0
CLASS
  1
TABLESTYLE
  2
AcDbTableStyle
  3
ObjectDBX Classes
 90
4095
 91
0
280
0
281
0
  0
CLASS
  1
MLEADERSTYLE
  2
AcDbMLeaderStyle
  3
ACDB_MLEADERSTYLE_CLASS
 90
4095
 91
0
280
0
281
0
  0
CLASS
  1
DICTIONARYVAR
  2
AcDbDictionaryVar
  3
ObjectDBX Classes
 90
0
 91
0
280
0
281
0
  0
CLASS
  1
CELLSTYLEMAP
  2
AcDbCellStyleMap
  3
ObjectDBX Classes
 90
1152
 91
0
280
0
281
0
  0
CLASS
  1
MENTALRAYRENDERSETTINGS
  2
AcDbMentalRayRenderSettings
  3
SCENEOE
 90
1024
 91
0
280
0
281
0
  0
CLASS
  1
ACDBDETAILVIEWSTYLE
  2
AcDbDetailViewStyle
  3
ObjectDBX Classes
 90
1025
 91
0
280
0
281
0
  0
CLASS
  1
ACDBSECTIONVIEWSTYLE
  2
AcDbSectionViewStyle
  3
ObjectDBX Classes
 90
1025
 91
0
280
0
281
0
  0
CLASS
  1
RASTERVARIABLES
  2
AcDbRasterVariables
  3
ISM
 90
0
 91
0
280
0
281
0
  0
CLASS
  1
LAYOUT
  2
AcDbLayout
  3
ObjectDBX Classes
 90
0
 91
0
280
0
281
0
  0
CLASS
  1
ACDBPLACEHOLDER
  2
AcDbPlaceHolder
  3
ObjectDBX Classes
 90
0
 91
0
280
0
281
0
  0
ENDSEC
  0
SECTION
  2
TABLES
  0
TABLE
  2
VPORT
  5
8
330
0
100
AcDbSymbolTable
 70
1
  0
VPORT
  5
23
330
8
100
AcDbSymbolTableRecord
100
AcDbViewportTableRecord
  2
*Active
 70
0
 10
0.0
 20
0.0
 11
1.0
 21
1.0
 12
0.0
 22
0.0
 13
0.0
 23
0.0
 14
0.5
 24
0.5
 15
0.5
 25
0.5
 16
0.0
 26
0.0
 36
1.0
 17
0.0
 27
0.0
 37
0.0
 40
1000.0
 41
1.34
 42
50.0
 43
0.0
 44
0.0
 50
0.0
 51
0.0
 71
0
 72
1000
 73
1
 74
3
 75
0
 76
0
 77
0
 78
0
281
0
 65
0
146
0.0
  0
ENDTAB
  0
TABLE
  2
LTYPE
  5
2
330
0
100
AcDbSymbolTable
 70
21
  0
LTYPE
  5
24
330
2
100
AcDbSymbolTableRecord
100
AcDbLinetypeTableRecord
  2
ByBlock
 70
0
  3

 72
65
 73
0
 40
0.0
  0
LTYPE
  5
25
330
2
100
AcDbSymbolTableRecord
100
AcDbLinetypeTableRecord
  2
ByLayer
 70
0
  3

 72
65
 73
0
 40
0.0
  0
LTYPE
  5
26
330
2
100
AcDbSymbolTableRecord
100
AcDbLinetypeTableRecord
  2
Continuous
 70
0
  3

 72
65
 73
0
 40
0.0
  0
LTYPE
  5
2F
330
2
100
AcDbSymbolTableRecord
100
AcDbLinetypeTableRecord
  2
CENTER
 70
0
  3
Center ____ _ ____ _ ____ _ ____ _ ____ _ ____
 72
65
 73
4
 40
5.08
 49
3.175
 74
0
 49
-0.635
 74
0
 49
0.635
 74
0
 49
-0.635
 74
0
  0
LTYPE
  5
30
330
2
100
AcDbSymbolTableRecord
100
AcDbLinetypeTableRecord
  2
CENTERX2
 70
0
  3
Center (2x) ________  __  ________  __  ________
 72
65
 73
4
 40
8.89
 49
6.35
 74
0
 49
-0.635
 74
0
 49
1.27
 74
0
 49
-0.635
 74
0
  0
LTYPE
  5
31
330
2
100
AcDbSymbolTableRecord
100
AcDbLinetypeTableRecord
  2
CENTER2
 70
0
  3
Center (.5x) ____ _ ____ _ ____ _ ____ _ ____
 72
65
 73
4
 40
2.54
 49
1.587
 74
0
 49
-0.318
 74
0
 49
0.318
 74
0
 49
-0.318
 74
0
  0
LTYPE
  5
32
330
2
100
AcDbSymbolTableRecord
100
AcDbLinetypeTableRecord
  2
DASHED
 70
0
  3
Dashed __ __ __ __ __ __ __ __ __ __ __ __ __ _
 72
65
 73
2
 40
1.524
 49
1.27
 74
0
 49
-0.254
 74
0
  0
LTYPE
  5
33
330
2
100
AcDbSymbolTableRecord
100
AcDbLinetypeTableRecord
  2
DASHEDX2
 70
0
  3
Dashed (2x) ____  ____  ____  ____  ____  ____
 72
65
 73
2
 40
3.048
 49
2.54
 74
0
 49
-0.508
 74
0
  0
LTYPE
  5
34
330
2
100
AcDbSymbolTableRecord
100
AcDbLinetypeTableRecord
  2
DASHED2
 70
0
  3
Dashed (.5x) _ _ _ _ _ _ _ _ _ _ _ _ _ _
 72
65
 73
2
 40
0.762
 49
0.635
 74
0
 49
-0.127
 74
0
  0
LTYPE
  5
35
330
2
100
AcDbSymbolTableRecord
100
AcDbLinetypeTableRecord
  2
PHANTOM
 70
0
  3
Phantom ______  __  __  ______  __  __  ______
 72
65
 73
6
 40
6.35
 49
3.175
 74
0
 49
-0.635
 74
0
 49
0.635
 74
0
 49
-0.635
 74
0
 49
0.635
 74
0
 49
-0.635
 74
0
  0
LTYPE
  5
36
330
2
100
AcDbSymbolTableRecord
100
AcDbLinetypeTableRecord
  2
PHANTOMX2
 70
0
  3
Phantom (2x)____________    ____    ____    ____________
 72
65
 73
6
 40
10.795
 49
6.35
 74
0
 49
-0.635
 74
0
 49
1.27
 74
0
 49
-0.635
 74
0
 49
1.27
 74
0
 49
-0.635
 74
0
  0
LTYPE
  5
37
330
2
100
AcDbSymbolTableRecord
100
AcDbLinetypeTableRecord
  2
PHANTOM2
 70
0
  3
Phantom (.5x) ___ _ _ ___ _ _ ___ _ _ ___ _ _ ___
 72
65
 73
6
 40
3.175
 49
1.587
 74
0
 49
-0.318
 74
0
 49
0.318
 74
0
 49
-0.318
 74
0
 49
0.318
 74
0
 49
-0.318
 74
0
  0
LTYPE
  5
38
330
2
100
AcDbSymbolTableRecord
100
AcDbLinetypeTableRecord
  2
DASHDOT
 70
0
  3
Dash dot __ . __ . __ . __ . __ . __ . __ . __
 72
65
 73
4
 40
3.556
 49
2.54
 74
0
 49
-0.508
 74
0
 49
0.0
 74
0
 49
-0.508
 74
0
  0
LTYPE
  5
39
330
2
100
AcDbSymbolTableRecord
100
AcDbLinetypeTableRecord
  2
DASHDOTX2
 70
0
  3
Dash dot (2x) ____  .  ____  .  ____  .  ____
 72
65
 73
4
 40
6.096
 49
5.08
 74
0
 49
-0.508
 74
0
 49
0.0
 74
0
 49
-0.508
 74
0
  0
LTYPE
  5
3A
330
2
100
AcDbSymbolTableRecord
100
AcDbLinetypeTableRecord
  2
DASHDOT2
 70
0
  3
Dash dot (.5x) _ . _ . _ . _ . _ . _ . _ . _
 72
65
 73
4
 40
1.778
 49
1.27
 74
0
 49
-0.254
 74
0
 49
0.0
 74
0
 49
-0.254
 74
0
  0
LTYPE
  5
3B
330
2
100
AcDbSymbolTableRecord
100
AcDbLinetypeTableRecord
  2
DOT
 70
0
  3
Dot .  .  .  .  .  .  .  .  .  .  .  .  .  .  .  .
 72
65
 73
2
 40
0.508
 49
0.0
 74
0
 49
-0.508
 74
0
  0
LTYPE
  5
3C
330
2
100
AcDbSymbolTableRecord
100
AcDbLinetypeTableRecord
  2
DOTX2
 70
0
  3
Dot (2x) .    .    .    .    .    .    .    . 
 72
65
 73
2
 40
1.016
 49
0.0
 74
0
 49
-1.016
 74
0
  0
LTYPE
  5
3D
330
2
100
AcDbSymbolTableRecord
100
AcDbLinetypeTableRecord
  2
DOT2
 70
0
  3
Dot (.5) . . . . . . . . . . . . . . . . . . . 
 72
65
 73
2
 40
0.254
 49
0.0
 74
0
 49
-0.254
 74
0
  0
LTYPE
  5
3E
330
2
100
AcDbSymbolTableRecord
100
AcDbLinetypeTableRecord
  2
DIVIDE
 70
0
  3
Divide __ . . __ . . __ . . __ . . __ . . __
 72
65
 73
6
 40
4.064
 49
2.54
 74
0
 49
-0.508
 74
0
 49
0.0
 74
0
 49
-0.508
 74
0
 49
0.0
 74
0
 49
-0.508
 74
0
  0
LTYPE
  5
3F
330
2
100
AcDbSymbolTableRecord
100
AcDbLinetypeTableRecord
  2
DIVIDEX2
 70
0
  3
Divide (2x) ____  . .  ____  . .  ____  . .  ____
 72
65
 73
6
 40
6.604
 49
5.08
 74
0
 49
-0.508
 74
0
 49
0.0
 74
0
 49
-0.508
 74
0
 49
0.0
 74
0
 49
-0.508
 74
0
  0
LTYPE
  5
40
330
2
100
AcDbSymbolTableRecord
100
AcDbLinetypeTableRecord
  2
DIVIDE2
 70
0
  3
Divide(.5x) _ . _ . _ . _ . _ . _ . _ . _
 72
65
 73
6
 40
2.032
 49
1.27
 74
0
 49
-0.254
 74
0
 49
0.0
 74
0
 49
-0.254
 74
0
 49
0.0
 74
0
 49
-0.254
 74
0
  0
ENDTAB
  0
TABLE
  2
LAYER
  5
1
330
0
100
AcDbSymbolTable
 70
26
  0
LAYER
  5
27
330
1
100
AcDbSymbolTableRecord
100
AcDbLayerTableRecord
  2
0
 70
0
 62
7
  6
Continuous
370
-3
390
13
347
21
  0
LAYER
  5
28
330
1
100
AcDbSymbolTableRecord
100
AcDbLayerTableRecord
  2
Defpoints
 70
0
 62
7
  6
Continuous
290
0
370
-3
390
13
347
21
  0
LAYER
  5
8A
330
1
100
AcDbSymbolTableRecord
100
AcDbLayerTableRecord
  2
A-WALL
 70
0
 62
7
  6
Continuous
370
-3
390
13
347
21
  0
LAYER
  5
8B
330
1
100
AcDbSymbolTableRecord
100
AcDbLayerTableRecord
  2
A-DOOR
 70
0
 62
3
  6
Continuous
370
-3
390
13
347
21
  0
LAYER
  5
8C
330
1
100
AcDbSymbolTableRecord
100
AcDbLayerTableRecord
  2
A-GLAZ
 70
0
 62
4
  6
Continuous
370
-3
390
13
347
21
  0
LAYER
  5
8D
330
1
100
AcDbSymbolTableRecord
100
AcDbLayerTableRecord
  2
A-DECK
 70
0
 62
32
  6
Continuous
370
-3
390
13
347
21
  0
LAYER
  5
8E
330
1
100
AcDbSymbolTableRecord
100
AcDbLayerTableRecord
  2
A-ROOF-OUTL
 70
0
 62
8
  6
Continuous
370
-3
390
13
347
21
  0
LAYER
  5
8F
330
1
100
AcDbSymbolTableRecord
100
AcDbLayerTableRecord
  2
A-FURN
 70
0
 62
9
  6
Continuous
370
-3
390
13
347
21
  0
LAYER
  5
90
330
1
100
AcDbSymbolTableRecord
100
AcDbLayerTableRecord
  2
A-ANNO
 70
0
 62
2
  6
Continuous
370
-3
390
13
347
21
  0
LAYER
  5
91
330
1
100
AcDbSymbolTableRecord
100
AcDbLayerTableRecord
  2
M-PIERS
 70
0
 62
7
420
4009506
  6
Continuous
370
-3
390
13
347
21
  0
LAYER
  5
93
330
1
100
AcDbSymbolTableRecord
100
AcDbLayerTableRecord
  2
M-BRACING
 70
0
 62
7
420
4864556
  6
Continuous
370
-3
390
13
347
21
  0
LAYER
  5
95
330
1
100
AcDbSymbolTableRecord
100
AcDbLayerTableRecord
  2
M-FLOOR
 70
0
 62
7
420
9071176
  6
Continuous
370
-3
390
13
347
21
  0
LAYER
  5
97
330
1
100
AcDbSymbolTableRecord
100
AcDbLayerTableRecord
  2
M-WALLS
 70
0
 62
7
420
9136970
  6
Continuous
370
-3
390
13
347
21
  0
LAYER
  5
99
330
1
100
AcDbSymbolTableRecord
100
AcDbLayerTableRecord
  2
M-BATTENS
 70
0
 62
7
420
7295544
  6
Continuous
370
-3
390
13
347
21
  0
LAYER
  5
9B
330
1
100
AcDbSymbolTableRecord
100
AcDbLayerTableRecord
  2
M-PORCH-POSTS
 70
0
 62
7
420
5916210
  6
Continuous
370
-3
390
13
347
21
  0
LAYER
  5
9D
330
1
100
AcDbSymbolTableRecord
100
AcDbLayerTableRecord
  2
M-SCREEN
 70
0
 62
7
420
6122336
  6
Continuous
370
-3
390
13
347
21
  0
LAYER
  5
9F
330
1
100
AcDbSymbolTableRecord
100
AcDbLayerTableRecord
  2
M-RAILING
 70
0
 62
7
420
7295544
  6
Continuous
370
-3
390
13
347
21
  0
LAYER
  5
A1
330
1
100
AcDbSymbolTableRecord
100
AcDbLayerTableRecord
  2
M-ROOF
 70
0
 62
7
420
10134440
  6
Continuous
370
-3
390
13
347
21
  0
LAYER
  5
A3
330
1
100
AcDbSymbolTableRecord
100
AcDbLayerTableRecord
  2
M-CUPOLA
 70
0
 62
7
420
9136970
  6
Continuous
370
-3
390
13
347
21
  0
LAYER
  5
A5
330
1
100
AcDbSymbolTableRecord
100
AcDbLayerTableRecord
  2
M-CUPOLA-ROOF
 70
0
 62
7
420
10134440
  6
Continuous
370
-3
390
13
347
21
  0
LAYER
  5
A7
330
1
100
AcDbSymbolTableRecord
100
AcDbLayerTableRecord
  2
M-WINDOWS
 70
0
 62
7
420
4024954
  6
Continuous
370
-3
390
13
347
21
  0
LAYER
  5
A9
330
1
100
AcDbSymbolTableRecord
100
AcDbLayerTableRecord
  2
M-SHUTTERS
 70
0
 62
7
420
4153162
  6
Continuous
370
-3
390
13
347
21
  0
LAYER
  5
AB
330
1
100
AcDbSymbolTableRecord
100
AcDbLayerTableRecord
  2
M-DOOR
 70
0
 62
7
420
3099196
  6
Continuous
370
-3
390
13
347
21
  0
LAYER
  5
AD
330
1
100
AcDbSymbolTableRecord
100
AcDbLayerTableRecord
  2
M-SCREEN-DOOR
 70
0
 62
7
420
3099196
  6
Continuous
370
-3
390
13
347
21
  0
LAYER
  5
AF
330
1
100
AcDbSymbolTableRecord
100
AcDbLayerTableRecord
  2
M-STAIRS
 70
0
 62
7
420
7295544
  6
Continuous
370
-3
390
13
347
21
  0
LAYER
  5
B1
330
1
100
AcDbSymbolTableRecord
100
AcDbLayerTableRecord
  2
M-RAIN-BARREL
 70
0
 62
7
420
4868682
  6
Continuous
370
-3
390
13
347
21
  0
ENDTAB
  0
TABLE
  2
STYLE
  5
5
330
0
100
AcDbSymbolTable
 70
26
  0
STYLE
  5
29
330
5
100
AcDbSymbolTableRecord
100
AcDbTextStyleTableRecord
  2
Standard
 70
0
 40
0.0
 41
1.0
 50
0.0
 71
0
 42
2.5
  3
txt
  4

  0
STYLE
  5
41
330
5
100
AcDbSymbolTableRecord
100
AcDbTextStyleTableRecord
  2
OpenSans-Light
 70
0
 40
0.0
 41
1.0
 50
0.0
 71
0
 42
2.5
  3
OpenSans-Light.ttf
  4

  0
STYLE
  5
42
330
5
100
AcDbSymbolTableRecord
100
AcDbTextStyleTableRecord
  2
OpenSans-Light-Italic
 70
0
 40
0.0
 41
1.0
 50
0.0
 71
0
 42
2.5
  3
OpenSans-LightItalic.ttf
  4

  0
STYLE
  5
43
330
5
100
AcDbSymbolTableRecord
100
AcDbTextStyleTableRecord
  2
OpenSans
 70
0
 40
0.0
 41
1.0
 50
0.0
 71
0
 42
2.5
  3
OpenSans-Regular.ttf
  4

  0
STYLE
  5
44
330
5
100
AcDbSymbolTableRecord
100
AcDbTextStyleTableRecord
  2
OpenSans-Italic
 70
0
 40
0.0
 41
1.0
 50
0.0
 71
0
 42
2.5
  3
OpenSans-Italic.ttf
  4

  0
STYLE
  5
45
330
5
100
AcDbSymbolTableRecord
100
AcDbTextStyleTableRecord
  2
OpenSans-SemiBold
 70
0
 40
0.0
 41
1.0
 50
0.0
 71
0
 42
2.5
  3
OpenSans-SemiBold.ttf
  4

  0
STYLE
  5
46
330
5
100
AcDbSymbolTableRecord
100
AcDbTextStyleTableRecord
  2
OpenSans-SemiBoldItalic
 70
0
 40
0.0
 41
1.0
 50
0.0
 71
0
 42
2.5
  3
OpenSans-SemiBoldItalic.ttf
  4

  0
STYLE
  5
47
330
5
100
AcDbSymbolTableRecord
100
AcDbTextStyleTableRecord
  2
OpenSans-Bold
 70
0
 40
0.0
 41
1.0
 50
0.0
 71
0
 42
2.5
  3
OpenSans-Bold.ttf
  4

  0
STYLE
  5
48
330
5
100
AcDbSymbolTableRecord
100
AcDbTextStyleTableRecord
  2
OpenSans-BoldItalic
 70
0
 40
0.0
 41
1.0
 50
0.0
 71
0
 42
2.5
  3
OpenSans-BoldItalic.ttf
  4

  0
STYLE
  5
49
330
5
100
AcDbSymbolTableRecord
100
AcDbTextStyleTableRecord
  2
OpenSans-ExtraBold
 70
0
 40
0.0
 41
1.0
 50
0.0
 71
0
 42
2.5
  3
OpenSans-ExtraBold.ttf
  4

  0
STYLE
  5
4A
330
5
100
AcDbSymbolTableRecord
100
AcDbTextStyleTableRecord
  2
OpenSans-ExtraBoldItalic
 70
0
 40
0.0
 41
1.0
 50
0.0
 71
0
 42
2.5
  3
OpenSans-ExtraBoldItalic.ttf
  4

  0
STYLE
  5
4B
330
5
100
AcDbSymbolTableRecord
100
AcDbTextStyleTableRecord
  2
OpenSansCondensed-Bold
 70
0
 40
0.0
 41
1.0
 50
0.0
 71
0
 42
2.5
  3
OpenSansCondensed-Bold.ttf
  4

  0
STYLE
  5
4C
330
5
100
AcDbSymbolTableRecord
100
AcDbTextStyleTableRecord
  2
OpenSansCondensed-Light
 70
0
 40
0.0
 41
1.0
 50
0.0
 71
0
 42
2.5
  3
OpenSansCondensed-Light.ttf
  4

  0
STYLE
  5
4D
330
5
100
AcDbSymbolTableRecord
100
AcDbTextStyleTableRecord
  2
OpenSansCondensed-Italic
 70
0
 40
0.0
 41
1.0
 50
0.0
 71
0
 42
2.5
  3
OpenSansCondensed-LightItalic.ttf
  4

  0
STYLE
  5
4E
330
5
100
AcDbSymbolTableRecord
100
AcDbTextStyleTableRecord
  2
LiberationSans
 70
0
 40
0.0
 41
1.0
 50
0.0
 71
0
 42
2.5
  3
LiberationSans-Regular.ttf
  4

  0
STYLE
  5
4F
330
5
100
AcDbSymbolTableRecord
100
AcDbTextStyleTableRecord
  2
LiberationSans-Bold
 70
0
 40
0.0
 41
1.0
 50
0.0
 71
0
 42
2.5
  3
LiberationSans-Bold.ttf
  4

  0
STYLE
  5
50
330
5
100
AcDbSymbolTableRecord
100
AcDbTextStyleTableRecord
  2
LiberationSans-BoldItalic
 70
0
 40
0.0
 41
1.0
 50
0.0
 71
0
 42
2.5
  3
LiberationSans-BoldItalic.ttf
  4

  0
STYLE
  5
51
330
5
100
AcDbSymbolTableRecord
100
AcDbTextStyleTableRecord
  2
LiberationSans-Italic
 70
0
 40
0.0
 41
1.0
 50
0.0
 71
0
 42
2.5
  3
LiberationSans-Italic.ttf
  4

  0
STYLE
  5
52
330
5
100
AcDbSymbolTableRecord
100
AcDbTextStyleTableRecord
  2
LiberationSerif
 70
0
 40
0.0
 41
1.0
 50
0.0
 71
0
 42
2.5
  3
LiberationSerif-Regular.ttf
  4

  0
STYLE
  5
53
330
5
100
AcDbSymbolTableRecord
100
AcDbTextStyleTableRecord
  2
LiberationSerif-Bold
 70
0
 40
0.0
 41
1.0
 50
0.0
 71
0
 42
2.5
  3
LiberationSerif-Bold.ttf
  4

  0
STYLE
  5
54
330
5
100
AcDbSymbolTableRecord
100
AcDbTextStyleTableRecord
  2
LiberationSerif-BoldItalic
 70
0
 40
0.0
 41
1.0
 50
0.0
 71
0
 42
2.5
  3
LiberationSerif-BoldItalic.ttf
  4

  0
STYLE
  5
55
330
5
100
AcDbSymbolTableRecord
100
AcDbTextStyleTableRecord
  2
LiberationSerif-Italic
 70
0
 40
0.0
 41
1.0
 50
0.0
 71
0
 42
2.5
  3
LiberationSerif-Italic.ttf
  4

  0
STYLE
  5
56
330
5
100
AcDbSymbolTableRecord
100
AcDbTextStyleTableRecord
  2
LiberationMono
 70
0
 40
0.0
 41
1.0
 50
0.0
 71
0
 42
2.5
  3
LiberationMono-Regular.ttf
  4

  0
STYLE
  5
57
330
5
100
AcDbSymbolTableRecord
100
AcDbTextStyleTableRecord
  2
LiberationMono-Bold
 70
0
 40
0.0
 41
1.0
 50
0.0
 71
0
 42
2.5
  3
LiberationMono-Bold.ttf
  4

  0
STYLE
  5
58
330
5
100
AcDbSymbolTableRecord
100
AcDbTextStyleTableRecord
  2
LiberationMono-BoldItalic
 70
0
 40
0.0
 41
1.0
 50
0.0
 71
0
 42
2.5
  3
LiberationMono-BoldItalic.ttf
  4

  0
STYLE
  5
59
330
5
100
AcDbSymbolTableRecord
100
AcDbTextStyleTableRecord
  2
LiberationMono-Italic
 70
0
 40
0.0
 41
1.0
 50
0.0
 71
0
 42
2.5
  3
LiberationMono-Italic.ttf
  4

  0
ENDTAB
  0
TABLE
  2
VIEW
  5
7
330
0
100
AcDbSymbolTable
 70
0
  0
ENDTAB
  0
TABLE
  2
UCS
  5
6
330
0
100
AcDbSymbolTable
 70
0
  0
ENDTAB
  0
TABLE
  2
APPID
  5
3
330
0
100
AcDbSymbolTable
 70
3
  0
APPID
  5
2A
330
3
100
AcDbSymbolTableRecord
100
AcDbRegAppTableRecord
  2
ACAD
 70
0
  0
APPID
  5
CF
330
3
100
AcDbSymbolTableRecord
100
AcDbRegAppTableRecord
  2
HATCHBACKGROUNDCOLOR
 70
0
  0
APPID
  5
D0
330
3
100
AcDbSymbolTableRecord
100
AcDbRegAppTableRecord
  2
EZDXF
 70
0
  0
ENDTAB
  0
TABLE
  2
DIMSTYLE
  5
4
330
0
100
AcDbSymbolTable
 70
12
100
AcDbDimStyleTable
  0
DIMSTYLE
105
2B
330
4
100
AcDbSymbolTableRecord
100
AcDbDimStyleTableRecord
  2
Standard
 70
0
 40
1.0
 41
2.5
 42
0.625
 43
3.75
 44
1.25
 45
0.0
 46
0.0
 47
0.0
 48
0.0
 49
2.5
140
2.5
141
2.5
142
0.0
143
0.03937007874
144
1.0
145
0.0
146
1.0
147
0.625
148
0.0
 69
0
 70
0
 71
0
 72
0
 73
0
 74
0
 75
0
 76
0
 77
1
 78
8
 79
3
170
0
171
3
172
1
173
0
174
0
175
0
176
0
177
0
178
0
179
2
271
2
272
2
273
2
274
3
275
0
276
0
277
2
278
44
279
0
280
0
281
0
282
0
283
0
284
8
285
0
286
0
288
0
289
3
290
0
371
-2
372
-2
  0
DIMSTYLE
105
73
330
4
100
AcDbSymbolTableRecord
100
AcDbDimStyleTableRecord
  2
EZDXF
 70
0
 40
1.0
 41
0.175
 42
0.125
 43
3.75
 44
0.375
 45
0.0
 46
0.0
 47
0.0
 48
0.0
 49
2.5
140
0.25
141
2.5
142
0.0
143
0.03937007874
144
100.0
145
0.0
146
0.5
147
0.1
148
0.0
 69
0
 70
0
 71
0
 72
0
 73
0
 74
0
 75
0
 76
0
 77
1
 78
12
 79
3
170
0
171
3
172
1
173
0
174
0
175
0
176
0
177
0
178
0
179
2
271
2
272
2
273
2
274
3
275
0
276
0
277
2
278
46
279
2
280
0
281
0
282
0
283
0
284
8
285
0
286
0
288
1
289
3
290
0
340
4C
342
74
371
-2
372
-2
  0
DIMSTYLE
105
7C
330
4
100
AcDbSymbolTableRecord
100
AcDbDimStyleTableRecord
  2
EZ_M_100_H25_CM
 70
0
 40
1.0
 41
0.25
 42
0.125
 43
3.75
 44
0.375
 45
0.0
 46
0.0
 47
0.0
 48
0.0
 49
2.5
140
0.25
141
2.5
142
0.125
143
0.03937007874
144
100.0
145
0.0
146
0.5
147
0.1
148
0.0
 69
0
 70
0
 71
0
 72
0
 73
0
 74
0
 75
0
 76
0
 77
1
 78
12
 79
3
170
0
171
3
172
1
173
0
174
0
175
0
176
0
177
0
178
0
179
2
271
2
272
2
273
2
274
3
275
0
276
0
277
2
278
46
279
2
280
0
281
0
282
0
283
0
284
8
285
0
286
0
288
1
289
3
290
0
340
4C
371
-2
372
-2
  0
DIMSTYLE
105
7D
330
4
100
AcDbSymbolTableRecord
100
AcDbDimStyleTableRecord
  2
EZ_M_50_H25_CM
 70
0
 40
1.0
 41
0.125
 42
0.0625
 43
3.75
 44
0.1875
 45
0.0
 46
0.0
 47
0.0
 48
0.0
 49
2.5
140
0.125
141
2.5
142
0.0625
143
0.03937007874
144
100.0
145
0.0
146
0.5
147
0.05
148
0.0
 69
0
 70
0
 71
0
 72
0
 73
0
 74
0
 75
0
 76
0
 77
1
 78
12
 79
3
170
0
171
3
172
1
173
0
174
0
175
0
176
0
177
0
178
0
179
2
271
2
272
2
273
2
274
3
275
0
276
0
277
2
278
46
279
2
280
0
281
0
282
0
283
0
284
8
285
0
286
0
288
1
289
3
290
0
340
4C
371
-2
372
-2
  0
DIMSTYLE
105
7E
330
4
100
AcDbSymbolTableRecord
100
AcDbDimStyleTableRecord
  2
EZ_M_25_H25_CM
 70
0
 40
1.0
 41
0.0625
 42
0.03125
 43
3.75
 44
0.09375
 45
0.0
 46
0.0
 47
0.0
 48
0.0
 49
2.5
140
0.0625
141
2.5
142
0.03125
143
0.03937007874
144
100.0
145
0.0
146
0.5
147
0.025
148
0.0
 69
0
 70
0
 71
0
 72
0
 73
0
 74
0
 75
0
 76
0
 77
1
 78
12
 79
3
170
0
171
3
172
1
173
0
174
0
175
0
176
0
177
0
178
0
179
2
271
2
272
2
273
2
274
3
275
0
276
0
277
2
278
46
279
2
280
0
281
0
282
0
283
0
284
8
285
0
286
0
288
1
289
3
290
0
340
4C
371
-2
372
-2
  0
DIMSTYLE
105
7F
330
4
100
AcDbSymbolTableRecord
100
AcDbDimStyleTableRecord
  2
EZ_M_20_H25_CM
 70
0
 40
1.0
 41
0.05
 42
0.025
 43
3.75
 44
0.07500000000000001
 45
0.0
 46
0.0
 47
0.0
 48
0.0
 49
2.5
140
0.05
141
2.5
142
0.025
143
0.03937007874
144
100.0
145
0.0
146
0.5
147
0.020000000000000004
148
0.0
 69
0
 70
0
 71
0
 72
0
 73
0
 74
0
 75
0
 76
0
 77
1
 78
12
 79
3
170
0
171
3
172
1
173
0
174
0
175
0
176
0
177
0
178
0
179
2
271
2
272
2
273
2
274
3
275
0
276
0
277
2
278
46
279
2
280
0
281
0
282
0
283
0
284
8
285
0
286
0
288
1
289
3
290
0
340
4C
371
-2
372
-2
  0
DIMSTYLE
105
80
330
4
100
AcDbSymbolTableRecord
100
AcDbDimStyleTableRecord
  2
EZ_M_10_H25_CM
 70
0
 40
1.0
 41
0.025
 42
0.0125
 43
3.75
 44
0.037500000000000006
 45
0.0
 46
0.0
 47
0.0
 48
0.0
 49
2.5
140
0.025
141
2.5
142
0.0125
143
0.03937007874
144
100.0
145
0.0
146
0.5
147
0.010000000000000002
148
0.0
 69
0
 70
0
 71
0
 72
0
 73
0
 74
0
 75
0
 76
0
 77
1
 78
12
 79
3
170
0
171
3
172
1
173
0
174
0
175
0
176
0
177
0
178
0
179
2
271
2
272
2
273
2
274
3
275
0
276
0
277
2
278
46
279
2
280
0
281
0
282
0
283
0
284
8
285
0
286
0
288
1
289
3
290
0
340
4C
371
-2
372
-2
  0
DIMSTYLE
105
81
330
4
100
AcDbSymbolTableRecord
100
AcDbDimStyleTableRecord
  2
EZ_M_5_H25_CM
 70
0
 40
1.0
 41
0.0125
 42
0.00625
 43
3.75
 44
0.018750000000000003
 45
0.0
 46
0.0
 47
0.0
 48
0.0
 49
2.5
140
0.0125
141
2.5
142
0.00625
143
0.03937007874
144
100.0
145
0.0
146
0.5
147
0.005000000000000001
148
0.0
 69
0
 70
0
 71
0
 72
0
 73
0
 74
0
 75
0
 76
0
 77
1
 78
12
 79
3
170
0
171
3
172
1
173
0
174
0
175
0
176
0
177
0
178
0
179
2
271
2
272
2
273
2
274
3
275
0
276
0
277
2
278
46
279
2
280
0
281
0
282
0
283
0
284
8
285
0
286
0
288
1
289
3
290
0
340
4C
371
-2
372
-2
  0
DIMSTYLE
105
82
330
4
100
AcDbSymbolTableRecord
100
AcDbDimStyleTableRecord
  2
EZ_M_1_H25_CM
 70
0
 40
1.0
 41
0.0025
 42
0.00125
 43
3.75
 44
0.00375
 45
0.0
 46
0.0
 47
0.0
 48
0.0
 49
2.5
140
0.0025
141
2.5
142
0.00125
143
0.03937007874
144
100.0
145
0.0
146
0.5
147
0.001
148
0.0
 69
0
 70
0
 71
0
 72
0
 73
0
 74
0
 75
0
 76
0
 77
1
 78
12
 79
3
170
0
171
3
172
1
173
0
174
0
175
0
176
0
177
0
178
0
179
2
271
2
272
2
273
2
274
3
275
0
276
0
277
2
278
46
279
2
280
0
281
0
282
0
283
0
284
8
285
0
286
0
288
1
289
3
290
0
340
4C
371
-2
372
-2
  0
DIMSTYLE
105
83
330
4
100
AcDbSymbolTableRecord
100
AcDbDimStyleTableRecord
  2
EZ_RADIUS
 70
0
 40
1.0
 41
0.25
 42
0.125
 43
3.75
 44
0.375
 45
0.0
 46
0.0
 47
0.0
 48
0.0
 49
2.5
140
0.25
141
0.0
142
0.0
143
0.03937007874
144
100.0
145
0.0
146
0.5
147
0.1
148
0.0
 69
0
 70
0
 71
0
 72
0
 73
0
 74
0
 75
0
 76
0
 77
1
 78
12
 79
3
170
0
171
3
172
0
173
0
174
0
175
0
176
0
177
0
178
0
179
2
271
2
272
2
273
2
274
3
275
0
276
0
277
2
278
46
279
1
280
0
281
0
282
0
283
0
284
8
285
0
286
0
288
1
289
3
290
0
340
4C
342
84
371
-2
372
-2
  0
DIMSTYLE
105
88
330
4
100
AcDbSymbolTableRecord
100
AcDbDimStyleTableRecord
  2
EZ_RADIUS_INSIDE
 70
0
 40
1.0
 41
0.25
 42
0.125
 43
3.75
 44
0.375
 45
0.0
 46
0.0
 47
0.0
 48
0.0
 49
2.5
140
0.25
141
0.0
142
0.0
143
0.03937007874
144
100.0
145
0.0
146
0.5
147
0.1
148
0.0
 69
0
 70
0
 71
0
 72
0
 73
0
 74
0
 75
0
 76
0
 77
0
 78
12
 79
3
170
0
171
3
172
0
173
0
174
1
175
0
176
0
177
0
178
0
179
2
271
2
272
2
273
2
274
3
275
0
276
0
277
2
278
46
279
0
280
0
281
0
282
0
283
0
284
8
285
0
286
0
288
1
289
0
290
0
340
4C
342
84
371
-2
372
-2
  0
DIMSTYLE
105
89
330
4
100
AcDbSymbolTableRecord
100
AcDbDimStyleTableRecord
  2
EZ_CURVED
 70
0
 40
1.0
 41
0.25
 42
0.125
 43
3.75
 44
0.375
 45
0.0
 46
0.0
 47
0.0
 48
0.0
 49
2.5
140
0.25
141
2.5
142
0.0
143
0.03937007874
144
100.0
145
0.0
146
0.5
147
0.1
148
0.0
 69
0
 70
0
 71
0
 72
0
 73
0
 74
0
 75
0
 76
0
 77
1
 78
12
 79
2
 90
2
170
0
171
3
172
1
173
0
174
0
175
0
176
0
177
0
178
0
179
2
271
2
272
2
273
2
274
3
275
0
276
0
277
2
278
46
279
2
280
0
281
0
282
0
283
0
284
8
285
0
286
0
288
1
289
3
290
0
340
4C
371
-2
372
-2
  0
ENDTAB
  0
TABLE
  2
BLOCK_RECORD
  5
9
330
0
100
AcDbSymbolTable
 70
5
  0
BLOCK_RECORD
  5
17
330
9
100
AcDbSymbolTableRecord
100
AcDbBlockTableRecord
  2
*Model_Space
340
1A
 70
0
280
1
281
0
  0
BLOCK_RECORD
  5
1B
330
9
100
AcDbSymbolTableRecord
100
AcDbBlockTableRecord
  2
*Paper_Space
340
1E
 70
0
280
1
281
0
  0
BLOCK_RECORD
  5
74
330
9
100
AcDbSymbolTableRecord
100
AcDbBlockTableRecord
  2
_ARCHTICK
340
0
 70
0
280
1
281
0
  0
BLOCK_RECORD
  5
78
330
9
100
AcDbSymbolTableRecord
100
AcDbBlockTableRecord
  2
_CLOSEDFILLED
340
0
 70
0
280
1
281
0
  0
BLOCK_RECORD
  5
84
330
9
100
AcDbSymbolTableRecord
100
AcDbBlockTableRecord
  2
_CLOSEDBLANK
340
0
 70
0
280
1
281
0
  0
ENDTAB
  0
ENDSEC
  0
SECTION
  2
BLOCKS
  0
BLOCK
  5
18
330
17
100
AcDbEntity
  8
0
100
AcDbBlockBegin
  2
*Model_Space
 70
0
 10
0.0
 20
0.0
 30
0.0
  3
*Model_Space
  1

  0
ENDBLK
  5
19
330
17
100
AcDbEntity
  8
0
100
AcDbBlockEnd
  0
BLOCK
  5
1C
330
1B
100
AcDbEntity
  8
0
100
AcDbBlockBegin
  2
*Paper_Space
 70
0
 10
0.0
 20
0.0
 30
0.0
  3
*Paper_Space
  1

  0
ENDBLK
  5
1D
330
1B
100
AcDbEntity
  8
0
100
AcDbBlockEnd
  0
BLOCK
  5
75
330
74
100
AcDbEntity
  8
0
100
AcDbBlockBegin
  2
_ARCHTICK
 70
0
 10
0.0
 20
0.0
 30
0.0
  3
_ARCHTICK
  1

  0
LWPOLYLINE
  5
77
330
74
100
AcDbEntity
  8
0
  6
BYBLOCK
 62
0
100
AcDbPolyline
 90
2
 70
0
 43
0.15
 10
-0.5
 20
-0.5
 10
0.5
 20
0.5
  0
ENDBLK
  5
76
330
74
100
AcDbEntity
  8
0
100
AcDbBlockEnd
  0
BLOCK
  5
79
330
78
100
AcDbEntity
  8
0
100
AcDbBlockBegin
  2
_CLOSEDFILLED
 70
0
 10
0.0
 20
0.0
 30
0.0
  3
_CLOSEDFILLED
  1

  0
SOLID
  5
7B
330
78
100
AcDbEntity
  8
0
  6
BYBLOCK
 62
0
100
AcDbTrace
 10
-1.0
 20
0.16439898372402537
 30
0.0
 11
0.0
 21
0.0
 31
0.0
 12
-1.0
 22
-0.16439898372402537
 32
0.0
 13
-1.0
 23
-0.16439898372402537
 33
0.0
  0
ENDBLK
  5
7A
330
78
100
AcDbEntity
  8
0
100
AcDbBlockEnd
  0
BLOCK
  5
85
330
84
100
AcDbEntity
  8
0
100
AcDbBlockBegin
  2
_CLOSEDBLANK
 70
0
 10
0.0
 20
0.0
 30
0.0
  3
_CLOSEDBLANK
  1

  0
LWPOLYLINE
  5
87
330
84
100
AcDbEntity
  8
0
  6
BYBLOCK
 62
0
100
AcDbPolyline
 90
3
 70
1
 10
-1.0
 20
0.16439898372402537
 10
0.0
 20
0.0
 10
-1.0
 20
-0.16439898372402537
  0
ENDBLK
  5
86
330
84
100
AcDbEntity
  8
0
100
AcDbBlockEnd
  0
ENDSEC
  0
SECTION
  2
ENTITIES
  0
MESH
  5
92
330
17
100
AcDbEntity
  8
M-PIERS
100
AcDbSubDMesh
 71
2
 72
0
 91
0
 92
600
 10
-11.9
 20
-13.1
 30
0.0
 10
-11.1
 20
-13.1
 30
0.0
 10
-11.1
 20
-13.9
 30
0.0
 10
-11.9
 20
-13.9
 30
0.0
 10
-11.9
 20
-13.9
 30
7.0
 10
-11.1
 20
-13.9
 30
7.0
 10
-11.1
 20
-13.1
 30
7.0
 10
-11.9
 20
-13.1
 30
7.0
 10
-11.9
 20
-13.9
 30
0.0
 10
-11.1
 20
-13.9
 30
0.0
 10
-11.1
 20
-13.9
 30
7.0
 10
-11.9
 20
-13.9
 30
7.0
 10
-11.1
 20
-13.9
 30
0.0
 10
-11.1
 20
-13.1
 30
0.0
 10
-11.1
 20
-13.1
 30
7.0
 10
-11.1
 20
-13.9
 30
7.0
 10
-11.1
 20
-13.1
 30
0.0
 10
-11.9
 20
-13.1
 30
0.0
 10
-11.9
 20
-13.1
 30
7.0
 10
-11.1
 20
-13.1
 30
7.0
 10
-11.9
 20
-13.1
 30
0.0
 10
-11.9
 20
-13.9
 30
0.0
 10
-11.9
 20
-13.9
 30
7.0
 10
-11.9
 20
-13.1
 30
7.0
 10
-11.9
 20
-5.35
 30
0.0
 10
-11.1
 20
-5.35
 30
0.0
 10
-11.1
 20
-6.15
 30
0.0
 10
-11.9
 20
-6.15
 30
0.0
 10
-11.9
 20
-6.15
 30
7.0
 10
-11.1
 20
-6.15
 30
7.0
 10
-11.1
 20
-5.35
 30
7.0
 10
-11.9
 20
-5.35
 30
7.0
 10
-11.9
 20
-6.15
 30
0.0
 10
-11.1
 20
-6.15
 30
0.0
 10
-11.1
 20
-6.15
 30
7.0
 10
-11.9
 20
-6.15
 30
7.0
 10
-11.1
 20
-6.15
 30
0.0
 10
-11.1
 20
-5.35
 30
0.0
 10
-11.1
 20
-5.35
 30
7.0
 10
-11.1
 20
-6.15
 30
7.0
 10
-11.1
 20
-5.35
 30
0.0
 10
-11.9
 20
-5.35
 30
0.0
 10
-11.9
 20
-5.35
 30
7.0
 10
-11.1
 20
-5.35
 30
7.0
 10
-11.9
 20
-5.35
 30
0.0
 10
-11.9
 20
-6.15
 30
0.0
 10
-11.9
 20
-6.15
 30
7.0
 10
-11.9
 20
-5.35
 30
7.0
 10
-11.9
 20
2.4
 30
0.0
 10
-11.1
 20
2.4
 30
0.0
 10
-11.1
 20
1.6
 30
0.0
 10
-11.9
 20
1.6
 30
0.0
 10
-11.9
 20
1.6
 30
7.0
 10
-11.1
 20
1.6
 30
7.0
 10
-11.1
 20
2.4
 30
7.0
 10
-11.9
 20
2.4
 30
7.0
 10
-11.9
 20
1.6
 30
0.0
 10
-11.1
 20
1.6
 30
0.0
 10
-11.1
 20
1.6
 30
7.0
 10
-11.9
 20
1.6
 30
7.0
 10
-11.1
 20
1.6
 30
0.0
 10
-11.1
 20
2.4
 30
0.0
 10
-11.1
 20
2.4
 30
7.0
 10
-11.1
 20
1.6
 30
7.0
 10
-11.1
 20
2.4
 30
0.0
 10
-11.9
 20
2.4
 30
0.0
 10
-11.9
 20
2.4
 30
7.0
 10
-11.1
 20
2.4
 30
7.0
 10
-11.9
 20
2.4
 30
0.0
 10
-11.9
 20
1.6
 30
0.0
 10
-11.9
 20
1.6
 30
7.0
 10
-11.9
 20
2.4
 30
7.0
 10
-11.9
 20
10.15
 30
0.0
 10
-11.1
 20
10.15
 30
0.0
 10
-11.1
 20
9.35
 30
0.0
 10
-11.9
 20
9.35
 30
0.0
 10
-11.9
 20
9.35
 30
7.0
 10
-11.1
 20
9.35
 30
7.0
 10
-11.1
 20
10.15
 30
7.0
 10
-11.9
 20
10.15
 30
7.0
 10
-11.9
 20
9.35
 30
0.0
 10
-11.1
 20
9.35
 30
0.0
 10
-11.1
 20
9.35
 30
7.0
 10
-11.9
 20
9.35
 30
7.0
 10
-11.1
 20
9.35
 30
0.0
 10
-11.1
 20
10.15
 30
0.0
 10
-11.1
 20
10.15
 30
7.0
 10
-11.1
 20
9.35
 30
7.0
 10
-11.1
 20
10.15
 30
0.0
 10
-11.9
 20
10.15
 30
0.0
 10
-11.9
 20
10.15
 30
7.0
 10
-11.1
 20
10.15
 30
7.0
 10
-11.9
 20
10.15
 30
0.0
 10
-11.9
 20
9.35
 30
0.0
 10
-11.9
 20
9.35
 30
7.0
 10
-11.9
 20
10.15
 30
7.0
 10
-11.9
 20
17.9
 30
0.0
 10
-11.1
 20
17.9
 30
0.0
 10
-11.1
 20
17.1
 30
0.0
 10
-11.9
 20
17.1
 30
0.0
 10
-11.9
 20
17.1
 30
7.0
 10
-11.1
 20
17.1
 30
7.0
 10
-11.1
 20
17.9
 30
7.0
 10
-11.9
 20
17.9
 30
7.0
 10
-11.9
 20
17.1
 30
0.0
 10
-11.1
 20
17.1
 30
0.0
 10
-11.1
 20
17.1
 30
7.0
 10
-11.9
 20
17.1
 30
7.0
 10
-11.1
 20
17.1
 30
0.0
 10
-11.1
 20
17.9
 30
0.0
 10
-11.1
 20
17.9
 30
7.0
 10
-11.1
 20
17.1
 30
7.0
 10
-11.1
 20
17.9
 30
0.0
 10
-11.9
 20
17.9
 30
0.0
 10
-11.9
 20
17.9
 30
7.0
 10
-11.1
 20
17.9
 30
7.0
 10
-11.9
 20
17.9
 30
0.0
 10
-11.9
 20
17.1
 30
0.0
 10
-11.9
 20
17.1
 30
7.0
 10
-11.9
 20
17.9
 30
7.0
 10
-6.15
 20
-13.1
 30
0.0
 10
-5.35
 20
-13.1
 30
0.0
 10
-5.35
 20
-13.9
 30
0.0
 10
-6.15
 20
-13.9
 30
0.0
 10
-6.15
 20
-13.9
 30
7.0
 10
-5.35
 20
-13.9
 30
7.0
 10
-5.35
 20
-13.1
 30
7.0
 10
-6.15
 20
-13.1
 30
7.0
 10
-6.15
 20
-13.9
 30
0.0
 10
-5.35
 20
-13.9
 30
0.0
 10
-5.35
 20
-13.9
 30
7.0
 10
-6.15
 20
-13.9
 30
7.0
 10
-5.35
 20
-13.9
 30
0.0
 10
-5.35
 20
-13.1
 30
0.0
 10
-5.35
 20
-13.1
 30
7.0
 10
-5.35
 20
-13.9
 30
7.0
 10
-5.35
 20
-13.1
 30
0.0
 10
-6.15
 20
-13.1
 30
0.0
 10
-6.15
 20
-13.1
 30
7.0
 10
-5.35
 20
-13.1
 30
7.0
 10
-6.15
 20
-13.1
 30
0.0
 10
-6.15
 20
-13.9
 30
0.0
 10
-6.15
 20
-13.9
 30
7.0
 10
-6.15
 20
-13.1
 30
7.0
 10
-6.15
 20
-5.35
 30
0.0
 10
-5.35
 20
-5.35
 30
0.0
 10
-5.35
 20
-6.15
 30
0.0
 10
-6.15
 20
-6.15
 30
0.0
 10
-6.15
 20
-6.15
 30
7.0
 10
-5.35
 20
-6.15
 30
7.0
 10
-5.35
 20
-5.35
 30
7.0
 10
-6.15
 20
-5.35
 30
7.0
 10
-6.15
 20
-6.15
 30
0.0
 10
-5.35
 20
-6.15
 30
0.0
 10
-5.35
 20
-6.15
 30
7.0
 10
-6.15
 20
-6.15
 30
7.0
 10
-5.35
 20
-6.15
 30
0.0
 10
-5.35
 20
-5.35
 30
0.0
 10
-5.35
 20
-5.35
 30
7.0
 10
-5.35
 20
-6.15
 30
7.0
 10
-5.35
 20
-5.35
 30
0.0
 10
-6.15
 20
-5.35
 30
0.0
 10
-6.15
 20
-5.35
 30
7.0
 10
-5.35
 20
-5.35
 30
7.0
 10
-6.15
 20
-5.35
 30
0.0
 10
-6.15
 20
-6.15
 30
0.0
 10
-6.15
 20
-6.15
 30
7.0
 10
-6.15
 20
-5.35
 30
7.0
 10
-6.15
 20
2.4
 30
0.0
 10
-5.35
 20
2.4
 30
0.0
 10
-5.35
 20
1.6
 30
0.0
 10
-6.15
 20
1.6
 30
0.0
 10
-6.15
 20
1.6
 30
7.0
 10
-5.35
 20
1.6
 30
7.0
 10
-5.35
 20
2.4
 30
7.0
 10
-6.15
 20
2.4
 30
7.0
 10
-6.15
 20
1.6
 30
0.0
 10
-5.35
 20
1.6
 30
0.0
 10
-5.35
 20
1.6
 30
7.0
 10
-6.15
 20
1.6
 30
7.0
 10
-5.35
 20
1.6
 30
0.0
 10
-5.35
 20
2.4
 30
0.0
 10
-5.35
 20
2.4
 30
7.0
 10
-5.35
 20
1.6
 30
7.0
 10
-5.35
 20
2.4
 30
0.0
 10
-6.15
 20
2.4
 30
0.0
 10
-6.15
 20
2.4
 30
7.0
 10
-5.35
 20
2.4
 30
7.0
 10
-6.15
 20
2.4
 30
0.0
 10
-6.15
 20
1.6
 30
0.0
 10
-6.15
 20
1.6
 30
7.0
 10
-6.15
 20
2.4
 30
7.0
 10
-6.15
 20
10.15
 30
0.0
 10
-5.35
 20
10.15
 30
0.0
 10
-5.35
 20
9.35
 30
0.0
 10
-6.15
 20
9.35
 30
0.0
 10
-6.15
 20
9.35
 30
7.0
 10
-5.35
 20
9.35
 30
7.0
 10
-5.35
 20
10.15
 30
7.0
 10
-6.15
 20
10.15
 30
7.0
 10
-6.15
 20
9.35
 30
0.0
 10
-5.35
 20
9.35
 30
0.0
 10
-5.35
 20
9.35
 30
7.0
 10
-6.15
 20
9.35
 30
7.0
 10
-5.35
 20
9.35
 30
0.0
 10
-5.35
 20
10.15
 30
0.0
 10
-5.35
 20
10.15
 30
7.0
 10
-5.35
 20
9.35
 30
7.0
 10
-5.35
 20
10.15
 30
0.0
 10
-6.15
 20
10.15
 30
0.0
 10
-6.15
 20
10.15
 30
7.0
 10
-5.35
 20
10.15
 30
7.0
 10
-6.15
 20
10.15
 30
0.0
 10
-6.15
 20
9.35
 30
0.0
 10
-6.15
 20
9.35
 30
7.0
 10
-6.15
 20
10.15
 30
7.0
 10
-6.15
 20
17.9
 30
0.0
 10
-5.35
 20
17.9
 30
0.0
 10
-5.35
 20
17.1
 30
0.0
 10
-6.15
 20
17.1
 30
0.0
 10
-6.15
 20
17.1
 30
7.0
 10
-5.35
 20
17.1
 30
7.0
 10
-5.35
 20
17.9
 30
7.0
 10
-6.15
 20
17.9
 30
7.0
 10
-6.15
 20
17.1
 30
0.0
 10
-5.35
 20
17.1
 30
0.0
 10
-5.35
 20
17.1
 30
7.0
 10
-6.15
 20
17.1
 30
7.0
 10
-5.35
 20
17.1
 30
0.0
 10
-5.35
 20
17.9
 30
0.0
 10
-5.35
 20
17.9
 30
7.0
 10
-5.35
 20
17.1
 30
7.0
 10
-5.35
 20
17.9
 30
0.0
 10
-6.15
 20
17.9
 30
0.0
 10
-6.15
 20
17.9
 30
7.0
 10
-5.35
 20
17.9
 30
7.0
 10
-6.15
 20
17.9
 30
0.0
 10
-6.15
 20
17.1
 30
0.0
 10
-6.15
 20
17.1
 30
7.0
 10
-6.15
 20
17.9
 30
7.0
 10
-0.4
 20
-13.1
 30
0.0
 10
0.4
 20
-13.1
 30
0.0
 10
0.4
 20
-13.9
 30
0.0
 10
-0.4
 20
-13.9
 30
0.0
 10
-0.4
 20
-13.9
 30
7.0
 10
0.4
 20
-13.9
 30
7.0
 10
0.4
 20
-13.1
 30
7.0
 10
-0.4
 20
-13.1
 30
7.0
 10
-0.4
 20
-13.9
 30
0.0
 10
0.4
 20
-13.9
 30
0.0
 10
0.4
 20
-13.9
 30
7.0
 10
-0.4
 20
-13.9
 30
7.0
 10
0.4
 20
-13.9
 30
0.0
 10
0.4
 20
-13.1
 30
0.0
 10
0.4
 20
-13.1
 30
7.0
 10
0.4
 20
-13.9
 30
7.0
 10
0.4
 20
-13.1
 30
0.0
 10
-0.4
 20
-13.1
 30
0.0
 10
-0.4
 20
-13.1
 30
7.0
 10
0.4
 20
-13.1
 30
7.0
 10
-0.4
 20
-13.1
 30
0.0
 10
-0.4
 20
-13.9
 30
0.0
 10
-0.4
 20
-13.9
 30
7.0
 10
-0.4
 20
-13.1
 30
7.0
 10
-0.4
 20
-5.35
 30
0.0
 10
0.4
 20
-5.35
 30
0.0
 10
0.4
 20
-6.15
 30
0.0
 10
-0.4
 20
-6.15
 30
0.0
 10
-0.4
 20
-6.15
 30
7.0
 10
0.4
 20
-6.15
 30
7.0
 10
0.4
 20
-5.35
 30
7.0
 10
-0.4
 20
-5.35
 30
7.0
 10
-0.4
 20
-6.15
 30
0.0
 10
0.4
 20
-6.15
 30
0.0
 10
0.4
 20
-6.15
 30
7.0
 10
-0.4
 20
-6.15
 30
7.0
 10
0.4
 20
-6.15
 30
0.0
 10
0.4
 20
-5.35
 30
0.0
 10
0.4
 20
-5.35
 30
7.0
 10
0.4
 20
-6.15
 30
7.0
 10
0.4
 20
-5.35
 30
0.0
 10
-0.4
 20
-5.35
 30
0.0
 10
-0.4
 20
-5.35
 30
7.0
 10
0.4
 20
-5.35
 30
7.0
 10
-0.4
 20
-5.35
 30
0.0
 10
-0.4
 20
-6.15
 30
0.0
 10
-0.4
 20
-6.15
 30
7.0
 10
-0.4
 20
-5.35
 30
7.0
 10
-0.4
 20
2.4
 30
0.0
 10
0.4
 20
2.4
 30
0.0
 10
0.4
 20
1.6
 30
0.0
 10
-0.4
 20
1.6
 30
0.0
 10
-0.4
 20
1.6
 30
7.0
 10
0.4
 20
1.6
 30
7.0
 10
0.4
 20
2.4
 30
7.0
 10
-0.4
 20
2.4
 30
7.0
 10
-0.4
 20
1.6
 30
0.0
 10
0.4
 20
1.6
 30
0.0
 10
0.4
 20
1.6
 30
7.0
 10
-0.4
 20
1.6
 30
7.0
 10
0.4
 20
1.6
 30
0.0
 10
0.4
 20
2.4
 30
0.0
 10
0.4
 20
2.4
 30
7.0
 10
0.4
 20
1.6
 30
7.0
 10
0.4
 20
2.4
 30
0.0
 10
-0.4
 20
2.4
 30
0.0
 10
-0.4
 20
2.4
 30
7.0
 10
0.4
 20
2.4
 30
7.0
 10
-0.4
 20
2.4
 30
0.0
 10
-0.4
 20
1.6
 30
0.0
 10
-0.4
 20
1.6
 30
7.0
 10
-0.4
 20
2.4
 30
7.0
 10
-0.4
 20
10.15
 30
0.0
 10
0.4
 20
10.15
 30
0.0
 10
0.4
 20
9.35
 30
0.0
 10
-0.4
 20
9.35
 30
0.0
 10
-0.4
 20
9.35
 30
7.0
 10
0.4
 20
9.35
 30
7.0
 10
0.4
 20
10.15
 30
7.0
 10
-0.4
 20
10.15
 30
7.0
 10
-0.4
 20
9.35
 30
0.0
 10
0.4
 20
9.35
 30
0.0
 10
0.4
 20
9.35
 30
7.0
 10
-0.4
 20
9.35
 30
7.0
 10
0.4
 20
9.35
 30
0.0
 10
0.4
 20
10.15
 30
0.0
 10
0.4
 20
10.15
 30
7.0
 10
0.4
 20
9.35
 30
7.0
 10
0.4
 20
10.15
 30
0.0
 10
-0.4
 20
10.15
 30
0.0
 10
-0.4
 20
10.15
 30
7.0
 10
0.4
 20
10.15
 30
7.0
 10
-0.4
 20
10.15
 30
0.0
 10
-0.4
 20
9.35
 30
0.0
 10
-0.4
 20
9.35
 30
7.0
 10
-0.4
 20
10.15
 30
7.0
 10
-0.4
 20
17.9
 30
0.0
 10
0.4
 20
17.9
 30
0.0
 10
0.4
 20
17.1
 30
0.0
 10
-0.4
 20
17.1
 30
0.0
 10
-0.4
 20
17.1
 30
7.0
 10
0.4
 20
17.1
 30
7.0
 10
0.4
 20
17.9
 30
7.0
 10
-0.4
 20
17.9
 30
7.0
 10
-0.4
 20
17.1
 30
0.0
 10
0.4
 20
17.1
 30
0.0
 10
0.4
 20
17.1
 30
7.0
 10
-0.4
 20
17.1
 30
7.0
 10
0.4
 20
17.1
 30
0.0
 10
0.4
 20
17.9
 30
0.0
 10
0.4
 20
17.9
 30
7.0
 10
0.4
 20
17.1
 30
7.0
 10
0.4
 20
17.9
 30
0.0
 10
-0.4
 20
17.9
 30
0.0
 10
-0.4
 20
17.9
 30
7.0
 10
0.4
 20
17.9
 30
7.0
 10
-0.4
 20
17.9
 30
0.0
 10
-0.4
 20
17.1
 30
0.0
 10
-0.4
 20
17.1
 30
7.0
 10
-0.4
 20
17.9
 30
7.0
 10
5.35
 20
-13.1
 30
0.0
 10
6.15
 20
-13.1
 30
0.0
 10
6.15
 20
-13.9
 30
0.0
 10
5.35
 20
-13.9
 30
0.0
 10
5.35
 20
-13.9
 30
7.0
 10
6.15
 20
-13.9
 30
7.0
 10
6.15
 20
-13.1
 30
7.0
 10
5.35
 20
-13.1
 30
7.0
 10
5.35
 20
-13.9
 30
0.0
 10
6.15
 20
-13.9
 30
0.0
 10
6.15
 20
-13.9
 30
7.0
 10
5.35
 20
-13.9
 30
7.0
 10
6.15
 20
-13.9
 30
0.0
 10
6.15
 20
-13.1
 30
0.0
 10
6.15
 20
-13.1
 30
7.0
 10
6.15
 20
-13.9
 30
7.0
 10
6.15
 20
-13.1
 30
0.0
 10
5.35
 20
-13.1
 30
0.0
 10
5.35
 20
-13.1
 30
7.0
 10
6.15
 20
-13.1
 30
7.0
 10
5.35
 20
-13.1
 30
0.0
 10
5.35
 20
-13.9
 30
0.0
 10
5.35
 20
-13.9
 30
7.0
 10
5.35
 20
-13.1
 30
7.0
 10
5.35
 20
-5.35
 30
0.0
 10
6.15
 20
-5.35
 30
0.0
 10
6.15
 20
-6.15
 30
0.0
 10
5.35
 20
-6.15
 30
0.0
 10
5.35
 20
-6.15
 30
7.0
 10
6.15
 20
-6.15
 30
7.0
 10
6.15
 20
-5.35
 30
7.0
 10
5.35
 20
-5.35
 30
7.0
 10
5.35
 20
-6.15
 30
0.0
 10
6.15
 20
-6.15
 30
0.0
 10
6.15
 20
-6.15
 30
7.0
 10
5.35
 20
-6.15
 30
7.0
 10
6.15
 20
-6.15
 30
0.0
 10
6.15
 20
-5.35
 30
0.0
 10
6.15
 20
-5.35
 30
7.0
 10
6.15
 20
-6.15
 30
7.0
 10
6.15
 20
-5.35
 30
0.0
 10
5.35
 20
-5.35
 30
0.0
 10
5.35
 20
-5.35
 30
7.0
 10
6.15
 20
-5.35
 30
7.0
 10
5.35
 20
-5.35
 30
0.0
 10
5.35
 20
-6.15
 30
0.0
 10
5.35
 20
-6.15
 30
7.0
 10
5.35
 20
-5.35
 30
7.0
 10
5.35
 20
2.4
 30
0.0
 10
6.15
 20
2.4
 30
0.0
 10
6.15
 20
1.6
 30
0.0
 10
5.35
 20
1.6
 30
0.0
 10
5.35
 20
1.6
 30
7.0
 10
6.15
 20
1.6
 30
7.0
 10
6.15
 20
2.4
 30
7.0
 10
5.35
 20
2.4
 30
7.0
 10
5.35
 20
1.6
 30
0.0
 10
6.15
 20
1.6
 30
0.0
 10
6.15
 20
1.6
 30
7.0
 10
5.35
 20
1.6
 30
7.0
 10
6.15
 20
1.6
 30
0.0
 10
6.15
 20
2.4
 30
0.0
 10
6.15
 20
2.4
 30
7.0
 10
6.15
 20
1.6
 30
7.0
 10
6.15
 20
2.4
 30
0.0
 10
5.35
 20
2.4
 30
0.0
 10
5.35
 20
2.4
 30
7.0
 10
6.15
 20
2.4
 30
7.0
 10
5.35
 20
2.4
 30
0.0
 10
5.35
 20
1.6
 30
0.0
 10
5.35
 20
1.6
 30
7.0
 10
5.35
 20
2.4
 30
7.0
 10
5.35
 20
10.15
 30
0.0
 10
6.15
 20
10.15
 30
0.0
 10
6.15
 20
9.35
 30
0.0
 10
5.35
 20
9.35
 30
0.0
 10
5.35
 20
9.35
 30
7.0
 10
6.15
 20
9.35
 30
7.0
 10
6.15
 20
10.15
 30
7.0
 10
5.35
 20
10.15
 30
7.0
 10
5.35
 20
9.35
 30
0.0
 10
6.15
 20
9.35
 30
0.0
 10
6.15
 20
9.35
 30
7.0
 10
5.35
 20
9.35
 30
7.0
 10
6.15
 20
9.35
 30
0.0
 10
6.15
 20
10.15
 30
0.0
 10
6.15
 20
10.15
 30
7.0
 10
6.15
 20
9.35
 30
7.0
 10
6.15
 20
10.15
 30
0.0
 10
5.35
 20
10.15
 30
0.0
 10
5.35
 20
10.15
 30
7.0
 10
6.15
 20
10.15
 30
7.0
 10
5.35
 20
10.15
 30
0.0
 10
5.35
 20
9.35
 30
0.0
 10
5.35
 20
9.35
 30
7.0
 10
5.35
 20
10.15
 30
7.0
 10
5.35
 20
17.9
 30
0.0
 10
6.15
 20
17.9
 30
0.0
 10
6.15
 20
17.1
 30
0.0
 10
5.35
 20
17.1
 30
0.0
 10
5.35
 20
17.1
 30
7.0
 10
6.15
 20
17.1
 30
7.0
 10
6.15
 20
17.9
 30
7.0
 10
5.35
 20
17.9
 30
7.0
 10
5.35
 20
17.1
 30
0.0
 10
6.15
 20
17.1
 30
0.0
 10
6.15
 20
17.1
 30
7.0
 10
5.35
 20
17.1
 30
7.0
 10
6.15
 20
17.1
 30
0.0
 10
6.15
 20
17.9
 30
0.0
 10
6.15
 20
17.9
 30
7.0
 10
6.15
 20
17.1
 30
7.0
 10
6.15
 20
17.9
 30
0.0
 10
5.35
 20
17.9
 30
0.0
 10
5.35
 20
17.9
 30
7.0
 10
6.15
 20
17.9
 30
7.0
 10
5.35
 20
17.9
 30
0.0
 10
5.35
 20
17.1
 30
0.0
 10
5.35
 20
17.1
 30
7.0
 10
5.35
 20
17.9
 30
7.0
 10
11.1
 20
-13.1
 30
0.0
 10
11.9
 20
-13.1
 30
0.0
 10
11.9
 20
-13.9
 30
0.0
 10
11.1
 20
-13.9
 30
0.0
 10
11.1
 20
-13.9
 30
7.0
 10
11.9
 20
-13.9
 30
7.0
 10
11.9
 20
-13.1
 30
7.0
 10
11.1
 20
-13.1
 30
7.0
 10
11.1
 20
-13.9
 30
0.0
 10
11.9
 20
-13.9
 30
0.0
 10
11.9
 20
-13.9
 30
7.0
 10
11.1
 20
-13.9
 30
7.0
 10
11.9
 20
-13.9
 30
0.0
 10
11.9
 20
-13.1
 30
0.0
 10
11.9
 20
-13.1
 30
7.0
 10
11.9
 20
-13.9
 30
7.0
 10
11.9
 20
-13.1
 30
0.0
 10
11.1
 20
-13.1
 30
0.0
 10
11.1
 20
-13.1
 30
7.0
 10
11.9
 20
-13.1
 30
7.0
 10
11.1
 20
-13.1
 30
0.0
 10
11.1
 20
-13.9
 30
0.0
 10
11.1
 20
-13.9
 30
7.0
 10
11.1
 20
-13.1
 30
7.0
 10
11.1
 20
-5.35
 30
0.0
 10
11.9
 20
-5.35
 30
0.0
 10
11.9
 20
-6.15
 30
0.0
 10
11.1
 20
-6.15
 30
0.0
 10
11.1
 20
-6.15
 30
7.0
 10
11.9
 20
-6.15
 30
7.0
 10
11.9
 20
-5.35
 30
7.0
 10
11.1
 20
-5.35
 30
7.0
 10
11.1
 20
-6.15
 30
0.0
 10
11.9
 20
-6.15
 30
0.0
 10
11.9
 20
-6.15
 30
7.0
 10
11.1
 20
-6.15
 30
7.0
 10
11.9
 20
-6.15
 30
0.0
 10
11.9
 20
-5.35
 30
0.0
 10
11.9
 20
-5.35
 30
7.0
 10
11.9
 20
-6.15
 30
7.0
 10
11.9
 20
-5.35
 30
0.0
 10
11.1
 20
-5.35
 30
0.0
 10
11.1
 20
-5.35
 30
7.0
 10
11.9
 20
-5.35
 30
7.0
 10
11.1
 20
-5.35
 30
0.0
 10
11.1
 20
-6.15
 30
0.0
 10
11.1
 20
-6.15
 30
7.0
 10
11.1
 20
-5.35
 30
7.0
 10
11.1
 20
2.4
 30
0.0
 10
11.9
 20
2.4
 30
0.0
 10
11.9
 20
1.6
 30
0.0
 10
11.1
 20
1.6
 30
0.0
 10
11.1
 20
1.6
 30
7.0
 10
11.9
 20
1.6
 30
7.0
 10
11.9
 20
2.4
 30
7.0
 10
11.1
 20
2.4
 30
7.0
 10
11.1
 20
1.6
 30
0.0
 10
11.9
 20
1.6
 30
0.0
 10
11.9
 20
1.6
 30
7.0
 10
11.1
 20
1.6
 30
7.0
 10
11.9
 20
1.6
 30
0.0
 10
11.9
 20
2.4
 30
0.0
 10
11.9
 20
2.4
 30
7.0
 10
11.9
 20
1.6
 30
7.0
 10
11.9
 20
2.4
 30
0.0
 10
11.1
 20
2.4
 30
0.0
 10
11.1
 20
2.4
 30
7.0
 10
11.9
 20
2.4
 30
7.0
 10
11.1
 20
2.4
 30
0.0
 10
11.1
 20
1.6
 30
0.0
 10
11.1
 20
1.6
 30
7.0
 10
11.1
 20
2.4
 30
7.0
 10
11.1
 20
10.15
 30
0.0
 10
11.9
 20
10.15
 30
0.0
 10
11.9
 20
9.35
 30
0.0
 10
11.1
 20
9.35
 30
0.0
 10
11.1
 20
9.35
 30
7.0
 10
11.9
 20
9.35
 30
7.0
 10
11.9
 20
10.15
 30
7.0
 10
11.1
 20
10.15
 30
7.0
 10
11.1
 20
9.35
 30
0.0
 10
11.9
 20
9.35
 30
0.0
 10
11.9
 20
9.35
 30
7.0
 10
11.1
 20
9.35
 30
7.0
 10
11.9
 20
9.35
 30
0.0
 10
11.9
 20
10.15
 30
0.0
 10
11.9
 20
10.15
 30
7.0
 10
11.9
 20
9.35
 30
7.0
 10
11.9
 20
10.15
 30
0.0
 10
11.1
 20
10.15
 30
0.0
 10
11.1
 20
10.15
 30
7.0
 10
11.9
 20
10.15
 30
7.0
 10
11.1
 20
10.15
 30
0.0
 10
11.1
 20
9.35
 30
0.0
 10
11.1
 20
9.35
 30
7.0
 10
11.1
 20
10.15
 30
7.0
 10
11.1
 20
17.9
 30
0.0
 10
11.9
 20
17.9
 30
0.0
 10
11.9
 20
17.1
 30
0.0
 10
11.1
 20
17.1
 30
0.0
 10
11.1
 20
17.1
 30
7.0
 10
11.9
 20
17.1
 30
7.0
 10
11.9
 20
17.9
 30
7.0
 10
11.1
 20
17.9
 30
7.0
 10
11.1
 20
17.1
 30
0.0
 10
11.9
 20
17.1
 30
0.0
 10
11.9
 20
17.1
 30
7.0
 10
11.1
 20
17.1
 30
7.0
 10
11.9
 20
17.1
 30
0.0
 10
11.9
 20
17.9
 30
0.0
 10
11.9
 20
17.9
 30
7.0
 10
11.9
 20
17.1
 30
7.0
 10
11.9
 20
17.9
 30
0.0
 10
11.1
 20
17.9
 30
0.0
 10
11.1
 20
17.9
 30
7.0
 10
11.9
 20
17.9
 30
7.0
 10
11.1
 20
17.9
 30
0.0
 10
11.1
 20
17.1
 30
0.0
 10
11.1
 20
17.1
 30
7.0
 10
11.1
 20
17.9
 30
7.0
 93
1200
 90
3
 90
0
 90
1
 90
2
 90
3
 90
0
 90
2
 90
3
 90
3
 90
4
 90
5
 90
6
 90
3
 90
4
 90
6
 90
7
 90
3
 90
8
 90
9
 90
10
 90
3
 90
8
 90
10
 90
11
 90
3
 90
12
 90
13
 90
14
 90
3
 90
12
 90
14
 90
15
 90
3
 90
16
 90
17
 90
18
 90
3
 90
16
 90
18
 90
19
 90
3
 90
20
 90
21
 90
22
 90
3
 90
20
 90
22
 90
23
 90
3
 90
24
 90
25
 90
26
 90
3
 90
24
 90
26
 90
27
 90
3
 90
28
 90
29
 90
30
 90
3
 90
28
 90
30
 90
31
 90
3
 90
32
 90
33
 90
34
 90
3
 90
32
 90
34
 90
35
 90
3
 90
36
 90
37
 90
38
 90
3
 90
36
 90
38
 90
39
 90
3
 90
40
 90
41
 90
42
 90
3
 90
40
 90
42
 90
43
 90
3
 90
44
 90
45
 90
46
 90
3
 90
44
 90
46
 90
47
 90
3
 90
48
 90
49
 90
50
 90
3
 90
48
 90
50
 90
51
 90
3
 90
52
 90
53
 90
54
 90
3
 90
52
 90
54
 90
55
 90
3
 90
56
 90
57
 90
58
 90
3
 90
56
 90
58
 90
59
 90
3
 90
60
 90
61
 90
62
 90
3
 90
60
 90
62
 90
63
 90
3
 90
64
 90
65
 90
66
 90
3
 90
64
 90
66
 90
67
 90
3
 90
68
 90
69
 90
70
 90
3
 90
68
 90
70
 90
71
 90
3
 90
72
 90
73
 90
74
 90
3
 90
72
 90
74
 90
75
 90
3
 90
76
 90
77
 90
78
 90
3
 90
76
 90
78
 90
79
 90
3
 90
80
 90
81
 90
82
 90
3
 90
80
 90
82
 90
83
 90
3
 90
84
 90
85
 90
86
 90
3
 90
84
 90
86
 90
87
 90
3
 90
88
 90
89
 90
90
 90
3
 90
88
 90
90
 90
91
 90
3
 90
92
 90
93
 90
94
 90
3
 90
92
 90
94
 90
95
 90
3
 90
96
 90
97
 90
98
 90
3
 90
96
 90
98
 90
99
 90
3
 90
100
 90
101
 90
102
 90
3
 90
100
 90
102
 90
103
 90
3
 90
104
 90
105
 90
106
 90
3
 90
104
 90
106
 90
107
 90
3
 90
108
 90
109
 90
110
 90
3
 90
108
 90
110
 90
111
 90
3
 90
112
 90
113
 90
114
 90
3
 90
112
 90
114
 90
115
 90
3
 90
116
 90
117
 90
118
 90
3
 90
116
 90
118
 90
119
 90
3
 90
120
 90
121
 90
122
 90
3
 90
120
 90
122
 90
123
 90
3
 90
124
 90
125
 90
126
 90
3
 90
124
 90
126
 90
127
 90
3
 90
128
 90
129
 90
130
 90
3
 90
128
 90
130
 90
131
 90
3
 90
132
 90
133
 90
134
 90
3
 90
132
 90
134
 90
135
 90
3
 90
136
 90
137
 90
138
 90
3
 90
136
 90
138
 90
139
 90
3
 90
140
 90
141
 90
142
 90
3
 90
140
 90
142
 90
143
 90
3
 90
144
 90
145
 90
146
 90
3
 90
144
 90
146
 90
147
 90
3
 90
148
 90
149
 90
150
 90
3
 90
148
 90
150
 90
151
 90
3
 90
152
 90
153
 90
154
 90
3
 90
152
 90
154
 90
155
 90
3
 90
156
 90
157
 90
158
 90
3
 90
156
 90
158
 90
159
 90
3
 90
160
 90
161
 90
162
 90
3
 90
160
 90
162
 90
163
 90
3
 90
164
 90
165
 90
166
 90
3
 90
164
 90
166
 90
167
 90
3
 90
168
 90
169
 90
170
 90
3
 90
168
 90
170
 90
171
 90
3
 90
172
 90
173
 90
174
 90
3
 90
172
 90
174
 90
175
 90
3
 90
176
 90
177
 90
178
 90
3
 90
176
 90
178
 90
179
 90
3
 90
180
 90
181
 90
182
 90
3
 90
180
 90
182
 90
183
 90
3
 90
184
 90
185
 90
186
 90
3
 90
184
 90
186
 90
187
 90
3
 90
188
 90
189
 90
190
 90
3
 90
188
 90
190
 90
191
 90
3
 90
192
 90
193
 90
194
 90
3
 90
192
 90
194
 90
195
 90
3
 90
196
 90
197
 90
198
 90
3
 90
196
 90
198
 90
199
 90
3
 90
200
 90
201
 90
202
 90
3
 90
200
 90
202
 90
203
 90
3
 90
204
 90
205
 90
206
 90
3
 90
204
 90
206
 90
207
 90
3
 90
208
 90
209
 90
210
 90
3
 90
208
 90
210
 90
211
 90
3
 90
212
 90
213
 90
214
 90
3
 90
212
 90
214
 90
215
 90
3
 90
216
 90
217
 90
218
 90
3
 90
216
 90
218
 90
219
 90
3
 90
220
 90
221
 90
222
 90
3
 90
220
 90
222
 90
223
 90
3
 90
224
 90
225
 90
226
 90
3
 90
224
 90
226
 90
227
 90
3
 90
228
 90
229
 90
230
 90
3
 90
228
 90
230
 90
231
 90
3
 90
232
 90
233
 90
234
 90
3
 90
232
 90
234
 90
235
 90
3
 90
236
 90
237
 90
238
 90
3
 90
236
 90
238
 90
239
 90
3
 90
240
 90
241
 90
242
 90
3
 90
240
 90
242
 90
243
 90
3
 90
244
 90
245
 90
246
 90
3
 90
244
 90
246
 90
247
 90
3
 90
248
 90
249
 90
250
 90
3
 90
248
 90
250
 90
251
 90
3
 90
252
 90
253
 90
254
 90
3
 90
252
 90
254
 90
255
 90
3
 90
256
 90
257
 90
258
 90
3
 90
256
 90
258
 90
259
 90
3
 90
260
 90
261
 90
262
 90
3
 90
260
 90
262
 90
263
 90
3
 90
264
 90
265
 90
266
 90
3
 90
264
 90
266
 90
267
 90
3
 90
268
 90
269
 90
270
 90
3
 90
268
 90
270
 90
271
 90
3
 90
272
 90
273
 90
274
 90
3
 90
272
 90
274
 90
275
 90
3
 90
276
 90
277
 90
278
 90
3
 90
276
 90
278
 90
279
 90
3
 90
280
 90
281
 90
282
 90
3
 90
280
 90
282
 90
283
 90
3
 90
284
 90
285
 90
286
 90
3
 90
284
 90
286
 90
287
 90
3
 90
288
 90
289
 90
290
 90
3
 90
288
 90
290
 90
291
 90
3
 90
292
 90
293
 90
294
 90
3
 90
292
 90
294
 90
295
 90
3
 90
296
 90
297
 90
298
 90
3
 90
296
 90
298
 90
299
 90
3
 90
300
 90
301
 90
302
 90
3
 90
300
 90
302
 90
303
 90
3
 90
304
 90
305
 90
306
 90
3
 90
304
 90
306
 90
307
 90
3
 90
308
 90
309
 90
310
 90
3
 90
308
 90
310
 90
311
 90
3
 90
312
 90
313
 90
314
 90
3
 90
312
 90
314
 90
315
 90
3
 90
316
 90
317
 90
318
 90
3
 90
316
 90
318
 90
319
 90
3
 90
320
 90
321
 90
322
 90
3
 90
320
 90
322
 90
323
 90
3
 90
324
 90
325
 90
326
 90
3
 90
324
 90
326
 90
327
 90
3
 90
328
 90
329
 90
330
 90
3
 90
328
 90
330
 90
331
 90
3
 90
332
 90
333
 90
334
 90
3
 90
332
 90
334
 90
335
 90
3
 90
336
 90
337
 90
338
 90
3
 90
336
 90
338
 90
339
 90
3
 90
340
 90
341
 90
342
 90
3
 90
340
 90
342
 90
343
 90
3
 90
344
 90
345
 90
346
 90
3
 90
344
 90
346
 90
347
 90
3
 90
348
 90
349
 90
350
 90
3
 90
348
 90
350
 90
351
 90
3
 90
352
 90
353
 90
354
 90
3
 90
352
 90
354
 90
355
 90
3
 90
356
 90
357
 90
358
 90
3
 90
356
 90
358
 90
359
 90
3
 90
360
 90
361
 90
362
 90
3
 90
360
 90
362
 90
363
 90
3
 90
364
 90
365
 90
366
 90
3
 90
364
 90
366
 90
367
 90
3
 90
368
 90
369
 90
370
 90
3
 90
368
 90
370
 90
371
 90
3
 90
372
 90
373
 90
374
 90
3
 90
372
 90
374
 90
375
 90
3
 90
376
 90
377
 90
378
 90
3
 90
376
 90
378
 90
379
 90
3
 90
380
 90
381
 90
382
 90
3
 90
380
 90
382
 90
383
 90
3
 90
384
 90
385
 90
386
 90
3
 90
384
 90
386
 90
387
 90
3
 90
388
 90
389
 90
390
 90
3
 90
388
 90
390
 90
391
 90
3
 90
392
 90
393
 90
394
 90
3
 90
392
 90
394
 90
395
 90
3
 90
396
 90
397
 90
398
 90
3
 90
396
 90
398
 90
399
 90
3
 90
400
 90
401
 90
402
 90
3
 90
400
 90
402
 90
403
 90
3
 90
404
 90
405
 90
406
 90
3
 90
404
 90
406
 90
407
 90
3
 90
408
 90
409
 90
410
 90
3
 90
408
 90
410
 90
411
 90
3
 90
412
 90
413
 90
414
 90
3
 90
412
 90
414
 90
415
 90
3
 90
416
 90
417
 90
418
 90
3
 90
416
 90
418
 90
419
 90
3
 90
420
 90
421
 90
422
 90
3
 90
420
 90
422
 90
423
 90
3
 90
424
 90
425
 90
426
 90
3
 90
424
 90
426
 90
427
 90
3
 90
428
 90
429
 90
430
 90
3
 90
428
 90
430
 90
431
 90
3
 90
432
 90
433
 90
434
 90
3
 90
432
 90
434
 90
435
 90
3
 90
436
 90
437
 90
438
 90
3
 90
436
 90
438
 90
439
 90
3
 90
440
 90
441
 90
442
 90
3
 90
440
 90
442
 90
443
 90
3
 90
444
 90
445
 90
446
 90
3
 90
444
 90
446
 90
447
 90
3
 90
448
 90
449
 90
450
 90
3
 90
448
 90
450
 90
451
 90
3
 90
452
 90
453
 90
454
 90
3
 90
452
 90
454
 90
455
 90
3
 90
456
 90
457
 90
458
 90
3
 90
456
 90
458
 90
459
 90
3
 90
460
 90
461
 90
462
 90
3
 90
460
 90
462
 90
463
 90
3
 90
464
 90
465
 90
466
 90
3
 90
464
 90
466
 90
467
 90
3
 90
468
 90
469
 90
470
 90
3
 90
468
 90
470
 90
471
 90
3
 90
472
 90
473
 90
474
 90
3
 90
472
 90
474
 90
475
 90
3
 90
476
 90
477
 90
478
 90
3
 90
476
 90
478
 90
479
 90
3
 90
480
 90
481
 90
482
 90
3
 90
480
 90
482
 90
483
 90
3
 90
484
 90
485
 90
486
 90
3
 90
484
 90
486
 90
487
 90
3
 90
488
 90
489
 90
490
 90
3
 90
488
 90
490
 90
491
 90
3
 90
492
 90
493
 90
494
 90
3
 90
492
 90
494
 90
495
 90
3
 90
496
 90
497
 90
498
 90
3
 90
496
 90
498
 90
499
 90
3
 90
500
 90
501
 90
502
 90
3
 90
500
 90
502
 90
503
 90
3
 90
504
 90
505
 90
506
 90
3
 90
504
 90
506
 90
507
 90
3
 90
508
 90
509
 90
510
 90
3
 90
508
 90
510
 90
511
 90
3
 90
512
 90
513
 90
514
 90
3
 90
512
 90
514
 90
515
 90
3
 90
516
 90
517
 90
518
 90
3
 90
516
 90
518
 90
519
 90
3
 90
520
 90
521
 90
522
 90
3
 90
520
 90
522
 90
523
 90
3
 90
524
 90
525
 90
526
 90
3
 90
524
 90
526
 90
527
 90
3
 90
528
 90
529
 90
530
 90
3
 90
528
 90
530
 90
531
 90
3
 90
532
 90
533
 90
534
 90
3
 90
532
 90
534
 90
535
 90
3
 90
536
 90
537
 90
538
 90
3
 90
536
 90
538
 90
539
 90
3
 90
540
 90
541
 90
542
 90
3
 90
540
 90
542
 90
543
 90
3
 90
544
 90
545
 90
546
 90
3
 90
544
 90
546
 90
547
 90
3
 90
548
 90
549
 90
550
 90
3
 90
548
 90
550
 90
551
 90
3
 90
552
 90
553
 90
554
 90
3
 90
552
 90
554
 90
555
 90
3
 90
556
 90
557
 90
558
 90
3
 90
556
 90
558
 90
559
 90
3
 90
560
 90
561
 90
562
 90
3
 90
560
 90
562
 90
563
 90
3
 90
564
 90
565
 90
566
 90
3
 90
564
 90
566
 90
567
 90
3
 90
568
 90
569
 90
570
 90
3
 90
568
 90
570
 90
571
 90
3
 90
572
 90
573
 90
574
 90
3
 90
572
 90
574
 90
575
 90
3
 90
576
 90
577
 90
578
 90
3
 90
576
 90
578
 90
579
 90
3
 90
580
 90
581
 90
582
 90
3
 90
580
 90
582
 90
583
 90
3
 90
584
 90
585
 90
586
 90
3
 90
584
 90
586
 90
587
 90
3
 90
588
 90
589
 90
590
 90
3
 90
588
 90
590
 90
591
 90
3
 90
592
 90
593
 90
594
 90
3
 90
592
 90
594
 90
595
 90
3
 90
596
 90
597
 90
598
 90
3
 90
596
 90
598
 90
599
 94
0
 95
0
 90
0
  0
MESH
  5
94
330
17
100
AcDbEntity
  8
M-BRACING
100
AcDbSubDMesh
 71
2
 72
0
 91
0
 92
48
 10
-11.65
 20
17.5
 30
4.8
 10
-11.35
 20
17.5
 30
4.8
 10
-11.35
 20
-13.5
 30
4.8
 10
-11.65
 20
-13.5
 30
4.8
 10
-11.65
 20
-13.5
 30
5.2
 10
-11.35
 20
-13.5
 30
5.2
 10
-11.35
 20
17.5
 30
5.2
 10
-11.65
 20
17.5
 30
5.2
 10
-11.65
 20
-13.5
 30
4.8
 10
-11.35
 20
-13.5
 30
4.8
 10
-11.35
 20
-13.5
 30
5.2
 10
-11.65
 20
-13.5
 30
5.2
 10
-11.35
 20
-13.5
 30
4.8
 10
-11.35
 20
17.5
 30
4.8
 10
-11.35
 20
17.5
 30
5.2
 10
-11.35
 20
-13.5
 30
5.2
 10
-11.35
 20
17.5
 30
4.8
 10
-11.65
 20
17.5
 30
4.8
 10
-11.65
 20
17.5
 30
5.2
 10
-11.35
 20
17.5
 30
5.2
 10
-11.65
 20
17.5
 30
4.8
 10
-11.65
 20
-13.5
 30
4.8
 10
-11.65
 20
-13.5
 30
5.2
 10
-11.65
 20
17.5
 30
5.2
 10
11.35
 20
17.5
 30
4.8
 10
11.65
 20
17.5
 30
4.8
 10
11.65
 20
-13.5
 30
4.8
 10
11.35
 20
-13.5
 30
4.8
 10
11.35
 20
-13.5
 30
5.2
 10
11.65
 20
-13.5
 30
5.2
 10
11.65
 20
17.5
 30
5.2
 10
11.35
 20
17.5
 30
5.2
 10
11.35
 20
-13.5
 30
4.8
 10
11.65
 20
-13.5
 30
4.8
 10
11.65
 20
-13.5
 30
5.2
 10
11.35
 20
-13.5
 30
5.2
 10
11.65
 20
-13.5
 30
4.8
 10
11.65
 20
17.5
 30
4.8
 10
11.65
 20
17.5
 30
5.2
 10
11.65
 20
-13.5
 30
5.2
 10
11.65
 20
17.5
 30
4.8
 10
11.35
 20
17.5
 30
4.8
 10
11.35
 20
17.5
 30
5.2
 10
11.65
 20
17.5
 30
5.2
 10
11.35
 20
17.5
 30
4.8
 10
11.35
 20
-13.5
 30
4.8
 10
11.35
 20
-13.5
 30
5.2
 10
11.35
 20
17.5
 30
5.2
 93
96
 90
3
 90
0
 90
1
 90
2
 90
3
 90
0
 90
2
 90
3
 90
3
 90
4
 90
5
 90
6
 90
3
 90
4
 90
6
 90
7
 90
3
 90
8
 90
9
 90
10
 90
3
 90
8
 90
10
 90
11
 90
3
 90
12
 90
13
 90
14
 90
3
 90
12
 90
14
 90
15
 90
3
 90
16
 90
17
 90
18
 90
3
 90
16
 90
18
 90
19
 90
3
 90
20
 90
21
 90
22
 90
3
 90
20
 90
22
 90
23
 90
3
 90
24
 90
25
 90
26
 90
3
 90
24
 90
26
 90
27
 90
3
 90
28
 90
29
 90
30
 90
3
 90
28
 90
30
 90
31
 90
3
 90
32
 90
33
 90
34
 90
3
 90
32
 90
34
 90
35
 90
3
 90
36
 90
37
 90
38
 90
3
 90
36
 90
38
 90
39
 90
3
 90
40
 90
41
 90
42
 90
3
 90
40
 90
42
 90
43
 90
3
 90
44
 90
45
 90
46
 90
3
 90
44
 90
46
 90
47
 94
0
 95
0
 90
0
  0
MESH
  5
96
330
17
100
AcDbEntity
  8
M-FLOOR
100
AcDbSubDMesh
 71
2
 72
0
 91
0
 92
24
 10
-12.0
 20
18.0
 30
6.2
 10
12.0
 20
18.0
 30
6.2
 10
12.0
 20
-14.0
 30
6.2
 10
-12.0
 20
-14.0
 30
6.2
 10
-12.0
 20
-14.0
 30
7.0
 10
12.0
 20
-14.0
 30
7.0
 10
12.0
 20
18.0
 30
7.0
 10
-12.0
 20
18.0
 30
7.0
 10
-12.0
 20
-14.0
 30
6.2
 10
12.0
 20
-14.0
 30
6.2
 10
12.0
 20
-14.0
 30
7.0
 10
-12.0
 20
-14.0
 30
7.0
 10
12.0
 20
-14.0
 30
6.2
 10
12.0
 20
18.0
 30
6.2
 10
12.0
 20
18.0
 30
7.0
 10
12.0
 20
-14.0
 30
7.0
 10
12.0
 20
18.0
 30
6.2
 10
-12.0
 20
18.0
 30
6.2
 10
-12.0
 20
18.0
 30
7.0
 10
12.0
 20
18.0
 30
7.0
 10
-12.0
 20
18.0
 30
6.2
 10
-12.0
 20
-14.0
 30
6.2
 10
-12.0
 20
-14.0
 30
7.0
 10
-12.0
 20
18.0
 30
7.0
 93
48
 90
3
 90
0
 90
1
 90
2
 90
3
 90
0
 90
2
 90
3
 90
3
 90
4
 90
5
 90
6
 90
3
 90
4
 90
6
 90
7
 90
3
 90
8
 90
9
 90
10
 90
3
 90
8
 90
10
 90
11
 90
3
 90
12
 90
13
 90
14
 90
3
 90
12
 90
14
 90
15
 90
3
 90
16
 90
17
 90
18
 90
3
 90
16
 90
18
 90
19
 90
3
 90
20
 90
21
 90
22
 90
3
 90
20
 90
22
 90
23
 94
0
 95
0
 90
0
  0
MESH
  5
98
330
17
100
AcDbEntity
  8
M-WALLS
100
AcDbSubDMesh
 71
2
 72
0
 91
0
 92
24
 10
-6.0
 20
18.0
 30
7.0
 10
6.0
 20
18.0
 30
7.0
 10
6.0
 20
-8.0
 30
7.0
 10
-6.0
 20
-8.0
 30
7.0
 10
-6.0
 20
-8.0
 30
16.0
 10
6.0
 20
-8.0
 30
16.0
 10
6.0
 20
18.0
 30
16.0
 10
-6.0
 20
18.0
 30
16.0
 10
-6.0
 20
-8.0
 30
7.0
 10
6.0
 20
-8.0
 30
7.0
 10
6.0
 20
-8.0
 30
16.0
 10
-6.0
 20
-8.0
 30
16.0
 10
6.0
 20
-8.0
 30
7.0
 10
6.0
 20
18.0
 30
7.0
 10
6.0
 20
18.0
 30
16.0
 10
6.0
 20
-8.0
 30
16.0
 10
6.0
 20
18.0
 30
7.0
 10
-6.0
 20
18.0
 30
7.0
 10
-6.0
 20
18.0
 30
16.0
 10
6.0
 20
18.0
 30
16.0
 10
-6.0
 20
18.0
 30
7.0
 10
-6.0
 20
-8.0
 30
7.0
 10
-6.0
 20
-8.0
 30
16.0
 10
-6.0
 20
18.0
 30
16.0
 93
48
 90
3
 90
0
 90
1
 90
2
 90
3
 90
0
 90
2
 90
3
 90
3
 90
4
 90
5
 90
6
 90
3
 90
4
 90
6
 90
7
 90
3
 90
8
 90
9
 90
10
 90
3
 90
8
 90
10
 90
11
 90
3
 90
12
 90
13
 90
14
 90
3
 90
12
 90
14
 90
15
 90
3
 90
16
 90
17
 90
18
 90
3
 90
16
 90
18
 90
19
 90
3
 90
20
 90
21
 90
22
 90
3
 90
20
 90
22
 90
23
 94
0
 95
0
 90
0
  0
MESH
  5
9A
330
17
100
AcDbEntity
  8
M-BATTENS
100
AcDbSubDMesh
 71
2
 72
0
 91
0
 92
1200
 10
-5.08
 20
-8.0
 30
7.0
 10
-4.92
 20
-8.0
 30
7.0
 10
-4.92
 20
-8.12
 30
7.0
 10
-5.08
 20
-8.12
 30
7.0
 10
-5.08
 20
-8.12
 30
16.0
 10
-4.92
 20
-8.12
 30
16.0
 10
-4.92
 20
-8.0
 30
16.0
 10
-5.08
 20
-8.0
 30
16.0
 10
-5.08
 20
-8.12
 30
7.0
 10
-4.92
 20
-8.12
 30
7.0
 10
-4.92
 20
-8.12
 30
16.0
 10
-5.08
 20
-8.12
 30
16.0
 10
-4.92
 20
-8.12
 30
7.0
 10
-4.92
 20
-8.0
 30
7.0
 10
-4.92
 20
-8.0
 30
16.0
 10
-4.92
 20
-8.12
 30
16.0
 10
-4.92
 20
-8.0
 30
7.0
 10
-5.08
 20
-8.0
 30
7.0
 10
-5.08
 20
-8.0
 30
16.0
 10
-4.92
 20
-8.0
 30
16.0
 10
-5.08
 20
-8.0
 30
7.0
 10
-5.08
 20
-8.12
 30
7.0
 10
-5.08
 20
-8.12
 30
16.0
 10
-5.08
 20
-8.0
 30
16.0
 10
-5.08
 20
18.12
 30
7.0
 10
-4.92
 20
18.12
 30
7.0
 10
-4.92
 20
18.0
 30
7.0
 10
-5.08
 20
18.0
 30
7.0
 10
-5.08
 20
18.0
 30
16.0
 10
-4.92
 20
18.0
 30
16.0
 10
-4.92
 20
18.12
 30
16.0
 10
-5.08
 20
18.12
 30
16.0
 10
-5.08
 20
18.0
 30
7.0
 10
-4.92
 20
18.0
 30
7.0
 10
-4.92
 20
18.0
 30
16.0
 10
-5.08
 20
18.0
 30
16.0
 10
-4.92
 20
18.0
 30
7.0
 10
-4.92
 20
18.12
 30
7.0
 10
-4.92
 20
18.12
 30
16.0
 10
-4.92
 20
18.0
 30
16.0
 10
-4.92
 20
18.12
 30
7.0
 10
-5.08
 20
18.12
 30
7.0
 10
-5.08
 20
18.12
 30
16.0
 10
-4.92
 20
18.12
 30
16.0
 10
-5.08
 20
18.12
 30
7.0
 10
-5.08
 20
18.0
 30
7.0
 10
-5.08
 20
18.0
 30
16.0
 10
-5.08
 20
18.12
 30
16.0
 10
-3.58
 20
-8.0
 30
7.0
 10
-3.42
 20
-8.0
 30
7.0
 10
-3.42
 20
-8.12
 30
7.0
 10
-3.58
 20
-8.12
 30
7.0
 10
-3.58
 20
-8.12
 30
16.0
 10
-3.42
 20
-8.12
 30
16.0
 10
-3.42
 20
-8.0
 30
16.0
 10
-3.58
 20
-8.0
 30
16.0
 10
-3.58
 20
-8.12
 30
7.0
 10
-3.42
 20
-8.12
 30
7.0
 10
-3.42
 20
-8.12
 30
16.0
 10
-3.58
 20
-8.12
 30
16.0
 10
-3.42
 20
-8.12
 30
7.0
 10
-3.42
 20
-8.0
 30
7.0
 10
-3.42
 20
-8.0
 30
16.0
 10
-3.42
 20
-8.12
 30
16.0
 10
-3.42
 20
-8.0
 30
7.0
 10
-3.58
 20
-8.0
 30
7.0
 10
-3.58
 20
-8.0
 30
16.0
 10
-3.42
 20
-8.0
 30
16.0
 10
-3.58
 20
-8.0
 30
7.0
 10
-3.58
 20
-8.12
 30
7.0
 10
-3.58
 20
-8.12
 30
16.0
 10
-3.58
 20
-8.0
 30
16.0
 10
-3.58
 20
18.12
 30
7.0
 10
-3.42
 20
18.12
 30
7.0
 10
-3.42
 20
18.0
 30
7.0
 10
-3.58
 20
18.0
 30
7.0
 10
-3.58
 20
18.0
 30
16.0
 10
-3.42
 20
18.0
 30
16.0
 10
-3.42
 20
18.12
 30
16.0
 10
-3.58
 20
18.12
 30
16.0
 10
-3.58
 20
18.0
 30
7.0
 10
-3.42
 20
18.0
 30
7.0
 10
-3.42
 20
18.0
 30
16.0
 10
-3.58
 20
18.0
 30
16.0
 10
-3.42
 20
18.0
 30
7.0
 10
-3.42
 20
18.12
 30
7.0
 10
-3.42
 20
18.12
 30
16.0
 10
-3.42
 20
18.0
 30
16.0
 10
-3.42
 20
18.12
 30
7.0
 10
-3.58
 20
18.12
 30
7.0
 10
-3.58
 20
18.12
 30
16.0
 10
-3.42
 20
18.12
 30
16.0
 10
-3.58
 20
18.12
 30
7.0
 10
-3.58
 20
18.0
 30
7.0
 10
-3.58
 20
18.0
 30
16.0
 10
-3.58
 20
18.12
 30
16.0
 10
-2.08
 20
-8.0
 30
7.0
 10
-1.92
 20
-8.0
 30
7.0
 10
-1.92
 20
-8.12
 30
7.0
 10
-2.08
 20
-8.12
 30
7.0
 10
-2.08
 20
-8.12
 30
16.0
 10
-1.92
 20
-8.12
 30
16.0
 10
-1.92
 20
-8.0
 30
16.0
 10
-2.08
 20
-8.0
 30
16.0
 10
-2.08
 20
-8.12
 30
7.0
 10
-1.92
 20
-8.12
 30
7.0
 10
-1.92
 20
-8.12
 30
16.0
 10
-2.08
 20
-8.12
 30
16.0
 10
-1.92
 20
-8.12
 30
7.0
 10
-1.92
 20
-8.0
 30
7.0
 10
-1.92
 20
-8.0
 30
16.0
 10
-1.92
 20
-8.12
 30
16.0
 10
-1.92
 20
-8.0
 30
7.0
 10
-2.08
 20
-8.0
 30
7.0
 10
-2.08
 20
-8.0
 30
16.0
 10
-1.92
 20
-8.0
 30
16.0
 10
-2.08
 20
-8.0
 30
7.0
 10
-2.08
 20
-8.12
 30
7.0
 10
-2.08
 20
-8.12
 30
16.0
 10
-2.08
 20
-8.0
 30
16.0
 10
-2.08
 20
18.12
 30
7.0
 10
-1.92
 20
18.12
 30
7.0
 10
-1.92
 20
18.0
 30
7.0
 10
-2.08
 20
18.0
 30
7.0
 10
-2.08
 20
18.0
 30
16.0
 10
-1.92
 20
18.0
 30
16.0
 10
-1.92
 20
18.12
 30
16.0
 10
-2.08
 20
18.12
 30
16.0
 10
-2.08
 20
18.0
 30
7.0
 10
-1.92
 20
18.0
 30
7.0
 10
-1.92
 20
18.0
 30
16.0
 10
-2.08
 20
18.0
 30
16.0
 10
-1.92
 20
18.0
 30
7.0
 10
-1.92
 20
18.12
 30
7.0
 10
-1.92
 20
18.12
 30
16.0
 10
-1.92
 20
18.0
 30
16.0
 10
-1.92
 20
18.12
 30
7.0
 10
-2.08
 20
18.12
 30
7.0
 10
-2.08
 20
18.12
 30
16.0
 10
-1.92
 20
18.12
 30
16.0
 10
-2.08
 20
18.12
 30
7.0
 10
-2.08
 20
18.0
 30
7.0
 10
-2.08
 20
18.0
 30
16.0
 10
-2.08
 20
18.12
 30
16.0
 10
-0.58
 20
-8.0
 30
7.0
 10
-0.42
 20
-8.0
 30
7.0
 10
-0.42
 20
-8.12
 30
7.0
 10
-0.58
 20
-8.12
 30
7.0
 10
-0.58
 20
-8.12
 30
16.0
 10
-0.42
 20
-8.12
 30
16.0
 10
-0.42
 20
-8.0
 30
16.0
 10
-0.58
 20
-8.0
 30
16.0
 10
-0.58
 20
-8.12
 30
7.0
 10
-0.42
 20
-8.12
 30
7.0
 10
-0.42
 20
-8.12
 30
16.0
 10
-0.58
 20
-8.12
 30
16.0
 10
-0.42
 20
-8.12
 30
7.0
 10
-0.42
 20
-8.0
 30
7.0
 10
-0.42
 20
-8.0
 30
16.0
 10
-0.42
 20
-8.12
 30
16.0
 10
-0.42
 20
-8.0
 30
7.0
 10
-0.58
 20
-8.0
 30
7.0
 10
-0.58
 20
-8.0
 30
16.0
 10
-0.42
 20
-8.0
 30
16.0
 10
-0.58
 20
-8.0
 30
7.0
 10
-0.58
 20
-8.12
 30
7.0
 10
-0.58
 20
-8.12
 30
16.0
 10
-0.58
 20
-8.0
 30
16.0
 10
-0.58
 20
18.12
 30
7.0
 10
-0.42
 20
18.12
 30
7.0
 10
-0.42
 20
18.0
 30
7.0
 10
-0.58
 20
18.0
 30
7.0
 10
-0.58
 20
18.0
 30
16.0
 10
-0.42
 20
18.0
 30
16.0
 10
-0.42
 20
18.12
 30
16.0
 10
-0.58
 20
18.12
 30
16.0
 10
-0.58
 20
18.0
 30
7.0
 10
-0.42
 20
18.0
 30
7.0
 10
-0.42
 20
18.0
 30
16.0
 10
-0.58
 20
18.0
 30
16.0
 10
-0.42
 20
18.0
 30
7.0
 10
-0.42
 20
18.12
 30
7.0
 10
-0.42
 20
18.12
 30
16.0
 10
-0.42
 20
18.0
 30
16.0
 10
-0.42
 20
18.12
 30
7.0
 10
-0.58
 20
18.12
 30
7.0
 10
-0.58
 20
18.12
 30
16.0
 10
-0.42
 20
18.12
 30
16.0
 10
-0.58
 20
18.12
 30
7.0
 10
-0.58
 20
18.0
 30
7.0
 10
-0.58
 20
18.0
 30
16.0
 10
-0.58
 20
18.12
 30
16.0
 10
0.92
 20
-8.0
 30
7.0
 10
1.08
 20
-8.0
 30
7.0
 10
1.08
 20
-8.12
 30
7.0
 10
0.92
 20
-8.12
 30
7.0
 10
0.92
 20
-8.12
 30
16.0
 10
1.08
 20
-8.12
 30
16.0
 10
1.08
 20
-8.0
 30
16.0
 10
0.92
 20
-8.0
 30
16.0
 10
0.92
 20
-8.12
 30
7.0
 10
1.08
 20
-8.12
 30
7.0
 10
1.08
 20
-8.12
 30
16.0
 10
0.92
 20
-8.12
 30
16.0
 10
1.08
 20
-8.12
 30
7.0
 10
1.08
 20
-8.0
 30
7.0
 10
1.08
 20
-8.0
 30
16.0
 10
1.08
 20
-8.12
 30
16.0
 10
1.08
 20
-8.0
 30
7.0
 10
0.92
 20
-8.0
 30
7.0
 10
0.92
 20
-8.0
 30
16.0
 10
1.08
 20
-8.0
 30
16.0
 10
0.92
 20
-8.0
 30
7.0
 10
0.92
 20
-8.12
 30
7.0
 10
0.92
 20
-8.12
 30
16.0
 10
0.92
 20
-8.0
 30
16.0
 10
0.92
 20
18.12
 30
7.0
 10
1.08
 20
18.12
 30
7.0
 10
1.08
 20
18.0
 30
7.0
 10
0.92
 20
18.0
 30
7.0
 10
0.92
 20
18.0
 30
16.0
 10
1.08
 20
18.0
 30
16.0
 10
1.08
 20
18.12
 30
16.0
 10
0.92
 20
18.12
 30
16.0
 10
0.92
 20
18.0
 30
7.0
 10
1.08
 20
18.0
 30
7.0
 10
1.08
 20
18.0
 30
16.0
 10
0.92
 20
18.0
 30
16.0
 10
1.08
 20
18.0
 30
7.0
 10
1.08
 20
18.12
 30
7.0
 10
1.08
 20
18.12
 30
16.0
 10
1.08
 20
18.0
 30
16.0
 10
1.08
 20
18.12
 30
7.0
 10
0.92
 20
18.12
 30
7.0
 10
0.92
 20
18.12
 30
16.0
 10
1.08
 20
18.12
 30
16.0
 10
0.92
 20
18.12
 30
7.0
 10
0.92
 20
18.0
 30
7.0
 10
0.92
 20
18.0
 30
16.0
 10
0.92
 20
18.12
 30
16.0
 10
2.42
 20
-8.0
 30
7.0
 10
2.58
 20
-8.0
 30
7.0
 10
2.58
 20
-8.12
 30
7.0
 10
2.42
 20
-8.12
 30
7.0
 10
2.42
 20
-8.12
 30
16.0
 10
2.58
 20
-8.12
 30
16.0
 10
2.58
 20
-8.0
 30
16.0
 10
2.42
 20
-8.0
 30
16.0
 10
2.42
 20
-8.12
 30
7.0
 10
2.58
 20
-8.12
 30
7.0
 10
2.58
 20
-8.12
 30
16.0
 10
2.42
 20
-8.12
 30
16.0
 10
2.58
 20
-8.12
 30
7.0
 10
2.58
 20
-8.0
 30
7.0
 10
2.58
 20
-8.0
 30
16.0
 10
2.58
 20
-8.12
 30
16.0
 10
2.58
 20
-8.0
 30
7.0
 10
2.42
 20
-8.0
 30
7.0
 10
2.42
 20
-8.0
 30
16.0
 10
2.58
 20
-8.0
 30
16.0
 10
2.42
 20
-8.0
 30
7.0
 10
2.42
 20
-8.12
 30
7.0
 10
2.42
 20
-8.12
 30
16.0
 10
2.42
 20
-8.0
 30
16.0
 10
2.42
 20
18.12
 30
7.0
 10
2.58
 20
18.12
 30
7.0
 10
2.58
 20
18.0
 30
7.0
 10
2.42
 20
18.0
 30
7.0
 10
2.42
 20
18.0
 30
16.0
 10
2.58
 20
18.0
 30
16.0
 10
2.58
 20
18.12
 30
16.0
 10
2.42
 20
18.12
 30
16.0
 10
2.42
 20
18.0
 30
7.0
 10
2.58
 20
18.0
 30
7.0
 10
2.58
 20
18.0
 30
16.0
 10
2.42
 20
18.0
 30
16.0
 10
2.58
 20
18.0
 30
7.0
 10
2.58
 20
18.12
 30
7.0
 10
2.58
 20
18.12
 30
16.0
 10
2.58
 20
18.0
 30
16.0
 10
2.58
 20
18.12
 30
7.0
 10
2.42
 20
18.12
 30
7.0
 10
2.42
 20
18.12
 30
16.0
 10
2.58
 20
18.12
 30
16.0
 10
2.42
 20
18.12
 30
7.0
 10
2.42
 20
18.0
 30
7.0
 10
2.42
 20
18.0
 30
16.0
 10
2.42
 20
18.12
 30
16.0
 10
3.92
 20
-8.0
 30
7.0
 10
4.08
 20
-8.0
 30
7.0
 10
4.08
 20
-8.12
 30
7.0
 10
3.92
 20
-8.12
 30
7.0
 10
3.92
 20
-8.12
 30
16.0
 10
4.08
 20
-8.12
 30
16.0
 10
4.08
 20
-8.0
 30
16.0
 10
3.92
 20
-8.0
 30
16.0
 10
3.92
 20
-8.12
 30
7.0
 10
4.08
 20
-8.12
 30
7.0
 10
4.08
 20
-8.12
 30
16.0
 10
3.92
 20
-8.12
 30
16.0
 10
4.08
 20
-8.12
 30
7.0
 10
4.08
 20
-8.0
 30
7.0
 10
4.08
 20
-8.0
 30
16.0
 10
4.08
 20
-8.12
 30
16.0
 10
4.08
 20
-8.0
 30
7.0
 10
3.92
 20
-8.0
 30
7.0
 10
3.92
 20
-8.0
 30
16.0
 10
4.08
 20
-8.0
 30
16.0
 10
3.92
 20
-8.0
 30
7.0
 10
3.92
 20
-8.12
 30
7.0
 10
3.92
 20
-8.12
 30
16.0
 10
3.92
 20
-8.0
 30
16.0
 10
3.92
 20
18.12
 30
7.0
 10
4.08
 20
18.12
 30
7.0
 10
4.08
 20
18.0
 30
7.0
 10
3.92
 20
18.0
 30
7.0
 10
3.92
 20
18.0
 30
16.0
 10
4.08
 20
18.0
 30
16.0
 10
4.08
 20
18.12
 30
16.0
 10
3.92
 20
18.12
 30
16.0
 10
3.92
 20
18.0
 30
7.0
 10
4.08
 20
18.0
 30
7.0
 10
4.08
 20
18.0
 30
16.0
 10
3.92
 20
18.0
 30
16.0
 10
4.08
 20
18.0
 30
7.0
 10
4.08
 20
18.12
 30
7.0
 10
4.08
 20
18.12
 30
16.0
 10
4.08
 20
18.0
 30
16.0
 10
4.08
 20
18.12
 30
7.0
 10
3.92
 20
18.12
 30
7.0
 10
3.92
 20
18.12
 30
16.0
 10
4.08
 20
18.12
 30
16.0
 10
3.92
 20
18.12
 30
7.0
 10
3.92
 20
18.0
 30
7.0
 10
3.92
 20
18.0
 30
16.0
 10
3.92
 20
18.12
 30
16.0
 10
5.42
 20
-8.0
 30
7.0
 10
5.58
 20
-8.0
 30
7.0
 10
5.58
 20
-8.12
 30
7.0
 10
5.42
 20
-8.12
 30
7.0
 10
5.42
 20
-8.12
 30
16.0
 10
5.58
 20
-8.12
 30
16.0
 10
5.58
 20
-8.0
 30
16.0
 10
5.42
 20
-8.0
 30
16.0
 10
5.42
 20
-8.12
 30
7.0
 10
5.58
 20
-8.12
 30
7.0
 10
5.58
 20
-8.12
 30
16.0
 10
5.42
 20
-8.12
 30
16.0
 10
5.58
 20
-8.12
 30
7.0
 10
5.58
 20
-8.0
 30
7.0
 10
5.58
 20
-8.0
 30
16.0
 10
5.58
 20
-8.12
 30
16.0
 10
5.58
 20
-8.0
 30
7.0
 10
5.42
 20
-8.0
 30
7.0
 10
5.42
 20
-8.0
 30
16.0
 10
5.58
 20
-8.0
 30
16.0
 10
5.42
 20
-8.0
 30
7.0
 10
5.42
 20
-8.12
 30
7.0
 10
5.42
 20
-8.12
 30
16.0
 10
5.42
 20
-8.0
 30
16.0
 10
5.42
 20
18.12
 30
7.0
 10
5.58
 20
18.12
 30
7.0
 10
5.58
 20
18.0
 30
7.0
 10
5.42
 20
18.0
 30
7.0
 10
5.42
 20
18.0
 30
16.0
 10
5.58
 20
18.0
 30
16.0
 10
5.58
 20
18.12
 30
16.0
 10
5.42
 20
18.12
 30
16.0
 10
5.42
 20
18.0
 30
7.0
 10
5.58
 20
18.0
 30
7.0
 10
5.58
 20
18.0
 30
16.0
 10
5.42
 20
18.0
 30
16.0
 10
5.58
 20
18.0
 30
7.0
 10
5.58
 20
18.12
 30
7.0
 10
5.58
 20
18.12
 30
16.0
 10
5.58
 20
18.0
 30
16.0
 10
5.58
 20
18.12
 30
7.0
 10
5.42
 20
18.12
 30
7.0
 10
5.42
 20
18.12
 30
16.0
 10
5.58
 20
18.12
 30
16.0
 10
5.42
 20
18.12
 30
7.0
 10
5.42
 20
18.0
 30
7.0
 10
5.42
 20
18.0
 30
16.0
 10
5.42
 20
18.12
 30
16.0
 10
-6.12
 20
-6.92
 30
7.0
 10
-6.0
 20
-6.92
 30
7.0
 10
-6.0
 20
-7.08
 30
7.0
 10
-6.12
 20
-7.08
 30
7.0
 10
-6.12
 20
-7.08
 30
16.0
 10
-6.0
 20
-7.08
 30
16.0
 10
-6.0
 20
-6.92
 30
16.0
 10
-6.12
 20
-6.92
 30
16.0
 10
-6.12
 20
-7.08
 30
7.0
 10
-6.0
 20
-7.08
 30
7.0
 10
-6.0
 20
-7.08
 30
16.0
 10
-6.12
 20
-7.08
 30
16.0
 10
-6.0
 20
-7.08
 30
7.0
 10
-6.0
 20
-6.92
 30
7.0
 10
-6.0
 20
-6.92
 30
16.0
 10
-6.0
 20
-7.08
 30
16.0
 10
-6.0
 20
-6.92
 30
7.0
 10
-6.12
 20
-6.92
 30
7.0
 10
-6.12
 20
-6.92
 30
16.0
 10
-6.0
 20
-6.92
 30
16.0
 10
-6.12
 20
-6.92
 30
7.0
 10
-6.12
 20
-7.08
 30
7.0
 10
-6.12
 20
-7.08
 30
16.0
 10
-6.12
 20
-6.92
 30
16.0
 10
6.0
 20
-6.92
 30
7.0
 10
6.12
 20
-6.92
 30
7.0
 10
6.12
 20
-7.08
 30
7.0
 10
6.0
 20
-7.08
 30
7.0
 10
6.0
 20
-7.08
 30
16.0
 10
6.12
 20
-7.08
 30
16.0
 10
6.12
 20
-6.92
 30
16.0
 10
6.0
 20
-6.92
 30
16.0
 10
6.0
 20
-7.08
 30
7.0
 10
6.12
 20
-7.08
 30
7.0
 10
6.12
 20
-7.08
 30
16.0
 10
6.0
 20
-7.08
 30
16.0
 10
6.12
 20
-7.08
 30
7.0
 10
6.12
 20
-6.92
 30
7.0
 10
6.12
 20
-6.92
 30
16.0
 10
6.12
 20
-7.08
 30
16.0
 10
6.12
 20
-6.92
 30
7.0
 10
6.0
 20
-6.92
 30
7.0
 10
6.0
 20
-6.92
 30
16.0
 10
6.12
 20
-6.92
 30
16.0
 10
6.0
 20
-6.92
 30
7.0
 10
6.0
 20
-7.08
 30
7.0
 10
6.0
 20
-7.08
 30
16.0
 10
6.0
 20
-6.92
 30
16.0
 10
-6.12
 20
-5.42
 30
7.0
 10
-6.0
 20
-5.42
 30
7.0
 10
-6.0
 20
-5.58
 30
7.0
 10
-6.12
 20
-5.58
 30
7.0
 10
-6.12
 20
-5.58
 30
16.0
 10
-6.0
 20
-5.58
 30
16.0
 10
-6.0
 20
-5.42
 30
16.0
 10
-6.12
 20
-5.42
 30
16.0
 10
-6.12
 20
-5.58
 30
7.0
 10
-6.0
 20
-5.58
 30
7.0
 10
-6.0
 20
-5.58
 30
16.0
 10
-6.12
 20
-5.58
 30
16.0
 10
-6.0
 20
-5.58
 30
7.0
 10
-6.0
 20
-5.42
 30
7.0
 10
-6.0
 20
-5.42
 30
16.0
 10
-6.0
 20
-5.58
 30
16.0
 10
-6.0
 20
-5.42
 30
7.0
 10
-6.12
 20
-5.42
 30
7.0
 10
-6.12
 20
-5.42
 30
16.0
 10
-6.0
 20
-5.42
 30
16.0
 10
-6.12
 20
-5.42
 30
7.0
 10
-6.12
 20
-5.58
 30
7.0
 10
-6.12
 20
-5.58
 30
16.0
 10
-6.12
 20
-5.42
 30
16.0
 10
6.0
 20
-5.42
 30
7.0
 10
6.12
 20
-5.42
 30
7.0
 10
6.12
 20
-5.58
 30
7.0
 10
6.0
 20
-5.58
 30
7.0
 10
6.0
 20
-5.58
 30
16.0
 10
6.12
 20
-5.58
 30
16.0
 10
6.12
 20
-5.42
 30
16.0
 10
6.0
 20
-5.42
 30
16.0
 10
6.0
 20
-5.58
 30
7.0
 10
6.12
 20
-5.58
 30
7.0
 10
6.12
 20
-5.58
 30
16.0
 10
6.0
 20
-5.58
 30
16.0
 10
6.12
 20
-5.58
 30
7.0
 10
6.12
 20
-5.42
 30
7.0
 10
6.12
 20
-5.42
 30
16.0
 10
6.12
 20
-5.58
 30
16.0
 10
6.12
 20
-5.42
 30
7.0
 10
6.0
 20
-5.42
 30
7.0
 10
6.0
 20
-5.42
 30
16.0
 10
6.12
 20
-5.42
 30
16.0
 10
6.0
 20
-5.42
 30
7.0
 10
6.0
 20
-5.58
 30
7.0
 10
6.0
 20
-5.58
 30
16.0
 10
6.0
 20
-5.42
 30
16.0
 10
-6.12
 20
-3.92
 30
7.0
 10
-6.0
 20
-3.92
 30
7.0
 10
-6.0
 20
-4.08
 30
7.0
 10
-6.12
 20
-4.08
 30
7.0
 10
-6.12
 20
-4.08
 30
16.0
 10
-6.0
 20
-4.08
 30
16.0
 10
-6.0
 20
-3.92
 30
16.0
 10
-6.12
 20
-3.92
 30
16.0
 10
-6.12
 20
-4.08
 30
7.0
 10
-6.0
 20
-4.08
 30
7.0
 10
-6.0
 20
-4.08
 30
16.0
 10
-6.12
 20
-4.08
 30
16.0
 10
-6.0
 20
-4.08
 30
7.0
 10
-6.0
 20
-3.92
 30
7.0
 10
-6.0
 20
-3.92
 30
16.0
 10
-6.0
 20
-4.08
 30
16.0
 10
-6.0
 20
-3.92
 30
7.0
 10
-6.12
 20
-3.92
 30
7.0
 10
-6.12
 20
-3.92
 30
16.0
 10
-6.0
 20
-3.92
 30
16.0
 10
-6.12
 20
-3.92
 30
7.0
 10
-6.12
 20
-4.08
 30
7.0
 10
-6.12
 20
-4.08
 30
16.0
 10
-6.12
 20
-3.92
 30
16.0
 10
6.0
 20
-3.92
 30
7.0
 10
6.12
 20
-3.92
 30
7.0
 10
6.12
 20
-4.08
 30
7.0
 10
6.0
 20
-4.08
 30
7.0
 10
6.0
 20
-4.08
 30
16.0
 10
6.12
 20
-4.08
 30
16.0
 10
6.12
 20
-3.92
 30
16.0
 10
6.0
 20
-3.92
 30
16.0
 10
6.0
 20
-4.08
 30
7.0
 10
6.12
 20
-4.08
 30
7.0
 10
6.12
 20
-4.08
 30
16.0
 10
6.0
 20
-4.08
 30
16.0
 10
6.12
 20
-4.08
 30
7.0
 10
6.12
 20
-3.92
 30
7.0
 10
6.12
 20
-3.92
 30
16.0
 10
6.12
 20
-4.08
 30
16.0
 10
6.12
 20
-3.92
 30
7.0
 10
6.0
 20
-3.92
 30
7.0
 10
6.0
 20
-3.92
 30
16.0
 10
6.12
 20
-3.92
 30
16.0
 10
6.0
 20
-3.92
 30
7.0
 10
6.0
 20
-4.08
 30
7.0
 10
6.0
 20
-4.08
 30
16.0
 10
6.0
 20
-3.92
 30
16.0
 10
-6.12
 20
-2.42
 30
7.0
 10
-6.0
 20
-2.42
 30
7.0
 10
-6.0
 20
-2.58
 30
7.0
 10
-6.12
 20
-2.58
 30
7.0
 10
-6.12
 20
-2.58
 30
16.0
 10
-6.0
 20
-2.58
 30
16.0
 10
-6.0
 20
-2.42
 30
16.0
 10
-6.12
 20
-2.42
 30
16.0
 10
-6.12
 20
-2.58
 30
7.0
 10
-6.0
 20
-2.58
 30
7.0
 10
-6.0
 20
-2.58
 30
16.0
 10
-6.12
 20
-2.58
 30
16.0
 10
-6.0
 20
-2.58
 30
7.0
 10
-6.0
 20
-2.42
 30
7.0
 10
-6.0
 20
-2.42
 30
16.0
 10
-6.0
 20
-2.58
 30
16.0
 10
-6.0
 20
-2.42
 30
7.0
 10
-6.12
 20
-2.42
 30
7.0
 10
-6.12
 20
-2.42
 30
16.0
 10
-6.0
 20
-2.42
 30
16.0
 10
-6.12
 20
-2.42
 30
7.0
 10
-6.12
 20
-2.58
 30
7.0
 10
-6.12
 20
-2.58
 30
16.0
 10
-6.12
 20
-2.42
 30
16.0
 10
6.0
 20
-2.42
 30
7.0
 10
6.12
 20
-2.42
 30
7.0
 10
6.12
 20
-2.58
 30
7.0
 10
6.0
 20
-2.58
 30
7.0
 10
6.0
 20
-2.58
 30
16.0
 10
6.12
 20
-2.58
 30
16.0
 10
6.12
 20
-2.42
 30
16.0
 10
6.0
 20
-2.42
 30
16.0
 10
6.0
 20
-2.58
 30
7.0
 10
6.12
 20
-2.58
 30
7.0
 10
6.12
 20
-2.58
 30
16.0
 10
6.0
 20
-2.58
 30
16.0
 10
6.12
 20
-2.58
 30
7.0
 10
6.12
 20
-2.42
 30
7.0
 10
6.12
 20
-2.42
 30
16.0
 10
6.12
 20
-2.58
 30
16.0
 10
6.12
 20
-2.42
 30
7.0
 10
6.0
 20
-2.42
 30
7.0
 10
6.0
 20
-2.42
 30
16.0
 10
6.12
 20
-2.42
 30
16.0
 10
6.0
 20
-2.42
 30
7.0
 10
6.0
 20
-2.58
 30
7.0
 10
6.0
 20
-2.58
 30
16.0
 10
6.0
 20
-2.42
 30
16.0
 10
-6.12
 20
-0.92
 30
7.0
 10
-6.0
 20
-0.92
 30
7.0
 10
-6.0
 20
-1.08
 30
7.0
 10
-6.12
 20
-1.08
 30
7.0
 10
-6.12
 20
-1.08
 30
16.0
 10
-6.0
 20
-1.08
 30
16.0
 10
-6.0
 20
-0.92
 30
16.0
 10
-6.12
 20
-0.92
 30
16.0
 10
-6.12
 20
-1.08
 30
7.0
 10
-6.0
 20
-1.08
 30
7.0
 10
-6.0
 20
-1.08
 30
16.0
 10
-6.12
 20
-1.08
 30
16.0
 10
-6.0
 20
-1.08
 30
7.0
 10
-6.0
 20
-0.92
 30
7.0
 10
-6.0
 20
-0.92
 30
16.0
 10
-6.0
 20
-1.08
 30
16.0
 10
-6.0
 20
-0.92
 30
7.0
 10
-6.12
 20
-0.92
 30
7.0
 10
-6.12
 20
-0.92
 30
16.0
 10
-6.0
 20
-0.92
 30
16.0
 10
-6.12
 20
-0.92
 30
7.0
 10
-6.12
 20
-1.08
 30
7.0
 10
-6.12
 20
-1.08
 30
16.0
 10
-6.12
 20
-0.92
 30
16.0
 10
6.0
 20
-0.92
 30
7.0
 10
6.12
 20
-0.92
 30
7.0
 10
6.12
 20
-1.08
 30
7.0
 10
6.0
 20
-1.08
 30
7.0
 10
6.0
 20
-1.08
 30
16.0
 10
6.12
 20
-1.08
 30
16.0
 10
6.12
 20
-0.92
 30
16.0
 10
6.0
 20
-0.92
 30
16.0
 10
6.0
 20
-1.08
 30
7.0
 10
6.12
 20
-1.08
 30
7.0
 10
6.12
 20
-1.08
 30
16.0
 10
6.0
 20
-1.08
 30
16.0
 10
6.12
 20
-1.08
 30
7.0
 10
6.12
 20
-0.92
 30
7.0
 10
6.12
 20
-0.92
 30
16.0
 10
6.12
 20
-1.08
 30
16.0
 10
6.12
 20
-0.92
 30
7.0
 10
6.0
 20
-0.92
 30
7.0
 10
6.0
 20
-0.92
 30
16.0
 10
6.12
 20
-0.92
 30
16.0
 10
6.0
 20
-0.92
 30
7.0
 10
6.0
 20
-1.08
 30
7.0
 10
6.0
 20
-1.08
 30
16.0
 10
6.0
 20
-0.92
 30
16.0
 10
-6.12
 20
0.58
 30
7.0
 10
-6.0
 20
0.58
 30
7.0
 10
-6.0
 20
0.42
 30
7.0
 10
-6.12
 20
0.42
 30
7.0
 10
-6.12
 20
0.42
 30
16.0
 10
-6.0
 20
0.42
 30
16.0
 10
-6.0
 20
0.58
 30
16.0
 10
-6.12
 20
0.58
 30
16.0
 10
-6.12
 20
0.42
 30
7.0
 10
-6.0
 20
0.42
 30
7.0
 10
-6.0
 20
0.42
 30
16.0
 10
-6.12
 20
0.42
 30
16.0
 10
-6.0
 20
0.42
 30
7.0
 10
-6.0
 20
0.58
 30
7.0
 10
-6.0
 20
0.58
 30
16.0
 10
-6.0
 20
0.42
 30
16.0
 10
-6.0
 20
0.58
 30
7.0
 10
-6.12
 20
0.58
 30
7.0
 10
-6.12
 20
0.58
 30
16.0
 10
-6.0
 20
0.58
 30
16.0
 10
-6.12
 20
0.58
 30
7.0
 10
-6.12
 20
0.42
 30
7.0
 10
-6.12
 20
0.42
 30
16.0
 10
-6.12
 20
0.58
 30
16.0
 10
6.0
 20
0.58
 30
7.0
 10
6.12
 20
0.58
 30
7.0
 10
6.12
 20
0.42
 30
7.0
 10
6.0
 20
0.42
 30
7.0
 10
6.0
 20
0.42
 30
16.0
 10
6.12
 20
0.42
 30
16.0
 10
6.12
 20
0.58
 30
16.0
 10
6.0
 20
0.58
 30
16.0
 10
6.0
 20
0.42
 30
7.0
 10
6.12
 20
0.42
 30
7.0
 10
6.12
 20
0.42
 30
16.0
 10
6.0
 20
0.42
 30
16.0
 10
6.12
 20
0.42
 30
7.0
 10
6.12
 20
0.58
 30
7.0
 10
6.12
 20
0.58
 30
16.0
 10
6.12
 20
0.42
 30
16.0
 10
6.12
 20
0.58
 30
7.0
 10
6.0
 20
0.58
 30
7.0
 10
6.0
 20
0.58
 30
16.0
 10
6.12
 20
0.58
 30
16.0
 10
6.0
 20
0.58
 30
7.0
 10
6.0
 20
0.42
 30
7.0
 10
6.0
 20
0.42
 30
16.0
 10
6.0
 20
0.58
 30
16.0
 10
-6.12
 20
2.08
 30
7.0
 10
-6.0
 20
2.08
 30
7.0
 10
-6.0
 20
1.92
 30
7.0
 10
-6.12
 20
1.92
 30
7.0
 10
-6.12
 20
1.92
 30
16.0
 10
-6.0
 20
1.92
 30
16.0
 10
-6.0
 20
2.08
 30
16.0
 10
-6.12
 20
2.08
 30
16.0
 10
-6.12
 20
1.92
 30
7.0
 10
-6.0
 20
1.92
 30
7.0
 10
-6.0
 20
1.92
 30
16.0
 10
-6.12
 20
1.92
 30
16.0
 10
-6.0
 20
1.92
 30
7.0
 10
-6.0
 20
2.08
 30
7.0
 10
-6.0
 20
2.08
 30
16.0
 10
-6.0
 20
1.92
 30
16.0
 10
-6.0
 20
2.08
 30
7.0
 10
-6.12
 20
2.08
 30
7.0
 10
-6.12
 20
2.08
 30
16.0
 10
-6.0
 20
2.08
 30
16.0
 10
-6.12
 20
2.08
 30
7.0
 10
-6.12
 20
1.92
 30
7.0
 10
-6.12
 20
1.92
 30
16.0
 10
-6.12
 20
2.08
 30
16.0
 10
6.0
 20
2.08
 30
7.0
 10
6.12
 20
2.08
 30
7.0
 10
6.12
 20
1.92
 30
7.0
 10
6.0
 20
1.92
 30
7.0
 10
6.0
 20
1.92
 30
16.0
 10
6.12
 20
1.92
 30
16.0
 10
6.12
 20
2.08
 30
16.0
 10
6.0
 20
2.08
 30
16.0
 10
6.0
 20
1.92
 30
7.0
 10
6.12
 20
1.92
 30
7.0
 10
6.12
 20
1.92
 30
16.0
 10
6.0
 20
1.92
 30
16.0
 10
6.12
 20
1.92
 30
7.0
 10
6.12
 20
2.08
 30
7.0
 10
6.12
 20
2.08
 30
16.0
 10
6.12
 20
1.92
 30
16.0
 10
6.12
 20
2.08
 30
7.0
 10
6.0
 20
2.08
 30
7.0
 10
6.0
 20
2.08
 30
16.0
 10
6.12
 20
2.08
 30
16.0
 10
6.0
 20
2.08
 30
7.0
 10
6.0
 20
1.92
 30
7.0
 10
6.0
 20
1.92
 30
16.0
 10
6.0
 20
2.08
 30
16.0
 10
-6.12
 20
3.58
 30
7.0
 10
-6.0
 20
3.58
 30
7.0
 10
-6.0
 20
3.42
 30
7.0
 10
-6.12
 20
3.42
 30
7.0
 10
-6.12
 20
3.42
 30
16.0
 10
-6.0
 20
3.42
 30
16.0
 10
-6.0
 20
3.58
 30
16.0
 10
-6.12
 20
3.58
 30
16.0
 10
-6.12
 20
3.42
 30
7.0
 10
-6.0
 20
3.42
 30
7.0
 10
-6.0
 20
3.42
 30
16.0
 10
-6.12
 20
3.42
 30
16.0
 10
-6.0
 20
3.42
 30
7.0
 10
-6.0
 20
3.58
 30
7.0
 10
-6.0
 20
3.58
 30
16.0
 10
-6.0
 20
3.42
 30
16.0
 10
-6.0
 20
3.58
 30
7.0
 10
-6.12
 20
3.58
 30
7.0
 10
-6.12
 20
3.58
 30
16.0
 10
-6.0
 20
3.58
 30
16.0
 10
-6.12
 20
3.58
 30
7.0
 10
-6.12
 20
3.42
 30
7.0
 10
-6.12
 20
3.42
 30
16.0
 10
-6.12
 20
3.58
 30
16.0
 10
6.0
 20
3.58
 30
7.0
 10
6.12
 20
3.58
 30
7.0
 10
6.12
 20
3.42
 30
7.0
 10
6.0
 20
3.42
 30
7.0
 10
6.0
 20
3.42
 30
16.0
 10
6.12
 20
3.42
 30
16.0
 10
6.12
 20
3.58
 30
16.0
 10
6.0
 20
3.58
 30
16.0
 10
6.0
 20
3.42
 30
7.0
 10
6.12
 20
3.42
 30
7.0
 10
6.12
 20
3.42
 30
16.0
 10
6.0
 20
3.42
 30
16.0
 10
6.12
 20
3.42
 30
7.0
 10
6.12
 20
3.58
 30
7.0
 10
6.12
 20
3.58
 30
16.0
 10
6.12
 20
3.42
 30
16.0
 10
6.12
 20
3.58
 30
7.0
 10
6.0
 20
3.58
 30
7.0
 10
6.0
 20
3.58
 30
16.0
 10
6.12
 20
3.58
 30
16.0
 10
6.0
 20
3.58
 30
7.0
 10
6.0
 20
3.42
 30
7.0
 10
6.0
 20
3.42
 30
16.0
 10
6.0
 20
3.58
 30
16.0
 10
-6.12
 20
5.08
 30
7.0
 10
-6.0
 20
5.08
 30
7.0
 10
-6.0
 20
4.92
 30
7.0
 10
-6.12
 20
4.92
 30
7.0
 10
-6.12
 20
4.92
 30
16.0
 10
-6.0
 20
4.92
 30
16.0
 10
-6.0
 20
5.08
 30
16.0
 10
-6.12
 20
5.08
 30
16.0
 10
-6.12
 20
4.92
 30
7.0
 10
-6.0
 20
4.92
 30
7.0
 10
-6.0
 20
4.92
 30
16.0
 10
-6.12
 20
4.92
 30
16.0
 10
-6.0
 20
4.92
 30
7.0
 10
-6.0
 20
5.08
 30
7.0
 10
-6.0
 20
5.08
 30
16.0
 10
-6.0
 20
4.92
 30
16.0
 10
-6.0
 20
5.08
 30
7.0
 10
-6.12
 20
5.08
 30
7.0
 10
-6.12
 20
5.08
 30
16.0
 10
-6.0
 20
5.08
 30
16.0
 10
-6.12
 20
5.08
 30
7.0
 10
-6.12
 20
4.92
 30
7.0
 10
-6.12
 20
4.92
 30
16.0
 10
-6.12
 20
5.08
 30
16.0
 10
6.0
 20
5.08
 30
7.0
 10
6.12
 20
5.08
 30
7.0
 10
6.12
 20
4.92
 30
7.0
 10
6.0
 20
4.92
 30
7.0
 10
6.0
 20
4.92
 30
16.0
 10
6.12
 20
4.92
 30
16.0
 10
6.12
 20
5.08
 30
16.0
 10
6.0
 20
5.08
 30
16.0
 10
6.0
 20
4.92
 30
7.0
 10
6.12
 20
4.92
 30
7.0
 10
6.12
 20
4.92
 30
16.0
 10
6.0
 20
4.92
 30
16.0
 10
6.12
 20
4.92
 30
7.0
 10
6.12
 20
5.08
 30
7.0
 10
6.12
 20
5.08
 30
16.0
 10
6.12
 20
4.92
 30
16.0
 10
6.12
 20
5.08
 30
7.0
 10
6.0
 20
5.08
 30
7.0
 10
6.0
 20
5.08
 30
16.0
 10
6.12
 20
5.08
 30
16.0
 10
6.0
 20
5.08
 30
7.0
 10
6.0
 20
4.92
 30
7.0
 10
6.0
 20
4.92
 30
16.0
 10
6.0
 20
5.08
 30
16.0
 10
-6.12
 20
6.58
 30
7.0
 10
-6.0
 20
6.58
 30
7.0
 10
-6.0
 20
6.42
 30
7.0
 10
-6.12
 20
6.42
 30
7.0
 10
-6.12
 20
6.42
 30
16.0
 10
-6.0
 20
6.42
 30
16.0
 10
-6.0
 20
6.58
 30
16.0
 10
-6.12
 20
6.58
 30
16.0
 10
-6.12
 20
6.42
 30
7.0
 10
-6.0
 20
6.42
 30
7.0
 10
-6.0
 20
6.42
 30
16.0
 10
-6.12
 20
6.42
 30
16.0
 10
-6.0
 20
6.42
 30
7.0
 10
-6.0
 20
6.58
 30
7.0
 10
-6.0
 20
6.58
 30
16.0
 10
-6.0
 20
6.42
 30
16.0
 10
-6.0
 20
6.58
 30
7.0
 10
-6.12
 20
6.58
 30
7.0
 10
-6.12
 20
6.58
 30
16.0
 10
-6.0
 20
6.58
 30
16.0
 10
-6.12
 20
6.58
 30
7.0
 10
-6.12
 20
6.42
 30
7.0
 10
-6.12
 20
6.42
 30
16.0
 10
-6.12
 20
6.58
 30
16.0
 10
6.0
 20
6.58
 30
7.0
 10
6.12
 20
6.58
 30
7.0
 10
6.12
 20
6.42
 30
7.0
 10
6.0
 20
6.42
 30
7.0
 10
6.0
 20
6.42
 30
16.0
 10
6.12
 20
6.42
 30
16.0
 10
6.12
 20
6.58
 30
16.0
 10
6.0
 20
6.58
 30
16.0
 10
6.0
 20
6.42
 30
7.0
 10
6.12
 20
6.42
 30
7.0
 10
6.12
 20
6.42
 30
16.0
 10
6.0
 20
6.42
 30
16.0
 10
6.12
 20
6.42
 30
7.0
 10
6.12
 20
6.58
 30
7.0
 10
6.12
 20
6.58
 30
16.0
 10
6.12
 20
6.42
 30
16.0
 10
6.12
 20
6.58
 30
7.0
 10
6.0
 20
6.58
 30
7.0
 10
6.0
 20
6.58
 30
16.0
 10
6.12
 20
6.58
 30
16.0
 10
6.0
 20
6.58
 30
7.0
 10
6.0
 20
6.42
 30
7.0
 10
6.0
 20
6.42
 30
16.0
 10
6.0
 20
6.58
 30
16.0
 10
-6.12
 20
8.08
 30
7.0
 10
-6.0
 20
8.08
 30
7.0
 10
-6.0
 20
7.92
 30
7.0
 10
-6.12
 20
7.92
 30
7.0
 10
-6.12
 20
7.92
 30
16.0
 10
-6.0
 20
7.92
 30
16.0
 10
-6.0
 20
8.08
 30
16.0
 10
-6.12
 20
8.08
 30
16.0
 10
-6.12
 20
7.92
 30
7.0
 10
-6.0
 20
7.92
 30
7.0
 10
-6.0
 20
7.92
 30
16.0
 10
-6.12
 20
7.92
 30
16.0
 10
-6.0
 20
7.92
 30
7.0
 10
-6.0
 20
8.08
 30
7.0
 10
-6.0
 20
8.08
 30
16.0
 10
-6.0
 20
7.92
 30
16.0
 10
-6.0
 20
8.08
 30
7.0
 10
-6.12
 20
8.08
 30
7.0
 10
-6.12
 20
8.08
 30
16.0
 10
-6.0
 20
8.08
 30
16.0
 10
-6.12
 20
8.08
 30
7.0
 10
-6.12
 20
7.92
 30
7.0
 10
-6.12
 20
7.92
 30
16.0
 10
-6.12
 20
8.08
 30
16.0
 10
6.0
 20
8.08
 30
7.0
 10
6.12
 20
8.08
 30
7.0
 10
6.12
 20
7.92
 30
7.0
 10
6.0
 20
7.92
 30
7.0
 10
6.0
 20
7.92
 30
16.0
 10
6.12
 20
7.92
 30
16.0
 10
6.12
 20
8.08
 30
16.0
 10
6.0
 20
8.08
 30
16.0
 10
6.0
 20
7.92
 30
7.0
 10
6.12
 20
7.92
 30
7.0
 10
6.12
 20
7.92
 30
16.0
 10
6.0
 20
7.92
 30
16.0
 10
6.12
 20
7.92
 30
7.0
 10
6.12
 20
8.08
 30
7.0
 10
6.12
 20
8.08
 30
16.0
 10
6.12
 20
7.92
 30
16.0
 10
6.12
 20
8.08
 30
7.0
 10
6.0
 20
8.08
 30
7.0
 10
6.0
 20
8.08
 30
16.0
 10
6.12
 20
8.08
 30
16.0
 10
6.0
 20
8.08
 30
7.0
 10
6.0
 20
7.92
 30
7.0
 10
6.0
 20
7.92
 30
16.0
 10
6.0
 20
8.08
 30
16.0
 10
-6.12
 20
9.58
 30
7.0
 10
-6.0
 20
9.58
 30
7.0
 10
-6.0
 20
9.42
 30
7.0
 10
-6.12
 20
9.42
 30
7.0
 10
-6.12
 20
9.42
 30
16.0
 10
-6.0
 20
9.42
 30
16.0
 10
-6.0
 20
9.58
 30
16.0
 10
-6.12
 20
9.58
 30
16.0
 10
-6.12
 20
9.42
 30
7.0
 10
-6.0
 20
9.42
 30
7.0
 10
-6.0
 20
9.42
 30
16.0
 10
-6.12
 20
9.42
 30
16.0
 10
-6.0
 20
9.42
 30
7.0
 10
-6.0
 20
9.58
 30
7.0
 10
-6.0
 20
9.58
 30
16.0
 10
-6.0
 20
9.42
 30
16.0
 10
-6.0
 20
9.58
 30
7.0
 10
-6.12
 20
9.58
 30
7.0
 10
-6.12
 20
9.58
 30
16.0
 10
-6.0
 20
9.58
 30
16.0
 10
-6.12
 20
9.58
 30
7.0
 10
-6.12
 20
9.42
 30
7.0
 10
-6.12
 20
9.42
 30
16.0
 10
-6.12
 20
9.58
 30
16.0
 10
6.0
 20
9.58
 30
7.0
 10
6.12
 20
9.58
 30
7.0
 10
6.12
 20
9.42
 30
7.0
 10
6.0
 20
9.42
 30
7.0
 10
6.0
 20
9.42
 30
16.0
 10
6.12
 20
9.42
 30
16.0
 10
6.12
 20
9.58
 30
16.0
 10
6.0
 20
9.58
 30
16.0
 10
6.0
 20
9.42
 30
7.0
 10
6.12
 20
9.42
 30
7.0
 10
6.12
 20
9.42
 30
16.0
 10
6.0
 20
9.42
 30
16.0
 10
6.12
 20
9.42
 30
7.0
 10
6.12
 20
9.58
 30
7.0
 10
6.12
 20
9.58
 30
16.0
 10
6.12
 20
9.42
 30
16.0
 10
6.12
 20
9.58
 30
7.0
 10
6.0
 20
9.58
 30
7.0
 10
6.0
 20
9.58
 30
16.0
 10
6.12
 20
9.58
 30
16.0
 10
6.0
 20
9.58
 30
7.0
 10
6.0
 20
9.42
 30
7.0
 10
6.0
 20
9.42
 30
16.0
 10
6.0
 20
9.58
 30
16.0
 10
-6.12
 20
11.08
 30
7.0
 10
-6.0
 20
11.08
 30
7.0
 10
-6.0
 20
10.92
 30
7.0
 10
-6.12
 20
10.92
 30
7.0
 10
-6.12
 20
10.92
 30
16.0
 10
-6.0
 20
10.92
 30
16.0
 10
-6.0
 20
11.08
 30
16.0
 10
-6.12
 20
11.08
 30
16.0
 10
-6.12
 20
10.92
 30
7.0
 10
-6.0
 20
10.92
 30
7.0
 10
-6.0
 20
10.92
 30
16.0
 10
-6.12
 20
10.92
 30
16.0
 10
-6.0
 20
10.92
 30
7.0
 10
-6.0
 20
11.08
 30
7.0
 10
-6.0
 20
11.08
 30
16.0
 10
-6.0
 20
10.92
 30
16.0
 10
-6.0
 20
11.08
 30
7.0
 10
-6.12
 20
11.08
 30
7.0
 10
-6.12
 20
11.08
 30
16.0
 10
-6.0
 20
11.08
 30
16.0
 10
-6.12
 20
11.08
 30
7.0
 10
-6.12
 20
10.92
 30
7.0
 10
-6.12
 20
10.92
 30
16.0
 10
-6.12
 20
11.08
 30
16.0
 10
6.0
 20
11.08
 30
7.0
 10
6.12
 20
11.08
 30
7.0
 10
6.12
 20
10.92
 30
7.0
 10
6.0
 20
10.92
 30
7.0
 10
6.0
 20
10.92
 30
16.0
 10
6.12
 20
10.92
 30
16.0
 10
6.12
 20
11.08
 30
16.0
 10
6.0
 20
11.08
 30
16.0
 10
6.0
 20
10.92
 30
7.0
 10
6.12
 20
10.92
 30
7.0
 10
6.12
 20
10.92
 30
16.0
 10
6.0
 20
10.92
 30
16.0
 10
6.12
 20
10.92
 30
7.0
 10
6.12
 20
11.08
 30
7.0
 10
6.12
 20
11.08
 30
16.0
 10
6.12
 20
10.92
 30
16.0
 10
6.12
 20
11.08
 30
7.0
 10
6.0
 20
11.08
 30
7.0
 10
6.0
 20
11.08
 30
16.0
 10
6.12
 20
11.08
 30
16.0
 10
6.0
 20
11.08
 30
7.0
 10
6.0
 20
10.92
 30
7.0
 10
6.0
 20
10.92
 30
16.0
 10
6.0
 20
11.08
 30
16.0
 10
-6.12
 20
12.58
 30
7.0
 10
-6.0
 20
12.58
 30
7.0
 10
-6.0
 20
12.42
 30
7.0
 10
-6.12
 20
12.42
 30
7.0
 10
-6.12
 20
12.42
 30
16.0
 10
-6.0
 20
12.42
 30
16.0
 10
-6.0
 20
12.58
 30
16.0
 10
-6.12
 20
12.58
 30
16.0
 10
-6.12
 20
12.42
 30
7.0
 10
-6.0
 20
12.42
 30
7.0
 10
-6.0
 20
12.42
 30
16.0
 10
-6.12
 20
12.42
 30
16.0
 10
-6.0
 20
12.42
 30
7.0
 10
-6.0
 20
12.58
 30
7.0
 10
-6.0
 20
12.58
 30
16.0
 10
-6.0
 20
12.42
 30
16.0
 10
-6.0
 20
12.58
 30
7.0
 10
-6.12
 20
12.58
 30
7.0
 10
-6.12
 20
12.58
 30
16.0
 10
-6.0
 20
12.58
 30
16.0
 10
-6.12
 20
12.58
 30
7.0
 10
-6.12
 20
12.42
 30
7.0
 10
-6.12
 20
12.42
 30
16.0
 10
-6.12
 20
12.58
 30
16.0
 10
6.0
 20
12.58
 30
7.0
 10
6.12
 20
12.58
 30
7.0
 10
6.12
 20
12.42
 30
7.0
 10
6.0
 20
12.42
 30
7.0
 10
6.0
 20
12.42
 30
16.0
 10
6.12
 20
12.42
 30
16.0
 10
6.12
 20
12.58
 30
16.0
 10
6.0
 20
12.58
 30
16.0
 10
6.0
 20
12.42
 30
7.0
 10
6.12
 20
12.42
 30
7.0
 10
6.12
 20
12.42
 30
16.0
 10
6.0
 20
12.42
 30
16.0
 10
6.12
 20
12.42
 30
7.0
 10
6.12
 20
12.58
 30
7.0
 10
6.12
 20
12.58
 30
16.0
 10
6.12
 20
12.42
 30
16.0
 10
6.12
 20
12.58
 30
7.0
 10
6.0
 20
12.58
 30
7.0
 10
6.0
 20
12.58
 30
16.0
 10
6.12
 20
12.58
 30
16.0
 10
6.0
 20
12.58
 30
7.0
 10
6.0
 20
12.42
 30
7.0
 10
6.0
 20
12.42
 30
16.0
 10
6.0
 20
12.58
 30
16.0
 10
-6.12
 20
14.08
 30
7.0
 10
-6.0
 20
14.08
 30
7.0
 10
-6.0
 20
13.92
 30
7.0
 10
-6.12
 20
13.92
 30
7.0
 10
-6.12
 20
13.92
 30
16.0
 10
-6.0
 20
13.92
 30
16.0
 10
-6.0
 20
14.08
 30
16.0
 10
-6.12
 20
14.08
 30
16.0
 10
-6.12
 20
13.92
 30
7.0
 10
-6.0
 20
13.92
 30
7.0
 10
-6.0
 20
13.92
 30
16.0
 10
-6.12
 20
13.92
 30
16.0
 10
-6.0
 20
13.92
 30
7.0
 10
-6.0
 20
14.08
 30
7.0
 10
-6.0
 20
14.08
 30
16.0
 10
-6.0
 20
13.92
 30
16.0
 10
-6.0
 20
14.08
 30
7.0
 10
-6.12
 20
14.08
 30
7.0
 10
-6.12
 20
14.08
 30
16.0
 10
-6.0
 20
14.08
 30
16.0
 10
-6.12
 20
14.08
 30
7.0
 10
-6.12
 20
13.92
 30
7.0
 10
-6.12
 20
13.92
 30
16.0
 10
-6.12
 20
14.08
 30
16.0
 10
6.0
 20
14.08
 30
7.0
 10
6.12
 20
14.08
 30
7.0
 10
6.12
 20
13.92
 30
7.0
 10
6.0
 20
13.92
 30
7.0
 10
6.0
 20
13.92
 30
16.0
 10
6.12
 20
13.92
 30
16.0
 10
6.12
 20
14.08
 30
16.0
 10
6.0
 20
14.08
 30
16.0
 10
6.0
 20
13.92
 30
7.0
 10
6.12
 20
13.92
 30
7.0
 10
6.12
 20
13.92
 30
16.0
 10
6.0
 20
13.92
 30
16.0
 10
6.12
 20
13.92
 30
7.0
 10
6.12
 20
14.08
 30
7.0
 10
6.12
 20
14.08
 30
16.0
 10
6.12
 20
13.92
 30
16.0
 10
6.12
 20
14.08
 30
7.0
 10
6.0
 20
14.08
 30
7.0
 10
6.0
 20
14.08
 30
16.0
 10
6.12
 20
14.08
 30
16.0
 10
6.0
 20
14.08
 30
7.0
 10
6.0
 20
13.92
 30
7.0
 10
6.0
 20
13.92
 30
16.0
 10
6.0
 20
14.08
 30
16.0
 10
-6.12
 20
15.58
 30
7.0
 10
-6.0
 20
15.58
 30
7.0
 10
-6.0
 20
15.42
 30
7.0
 10
-6.12
 20
15.42
 30
7.0
 10
-6.12
 20
15.42
 30
16.0
 10
-6.0
 20
15.42
 30
16.0
 10
-6.0
 20
15.58
 30
16.0
 10
-6.12
 20
15.58
 30
16.0
 10
-6.12
 20
15.42
 30
7.0
 10
-6.0
 20
15.42
 30
7.0
 10
-6.0
 20
15.42
 30
16.0
 10
-6.12
 20
15.42
 30
16.0
 10
-6.0
 20
15.42
 30
7.0
 10
-6.0
 20
15.58
 30
7.0
 10
-6.0
 20
15.58
 30
16.0
 10
-6.0
 20
15.42
 30
16.0
 10
-6.0
 20
15.58
 30
7.0
 10
-6.12
 20
15.58
 30
7.0
 10
-6.12
 20
15.58
 30
16.0
 10
-6.0
 20
15.58
 30
16.0
 10
-6.12
 20
15.58
 30
7.0
 10
-6.12
 20
15.42
 30
7.0
 10
-6.12
 20
15.42
 30
16.0
 10
-6.12
 20
15.58
 30
16.0
 10
6.0
 20
15.58
 30
7.0
 10
6.12
 20
15.58
 30
7.0
 10
6.12
 20
15.42
 30
7.0
 10
6.0
 20
15.42
 30
7.0
 10
6.0
 20
15.42
 30
16.0
 10
6.12
 20
15.42
 30
16.0
 10
6.12
 20
15.58
 30
16.0
 10
6.0
 20
15.58
 30
16.0
 10
6.0
 20
15.42
 30
7.0
 10
6.12
 20
15.42
 30
7.0
 10
6.12
 20
15.42
 30
16.0
 10
6.0
 20
15.42
 30
16.0
 10
6.12
 20
15.42
 30
7.0
 10
6.12
 20
15.58
 30
7.0
 10
6.12
 20
15.58
 30
16.0
 10
6.12
 20
15.42
 30
16.0
 10
6.12
 20
15.58
 30
7.0
 10
6.0
 20
15.58
 30
7.0
 10
6.0
 20
15.58
 30
16.0
 10
6.12
 20
15.58
 30
16.0
 10
6.0
 20
15.58
 30
7.0
 10
6.0
 20
15.42
 30
7.0
 10
6.0
 20
15.42
 30
16.0
 10
6.0
 20
15.58
 30
16.0
 10
-6.12
 20
17.08
 30
7.0
 10
-6.0
 20
17.08
 30
7.0
 10
-6.0
 20
16.92
 30
7.0
 10
-6.12
 20
16.92
 30
7.0
 10
-6.12
 20
16.92
 30
16.0
 10
-6.0
 20
16.92
 30
16.0
 10
-6.0
 20
17.08
 30
16.0
 10
-6.12
 20
17.08
 30
16.0
 10
-6.12
 20
16.92
 30
7.0
 10
-6.0
 20
16.92
 30
7.0
 10
-6.0
 20
16.92
 30
16.0
 10
-6.12
 20
16.92
 30
16.0
 10
-6.0
 20
16.92
 30
7.0
 10
-6.0
 20
17.08
 30
7.0
 10
-6.0
 20
17.08
 30
16.0
 10
-6.0
 20
16.92
 30
16.0
 10
-6.0
 20
17.08
 30
7.0
 10
-6.12
 20
17.08
 30
7.0
 10
-6.12
 20
17.08
 30
16.0
 10
-6.0
 20
17.08
 30
16.0
 10
-6.12
 20
17.08
 30
7.0
 10
-6.12
 20
16.92
 30
7.0
 10
-6.12
 20
16.92
 30
16.0
 10
-6.12
 20
17.08
 30
16.0
 10
6.0
 20
17.08
 30
7.0
 10
6.12
 20
17.08
 30
7.0
 10
6.12
 20
16.92
 30
7.0
 10
6.0
 20
16.92
 30
7.0
 10
6.0
 20
16.92
 30
16.0
 10
6.12
 20
16.92
 30
16.0
 10
6.12
 20
17.08
 30
16.0
 10
6.0
 20
17.08
 30
16.0
 10
6.0
 20
16.92
 30
7.0
 10
6.12
 20
16.92
 30
7.0
 10
6.12
 20
16.92
 30
16.0
 10
6.0
 20
16.92
 30
16.0
 10
6.12
 20
16.92
 30
7.0
 10
6.12
 20
17.08
 30
7.0
 10
6.12
 20
17.08
 30
16.0
 10
6.12
 20
16.92
 30
16.0
 10
6.12
 20
17.08
 30
7.0
 10
6.0
 20
17.08
 30
7.0
 10
6.0
 20
17.08
 30
16.0
 10
6.12
 20
17.08
 30
16.0
 10
6.0
 20
17.08
 30
7.0
 10
6.0
 20
16.92
 30
7.0
 10
6.0
 20
16.92
 30
16.0
 10
6.0
 20
17.08
 30
16.0
 93
2400
 90
3
 90
0
 90
1
 90
2
 90
3
 90
0
 90
2
 90
3
 90
3
 90
4
 90
5
 90
6
 90
3
 90
4
 90
6
 90
7
 90
3
 90
8
 90
9
 90
10
 90
3
 90
8
 90
10
 90
11
 90
3
 90
12
 90
13
 90
14
 90
3
 90
12
 90
14
 90
15
 90
3
 90
16
 90
17
 90
18
 90
3
 90
16
 90
18
 90
19
 90
3
 90
20
 90
21
 90
22
 90
3
 90
20
 90
22
 90
23
 90
3
 90
24
 90
25
 90
26
 90
3
 90
24
 90
26
 90
27
 90
3
 90
28
 90
29
 90
30
 90
3
 90
28
 90
30
 90
31
 90
3
 90
32
 90
33
 90
34
 90
3
 90
32
 90
34
 90
35
 90
3
 90
36
 90
37
 90
38
 90
3
 90
36
 90
38
 90
39
 90
3
 90
40
 90
41
 90
42
 90
3
 90
40
 90
42
 90
43
 90
3
 90
44
 90
45
 90
46
 90
3
 90
44
 90
46
 90
47
 90
3
 90
48
 90
49
 90
50
 90
3
 90
48
 90
50
 90
51
 90
3
 90
52
 90
53
 90
54
 90
3
 90
52
 90
54
 90
55
 90
3
 90
56
 90
57
 90
58
 90
3
 90
56
 90
58
 90
59
 90
3
 90
60
 90
61
 90
62
 90
3
 90
60
 90
62
 90
63
 90
3
 90
64
 90
65
 90
66
 90
3
 90
64
 90
66
 90
67
 90
3
 90
68
 90
69
 90
70
 90
3
 90
68
 90
70
 90
71
 90
3
 90
72
 90
73
 90
74
 90
3
 90
72
 90
74
 90
75
 90
3
 90
76
 90
77
 90
78
 90
3
 90
76
 90
78
 90
79
 90
3
 90
80
 90
81
 90
82
 90
3
 90
80
 90
82
 90
83
 90
3
 90
84
 90
85
 90
86
 90
3
 90
84
 90
86
 90
87
 90
3
 90
88
 90
89
 90
90
 90
3
 90
88
 90
90
 90
91
 90
3
 90
92
 90
93
 90
94
 90
3
 90
92
 90
94
 90
95
 90
3
 90
96
 90
97
 90
98
 90
3
 90
96
 90
98
 90
99
 90
3
 90
100
 90
101
 90
102
 90
3
 90
100
 90
102
 90
103
 90
3
 90
104
 90
105
 90
106
 90
3
 90
104
 90
106
 90
107
 90
3
 90
108
 90
109
 90
110
 90
3
 90
108
 90
110
 90
111
 90
3
 90
112
 90
113
 90
114
 90
3
 90
112
 90
114
 90
115
 90
3
 90
116
 90
117
 90
118
 90
3
 90
116
 90
118
 90
119
 90
3
 90
120
 90
121
 90
122
 90
3
 90
120
 90
122
 90
123
 90
3
 90
124
 90
125
 90
126
 90
3
 90
124
 90
126
 90
127
 90
3
 90
128
 90
129
 90
130
 90
3
 90
128
 90
130
 90
131
 90
3
 90
132
 90
133
 90
134
 90
3
 90
132
 90
134
 90
135
 90
3
 90
136
 90
137
 90
138
 90
3
 90
136
 90
138
 90
139
 90
3
 90
140
 90
141
 90
142
 90
3
 90
140
 90
142
 90
143
 90
3
 90
144
 90
145
 90
146
 90
3
 90
144
 90
146
 90
147
 90
3
 90
148
 90
149
 90
150
 90
3
 90
148
 90
150
 90
151
 90
3
 90
152
 90
153
 90
154
 90
3
 90
152
 90
154
 90
155
 90
3
 90
156
 90
157
 90
158
 90
3
 90
156
 90
158
 90
159
 90
3
 90
160
 90
161
 90
162
 90
3
 90
160
 90
162
 90
163
 90
3
 90
164
 90
165
 90
166
 90
3
 90
164
 90
166
 90
167
 90
3
 90
168
 90
169
 90
170
 90
3
 90
168
 90
170
 90
171
 90
3
 90
172
 90
173
 90
174
 90
3
 90
172
 90
174
 90
175
 90
3
 90
176
 90
177
 90
178
 90
3
 90
176
 90
178
 90
179
 90
3
 90
180
 90
181
 90
182
 90
3
 90
180
 90
182
 90
183
 90
3
 90
184
 90
185
 90
186
 90
3
 90
184
 90
186
 90
187
 90
3
 90
188
 90
189
 90
190
 90
3
 90
188
 90
190
 90
191
 90
3
 90
192
 90
193
 90
194
 90
3
 90
192
 90
194
 90
195
 90
3
 90
196
 90
197
 90
198
 90
3
 90
196
 90
198
 90
199
 90
3
 90
200
 90
201
 90
202
 90
3
 90
200
 90
202
 90
203
 90
3
 90
204
 90
205
 90
206
 90
3
 90
204
 90
206
 90
207
 90
3
 90
208
 90
209
 90
210
 90
3
 90
208
 90
210
 90
211
 90
3
 90
212
 90
213
 90
214
 90
3
 90
212
 90
214
 90
215
 90
3
 90
216
 90
217
 90
218
 90
3
 90
216
 90
218
 90
219
 90
3
 90
220
 90
221
 90
222
 90
3
 90
220
 90
222
 90
223
 90
3
 90
224
 90
225
 90
226
 90
3
 90
224
 90
226
 90
227
 90
3
 90
228
 90
229
 90
230
 90
3
 90
228
 90
230
 90
231
 90
3
 90
232
 90
233
 90
234
 90
3
 90
232
 90
234
 90
235
 90
3
 90
236
 90
237
 90
238
 90
3
 90
236
 90
238
 90
239
 90
3
 90
240
 90
241
 90
242
 90
3
 90
240
 90
242
 90
243
 90
3
 90
244
 90
245
 90
246
 90
3
 90
244
 90
246
 90
247
 90
3
 90
248
 90
249
 90
250
 90
3
 90
248
 90
250
 90
251
 90
3
 90
252
 90
253
 90
254
 90
3
 90
252
 90
254
 90
255
 90
3
 90
256
 90
257
 90
258
 90
3
 90
256
 90
258
 90
259
 90
3
 90
260
 90
261
 90
262
 90
3
 90
260
 90
262
 90
263
 90
3
 90
264
 90
265
 90
266
 90
3
 90
264
 90
266
 90
267
 90
3
 90
268
 90
269
 90
270
 90
3
 90
268
 90
270
 90
271
 90
3
 90
272
 90
273
 90
274
 90
3
 90
272
 90
274
 90
275
 90
3
 90
276
 90
277
 90
278
 90
3
 90
276
 90
278
 90
279
 90
3
 90
280
 90
281
 90
282
 90
3
 90
280
 90
282
 90
283
 90
3
 90
284
 90
285
 90
286
 90
3
 90
284
 90
286
 90
287
 90
3
 90
288
 90
289
 90
290
 90
3
 90
288
 90
290
 90
291
 90
3
 90
292
 90
293
 90
294
 90
3
 90
292
 90
294
 90
295
 90
3
 90
296
 90
297
 90
298
 90
3
 90
296
 90
298
 90
299
 90
3
 90
300
 90
301
 90
302
 90
3
 90
300
 90
302
 90
303
 90
3
 90
304
 90
305
 90
306
 90
3
 90
304
 90
306
 90
307
 90
3
 90
308
 90
309
 90
310
 90
3
 90
308
 90
310
 90
311
 90
3
 90
312
 90
313
 90
314
 90
3
 90
312
 90
314
 90
315
 90
3
 90
316
 90
317
 90
318
 90
3
 90
316
 90
318
 90
319
 90
3
 90
320
 90
321
 90
322
 90
3
 90
320
 90
322
 90
323
 90
3
 90
324
 90
325
 90
326
 90
3
 90
324
 90
326
 90
327
 90
3
 90
328
 90
329
 90
330
 90
3
 90
328
 90
330
 90
331
 90
3
 90
332
 90
333
 90
334
 90
3
 90
332
 90
334
 90
335
 90
3
 90
336
 90
337
 90
338
 90
3
 90
336
 90
338
 90
339
 90
3
 90
340
 90
341
 90
342
 90
3
 90
340
 90
342
 90
343
 90
3
 90
344
 90
345
 90
346
 90
3
 90
344
 90
346
 90
347
 90
3
 90
348
 90
349
 90
350
 90
3
 90
348
 90
350
 90
351
 90
3
 90
352
 90
353
 90
354
 90
3
 90
352
 90
354
 90
355
 90
3
 90
356
 90
357
 90
358
 90
3
 90
356
 90
358
 90
359
 90
3
 90
360
 90
361
 90
362
 90
3
 90
360
 90
362
 90
363
 90
3
 90
364
 90
365
 90
366
 90
3
 90
364
 90
366
 90
367
 90
3
 90
368
 90
369
 90
370
 90
3
 90
368
 90
370
 90
371
 90
3
 90
372
 90
373
 90
374
 90
3
 90
372
 90
374
 90
375
 90
3
 90
376
 90
377
 90
378
 90
3
 90
376
 90
378
 90
379
 90
3
 90
380
 90
381
 90
382
 90
3
 90
380
 90
382
 90
383
 90
3
 90
384
 90
385
 90
386
 90
3
 90
384
 90
386
 90
387
 90
3
 90
388
 90
389
 90
390
 90
3
 90
388
 90
390
 90
391
 90
3
 90
392
 90
393
 90
394
 90
3
 90
392
 90
394
 90
395
 90
3
 90
396
 90
397
 90
398
 90
3
 90
396
 90
398
 90
399
 90
3
 90
400
 90
401
 90
402
 90
3
 90
400
 90
402
 90
403
 90
3
 90
404
 90
405
 90
406
 90
3
 90
404
 90
406
 90
407
 90
3
 90
408
 90
409
 90
410
 90
3
 90
408
 90
410
 90
411
 90
3
 90
412
 90
413
 90
414
 90
3
 90
412
 90
414
 90
415
 90
3
 90
416
 90
417
 90
418
 90
3
 90
416
 90
418
 90
419
 90
3
 90
420
 90
421
 90
422
 90
3
 90
420
 90
422
 90
423
 90
3
 90
424
 90
425
 90
426
 90
3
 90
424
 90
426
 90
427
 90
3
 90
428
 90
429
 90
430
 90
3
 90
428
 90
430
 90
431
 90
3
 90
432
 90
433
 90
434
 90
3
 90
432
 90
434
 90
435
 90
3
 90
436
 90
437
 90
438
 90
3
 90
436
 90
438
 90
439
 90
3
 90
440
 90
441
 90
442
 90
3
 90
440
 90
442
 90
443
 90
3
 90
444
 90
445
 90
446
 90
3
 90
444
 90
446
 90
447
 90
3
 90
448
 90
449
 90
450
 90
3
 90
448
 90
450
 90
451
 90
3
 90
452
 90
453
 90
454
 90
3
 90
452
 90
454
 90
455
 90
3
 90
456
 90
457
 90
458
 90
3
 90
456
 90
458
 90
459
 90
3
 90
460
 90
461
 90
462
 90
3
 90
460
 90
462
 90
463
 90
3
 90
464
 90
465
 90
466
 90
3
 90
464
 90
466
 90
467
 90
3
 90
468
 90
469
 90
470
 90
3
 90
468
 90
470
 90
471
 90
3
 90
472
 90
473
 90
474
 90
3
 90
472
 90
474
 90
475
 90
3
 90
476
 90
477
 90
478
 90
3
 90
476
 90
478
 90
479
 90
3
 90
480
 90
481
 90
482
 90
3
 90
480
 90
482
 90
483
 90
3
 90
484
 90
485
 90
486
 90
3
 90
484
 90
486
 90
487
 90
3
 90
488
 90
489
 90
490
 90
3
 90
488
 90
490
 90
491
 90
3
 90
492
 90
493
 90
494
 90
3
 90
492
 90
494
 90
495
 90
3
 90
496
 90
497
 90
498
 90
3
 90
496
 90
498
 90
499
 90
3
 90
500
 90
501
 90
502
 90
3
 90
500
 90
502
 90
503
 90
3
 90
504
 90
505
 90
506
 90
3
 90
504
 90
506
 90
507
 90
3
 90
508
 90
509
 90
510
 90
3
 90
508
 90
510
 90
511
 90
3
 90
512
 90
513
 90
514
 90
3
 90
512
 90
514
 90
515
 90
3
 90
516
 90
517
 90
518
 90
3
 90
516
 90
518
 90
519
 90
3
 90
520
 90
521
 90
522
 90
3
 90
520
 90
522
 90
523
 90
3
 90
524
 90
525
 90
526
 90
3
 90
524
 90
526
 90
527
 90
3
 90
528
 90
529
 90
530
 90
3
 90
528
 90
530
 90
531
 90
3
 90
532
 90
533
 90
534
 90
3
 90
532
 90
534
 90
535
 90
3
 90
536
 90
537
 90
538
 90
3
 90
536
 90
538
 90
539
 90
3
 90
540
 90
541
 90
542
 90
3
 90
540
 90
542
 90
543
 90
3
 90
544
 90
545
 90
546
 90
3
 90
544
 90
546
 90
547
 90
3
 90
548
 90
549
 90
550
 90
3
 90
548
 90
550
 90
551
 90
3
 90
552
 90
553
 90
554
 90
3
 90
552
 90
554
 90
555
 90
3
 90
556
 90
557
 90
558
 90
3
 90
556
 90
558
 90
559
 90
3
 90
560
 90
561
 90
562
 90
3
 90
560
 90
562
 90
563
 90
3
 90
564
 90
565
 90
566
 90
3
 90
564
 90
566
 90
567
 90
3
 90
568
 90
569
 90
570
 90
3
 90
568
 90
570
 90
571
 90
3
 90
572
 90
573
 90
574
 90
3
 90
572
 90
574
 90
575
 90
3
 90
576
 90
577
 90
578
 90
3
 90
576
 90
578
 90
579
 90
3
 90
580
 90
581
 90
582
 90
3
 90
580
 90
582
 90
583
 90
3
 90
584
 90
585
 90
586
 90
3
 90
584
 90
586
 90
587
 90
3
 90
588
 90
589
 90
590
 90
3
 90
588
 90
590
 90
591
 90
3
 90
592
 90
593
 90
594
 90
3
 90
592
 90
594
 90
595
 90
3
 90
596
 90
597
 90
598
 90
3
 90
596
 90
598
 90
599
 90
3
 90
600
 90
601
 90
602
 90
3
 90
600
 90
602
 90
603
 90
3
 90
604
 90
605
 90
606
 90
3
 90
604
 90
606
 90
607
 90
3
 90
608
 90
609
 90
610
 90
3
 90
608
 90
610
 90
611
 90
3
 90
612
 90
613
 90
614
 90
3
 90
612
 90
614
 90
615
 90
3
 90
616
 90
617
 90
618
 90
3
 90
616
 90
618
 90
619
 90
3
 90
620
 90
621
 90
622
 90
3
 90
620
 90
622
 90
623
 90
3
 90
624
 90
625
 90
626
 90
3
 90
624
 90
626
 90
627
 90
3
 90
628
 90
629
 90
630
 90
3
 90
628
 90
630
 90
631
 90
3
 90
632
 90
633
 90
634
 90
3
 90
632
 90
634
 90
635
 90
3
 90
636
 90
637
 90
638
 90
3
 90
636
 90
638
 90
639
 90
3
 90
640
 90
641
 90
642
 90
3
 90
640
 90
642
 90
643
 90
3
 90
644
 90
645
 90
646
 90
3
 90
644
 90
646
 90
647
 90
3
 90
648
 90
649
 90
650
 90
3
 90
648
 90
650
 90
651
 90
3
 90
652
 90
653
 90
654
 90
3
 90
652
 90
654
 90
655
 90
3
 90
656
 90
657
 90
658
 90
3
 90
656
 90
658
 90
659
 90
3
 90
660
 90
661
 90
662
 90
3
 90
660
 90
662
 90
663
 90
3
 90
664
 90
665
 90
666
 90
3
 90
664
 90
666
 90
667
 90
3
 90
668
 90
669
 90
670
 90
3
 90
668
 90
670
 90
671
 90
3
 90
672
 90
673
 90
674
 90
3
 90
672
 90
674
 90
675
 90
3
 90
676
 90
677
 90
678
 90
3
 90
676
 90
678
 90
679
 90
3
 90
680
 90
681
 90
682
 90
3
 90
680
 90
682
 90
683
 90
3
 90
684
 90
685
 90
686
 90
3
 90
684
 90
686
 90
687
 90
3
 90
688
 90
689
 90
690
 90
3
 90
688
 90
690
 90
691
 90
3
 90
692
 90
693
 90
694
 90
3
 90
692
 90
694
 90
695
 90
3
 90
696
 90
697
 90
698
 90
3
 90
696
 90
698
 90
699
 90
3
 90
700
 90
701
 90
702
 90
3
 90
700
 90
702
 90
703
 90
3
 90
704
 90
705
 90
706
 90
3
 90
704
 90
706
 90
707
 90
3
 90
708
 90
709
 90
710
 90
3
 90
708
 90
710
 90
711
 90
3
 90
712
 90
713
 90
714
 90
3
 90
712
 90
714
 90
715
 90
3
 90
716
 90
717
 90
718
 90
3
 90
716
 90
718
 90
719
 90
3
 90
720
 90
721
 90
722
 90
3
 90
720
 90
722
 90
723
 90
3
 90
724
 90
725
 90
726
 90
3
 90
724
 90
726
 90
727
 90
3
 90
728
 90
729
 90
730
 90
3
 90
728
 90
730
 90
731
 90
3
 90
732
 90
733
 90
734
 90
3
 90
732
 90
734
 90
735
 90
3
 90
736
 90
737
 90
738
 90
3
 90
736
 90
738
 90
739
 90
3
 90
740
 90
741
 90
742
 90
3
 90
740
 90
742
 90
743
 90
3
 90
744
 90
745
 90
746
 90
3
 90
744
 90
746
 90
747
 90
3
 90
748
 90
749
 90
750
 90
3
 90
748
 90
750
 90
751
 90
3
 90
752
 90
753
 90
754
 90
3
 90
752
 90
754
 90
755
 90
3
 90
756
 90
757
 90
758
 90
3
 90
756
 90
758
 90
759
 90
3
 90
760
 90
761
 90
762
 90
3
 90
760
 90
762
 90
763
 90
3
 90
764
 90
765
 90
766
 90
3
 90
764
 90
766
 90
767
 90
3
 90
768
 90
769
 90
770
 90
3
 90
768
 90
770
 90
771
 90
3
 90
772
 90
773
 90
774
 90
3
 90
772
 90
774
 90
775
 90
3
 90
776
 90
777
 90
778
 90
3
 90
776
 90
778
 90
779
 90
3
 90
780
 90
781
 90
782
 90
3
 90
780
 90
782
 90
783
 90
3
 90
784
 90
785
 90
786
 90
3
 90
784
 90
786
 90
787
 90
3
 90
788
 90
789
 90
790
 90
3
 90
788
 90
790
 90
791
 90
3
 90
792
 90
793
 90
794
 90
3
 90
792
 90
794
 90
795
 90
3
 90
796
 90
797
 90
798
 90
3
 90
796
 90
798
 90
799
 90
3
 90
800
 90
801
 90
802
 90
3
 90
800
 90
802
 90
803
 90
3
 90
804
 90
805
 90
806
 90
3
 90
804
 90
806
 90
807
 90
3
 90
808
 90
809
 90
810
 90
3
 90
808
 90
810
 90
811
 90
3
 90
812
 90
813
 90
814
 90
3
 90
812
 90
814
 90
815
 90
3
 90
816
 90
817
 90
818
 90
3
 90
816
 90
818
 90
819
 90
3
 90
820
 90
821
 90
822
 90
3
 90
820
 90
822
 90
823
 90
3
 90
824
 90
825
 90
826
 90
3
 90
824
 90
826
 90
827
 90
3
 90
828
 90
829
 90
830
 90
3
 90
828
 90
830
 90
831
 90
3
 90
832
 90
833
 90
834
 90
3
 90
832
 90
834
 90
835
 90
3
 90
836
 90
837
 90
838
 90
3
 90
836
 90
838
 90
839
 90
3
 90
840
 90
841
 90
842
 90
3
 90
840
 90
842
 90
843
 90
3
 90
844
 90
845
 90
846
 90
3
 90
844
 90
846
 90
847
 90
3
 90
848
 90
849
 90
850
 90
3
 90
848
 90
850
 90
851
 90
3
 90
852
 90
853
 90
854
 90
3
 90
852
 90
854
 90
855
 90
3
 90
856
 90
857
 90
858
 90
3
 90
856
 90
858
 90
859
 90
3
 90
860
 90
861
 90
862
 90
3
 90
860
 90
862
 90
863
 90
3
 90
864
 90
865
 90
866
 90
3
 90
864
 90
866
 90
867
 90
3
 90
868
 90
869
 90
870
 90
3
 90
868
 90
870
 90
871
 90
3
 90
872
 90
873
 90
874
 90
3
 90
872
 90
874
 90
875
 90
3
 90
876
 90
877
 90
878
 90
3
 90
876
 90
878
 90
879
 90
3
 90
880
 90
881
 90
882
 90
3
 90
880
 90
882
 90
883
 90
3
 90
884
 90
885
 90
886
 90
3
 90
884
 90
886
 90
887
 90
3
 90
888
 90
889
 90
890
 90
3
 90
888
 90
890
 90
891
 90
3
 90
892
 90
893
 90
894
 90
3
 90
892
 90
894
 90
895
 90
3
 90
896
 90
897
 90
898
 90
3
 90
896
 90
898
 90
899
 90
3
 90
900
 90
901
 90
902
 90
3
 90
900
 90
902
 90
903
 90
3
 90
904
 90
905
 90
906
 90
3
 90
904
 90
906
 90
907
 90
3
 90
908
 90
909
 90
910
 90
3
 90
908
 90
910
 90
911
 90
3
 90
912
 90
913
 90
914
 90
3
 90
912
 90
914
 90
915
 90
3
 90
916
 90
917
 90
918
 90
3
 90
916
 90
918
 90
919
 90
3
 90
920
 90
921
 90
922
 90
3
 90
920
 90
922
 90
923
 90
3
 90
924
 90
925
 90
926
 90
3
 90
924
 90
926
 90
927
 90
3
 90
928
 90
929
 90
930
 90
3
 90
928
 90
930
 90
931
 90
3
 90
932
 90
933
 90
934
 90
3
 90
932
 90
934
 90
935
 90
3
 90
936
 90
937
 90
938
 90
3
 90
936
 90
938
 90
939
 90
3
 90
940
 90
941
 90
942
 90
3
 90
940
 90
942
 90
943
 90
3
 90
944
 90
945
 90
946
 90
3
 90
944
 90
946
 90
947
 90
3
 90
948
 90
949
 90
950
 90
3
 90
948
 90
950
 90
951
 90
3
 90
952
 90
953
 90
954
 90
3
 90
952
 90
954
 90
955
 90
3
 90
956
 90
957
 90
958
 90
3
 90
956
 90
958
 90
959
 90
3
 90
960
 90
961
 90
962
 90
3
 90
960
 90
962
 90
963
 90
3
 90
964
 90
965
 90
966
 90
3
 90
964
 90
966
 90
967
 90
3
 90
968
 90
969
 90
970
 90
3
 90
968
 90
970
 90
971
 90
3
 90
972
 90
973
 90
974
 90
3
 90
972
 90
974
 90
975
 90
3
 90
976
 90
977
 90
978
 90
3
 90
976
 90
978
 90
979
 90
3
 90
980
 90
981
 90
982
 90
3
 90
980
 90
982
 90
983
 90
3
 90
984
 90
985
 90
986
 90
3
 90
984
 90
986
 90
987
 90
3
 90
988
 90
989
 90
990
 90
3
 90
988
 90
990
 90
991
 90
3
 90
992
 90
993
 90
994
 90
3
 90
992
 90
994
 90
995
 90
3
 90
996
 90
997
 90
998
 90
3
 90
996
 90
998
 90
999
 90
3
 90
1000
 90
1001
 90
1002
 90
3
 90
1000
 90
1002
 90
1003
 90
3
 90
1004
 90
1005
 90
1006
 90
3
 90
1004
 90
1006
 90
1007
 90
3
 90
1008
 90
1009
 90
1010
 90
3
 90
1008
 90
1010
 90
1011
 90
3
 90
1012
 90
1013
 90
1014
 90
3
 90
1012
 90
1014
 90
1015
 90
3
 90
1016
 90
1017
 90
1018
 90
3
 90
1016
 90
1018
 90
1019
 90
3
 90
1020
 90
1021
 90
1022
 90
3
 90
1020
 90
1022
 90
1023
 90
3
 90
1024
 90
1025
 90
1026
 90
3
 90
1024
 90
1026
 90
1027
 90
3
 90
1028
 90
1029
 90
1030
 90
3
 90
1028
 90
1030
 90
1031
 90
3
 90
1032
 90
1033
 90
1034
 90
3
 90
1032
 90
1034
 90
1035
 90
3
 90
1036
 90
1037
 90
1038
 90
3
 90
1036
 90
1038
 90
1039
 90
3
 90
1040
 90
1041
 90
1042
 90
3
 90
1040
 90
1042
 90
1043
 90
3
 90
1044
 90
1045
 90
1046
 90
3
 90
1044
 90
1046
 90
1047
 90
3
 90
1048
 90
1049
 90
1050
 90
3
 90
1048
 90
1050
 90
1051
 90
3
 90
1052
 90
1053
 90
1054
 90
3
 90
1052
 90
1054
 90
1055
 90
3
 90
1056
 90
1057
 90
1058
 90
3
 90
1056
 90
1058
 90
1059
 90
3
 90
1060
 90
1061
 90
1062
 90
3
 90
1060
 90
1062
 90
1063
 90
3
 90
1064
 90
1065
 90
1066
 90
3
 90
1064
 90
1066
 90
1067
 90
3
 90
1068
 90
1069
 90
1070
 90
3
 90
1068
 90
1070
 90
1071
 90
3
 90
1072
 90
1073
 90
1074
 90
3
 90
1072
 90
1074
 90
1075
 90
3
 90
1076
 90
1077
 90
1078
 90
3
 90
1076
 90
1078
 90
1079
 90
3
 90
1080
 90
1081
 90
1082
 90
3
 90
1080
 90
1082
 90
1083
 90
3
 90
1084
 90
1085
 90
1086
 90
3
 90
1084
 90
1086
 90
1087
 90
3
 90
1088
 90
1089
 90
1090
 90
3
 90
1088
 90
1090
 90
1091
 90
3
 90
1092
 90
1093
 90
1094
 90
3
 90
1092
 90
1094
 90
1095
 90
3
 90
1096
 90
1097
 90
1098
 90
3
 90
1096
 90
1098
 90
1099
 90
3
 90
1100
 90
1101
 90
1102
 90
3
 90
1100
 90
1102
 90
1103
 90
3
 90
1104
 90
1105
 90
1106
 90
3
 90
1104
 90
1106
 90
1107
 90
3
 90
1108
 90
1109
 90
1110
 90
3
 90
1108
 90
1110
 90
1111
 90
3
 90
1112
 90
1113
 90
1114
 90
3
 90
1112
 90
1114
 90
1115
 90
3
 90
1116
 90
1117
 90
1118
 90
3
 90
1116
 90
1118
 90
1119
 90
3
 90
1120
 90
1121
 90
1122
 90
3
 90
1120
 90
1122
 90
1123
 90
3
 90
1124
 90
1125
 90
1126
 90
3
 90
1124
 90
1126
 90
1127
 90
3
 90
1128
 90
1129
 90
1130
 90
3
 90
1128
 90
1130
 90
1131
 90
3
 90
1132
 90
1133
 90
1134
 90
3
 90
1132
 90
1134
 90
1135
 90
3
 90
1136
 90
1137
 90
1138
 90
3
 90
1136
 90
1138
 90
1139
 90
3
 90
1140
 90
1141
 90
1142
 90
3
 90
1140
 90
1142
 90
1143
 90
3
 90
1144
 90
1145
 90
1146
 90
3
 90
1144
 90
1146
 90
1147
 90
3
 90
1148
 90
1149
 90
1150
 90
3
 90
1148
 90
1150
 90
1151
 90
3
 90
1152
 90
1153
 90
1154
 90
3
 90
1152
 90
1154
 90
1155
 90
3
 90
1156
 90
1157
 90
1158
 90
3
 90
1156
 90
1158
 90
1159
 90
3
 90
1160
 90
1161
 90
1162
 90
3
 90
1160
 90
1162
 90
1163
 90
3
 90
1164
 90
1165
 90
1166
 90
3
 90
1164
 90
1166
 90
1167
 90
3
 90
1168
 90
1169
 90
1170
 90
3
 90
1168
 90
1170
 90
1171
 90
3
 90
1172
 90
1173
 90
1174
 90
3
 90
1172
 90
1174
 90
1175
 90
3
 90
1176
 90
1177
 90
1178
 90
3
 90
1176
 90
1178
 90
1179
 90
3
 90
1180
 90
1181
 90
1182
 90
3
 90
1180
 90
1182
 90
1183
 90
3
 90
1184
 90
1185
 90
1186
 90
3
 90
1184
 90
1186
 90
1187
 90
3
 90
1188
 90
1189
 90
1190
 90
3
 90
1188
 90
1190
 90
1191
 90
3
 90
1192
 90
1193
 90
1194
 90
3
 90
1192
 90
1194
 90
1195
 90
3
 90
1196
 90
1197
 90
1198
 90
3
 90
1196
 90
1198
 90
1199
 94
0
 95
0
 90
0
  0
MESH
  5
9C
330
17
100
AcDbEntity
  8
M-PORCH-POSTS
100
AcDbSubDMesh
 71
2
 72
0
 91
0
 92
360
 10
-11.9
 20
-13.0
 30
7.0
 10
-11.299999999999999
 20
-13.0
 30
7.0
 10
-11.299999999999999
 20
-13.6
 30
7.0
 10
-11.9
 20
-13.6
 30
7.0
 10
-11.9
 20
-13.6
 30
16.0
 10
-11.299999999999999
 20
-13.6
 30
16.0
 10
-11.299999999999999
 20
-13.0
 30
16.0
 10
-11.9
 20
-13.0
 30
16.0
 10
-11.9
 20
-13.6
 30
7.0
 10
-11.299999999999999
 20
-13.6
 30
7.0
 10
-11.299999999999999
 20
-13.6
 30
16.0
 10
-11.9
 20
-13.6
 30
16.0
 10
-11.299999999999999
 20
-13.6
 30
7.0
 10
-11.299999999999999
 20
-13.0
 30
7.0
 10
-11.299999999999999
 20
-13.0
 30
16.0
 10
-11.299999999999999
 20
-13.6
 30
16.0
 10
-11.299999999999999
 20
-13.0
 30
7.0
 10
-11.9
 20
-13.0
 30
7.0
 10
-11.9
 20
-13.0
 30
16.0
 10
-11.299999999999999
 20
-13.0
 30
16.0
 10
-11.9
 20
-13.0
 30
7.0
 10
-11.9
 20
-13.6
 30
7.0
 10
-11.9
 20
-13.6
 30
16.0
 10
-11.9
 20
-13.0
 30
16.0
 10
-6.1
 20
-13.0
 30
7.0
 10
-5.5
 20
-13.0
 30
7.0
 10
-5.5
 20
-13.6
 30
7.0
 10
-6.1
 20
-13.6
 30
7.0
 10
-6.1
 20
-13.6
 30
16.0
 10
-5.5
 20
-13.6
 30
16.0
 10
-5.5
 20
-13.0
 30
16.0
 10
-6.1
 20
-13.0
 30
16.0
 10
-6.1
 20
-13.6
 30
7.0
 10
-5.5
 20
-13.6
 30
7.0
 10
-5.5
 20
-13.6
 30
16.0
 10
-6.1
 20
-13.6
 30
16.0
 10
-5.5
 20
-13.6
 30
7.0
 10
-5.5
 20
-13.0
 30
7.0
 10
-5.5
 20
-13.0
 30
16.0
 10
-5.5
 20
-13.6
 30
16.0
 10
-5.5
 20
-13.0
 30
7.0
 10
-6.1
 20
-13.0
 30
7.0
 10
-6.1
 20
-13.0
 30
16.0
 10
-5.5
 20
-13.0
 30
16.0
 10
-6.1
 20
-13.0
 30
7.0
 10
-6.1
 20
-13.6
 30
7.0
 10
-6.1
 20
-13.6
 30
16.0
 10
-6.1
 20
-13.0
 30
16.0
 10
-0.3
 20
-13.0
 30
7.0
 10
0.3
 20
-13.0
 30
7.0
 10
0.3
 20
-13.6
 30
7.0
 10
-0.3
 20
-13.6
 30
7.0
 10
-0.3
 20
-13.6
 30
16.0
 10
0.3
 20
-13.6
 30
16.0
 10
0.3
 20
-13.0
 30
16.0
 10
-0.3
 20
-13.0
 30
16.0
 10
-0.3
 20
-13.6
 30
7.0
 10
0.3
 20
-13.6
 30
7.0
 10
0.3
 20
-13.6
 30
16.0
 10
-0.3
 20
-13.6
 30
16.0
 10
0.3
 20
-13.6
 30
7.0
 10
0.3
 20
-13.0
 30
7.0
 10
0.3
 20
-13.0
 30
16.0
 10
0.3
 20
-13.6
 30
16.0
 10
0.3
 20
-13.0
 30
7.0
 10
-0.3
 20
-13.0
 30
7.0
 10
-0.3
 20
-13.0
 30
16.0
 10
0.3
 20
-13.0
 30
16.0
 10
-0.3
 20
-13.0
 30
7.0
 10
-0.3
 20
-13.6
 30
7.0
 10
-0.3
 20
-13.6
 30
16.0
 10
-0.3
 20
-13.0
 30
16.0
 10
5.499999999999999
 20
-13.0
 30
7.0
 10
6.099999999999999
 20
-13.0
 30
7.0
 10
6.099999999999999
 20
-13.6
 30
7.0
 10
5.499999999999999
 20
-13.6
 30
7.0
 10
5.499999999999999
 20
-13.6
 30
16.0
 10
6.099999999999999
 20
-13.6
 30
16.0
 10
6.099999999999999
 20
-13.0
 30
16.0
 10
5.499999999999999
 20
-13.0
 30
16.0
 10
5.499999999999999
 20
-13.6
 30
7.0
 10
6.099999999999999
 20
-13.6
 30
7.0
 10
6.099999999999999
 20
-13.6
 30
16.0
 10
5.499999999999999
 20
-13.6
 30
16.0
 10
6.099999999999999
 20
-13.6
 30
7.0
 10
6.099999999999999
 20
-13.0
 30
7.0
 10
6.099999999999999
 20
-13.0
 30
16.0
 10
6.099999999999999
 20
-13.6
 30
16.0
 10
6.099999999999999
 20
-13.0
 30
7.0
 10
5.499999999999999
 20
-13.0
 30
7.0
 10
5.499999999999999
 20
-13.0
 30
16.0
 10
6.099999999999999
 20
-13.0
 30
16.0
 10
5.499999999999999
 20
-13.0
 30
7.0
 10
5.499999999999999
 20
-13.6
 30
7.0
 10
5.499999999999999
 20
-13.6
 30
16.0
 10
5.499999999999999
 20
-13.0
 30
16.0
 10
11.299999999999999
 20
-13.0
 30
7.0
 10
11.9
 20
-13.0
 30
7.0
 10
11.9
 20
-13.6
 30
7.0
 10
11.299999999999999
 20
-13.6
 30
7.0
 10
11.299999999999999
 20
-13.6
 30
16.0
 10
11.9
 20
-13.6
 30
16.0
 10
11.9
 20
-13.0
 30
16.0
 10
11.299999999999999
 20
-13.0
 30
16.0
 10
11.299999999999999
 20
-13.6
 30
7.0
 10
11.9
 20
-13.6
 30
7.0
 10
11.9
 20
-13.6
 30
16.0
 10
11.299999999999999
 20
-13.6
 30
16.0
 10
11.9
 20
-13.6
 30
7.0
 10
11.9
 20
-13.0
 30
7.0
 10
11.9
 20
-13.0
 30
16.0
 10
11.9
 20
-13.6
 30
16.0
 10
11.9
 20
-13.0
 30
7.0
 10
11.299999999999999
 20
-13.0
 30
7.0
 10
11.299999999999999
 20
-13.0
 30
16.0
 10
11.9
 20
-13.0
 30
16.0
 10
11.299999999999999
 20
-13.0
 30
7.0
 10
11.299999999999999
 20
-13.6
 30
7.0
 10
11.299999999999999
 20
-13.6
 30
16.0
 10
11.299999999999999
 20
-13.0
 30
16.0
 10
-11.6
 20
-13.299999999999999
 30
7.0
 10
-11.0
 20
-13.299999999999999
 30
7.0
 10
-11.0
 20
-13.9
 30
7.0
 10
-11.6
 20
-13.9
 30
7.0
 10
-11.6
 20
-13.9
 30
16.0
 10
-11.0
 20
-13.9
 30
16.0
 10
-11.0
 20
-13.299999999999999
 30
16.0
 10
-11.6
 20
-13.299999999999999
 30
16.0
 10
-11.6
 20
-13.9
 30
7.0
 10
-11.0
 20
-13.9
 30
7.0
 10
-11.0
 20
-13.9
 30
16.0
 10
-11.6
 20
-13.9
 30
16.0
 10
-11.0
 20
-13.9
 30
7.0
 10
-11.0
 20
-13.299999999999999
 30
7.0
 10
-11.0
 20
-13.299999999999999
 30
16.0
 10
-11.0
 20
-13.9
 30
16.0
 10
-11.0
 20
-13.299999999999999
 30
7.0
 10
-11.6
 20
-13.299999999999999
 30
7.0
 10
-11.6
 20
-13.299999999999999
 30
16.0
 10
-11.0
 20
-13.299999999999999
 30
16.0
 10
-11.6
 20
-13.299999999999999
 30
7.0
 10
-11.6
 20
-13.9
 30
7.0
 10
-11.6
 20
-13.9
 30
16.0
 10
-11.6
 20
-13.299999999999999
 30
16.0
 10
11.0
 20
-13.299999999999999
 30
7.0
 10
11.6
 20
-13.299999999999999
 30
7.0
 10
11.6
 20
-13.9
 30
7.0
 10
11.0
 20
-13.9
 30
7.0
 10
11.0
 20
-13.9
 30
16.0
 10
11.6
 20
-13.9
 30
16.0
 10
11.6
 20
-13.299999999999999
 30
16.0
 10
11.0
 20
-13.299999999999999
 30
16.0
 10
11.0
 20
-13.9
 30
7.0
 10
11.6
 20
-13.9
 30
7.0
 10
11.6
 20
-13.9
 30
16.0
 10
11.0
 20
-13.9
 30
16.0
 10
11.6
 20
-13.9
 30
7.0
 10
11.6
 20
-13.299999999999999
 30
7.0
 10
11.6
 20
-13.299999999999999
 30
16.0
 10
11.6
 20
-13.9
 30
16.0
 10
11.6
 20
-13.299999999999999
 30
7.0
 10
11.0
 20
-13.299999999999999
 30
7.0
 10
11.0
 20
-13.299999999999999
 30
16.0
 10
11.6
 20
-13.299999999999999
 30
16.0
 10
11.0
 20
-13.299999999999999
 30
7.0
 10
11.0
 20
-13.9
 30
7.0
 10
11.0
 20
-13.9
 30
16.0
 10
11.0
 20
-13.299999999999999
 30
16.0
 10
-11.6
 20
-5.499999999999999
 30
7.0
 10
-11.0
 20
-5.499999999999999
 30
7.0
 10
-11.0
 20
-6.099999999999999
 30
7.0
 10
-11.6
 20
-6.099999999999999
 30
7.0
 10
-11.6
 20
-6.099999999999999
 30
16.0
 10
-11.0
 20
-6.099999999999999
 30
16.0
 10
-11.0
 20
-5.499999999999999
 30
16.0
 10
-11.6
 20
-5.499999999999999
 30
16.0
 10
-11.6
 20
-6.099999999999999
 30
7.0
 10
-11.0
 20
-6.099999999999999
 30
7.0
 10
-11.0
 20
-6.099999999999999
 30
16.0
 10
-11.6
 20
-6.099999999999999
 30
16.0
 10
-11.0
 20
-6.099999999999999
 30
7.0
 10
-11.0
 20
-5.499999999999999
 30
7.0
 10
-11.0
 20
-5.499999999999999
 30
16.0
 10
-11.0
 20
-6.099999999999999
 30
16.0
 10
-11.0
 20
-5.499999999999999
 30
7.0
 10
-11.6
 20
-5.499999999999999
 30
7.0
 10
-11.6
 20
-5.499999999999999
 30
16.0
 10
-11.0
 20
-5.499999999999999
 30
16.0
 10
-11.6
 20
-5.499999999999999
 30
7.0
 10
-11.6
 20
-6.099999999999999
 30
7.0
 10
-11.6
 20
-6.099999999999999
 30
16.0
 10
-11.6
 20
-5.499999999999999
 30
16.0
 10
11.0
 20
-5.499999999999999
 30
7.0
 10
11.6
 20
-5.499999999999999
 30
7.0
 10
11.6
 20
-6.099999999999999
 30
7.0
 10
11.0
 20
-6.099999999999999
 30
7.0
 10
11.0
 20
-6.099999999999999
 30
16.0
 10
11.6
 20
-6.099999999999999
 30
16.0
 10
11.6
 20
-5.499999999999999
 30
16.0
 10
11.0
 20
-5.499999999999999
 30
16.0
 10
11.0
 20
-6.099999999999999
 30
7.0
 10
11.6
 20
-6.099999999999999
 30
7.0
 10
11.6
 20
-6.099999999999999
 30
16.0
 10
11.0
 20
-6.099999999999999
 30
16.0
 10
11.6
 20
-6.099999999999999
 30
7.0
 10
11.6
 20
-5.499999999999999
 30
7.0
 10
11.6
 20
-5.499999999999999
 30
16.0
 10
11.6
 20
-6.099999999999999
 30
16.0
 10
11.6
 20
-5.499999999999999
 30
7.0
 10
11.0
 20
-5.499999999999999
 30
7.0
 10
11.0
 20
-5.499999999999999
 30
16.0
 10
11.6
 20
-5.499999999999999
 30
16.0
 10
11.0
 20
-5.499999999999999
 30
7.0
 10
11.0
 20
-6.099999999999999
 30
7.0
 10
11.0
 20
-6.099999999999999
 30
16.0
 10
11.0
 20
-5.499999999999999
 30
16.0
 10
-11.6
 20
2.3000000000000016
 30
7.0
 10
-11.0
 20
2.3000000000000016
 30
7.0
 10
-11.0
 20
1.7000000000000017
 30
7.0
 10
-11.6
 20
1.7000000000000017
 30
7.0
 10
-11.6
 20
1.7000000000000017
 30
16.0
 10
-11.0
 20
1.7000000000000017
 30
16.0
 10
-11.0
 20
2.3000000000000016
 30
16.0
 10
-11.6
 20
2.3000000000000016
 30
16.0
 10
-11.6
 20
1.7000000000000017
 30
7.0
 10
-11.0
 20
1.7000000000000017
 30
7.0
 10
-11.0
 20
1.7000000000000017
 30
16.0
 10
-11.6
 20
1.7000000000000017
 30
16.0
 10
-11.0
 20
1.7000000000000017
 30
7.0
 10
-11.0
 20
2.3000000000000016
 30
7.0
 10
-11.0
 20
2.3000000000000016
 30
16.0
 10
-11.0
 20
1.7000000000000017
 30
16.0
 10
-11.0
 20
2.3000000000000016
 30
7.0
 10
-11.6
 20
2.3000000000000016
 30
7.0
 10
-11.6
 20
2.3000000000000016
 30
16.0
 10
-11.0
 20
2.3000000000000016
 30
16.0
 10
-11.6
 20
2.3000000000000016
 30
7.0
 10
-11.6
 20
1.7000000000000017
 30
7.0
 10
-11.6
 20
1.7000000000000017
 30
16.0
 10
-11.6
 20
2.3000000000000016
 30
16.0
 10
11.0
 20
2.3000000000000016
 30
7.0
 10
11.6
 20
2.3000000000000016
 30
7.0
 10
11.6
 20
1.7000000000000017
 30
7.0
 10
11.0
 20
1.7000000000000017
 30
7.0
 10
11.0
 20
1.7000000000000017
 30
16.0
 10
11.6
 20
1.7000000000000017
 30
16.0
 10
11.6
 20
2.3000000000000016
 30
16.0
 10
11.0
 20
2.3000000000000016
 30
16.0
 10
11.0
 20
1.7000000000000017
 30
7.0
 10
11.6
 20
1.7000000000000017
 30
7.0
 10
11.6
 20
1.7000000000000017
 30
16.0
 10
11.0
 20
1.7000000000000017
 30
16.0
 10
11.6
 20
1.7000000000000017
 30
7.0
 10
11.6
 20
2.3000000000000016
 30
7.0
 10
11.6
 20
2.3000000000000016
 30
16.0
 10
11.6
 20
1.7000000000000017
 30
16.0
 10
11.6
 20
2.3000000000000016
 30
7.0
 10
11.0
 20
2.3000000000000016
 30
7.0
 10
11.0
 20
2.3000000000000016
 30
16.0
 10
11.6
 20
2.3000000000000016
 30
16.0
 10
11.0
 20
2.3000000000000016
 30
7.0
 10
11.0
 20
1.7000000000000017
 30
7.0
 10
11.0
 20
1.7000000000000017
 30
16.0
 10
11.0
 20
2.3000000000000016
 30
16.0
 10
-11.6
 20
10.100000000000003
 30
7.0
 10
-11.0
 20
10.100000000000003
 30
7.0
 10
-11.0
 20
9.500000000000002
 30
7.0
 10
-11.6
 20
9.500000000000002
 30
7.0
 10
-11.6
 20
9.500000000000002
 30
16.0
 10
-11.0
 20
9.500000000000002
 30
16.0
 10
-11.0
 20
10.100000000000003
 30
16.0
 10
-11.6
 20
10.100000000000003
 30
16.0
 10
-11.6
 20
9.500000000000002
 30
7.0
 10
-11.0
 20
9.500000000000002
 30
7.0
 10
-11.0
 20
9.500000000000002
 30
16.0
 10
-11.6
 20
9.500000000000002
 30
16.0
 10
-11.0
 20
9.500000000000002
 30
7.0
 10
-11.0
 20
10.100000000000003
 30
7.0
 10
-11.0
 20
10.100000000000003
 30
16.0
 10
-11.0
 20
9.500000000000002
 30
16.0
 10
-11.0
 20
10.100000000000003
 30
7.0
 10
-11.6
 20
10.100000000000003
 30
7.0
 10
-11.6
 20
10.100000000000003
 30
16.0
 10
-11.0
 20
10.100000000000003
 30
16.0
 10
-11.6
 20
10.100000000000003
 30
7.0
 10
-11.6
 20
9.500000000000002
 30
7.0
 10
-11.6
 20
9.500000000000002
 30
16.0
 10
-11.6
 20
10.100000000000003
 30
16.0
 10
11.0
 20
10.100000000000003
 30
7.0
 10
11.6
 20
10.100000000000003
 30
7.0
 10
11.6
 20
9.500000000000002
 30
7.0
 10
11.0
 20
9.500000000000002
 30
7.0
 10
11.0
 20
9.500000000000002
 30
16.0
 10
11.6
 20
9.500000000000002
 30
16.0
 10
11.6
 20
10.100000000000003
 30
16.0
 10
11.0
 20
10.100000000000003
 30
16.0
 10
11.0
 20
9.500000000000002
 30
7.0
 10
11.6
 20
9.500000000000002
 30
7.0
 10
11.6
 20
9.500000000000002
 30
16.0
 10
11.0
 20
9.500000000000002
 30
16.0
 10
11.6
 20
9.500000000000002
 30
7.0
 10
11.6
 20
10.100000000000003
 30
7.0
 10
11.6
 20
10.100000000000003
 30
16.0
 10
11.6
 20
9.500000000000002
 30
16.0
 10
11.6
 20
10.100000000000003
 30
7.0
 10
11.0
 20
10.100000000000003
 30
7.0
 10
11.0
 20
10.100000000000003
 30
16.0
 10
11.6
 20
10.100000000000003
 30
16.0
 10
11.0
 20
10.100000000000003
 30
7.0
 10
11.0
 20
9.500000000000002
 30
7.0
 10
11.0
 20
9.500000000000002
 30
16.0
 10
11.0
 20
10.100000000000003
 30
16.0
 10
-11.6
 20
17.900000000000002
 30
7.0
 10
-11.0
 20
17.900000000000002
 30
7.0
 10
-11.0
 20
17.3
 30
7.0
 10
-11.6
 20
17.3
 30
7.0
 10
-11.6
 20
17.3
 30
16.0
 10
-11.0
 20
17.3
 30
16.0
 10
-11.0
 20
17.900000000000002
 30
16.0
 10
-11.6
 20
17.900000000000002
 30
16.0
 10
-11.6
 20
17.3
 30
7.0
 10
-11.0
 20
17.3
 30
7.0
 10
-11.0
 20
17.3
 30
16.0
 10
-11.6
 20
17.3
 30
16.0
 10
-11.0
 20
17.3
 30
7.0
 10
-11.0
 20
17.900000000000002
 30
7.0
 10
-11.0
 20
17.900000000000002
 30
16.0
 10
-11.0
 20
17.3
 30
16.0
 10
-11.0
 20
17.900000000000002
 30
7.0
 10
-11.6
 20
17.900000000000002
 30
7.0
 10
-11.6
 20
17.900000000000002
 30
16.0
 10
-11.0
 20
17.900000000000002
 30
16.0
 10
-11.6
 20
17.900000000000002
 30
7.0
 10
-11.6
 20
17.3
 30
7.0
 10
-11.6
 20
17.3
 30
16.0
 10
-11.6
 20
17.900000000000002
 30
16.0
 10
11.0
 20
17.900000000000002
 30
7.0
 10
11.6
 20
17.900000000000002
 30
7.0
 10
11.6
 20
17.3
 30
7.0
 10
11.0
 20
17.3
 30
7.0
 10
11.0
 20
17.3
 30
16.0
 10
11.6
 20
17.3
 30
16.0
 10
11.6
 20
17.900000000000002
 30
16.0
 10
11.0
 20
17.900000000000002
 30
16.0
 10
11.0
 20
17.3
 30
7.0
 10
11.6
 20
17.3
 30
7.0
 10
11.6
 20
17.3
 30
16.0
 10
11.0
 20
17.3
 30
16.0
 10
11.6
 20
17.3
 30
7.0
 10
11.6
 20
17.900000000000002
 30
7.0
 10
11.6
 20
17.900000000000002
 30
16.0
 10
11.6
 20
17.3
 30
16.0
 10
11.6
 20
17.900000000000002
 30
7.0
 10
11.0
 20
17.900000000000002
 30
7.0
 10
11.0
 20
17.900000000000002
 30
16.0
 10
11.6
 20
17.900000000000002
 30
16.0
 10
11.0
 20
17.900000000000002
 30
7.0
 10
11.0
 20
17.3
 30
7.0
 10
11.0
 20
17.3
 30
16.0
 10
11.0
 20
17.900000000000002
 30
16.0
 93
720
 90
3
 90
0
 90
1
 90
2
 90
3
 90
0
 90
2
 90
3
 90
3
 90
4
 90
5
 90
6
 90
3
 90
4
 90
6
 90
7
 90
3
 90
8
 90
9
 90
10
 90
3
 90
8
 90
10
 90
11
 90
3
 90
12
 90
13
 90
14
 90
3
 90
12
 90
14
 90
15
 90
3
 90
16
 90
17
 90
18
 90
3
 90
16
 90
18
 90
19
 90
3
 90
20
 90
21
 90
22
 90
3
 90
20
 90
22
 90
23
 90
3
 90
24
 90
25
 90
26
 90
3
 90
24
 90
26
 90
27
 90
3
 90
28
 90
29
 90
30
 90
3
 90
28
 90
30
 90
31
 90
3
 90
32
 90
33
 90
34
 90
3
 90
32
 90
34
 90
35
 90
3
 90
36
 90
37
 90
38
 90
3
 90
36
 90
38
 90
39
 90
3
 90
40
 90
41
 90
42
 90
3
 90
40
 90
42
 90
43
 90
3
 90
44
 90
45
 90
46
 90
3
 90
44
 90
46
 90
47
 90
3
 90
48
 90
49
 90
50
 90
3
 90
48
 90
50
 90
51
 90
3
 90
52
 90
53
 90
54
 90
3
 90
52
 90
54
 90
55
 90
3
 90
56
 90
57
 90
58
 90
3
 90
56
 90
58
 90
59
 90
3
 90
60
 90
61
 90
62
 90
3
 90
60
 90
62
 90
63
 90
3
 90
64
 90
65
 90
66
 90
3
 90
64
 90
66
 90
67
 90
3
 90
68
 90
69
 90
70
 90
3
 90
68
 90
70
 90
71
 90
3
 90
72
 90
73
 90
74
 90
3
 90
72
 90
74
 90
75
 90
3
 90
76
 90
77
 90
78
 90
3
 90
76
 90
78
 90
79
 90
3
 90
80
 90
81
 90
82
 90
3
 90
80
 90
82
 90
83
 90
3
 90
84
 90
85
 90
86
 90
3
 90
84
 90
86
 90
87
 90
3
 90
88
 90
89
 90
90
 90
3
 90
88
 90
90
 90
91
 90
3
 90
92
 90
93
 90
94
 90
3
 90
92
 90
94
 90
95
 90
3
 90
96
 90
97
 90
98
 90
3
 90
96
 90
98
 90
99
 90
3
 90
100
 90
101
 90
102
 90
3
 90
100
 90
102
 90
103
 90
3
 90
104
 90
105
 90
106
 90
3
 90
104
 90
106
 90
107
 90
3
 90
108
 90
109
 90
110
 90
3
 90
108
 90
110
 90
111
 90
3
 90
112
 90
113
 90
114
 90
3
 90
112
 90
114
 90
115
 90
3
 90
116
 90
117
 90
118
 90
3
 90
116
 90
118
 90
119
 90
3
 90
120
 90
121
 90
122
 90
3
 90
120
 90
122
 90
123
 90
3
 90
124
 90
125
 90
126
 90
3
 90
124
 90
126
 90
127
 90
3
 90
128
 90
129
 90
130
 90
3
 90
128
 90
130
 90
131
 90
3
 90
132
 90
133
 90
134
 90
3
 90
132
 90
134
 90
135
 90
3
 90
136
 90
137
 90
138
 90
3
 90
136
 90
138
 90
139
 90
3
 90
140
 90
141
 90
142
 90
3
 90
140
 90
142
 90
143
 90
3
 90
144
 90
145
 90
146
 90
3
 90
144
 90
146
 90
147
 90
3
 90
148
 90
149
 90
150
 90
3
 90
148
 90
150
 90
151
 90
3
 90
152
 90
153
 90
154
 90
3
 90
152
 90
154
 90
155
 90
3
 90
156
 90
157
 90
158
 90
3
 90
156
 90
158
 90
159
 90
3
 90
160
 90
161
 90
162
 90
3
 90
160
 90
162
 90
163
 90
3
 90
164
 90
165
 90
166
 90
3
 90
164
 90
166
 90
167
 90
3
 90
168
 90
169
 90
170
 90
3
 90
168
 90
170
 90
171
 90
3
 90
172
 90
173
 90
174
 90
3
 90
172
 90
174
 90
175
 90
3
 90
176
 90
177
 90
178
 90
3
 90
176
 90
178
 90
179
 90
3
 90
180
 90
181
 90
182
 90
3
 90
180
 90
182
 90
183
 90
3
 90
184
 90
185
 90
186
 90
3
 90
184
 90
186
 90
187
 90
3
 90
188
 90
189
 90
190
 90
3
 90
188
 90
190
 90
191
 90
3
 90
192
 90
193
 90
194
 90
3
 90
192
 90
194
 90
195
 90
3
 90
196
 90
197
 90
198
 90
3
 90
196
 90
198
 90
199
 90
3
 90
200
 90
201
 90
202
 90
3
 90
200
 90
202
 90
203
 90
3
 90
204
 90
205
 90
206
 90
3
 90
204
 90
206
 90
207
 90
3
 90
208
 90
209
 90
210
 90
3
 90
208
 90
210
 90
211
 90
3
 90
212
 90
213
 90
214
 90
3
 90
212
 90
214
 90
215
 90
3
 90
216
 90
217
 90
218
 90
3
 90
216
 90
218
 90
219
 90
3
 90
220
 90
221
 90
222
 90
3
 90
220
 90
222
 90
223
 90
3
 90
224
 90
225
 90
226
 90
3
 90
224
 90
226
 90
227
 90
3
 90
228
 90
229
 90
230
 90
3
 90
228
 90
230
 90
231
 90
3
 90
232
 90
233
 90
234
 90
3
 90
232
 90
234
 90
235
 90
3
 90
236
 90
237
 90
238
 90
3
 90
236
 90
238
 90
239
 90
3
 90
240
 90
241
 90
242
 90
3
 90
240
 90
242
 90
243
 90
3
 90
244
 90
245
 90
246
 90
3
 90
244
 90
246
 90
247
 90
3
 90
248
 90
249
 90
250
 90
3
 90
248
 90
250
 90
251
 90
3
 90
252
 90
253
 90
254
 90
3
 90
252
 90
254
 90
255
 90
3
 90
256
 90
257
 90
258
 90
3
 90
256
 90
258
 90
259
 90
3
 90
260
 90
261
 90
262
 90
3
 90
260
 90
262
 90
263
 90
3
 90
264
 90
265
 90
266
 90
3
 90
264
 90
266
 90
267
 90
3
 90
268
 90
269
 90
270
 90
3
 90
268
 90
270
 90
271
 90
3
 90
272
 90
273
 90
274
 90
3
 90
272
 90
274
 90
275
 90
3
 90
276
 90
277
 90
278
 90
3
 90
276
 90
278
 90
279
 90
3
 90
280
 90
281
 90
282
 90
3
 90
280
 90
282
 90
283
 90
3
 90
284
 90
285
 90
286
 90
3
 90
284
 90
286
 90
287
 90
3
 90
288
 90
289
 90
290
 90
3
 90
288
 90
290
 90
291
 90
3
 90
292
 90
293
 90
294
 90
3
 90
292
 90
294
 90
295
 90
3
 90
296
 90
297
 90
298
 90
3
 90
296
 90
298
 90
299
 90
3
 90
300
 90
301
 90
302
 90
3
 90
300
 90
302
 90
303
 90
3
 90
304
 90
305
 90
306
 90
3
 90
304
 90
306
 90
307
 90
3
 90
308
 90
309
 90
310
 90
3
 90
308
 90
310
 90
311
 90
3
 90
312
 90
313
 90
314
 90
3
 90
312
 90
314
 90
315
 90
3
 90
316
 90
317
 90
318
 90
3
 90
316
 90
318
 90
319
 90
3
 90
320
 90
321
 90
322
 90
3
 90
320
 90
322
 90
323
 90
3
 90
324
 90
325
 90
326
 90
3
 90
324
 90
326
 90
327
 90
3
 90
328
 90
329
 90
330
 90
3
 90
328
 90
330
 90
331
 90
3
 90
332
 90
333
 90
334
 90
3
 90
332
 90
334
 90
335
 90
3
 90
336
 90
337
 90
338
 90
3
 90
336
 90
338
 90
339
 90
3
 90
340
 90
341
 90
342
 90
3
 90
340
 90
342
 90
343
 90
3
 90
344
 90
345
 90
346
 90
3
 90
344
 90
346
 90
347
 90
3
 90
348
 90
349
 90
350
 90
3
 90
348
 90
350
 90
351
 90
3
 90
352
 90
353
 90
354
 90
3
 90
352
 90
354
 90
355
 90
3
 90
356
 90
357
 90
358
 90
3
 90
356
 90
358
 90
359
 94
0
 95
0
 90
0
  0
MESH
  5
9E
330
17
100
AcDbEntity
  8
M-SCREEN
100
AcDbSubDMesh
 71
2
 72
0
 91
0
 92
72
 10
-11.5
 20
-13.4
 30
10.0
 10
11.5
 20
-13.4
 30
10.0
 10
11.5
 20
-13.5
 30
10.0
 10
-11.5
 20
-13.5
 30
10.0
 10
-11.5
 20
-13.5
 30
15.7
 10
11.5
 20
-13.5
 30
15.7
 10
11.5
 20
-13.4
 30
15.7
 10
-11.5
 20
-13.4
 30
15.7
 10
-11.5
 20
-13.5
 30
10.0
 10
11.5
 20
-13.5
 30
10.0
 10
11.5
 20
-13.5
 30
15.7
 10
-11.5
 20
-13.5
 30
15.7
 10
11.5
 20
-13.5
 30
10.0
 10
11.5
 20
-13.4
 30
10.0
 10
11.5
 20
-13.4
 30
15.7
 10
11.5
 20
-13.5
 30
15.7
 10
11.5
 20
-13.4
 30
10.0
 10
-11.5
 20
-13.4
 30
10.0
 10
-11.5
 20
-13.4
 30
15.7
 10
11.5
 20
-13.4
 30
15.7
 10
-11.5
 20
-13.4
 30
10.0
 10
-11.5
 20
-13.5
 30
10.0
 10
-11.5
 20
-13.5
 30
15.7
 10
-11.5
 20
-13.4
 30
15.7
 10
-11.5
 20
17.5
 30
10.0
 10
-11.4
 20
17.5
 30
10.0
 10
-11.4
 20
-13.5
 30
10.0
 10
-11.5
 20
-13.5
 30
10.0
 10
-11.5
 20
-13.5
 30
15.7
 10
-11.4
 20
-13.5
 30
15.7
 10
-11.4
 20
17.5
 30
15.7
 10
-11.5
 20
17.5
 30
15.7
 10
-11.5
 20
-13.5
 30
10.0
 10
-11.4
 20
-13.5
 30
10.0
 10
-11.4
 20
-13.5
 30
15.7
 10
-11.5
 20
-13.5
 30
15.7
 10
-11.4
 20
-13.5
 30
10.0
 10
-11.4
 20
17.5
 30
10.0
 10
-11.4
 20
17.5
 30
15.7
 10
-11.4
 20
-13.5
 30
15.7
 10
-11.4
 20
17.5
 30
10.0
 10
-11.5
 20
17.5
 30
10.0
 10
-11.5
 20
17.5
 30
15.7
 10
-11.4
 20
17.5
 30
15.7
 10
-11.5
 20
17.5
 30
10.0
 10
-11.5
 20
-13.5
 30
10.0
 10
-11.5
 20
-13.5
 30
15.7
 10
-11.5
 20
17.5
 30
15.7
 10
11.4
 20
17.5
 30
10.0
 10
11.5
 20
17.5
 30
10.0
 10
11.5
 20
-13.5
 30
10.0
 10
11.4
 20
-13.5
 30
10.0
 10
11.4
 20
-13.5
 30
15.7
 10
11.5
 20
-13.5
 30
15.7
 10
11.5
 20
17.5
 30
15.7
 10
11.4
 20
17.5
 30
15.7
 10
11.4
 20
-13.5
 30
10.0
 10
11.5
 20
-13.5
 30
10.0
 10
11.5
 20
-13.5
 30
15.7
 10
11.4
 20
-13.5
 30
15.7
 10
11.5
 20
-13.5
 30
10.0
 10
11.5
 20
17.5
 30
10.0
 10
11.5
 20
17.5
 30
15.7
 10
11.5
 20
-13.5
 30
15.7
 10
11.5
 20
17.5
 30
10.0
 10
11.4
 20
17.5
 30
10.0
 10
11.4
 20
17.5
 30
15.7
 10
11.5
 20
17.5
 30
15.7
 10
11.4
 20
17.5
 30
10.0
 10
11.4
 20
-13.5
 30
10.0
 10
11.4
 20
-13.5
 30
15.7
 10
11.4
 20
17.5
 30
15.7
 93
144
 90
3
 90
0
 90
1
 90
2
 90
3
 90
0
 90
2
 90
3
 90
3
 90
4
 90
5
 90
6
 90
3
 90
4
 90
6
 90
7
 90
3
 90
8
 90
9
 90
10
 90
3
 90
8
 90
10
 90
11
 90
3
 90
12
 90
13
 90
14
 90
3
 90
12
 90
14
 90
15
 90
3
 90
16
 90
17
 90
18
 90
3
 90
16
 90
18
 90
19
 90
3
 90
20
 90
21
 90
22
 90
3
 90
20
 90
22
 90
23
 90
3
 90
24
 90
25
 90
26
 90
3
 90
24
 90
26
 90
27
 90
3
 90
28
 90
29
 90
30
 90
3
 90
28
 90
30
 90
31
 90
3
 90
32
 90
33
 90
34
 90
3
 90
32
 90
34
 90
35
 90
3
 90
36
 90
37
 90
38
 90
3
 90
36
 90
38
 90
39
 90
3
 90
40
 90
41
 90
42
 90
3
 90
40
 90
42
 90
43
 90
3
 90
44
 90
45
 90
46
 90
3
 90
44
 90
46
 90
47
 90
3
 90
48
 90
49
 90
50
 90
3
 90
48
 90
50
 90
51
 90
3
 90
52
 90
53
 90
54
 90
3
 90
52
 90
54
 90
55
 90
3
 90
56
 90
57
 90
58
 90
3
 90
56
 90
58
 90
59
 90
3
 90
60
 90
61
 90
62
 90
3
 90
60
 90
62
 90
63
 90
3
 90
64
 90
65
 90
66
 90
3
 90
64
 90
66
 90
67
 90
3
 90
68
 90
69
 90
70
 90
3
 90
68
 90
70
 90
71
 94
0
 95
0
 90
0
  0
MESH
  5
A0
330
17
100
AcDbEntity
  8
M-RAILING
100
AcDbSubDMesh
 71
2
 72
0
 91
0
 92
72
 10
-11.6
 20
-13.3
 30
9.6
 10
11.6
 20
-13.3
 30
9.6
 10
11.6
 20
-13.6
 30
9.6
 10
-11.6
 20
-13.6
 30
9.6
 10
-11.6
 20
-13.6
 30
10.0
 10
11.6
 20
-13.6
 30
10.0
 10
11.6
 20
-13.3
 30
10.0
 10
-11.6
 20
-13.3
 30
10.0
 10
-11.6
 20
-13.6
 30
9.6
 10
11.6
 20
-13.6
 30
9.6
 10
11.6
 20
-13.6
 30
10.0
 10
-11.6
 20
-13.6
 30
10.0
 10
11.6
 20
-13.6
 30
9.6
 10
11.6
 20
-13.3
 30
9.6
 10
11.6
 20
-13.3
 30
10.0
 10
11.6
 20
-13.6
 30
10.0
 10
11.6
 20
-13.3
 30
9.6
 10
-11.6
 20
-13.3
 30
9.6
 10
-11.6
 20
-13.3
 30
10.0
 10
11.6
 20
-13.3
 30
10.0
 10
-11.6
 20
-13.3
 30
9.6
 10
-11.6
 20
-13.6
 30
9.6
 10
-11.6
 20
-13.6
 30
10.0
 10
-11.6
 20
-13.3
 30
10.0
 10
-11.6
 20
18.0
 30
9.6
 10
-11.3
 20
18.0
 30
9.6
 10
-11.3
 20
-13.6
 30
9.6
 10
-11.6
 20
-13.6
 30
9.6
 10
-11.6
 20
-13.6
 30
10.0
 10
-11.3
 20
-13.6
 30
10.0
 10
-11.3
 20
18.0
 30
10.0
 10
-11.6
 20
18.0
 30
10.0
 10
-11.6
 20
-13.6
 30
9.6
 10
-11.3
 20
-13.6
 30
9.6
 10
-11.3
 20
-13.6
 30
10.0
 10
-11.6
 20
-13.6
 30
10.0
 10
-11.3
 20
-13.6
 30
9.6
 10
-11.3
 20
18.0
 30
9.6
 10
-11.3
 20
18.0
 30
10.0
 10
-11.3
 20
-13.6
 30
10.0
 10
-11.3
 20
18.0
 30
9.6
 10
-11.6
 20
18.0
 30
9.6
 10
-11.6
 20
18.0
 30
10.0
 10
-11.3
 20
18.0
 30
10.0
 10
-11.6
 20
18.0
 30
9.6
 10
-11.6
 20
-13.6
 30
9.6
 10
-11.6
 20
-13.6
 30
10.0
 10
-11.6
 20
18.0
 30
10.0
 10
11.3
 20
18.0
 30
9.6
 10
11.6
 20
18.0
 30
9.6
 10
11.6
 20
-13.6
 30
9.6
 10
11.3
 20
-13.6
 30
9.6
 10
11.3
 20
-13.6
 30
10.0
 10
11.6
 20
-13.6
 30
10.0
 10
11.6
 20
18.0
 30
10.0
 10
11.3
 20
18.0
 30
10.0
 10
11.3
 20
-13.6
 30
9.6
 10
11.6
 20
-13.6
 30
9.6
 10
11.6
 20
-13.6
 30
10.0
 10
11.3
 20
-13.6
 30
10.0
 10
11.6
 20
-13.6
 30
9.6
 10
11.6
 20
18.0
 30
9.6
 10
11.6
 20
18.0
 30
10.0
 10
11.6
 20
-13.6
 30
10.0
 10
11.6
 20
18.0
 30
9.6
 10
11.3
 20
18.0
 30
9.6
 10
11.3
 20
18.0
 30
10.0
 10
11.6
 20
18.0
 30
10.0
 10
11.3
 20
18.0
 30
9.6
 10
11.3
 20
-13.6
 30
9.6
 10
11.3
 20
-13.6
 30
10.0
 10
11.3
 20
18.0
 30
10.0
 93
144
 90
3
 90
0
 90
1
 90
2
 90
3
 90
0
 90
2
 90
3
 90
3
 90
4
 90
5
 90
6
 90
3
 90
4
 90
6
 90
7
 90
3
 90
8
 90
9
 90
10
 90
3
 90
8
 90
10
 90
11
 90
3
 90
12
 90
13
 90
14
 90
3
 90
12
 90
14
 90
15
 90
3
 90
16
 90
17
 90
18
 90
3
 90
16
 90
18
 90
19
 90
3
 90
20
 90
21
 90
22
 90
3
 90
20
 90
22
 90
23
 90
3
 90
24
 90
25
 90
26
 90
3
 90
24
 90
26
 90
27
 90
3
 90
28
 90
29
 90
30
 90
3
 90
28
 90
30
 90
31
 90
3
 90
32
 90
33
 90
34
 90
3
 90
32
 90
34
 90
35
 90
3
 90
36
 90
37
 90
38
 90
3
 90
36
 90
38
 90
39
 90
3
 90
40
 90
41
 90
42
 90
3
 90
40
 90
42
 90
43
 90
3
 90
44
 90
45
 90
46
 90
3
 90
44
 90
46
 90
47
 90
3
 90
48
 90
49
 90
50
 90
3
 90
48
 90
50
 90
51
 90
3
 90
52
 90
53
 90
54
 90
3
 90
52
 90
54
 90
55
 90
3
 90
56
 90
57
 90
58
 90
3
 90
56
 90
58
 90
59
 90
3
 90
60
 90
61
 90
62
 90
3
 90
60
 90
62
 90
63
 90
3
 90
64
 90
65
 90
66
 90
3
 90
64
 90
66
 90
67
 90
3
 90
68
 90
69
 90
70
 90
3
 90
68
 90
70
 90
71
 94
0
 95
0
 90
0
  0
MESH
  5
A2
330
17
100
AcDbEntity
  8
M-ROOF
100
AcDbSubDMesh
 71
2
 72
0
 91
0
 92
28
 10
-14.5
 20
-16.5
 30
14.897058823529411
 10
14.5
 20
-16.5
 30
14.897058823529411
 10
0.0
 20
-2.0
 30
23.5
 10
0.0
 20
-2.0
 30
24.0
 10
14.5
 20
-16.5
 30
15.397058823529411
 10
-14.5
 20
-16.5
 30
15.397058823529411
 10
14.5
 20
-16.5
 30
14.897058823529411
 10
14.5
 20
20.5
 30
14.897058823529411
 10
0.0
 20
6.0
 30
23.5
 10
0.0
 20
-2.0
 30
23.5
 10
0.0
 20
-2.0
 30
24.0
 10
0.0
 20
6.0
 30
24.0
 10
14.5
 20
20.5
 30
15.397058823529411
 10
14.5
 20
-16.5
 30
15.397058823529411
 10
14.5
 20
20.5
 30
14.897058823529411
 10
-14.5
 20
20.5
 30
14.897058823529411
 10
0.0
 20
6.0
 30
23.5
 10
0.0
 20
6.0
 30
24.0
 10
-14.5
 20
20.5
 30
15.397058823529411
 10
14.5
 20
20.5
 30
15.397058823529411
 10
-14.5
 20
20.5
 30
14.897058823529411
 10
-14.5
 20
-16.5
 30
14.897058823529411
 10
0.0
 20
-2.0
 30
23.5
 10
0.0
 20
6.0
 30
23.5
 10
0.0
 20
6.0
 30
24.0
 10
0.0
 20
-2.0
 30
24.0
 10
-14.5
 20
-16.5
 30
15.397058823529411
 10
-14.5
 20
20.5
 30
15.397058823529411
 93
48
 90
3
 90
0
 90
1
 90
2
 90
3
 90
3
 90
4
 90
5
 90
3
 90
6
 90
7
 90
8
 90
3
 90
6
 90
8
 90
9
 90
3
 90
10
 90
11
 90
12
 90
3
 90
10
 90
12
 90
13
 90
3
 90
14
 90
15
 90
16
 90
3
 90
17
 90
18
 90
19
 90
3
 90
20
 90
21
 90
22
 90
3
 90
20
 90
22
 90
23
 90
3
 90
24
 90
25
 90
26
 90
3
 90
24
 90
26
 90
27
 94
0
 95
0
 90
0
  0
MESH
  5
A4
330
17
100
AcDbEntity
  8
M-CUPOLA
100
AcDbSubDMesh
 71
2
 72
0
 91
0
 92
24
 10
-2.0
 20
4.0
 30
22.5
 10
2.0
 20
4.0
 30
22.5
 10
2.0
 20
0.0
 30
22.5
 10
-2.0
 20
0.0
 30
22.5
 10
-2.0
 20
0.0
 30
26.0
 10
2.0
 20
0.0
 30
26.0
 10
2.0
 20
4.0
 30
26.0
 10
-2.0
 20
4.0
 30
26.0
 10
-2.0
 20
0.0
 30
22.5
 10
2.0
 20
0.0
 30
22.5
 10
2.0
 20
0.0
 30
26.0
 10
-2.0
 20
0.0
 30
26.0
 10
2.0
 20
0.0
 30
22.5
 10
2.0
 20
4.0
 30
22.5
 10
2.0
 20
4.0
 30
26.0
 10
2.0
 20
0.0
 30
26.0
 10
2.0
 20
4.0
 30
22.5
 10
-2.0
 20
4.0
 30
22.5
 10
-2.0
 20
4.0
 30
26.0
 10
2.0
 20
4.0
 30
26.0
 10
-2.0
 20
4.0
 30
22.5
 10
-2.0
 20
0.0
 30
22.5
 10
-2.0
 20
0.0
 30
26.0
 10
-2.0
 20
4.0
 30
26.0
 93
48
 90
3
 90
0
 90
1
 90
2
 90
3
 90
0
 90
2
 90
3
 90
3
 90
4
 90
5
 90
6
 90
3
 90
4
 90
6
 90
7
 90
3
 90
8
 90
9
 90
10
 90
3
 90
8
 90
10
 90
11
 90
3
 90
12
 90
13
 90
14
 90
3
 90
12
 90
14
 90
15
 90
3
 90
16
 90
17
 90
18
 90
3
 90
16
 90
18
 90
19
 90
3
 90
20
 90
21
 90
22
 90
3
 90
20
 90
22
 90
23
 94
0
 95
0
 90
0
  0
MESH
  5
A6
330
17
100
AcDbEntity
  8
M-CUPOLA-ROOF
100
AcDbSubDMesh
 71
2
 72
0
 91
0
 92
28
 10
-2.8
 20
-0.8
 30
25.555555555555557
 10
2.8
 20
-0.8
 30
25.555555555555557
 10
0.0
 20
2.0
 30
28.0
 10
0.0
 20
2.0
 30
28.0
 10
0.0
 20
2.0
 30
28.5
 10
0.0
 20
2.0
 30
28.5
 10
2.8
 20
-0.8
 30
26.055555555555557
 10
-2.8
 20
-0.8
 30
26.055555555555557
 10
2.8
 20
-0.8
 30
25.555555555555557
 10
2.8
 20
4.8
 30
25.555555555555557
 10
0.0
 20
2.0
 30
28.0
 10
0.0
 20
2.0
 30
28.5
 10
2.8
 20
4.8
 30
26.055555555555557
 10
2.8
 20
-0.8
 30
26.055555555555557
 10
2.8
 20
4.8
 30
25.555555555555557
 10
-2.8
 20
4.8
 30
25.555555555555557
 10
0.0
 20
2.0
 30
28.0
 10
0.0
 20
2.0
 30
28.0
 10
0.0
 20
2.0
 30
28.5
 10
0.0
 20
2.0
 30
28.5
 10
-2.8
 20
4.8
 30
26.055555555555557
 10
2.8
 20
4.8
 30
26.055555555555557
 10
-2.8
 20
4.8
 30
25.555555555555557
 10
-2.8
 20
-0.8
 30
25.555555555555557
 10
0.0
 20
2.0
 30
28.0
 10
0.0
 20
2.0
 30
28.5
 10
-2.8
 20
-0.8
 30
26.055555555555557
 10
-2.8
 20
4.8
 30
26.055555555555557
 93
48
 90
3
 90
0
 90
1
 90
2
 90
3
 90
0
 90
2
 90
3
 90
3
 90
4
 90
5
 90
6
 90
3
 90
4
 90
6
 90
7
 90
3
 90
8
 90
9
 90
10
 90
3
 90
11
 90
12
 90
13
 90
3
 90
14
 90
15
 90
16
 90
3
 90
14
 90
16
 90
17
 90
3
 90
18
 90
19
 90
20
 90
3
 90
18
 90
20
 90
21
 90
3
 90
22
 90
23
 90
24
 90
3
 90
25
 90
26
 90
27
 94
0
 95
0
 90
0
  0
MESH
  5
A8
330
17
100
AcDbEntity
  8
M-WINDOWS
100
AcDbSubDMesh
 71
2
 72
0
 91
0
 92
216
 10
-6.2
 20
-0.5
 30
10.0
 10
-5.8
 20
-0.5
 30
10.0
 10
-5.8
 20
-3.5
 30
10.0
 10
-6.2
 20
-3.5
 30
10.0
 10
-6.2
 20
-3.5
 30
14.5
 10
-5.8
 20
-3.5
 30
14.5
 10
-5.8
 20
-0.5
 30
14.5
 10
-6.2
 20
-0.5
 30
14.5
 10
-6.2
 20
-3.5
 30
10.0
 10
-5.8
 20
-3.5
 30
10.0
 10
-5.8
 20
-3.5
 30
14.5
 10
-6.2
 20
-3.5
 30
14.5
 10
-5.8
 20
-3.5
 30
10.0
 10
-5.8
 20
-0.5
 30
10.0
 10
-5.8
 20
-0.5
 30
14.5
 10
-5.8
 20
-3.5
 30
14.5
 10
-5.8
 20
-0.5
 30
10.0
 10
-6.2
 20
-0.5
 30
10.0
 10
-6.2
 20
-0.5
 30
14.5
 10
-5.8
 20
-0.5
 30
14.5
 10
-6.2
 20
-0.5
 30
10.0
 10
-6.2
 20
-3.5
 30
10.0
 10
-6.2
 20
-3.5
 30
14.5
 10
-6.2
 20
-0.5
 30
14.5
 10
-6.2
 20
7.5
 30
10.0
 10
-5.8
 20
7.5
 30
10.0
 10
-5.8
 20
4.5
 30
10.0
 10
-6.2
 20
4.5
 30
10.0
 10
-6.2
 20
4.5
 30
14.5
 10
-5.8
 20
4.5
 30
14.5
 10
-5.8
 20
7.5
 30
14.5
 10
-6.2
 20
7.5
 30
14.5
 10
-6.2
 20
4.5
 30
10.0
 10
-5.8
 20
4.5
 30
10.0
 10
-5.8
 20
4.5
 30
14.5
 10
-6.2
 20
4.5
 30
14.5
 10
-5.8
 20
4.5
 30
10.0
 10
-5.8
 20
7.5
 30
10.0
 10
-5.8
 20
7.5
 30
14.5
 10
-5.8
 20
4.5
 30
14.5
 10
-5.8
 20
7.5
 30
10.0
 10
-6.2
 20
7.5
 30
10.0
 10
-6.2
 20
7.5
 30
14.5
 10
-5.8
 20
7.5
 30
14.5
 10
-6.2
 20
7.5
 30
10.0
 10
-6.2
 20
4.5
 30
10.0
 10
-6.2
 20
4.5
 30
14.5
 10
-6.2
 20
7.5
 30
14.5
 10
-6.2
 20
14.5
 30
10.0
 10
-5.8
 20
14.5
 30
10.0
 10
-5.8
 20
11.5
 30
10.0
 10
-6.2
 20
11.5
 30
10.0
 10
-6.2
 20
11.5
 30
14.5
 10
-5.8
 20
11.5
 30
14.5
 10
-5.8
 20
14.5
 30
14.5
 10
-6.2
 20
14.5
 30
14.5
 10
-6.2
 20
11.5
 30
10.0
 10
-5.8
 20
11.5
 30
10.0
 10
-5.8
 20
11.5
 30
14.5
 10
-6.2
 20
11.5
 30
14.5
 10
-5.8
 20
11.5
 30
10.0
 10
-5.8
 20
14.5
 30
10.0
 10
-5.8
 20
14.5
 30
14.5
 10
-5.8
 20
11.5
 30
14.5
 10
-5.8
 20
14.5
 30
10.0
 10
-6.2
 20
14.5
 30
10.0
 10
-6.2
 20
14.5
 30
14.5
 10
-5.8
 20
14.5
 30
14.5
 10
-6.2
 20
14.5
 30
10.0
 10
-6.2
 20
11.5
 30
10.0
 10
-6.2
 20
11.5
 30
14.5
 10
-6.2
 20
14.5
 30
14.5
 10
5.8
 20
-0.5
 30
10.0
 10
6.2
 20
-0.5
 30
10.0
 10
6.2
 20
-3.5
 30
10.0
 10
5.8
 20
-3.5
 30
10.0
 10
5.8
 20
-3.5
 30
14.5
 10
6.2
 20
-3.5
 30
14.5
 10
6.2
 20
-0.5
 30
14.5
 10
5.8
 20
-0.5
 30
14.5
 10
5.8
 20
-3.5
 30
10.0
 10
6.2
 20
-3.5
 30
10.0
 10
6.2
 20
-3.5
 30
14.5
 10
5.8
 20
-3.5
 30
14.5
 10
6.2
 20
-3.5
 30
10.0
 10
6.2
 20
-0.5
 30
10.0
 10
6.2
 20
-0.5
 30
14.5
 10
6.2
 20
-3.5
 30
14.5
 10
6.2
 20
-0.5
 30
10.0
 10
5.8
 20
-0.5
 30
10.0
 10
5.8
 20
-0.5
 30
14.5
 10
6.2
 20
-0.5
 30
14.5
 10
5.8
 20
-0.5
 30
10.0
 10
5.8
 20
-3.5
 30
10.0
 10
5.8
 20
-3.5
 30
14.5
 10
5.8
 20
-0.5
 30
14.5
 10
5.8
 20
7.5
 30
10.0
 10
6.2
 20
7.5
 30
10.0
 10
6.2
 20
4.5
 30
10.0
 10
5.8
 20
4.5
 30
10.0
 10
5.8
 20
4.5
 30
14.5
 10
6.2
 20
4.5
 30
14.5
 10
6.2
 20
7.5
 30
14.5
 10
5.8
 20
7.5
 30
14.5
 10
5.8
 20
4.5
 30
10.0
 10
6.2
 20
4.5
 30
10.0
 10
6.2
 20
4.5
 30
14.5
 10
5.8
 20
4.5
 30
14.5
 10
6.2
 20
4.5
 30
10.0
 10
6.2
 20
7.5
 30
10.0
 10
6.2
 20
7.5
 30
14.5
 10
6.2
 20
4.5
 30
14.5
 10
6.2
 20
7.5
 30
10.0
 10
5.8
 20
7.5
 30
10.0
 10
5.8
 20
7.5
 30
14.5
 10
6.2
 20
7.5
 30
14.5
 10
5.8
 20
7.5
 30
10.0
 10
5.8
 20
4.5
 30
10.0
 10
5.8
 20
4.5
 30
14.5
 10
5.8
 20
7.5
 30
14.5
 10
5.8
 20
14.5
 30
10.0
 10
6.2
 20
14.5
 30
10.0
 10
6.2
 20
11.5
 30
10.0
 10
5.8
 20
11.5
 30
10.0
 10
5.8
 20
11.5
 30
14.5
 10
6.2
 20
11.5
 30
14.5
 10
6.2
 20
14.5
 30
14.5
 10
5.8
 20
14.5
 30
14.5
 10
5.8
 20
11.5
 30
10.0
 10
6.2
 20
11.5
 30
10.0
 10
6.2
 20
11.5
 30
14.5
 10
5.8
 20
11.5
 30
14.5
 10
6.2
 20
11.5
 30
10.0
 10
6.2
 20
14.5
 30
10.0
 10
6.2
 20
14.5
 30
14.5
 10
6.2
 20
11.5
 30
14.5
 10
6.2
 20
14.5
 30
10.0
 10
5.8
 20
14.5
 30
10.0
 10
5.8
 20
14.5
 30
14.5
 10
6.2
 20
14.5
 30
14.5
 10
5.8
 20
14.5
 30
10.0
 10
5.8
 20
11.5
 30
10.0
 10
5.8
 20
11.5
 30
14.5
 10
5.8
 20
14.5
 30
14.5
 10
-4.5
 20
-7.8
 30
10.0
 10
-1.5
 20
-7.8
 30
10.0
 10
-1.5
 20
-8.2
 30
10.0
 10
-4.5
 20
-8.2
 30
10.0
 10
-4.5
 20
-8.2
 30
14.5
 10
-1.5
 20
-8.2
 30
14.5
 10
-1.5
 20
-7.8
 30
14.5
 10
-4.5
 20
-7.8
 30
14.5
 10
-4.5
 20
-8.2
 30
10.0
 10
-1.5
 20
-8.2
 30
10.0
 10
-1.5
 20
-8.2
 30
14.5
 10
-4.5
 20
-8.2
 30
14.5
 10
-1.5
 20
-8.2
 30
10.0
 10
-1.5
 20
-7.8
 30
10.0
 10
-1.5
 20
-7.8
 30
14.5
 10
-1.5
 20
-8.2
 30
14.5
 10
-1.5
 20
-7.8
 30
10.0
 10
-4.5
 20
-7.8
 30
10.0
 10
-4.5
 20
-7.8
 30
14.5
 10
-1.5
 20
-7.8
 30
14.5
 10
-4.5
 20
-7.8
 30
10.0
 10
-4.5
 20
-8.2
 30
10.0
 10
-4.5
 20
-8.2
 30
14.5
 10
-4.5
 20
-7.8
 30
14.5
 10
1.5
 20
-7.8
 30
10.0
 10
4.5
 20
-7.8
 30
10.0
 10
4.5
 20
-8.2
 30
10.0
 10
1.5
 20
-8.2
 30
10.0
 10
1.5
 20
-8.2
 30
14.5
 10
4.5
 20
-8.2
 30
14.5
 10
4.5
 20
-7.8
 30
14.5
 10
1.5
 20
-7.8
 30
14.5
 10
1.5
 20
-8.2
 30
10.0
 10
4.5
 20
-8.2
 30
10.0
 10
4.5
 20
-8.2
 30
14.5
 10
1.5
 20
-8.2
 30
14.5
 10
4.5
 20
-8.2
 30
10.0
 10
4.5
 20
-7.8
 30
10.0
 10
4.5
 20
-7.8
 30
14.5
 10
4.5
 20
-8.2
 30
14.5
 10
4.5
 20
-7.8
 30
10.0
 10
1.5
 20
-7.8
 30
10.0
 10
1.5
 20
-7.8
 30
14.5
 10
4.5
 20
-7.8
 30
14.5
 10
1.5
 20
-7.8
 30
10.0
 10
1.5
 20
-8.2
 30
10.0
 10
1.5
 20
-8.2
 30
14.5
 10
1.5
 20
-7.8
 30
14.5
 10
-1.5
 20
18.2
 30
10.0
 10
1.5
 20
18.2
 30
10.0
 10
1.5
 20
17.8
 30
10.0
 10
-1.5
 20
17.8
 30
10.0
 10
-1.5
 20
17.8
 30
14.5
 10
1.5
 20
17.8
 30
14.5
 10
1.5
 20
18.2
 30
14.5
 10
-1.5
 20
18.2
 30
14.5
 10
-1.5
 20
17.8
 30
10.0
 10
1.5
 20
17.8
 30
10.0
 10
1.5
 20
17.8
 30
14.5
 10
-1.5
 20
17.8
 30
14.5
 10
1.5
 20
17.8
 30
10.0
 10
1.5
 20
18.2
 30
10.0
 10
1.5
 20
18.2
 30
14.5
 10
1.5
 20
17.8
 30
14.5
 10
1.5
 20
18.2
 30
10.0
 10
-1.5
 20
18.2
 30
10.0
 10
-1.5
 20
18.2
 30
14.5
 10
1.5
 20
18.2
 30
14.5
 10
-1.5
 20
18.2
 30
10.0
 10
-1.5
 20
17.8
 30
10.0
 10
-1.5
 20
17.8
 30
14.5
 10
-1.5
 20
18.2
 30
14.5
 93
432
 90
3
 90
0
 90
1
 90
2
 90
3
 90
0
 90
2
 90
3
 90
3
 90
4
 90
5
 90
6
 90
3
 90
4
 90
6
 90
7
 90
3
 90
8
 90
9
 90
10
 90
3
 90
8
 90
10
 90
11
 90
3
 90
12
 90
13
 90
14
 90
3
 90
12
 90
14
 90
15
 90
3
 90
16
 90
17
 90
18
 90
3
 90
16
 90
18
 90
19
 90
3
 90
20
 90
21
 90
22
 90
3
 90
20
 90
22
 90
23
 90
3
 90
24
 90
25
 90
26
 90
3
 90
24
 90
26
 90
27
 90
3
 90
28
 90
29
 90
30
 90
3
 90
28
 90
30
 90
31
 90
3
 90
32
 90
33
 90
34
 90
3
 90
32
 90
34
 90
35
 90
3
 90
36
 90
37
 90
38
 90
3
 90
36
 90
38
 90
39
 90
3
 90
40
 90
41
 90
42
 90
3
 90
40
 90
42
 90
43
 90
3
 90
44
 90
45
 90
46
 90
3
 90
44
 90
46
 90
47
 90
3
 90
48
 90
49
 90
50
 90
3
 90
48
 90
50
 90
51
 90
3
 90
52
 90
53
 90
54
 90
3
 90
52
 90
54
 90
55
 90
3
 90
56
 90
57
 90
58
 90
3
 90
56
 90
58
 90
59
 90
3
 90
60
 90
61
 90
62
 90
3
 90
60
 90
62
 90
63
 90
3
 90
64
 90
65
 90
66
 90
3
 90
64
 90
66
 90
67
 90
3
 90
68
 90
69
 90
70
 90
3
 90
68
 90
70
 90
71
 90
3
 90
72
 90
73
 90
74
 90
3
 90
72
 90
74
 90
75
 90
3
 90
76
 90
77
 90
78
 90
3
 90
76
 90
78
 90
79
 90
3
 90
80
 90
81
 90
82
 90
3
 90
80
 90
82
 90
83
 90
3
 90
84
 90
85
 90
86
 90
3
 90
84
 90
86
 90
87
 90
3
 90
88
 90
89
 90
90
 90
3
 90
88
 90
90
 90
91
 90
3
 90
92
 90
93
 90
94
 90
3
 90
92
 90
94
 90
95
 90
3
 90
96
 90
97
 90
98
 90
3
 90
96
 90
98
 90
99
 90
3
 90
100
 90
101
 90
102
 90
3
 90
100
 90
102
 90
103
 90
3
 90
104
 90
105
 90
106
 90
3
 90
104
 90
106
 90
107
 90
3
 90
108
 90
109
 90
110
 90
3
 90
108
 90
110
 90
111
 90
3
 90
112
 90
113
 90
114
 90
3
 90
112
 90
114
 90
115
 90
3
 90
116
 90
117
 90
118
 90
3
 90
116
 90
118
 90
119
 90
3
 90
120
 90
121
 90
122
 90
3
 90
120
 90
122
 90
123
 90
3
 90
124
 90
125
 90
126
 90
3
 90
124
 90
126
 90
127
 90
3
 90
128
 90
129
 90
130
 90
3
 90
128
 90
130
 90
131
 90
3
 90
132
 90
133
 90
134
 90
3
 90
132
 90
134
 90
135
 90
3
 90
136
 90
137
 90
138
 90
3
 90
136
 90
138
 90
139
 90
3
 90
140
 90
141
 90
142
 90
3
 90
140
 90
142
 90
143
 90
3
 90
144
 90
145
 90
146
 90
3
 90
144
 90
146
 90
147
 90
3
 90
148
 90
149
 90
150
 90
3
 90
148
 90
150
 90
151
 90
3
 90
152
 90
153
 90
154
 90
3
 90
152
 90
154
 90
155
 90
3
 90
156
 90
157
 90
158
 90
3
 90
156
 90
158
 90
159
 90
3
 90
160
 90
161
 90
162
 90
3
 90
160
 90
162
 90
163
 90
3
 90
164
 90
165
 90
166
 90
3
 90
164
 90
166
 90
167
 90
3
 90
168
 90
169
 90
170
 90
3
 90
168
 90
170
 90
171
 90
3
 90
172
 90
173
 90
174
 90
3
 90
172
 90
174
 90
175
 90
3
 90
176
 90
177
 90
178
 90
3
 90
176
 90
178
 90
179
 90
3
 90
180
 90
181
 90
182
 90
3
 90
180
 90
182
 90
183
 90
3
 90
184
 90
185
 90
186
 90
3
 90
184
 90
186
 90
187
 90
3
 90
188
 90
189
 90
190
 90
3
 90
188
 90
190
 90
191
 90
3
 90
192
 90
193
 90
194
 90
3
 90
192
 90
194
 90
195
 90
3
 90
196
 90
197
 90
198
 90
3
 90
196
 90
198
 90
199
 90
3
 90
200
 90
201
 90
202
 90
3
 90
200
 90
202
 90
203
 90
3
 90
204
 90
205
 90
206
 90
3
 90
204
 90
206
 90
207
 90
3
 90
208
 90
209
 90
210
 90
3
 90
208
 90
210
 90
211
 90
3
 90
212
 90
213
 90
214
 90
3
 90
212
 90
214
 90
215
 94
0
 95
0
 90
0
  0
MESH
  5
AA
330
17
100
AcDbEntity
  8
M-SHUTTERS
100
AcDbSubDMesh
 71
2
 72
0
 91
0
 92
288
 10
-6.2
 20
-3.6
 30
10.0
 10
-6.35
 20
-3.6
 30
10.0
 10
-6.35
 20
-5.2
 30
10.0
 10
-6.2
 20
-5.2
 30
10.0
 10
-6.2
 20
-5.2
 30
14.5
 10
-6.35
 20
-5.2
 30
14.5
 10
-6.35
 20
-3.6
 30
14.5
 10
-6.2
 20
-3.6
 30
14.5
 10
-6.2
 20
-5.2
 30
10.0
 10
-6.35
 20
-5.2
 30
10.0
 10
-6.35
 20
-5.2
 30
14.5
 10
-6.2
 20
-5.2
 30
14.5
 10
-6.35
 20
-5.2
 30
10.0
 10
-6.35
 20
-3.6
 30
10.0
 10
-6.35
 20
-3.6
 30
14.5
 10
-6.35
 20
-5.2
 30
14.5
 10
-6.35
 20
-3.6
 30
10.0
 10
-6.2
 20
-3.6
 30
10.0
 10
-6.2
 20
-3.6
 30
14.5
 10
-6.35
 20
-3.6
 30
14.5
 10
-6.2
 20
-3.6
 30
10.0
 10
-6.2
 20
-5.2
 30
10.0
 10
-6.2
 20
-5.2
 30
14.5
 10
-6.2
 20
-3.6
 30
14.5
 10
-6.2
 20
1.2000000000000002
 30
10.0
 10
-6.35
 20
1.2000000000000002
 30
10.0
 10
-6.35
 20
-0.3999999999999999
 30
10.0
 10
-6.2
 20
-0.3999999999999999
 30
10.0
 10
-6.2
 20
-0.3999999999999999
 30
14.5
 10
-6.35
 20
-0.3999999999999999
 30
14.5
 10
-6.35
 20
1.2000000000000002
 30
14.5
 10
-6.2
 20
1.2000000000000002
 30
14.5
 10
-6.2
 20
-0.3999999999999999
 30
10.0
 10
-6.35
 20
-0.3999999999999999
 30
10.0
 10
-6.35
 20
-0.3999999999999999
 30
14.5
 10
-6.2
 20
-0.3999999999999999
 30
14.5
 10
-6.35
 20
-0.3999999999999999
 30
10.0
 10
-6.35
 20
1.2000000000000002
 30
10.0
 10
-6.35
 20
1.2000000000000002
 30
14.5
 10
-6.35
 20
-0.3999999999999999
 30
14.5
 10
-6.35
 20
1.2000000000000002
 30
10.0
 10
-6.2
 20
1.2000000000000002
 30
10.0
 10
-6.2
 20
1.2000000000000002
 30
14.5
 10
-6.35
 20
1.2000000000000002
 30
14.5
 10
-6.2
 20
1.2000000000000002
 30
10.0
 10
-6.2
 20
-0.3999999999999999
 30
10.0
 10
-6.2
 20
-0.3999999999999999
 30
14.5
 10
-6.2
 20
1.2000000000000002
 30
14.5
 10
-6.2
 20
4.4
 30
10.0
 10
-6.35
 20
4.4
 30
10.0
 10
-6.35
 20
2.8
 30
10.0
 10
-6.2
 20
2.8
 30
10.0
 10
-6.2
 20
2.8
 30
14.5
 10
-6.35
 20
2.8
 30
14.5
 10
-6.35
 20
4.4
 30
14.5
 10
-6.2
 20
4.4
 30
14.5
 10
-6.2
 20
2.8
 30
10.0
 10
-6.35
 20
2.8
 30
10.0
 10
-6.35
 20
2.8
 30
14.5
 10
-6.2
 20
2.8
 30
14.5
 10
-6.35
 20
2.8
 30
10.0
 10
-6.35
 20
4.4
 30
10.0
 10
-6.35
 20
4.4
 30
14.5
 10
-6.35
 20
2.8
 30
14.5
 10
-6.35
 20
4.4
 30
10.0
 10
-6.2
 20
4.4
 30
10.0
 10
-6.2
 20
4.4
 30
14.5
 10
-6.35
 20
4.4
 30
14.5
 10
-6.2
 20
4.4
 30
10.0
 10
-6.2
 20
2.8
 30
10.0
 10
-6.2
 20
2.8
 30
14.5
 10
-6.2
 20
4.4
 30
14.5
 10
-6.2
 20
9.2
 30
10.0
 10
-6.35
 20
9.2
 30
10.0
 10
-6.35
 20
7.6
 30
10.0
 10
-6.2
 20
7.6
 30
10.0
 10
-6.2
 20
7.6
 30
14.5
 10
-6.35
 20
7.6
 30
14.5
 10
-6.35
 20
9.2
 30
14.5
 10
-6.2
 20
9.2
 30
14.5
 10
-6.2
 20
7.6
 30
10.0
 10
-6.35
 20
7.6
 30
10.0
 10
-6.35
 20
7.6
 30
14.5
 10
-6.2
 20
7.6
 30
14.5
 10
-6.35
 20
7.6
 30
10.0
 10
-6.35
 20
9.2
 30
10.0
 10
-6.35
 20
9.2
 30
14.5
 10
-6.35
 20
7.6
 30
14.5
 10
-6.35
 20
9.2
 30
10.0
 10
-6.2
 20
9.2
 30
10.0
 10
-6.2
 20
9.2
 30
14.5
 10
-6.35
 20
9.2
 30
14.5
 10
-6.2
 20
9.2
 30
10.0
 10
-6.2
 20
7.6
 30
10.0
 10
-6.2
 20
7.6
 30
14.5
 10
-6.2
 20
9.2
 30
14.5
 10
-6.2
 20
11.4
 30
10.0
 10
-6.35
 20
11.4
 30
10.0
 10
-6.35
 20
9.8
 30
10.0
 10
-6.2
 20
9.8
 30
10.0
 10
-6.2
 20
9.8
 30
14.5
 10
-6.35
 20
9.8
 30
14.5
 10
-6.35
 20
11.4
 30
14.5
 10
-6.2
 20
11.4
 30
14.5
 10
-6.2
 20
9.8
 30
10.0
 10
-6.35
 20
9.8
 30
10.0
 10
-6.35
 20
9.8
 30
14.5
 10
-6.2
 20
9.8
 30
14.5
 10
-6.35
 20
9.8
 30
10.0
 10
-6.35
 20
11.4
 30
10.0
 10
-6.35
 20
11.4
 30
14.5
 10
-6.35
 20
9.8
 30
14.5
 10
-6.35
 20
11.4
 30
10.0
 10
-6.2
 20
11.4
 30
10.0
 10
-6.2
 20
11.4
 30
14.5
 10
-6.35
 20
11.4
 30
14.5
 10
-6.2
 20
11.4
 30
10.0
 10
-6.2
 20
9.8
 30
10.0
 10
-6.2
 20
9.8
 30
14.5
 10
-6.2
 20
11.4
 30
14.5
 10
-6.2
 20
16.2
 30
10.0
 10
-6.35
 20
16.2
 30
10.0
 10
-6.35
 20
14.6
 30
10.0
 10
-6.2
 20
14.6
 30
10.0
 10
-6.2
 20
14.6
 30
14.5
 10
-6.35
 20
14.6
 30
14.5
 10
-6.35
 20
16.2
 30
14.5
 10
-6.2
 20
16.2
 30
14.5
 10
-6.2
 20
14.6
 30
10.0
 10
-6.35
 20
14.6
 30
10.0
 10
-6.35
 20
14.6
 30
14.5
 10
-6.2
 20
14.6
 30
14.5
 10
-6.35
 20
14.6
 30
10.0
 10
-6.35
 20
16.2
 30
10.0
 10
-6.35
 20
16.2
 30
14.5
 10
-6.35
 20
14.6
 30
14.5
 10
-6.35
 20
16.2
 30
10.0
 10
-6.2
 20
16.2
 30
10.0
 10
-6.2
 20
16.2
 30
14.5
 10
-6.35
 20
16.2
 30
14.5
 10
-6.2
 20
16.2
 30
10.0
 10
-6.2
 20
14.6
 30
10.0
 10
-6.2
 20
14.6
 30
14.5
 10
-6.2
 20
16.2
 30
14.5
 10
6.2
 20
-3.6
 30
10.0
 10
6.35
 20
-3.6
 30
10.0
 10
6.35
 20
-5.2
 30
10.0
 10
6.2
 20
-5.2
 30
10.0
 10
6.2
 20
-5.2
 30
14.5
 10
6.35
 20
-5.2
 30
14.5
 10
6.35
 20
-3.6
 30
14.5
 10
6.2
 20
-3.6
 30
14.5
 10
6.2
 20
-5.2
 30
10.0
 10
6.35
 20
-5.2
 30
10.0
 10
6.35
 20
-5.2
 30
14.5
 10
6.2
 20
-5.2
 30
14.5
 10
6.35
 20
-5.2
 30
10.0
 10
6.35
 20
-3.6
 30
10.0
 10
6.35
 20
-3.6
 30
14.5
 10
6.35
 20
-5.2
 30
14.5
 10
6.35
 20
-3.6
 30
10.0
 10
6.2
 20
-3.6
 30
10.0
 10
6.2
 20
-3.6
 30
14.5
 10
6.35
 20
-3.6
 30
14.5
 10
6.2
 20
-3.6
 30
10.0
 10
6.2
 20
-5.2
 30
10.0
 10
6.2
 20
-5.2
 30
14.5
 10
6.2
 20
-3.6
 30
14.5
 10
6.2
 20
1.2000000000000002
 30
10.0
 10
6.35
 20
1.2000000000000002
 30
10.0
 10
6.35
 20
-0.3999999999999999
 30
10.0
 10
6.2
 20
-0.3999999999999999
 30
10.0
 10
6.2
 20
-0.3999999999999999
 30
14.5
 10
6.35
 20
-0.3999999999999999
 30
14.5
 10
6.35
 20
1.2000000000000002
 30
14.5
 10
6.2
 20
1.2000000000000002
 30
14.5
 10
6.2
 20
-0.3999999999999999
 30
10.0
 10
6.35
 20
-0.3999999999999999
 30
10.0
 10
6.35
 20
-0.3999999999999999
 30
14.5
 10
6.2
 20
-0.3999999999999999
 30
14.5
 10
6.35
 20
-0.3999999999999999
 30
10.0
 10
6.35
 20
1.2000000000000002
 30
10.0
 10
6.35
 20
1.2000000000000002
 30
14.5
 10
6.35
 20
-0.3999999999999999
 30
14.5
 10
6.35
 20
1.2000000000000002
 30
10.0
 10
6.2
 20
1.2000000000000002
 30
10.0
 10
6.2
 20
1.2000000000000002
 30
14.5
 10
6.35
 20
1.2000000000000002
 30
14.5
 10
6.2
 20
1.2000000000000002
 30
10.0
 10
6.2
 20
-0.3999999999999999
 30
10.0
 10
6.2
 20
-0.3999999999999999
 30
14.5
 10
6.2
 20
1.2000000000000002
 30
14.5
 10
6.2
 20
4.4
 30
10.0
 10
6.35
 20
4.4
 30
10.0
 10
6.35
 20
2.8
 30
10.0
 10
6.2
 20
2.8
 30
10.0
 10
6.2
 20
2.8
 30
14.5
 10
6.35
 20
2.8
 30
14.5
 10
6.35
 20
4.4
 30
14.5
 10
6.2
 20
4.4
 30
14.5
 10
6.2
 20
2.8
 30
10.0
 10
6.35
 20
2.8
 30
10.0
 10
6.35
 20
2.8
 30
14.5
 10
6.2
 20
2.8
 30
14.5
 10
6.35
 20
2.8
 30
10.0
 10
6.35
 20
4.4
 30
10.0
 10
6.35
 20
4.4
 30
14.5
 10
6.35
 20
2.8
 30
14.5
 10
6.35
 20
4.4
 30
10.0
 10
6.2
 20
4.4
 30
10.0
 10
6.2
 20
4.4
 30
14.5
 10
6.35
 20
4.4
 30
14.5
 10
6.2
 20
4.4
 30
10.0
 10
6.2
 20
2.8
 30
10.0
 10
6.2
 20
2.8
 30
14.5
 10
6.2
 20
4.4
 30
14.5
 10
6.2
 20
9.2
 30
10.0
 10
6.35
 20
9.2
 30
10.0
 10
6.35
 20
7.6
 30
10.0
 10
6.2
 20
7.6
 30
10.0
 10
6.2
 20
7.6
 30
14.5
 10
6.35
 20
7.6
 30
14.5
 10
6.35
 20
9.2
 30
14.5
 10
6.2
 20
9.2
 30
14.5
 10
6.2
 20
7.6
 30
10.0
 10
6.35
 20
7.6
 30
10.0
 10
6.35
 20
7.6
 30
14.5
 10
6.2
 20
7.6
 30
14.5
 10
6.35
 20
7.6
 30
10.0
 10
6.35
 20
9.2
 30
10.0
 10
6.35
 20
9.2
 30
14.5
 10
6.35
 20
7.6
 30
14.5
 10
6.35
 20
9.2
 30
10.0
 10
6.2
 20
9.2
 30
10.0
 10
6.2
 20
9.2
 30
14.5
 10
6.35
 20
9.2
 30
14.5
 10
6.2
 20
9.2
 30
10.0
 10
6.2
 20
7.6
 30
10.0
 10
6.2
 20
7.6
 30
14.5
 10
6.2
 20
9.2
 30
14.5
 10
6.2
 20
11.4
 30
10.0
 10
6.35
 20
11.4
 30
10.0
 10
6.35
 20
9.8
 30
10.0
 10
6.2
 20
9.8
 30
10.0
 10
6.2
 20
9.8
 30
14.5
 10
6.35
 20
9.8
 30
14.5
 10
6.35
 20
11.4
 30
14.5
 10
6.2
 20
11.4
 30
14.5
 10
6.2
 20
9.8
 30
10.0
 10
6.35
 20
9.8
 30
10.0
 10
6.35
 20
9.8
 30
14.5
 10
6.2
 20
9.8
 30
14.5
 10
6.35
 20
9.8
 30
10.0
 10
6.35
 20
11.4
 30
10.0
 10
6.35
 20
11.4
 30
14.5
 10
6.35
 20
9.8
 30
14.5
 10
6.35
 20
11.4
 30
10.0
 10
6.2
 20
11.4
 30
10.0
 10
6.2
 20
11.4
 30
14.5
 10
6.35
 20
11.4
 30
14.5
 10
6.2
 20
11.4
 30
10.0
 10
6.2
 20
9.8
 30
10.0
 10
6.2
 20
9.8
 30
14.5
 10
6.2
 20
11.4
 30
14.5
 10
6.2
 20
16.2
 30
10.0
 10
6.35
 20
16.2
 30
10.0
 10
6.35
 20
14.6
 30
10.0
 10
6.2
 20
14.6
 30
10.0
 10
6.2
 20
14.6
 30
14.5
 10
6.35
 20
14.6
 30
14.5
 10
6.35
 20
16.2
 30
14.5
 10
6.2
 20
16.2
 30
14.5
 10
6.2
 20
14.6
 30
10.0
 10
6.35
 20
14.6
 30
10.0
 10
6.35
 20
14.6
 30
14.5
 10
6.2
 20
14.6
 30
14.5
 10
6.35
 20
14.6
 30
10.0
 10
6.35
 20
16.2
 30
10.0
 10
6.35
 20
16.2
 30
14.5
 10
6.35
 20
14.6
 30
14.5
 10
6.35
 20
16.2
 30
10.0
 10
6.2
 20
16.2
 30
10.0
 10
6.2
 20
16.2
 30
14.5
 10
6.35
 20
16.2
 30
14.5
 10
6.2
 20
16.2
 30
10.0
 10
6.2
 20
14.6
 30
10.0
 10
6.2
 20
14.6
 30
14.5
 10
6.2
 20
16.2
 30
14.5
 93
576
 90
3
 90
0
 90
1
 90
2
 90
3
 90
0
 90
2
 90
3
 90
3
 90
4
 90
5
 90
6
 90
3
 90
4
 90
6
 90
7
 90
3
 90
8
 90
9
 90
10
 90
3
 90
8
 90
10
 90
11
 90
3
 90
12
 90
13
 90
14
 90
3
 90
12
 90
14
 90
15
 90
3
 90
16
 90
17
 90
18
 90
3
 90
16
 90
18
 90
19
 90
3
 90
20
 90
21
 90
22
 90
3
 90
20
 90
22
 90
23
 90
3
 90
24
 90
25
 90
26
 90
3
 90
24
 90
26
 90
27
 90
3
 90
28
 90
29
 90
30
 90
3
 90
28
 90
30
 90
31
 90
3
 90
32
 90
33
 90
34
 90
3
 90
32
 90
34
 90
35
 90
3
 90
36
 90
37
 90
38
 90
3
 90
36
 90
38
 90
39
 90
3
 90
40
 90
41
 90
42
 90
3
 90
40
 90
42
 90
43
 90
3
 90
44
 90
45
 90
46
 90
3
 90
44
 90
46
 90
47
 90
3
 90
48
 90
49
 90
50
 90
3
 90
48
 90
50
 90
51
 90
3
 90
52
 90
53
 90
54
 90
3
 90
52
 90
54
 90
55
 90
3
 90
56
 90
57
 90
58
 90
3
 90
56
 90
58
 90
59
 90
3
 90
60
 90
61
 90
62
 90
3
 90
60
 90
62
 90
63
 90
3
 90
64
 90
65
 90
66
 90
3
 90
64
 90
66
 90
67
 90
3
 90
68
 90
69
 90
70
 90
3
 90
68
 90
70
 90
71
 90
3
 90
72
 90
73
 90
74
 90
3
 90
72
 90
74
 90
75
 90
3
 90
76
 90
77
 90
78
 90
3
 90
76
 90
78
 90
79
 90
3
 90
80
 90
81
 90
82
 90
3
 90
80
 90
82
 90
83
 90
3
 90
84
 90
85
 90
86
 90
3
 90
84
 90
86
 90
87
 90
3
 90
88
 90
89
 90
90
 90
3
 90
88
 90
90
 90
91
 90
3
 90
92
 90
93
 90
94
 90
3
 90
92
 90
94
 90
95
 90
3
 90
96
 90
97
 90
98
 90
3
 90
96
 90
98
 90
99
 90
3
 90
100
 90
101
 90
102
 90
3
 90
100
 90
102
 90
103
 90
3
 90
104
 90
105
 90
106
 90
3
 90
104
 90
106
 90
107
 90
3
 90
108
 90
109
 90
110
 90
3
 90
108
 90
110
 90
111
 90
3
 90
112
 90
113
 90
114
 90
3
 90
112
 90
114
 90
115
 90
3
 90
116
 90
117
 90
118
 90
3
 90
116
 90
118
 90
119
 90
3
 90
120
 90
121
 90
122
 90
3
 90
120
 90
122
 90
123
 90
3
 90
124
 90
125
 90
126
 90
3
 90
124
 90
126
 90
127
 90
3
 90
128
 90
129
 90
130
 90
3
 90
128
 90
130
 90
131
 90
3
 90
132
 90
133
 90
134
 90
3
 90
132
 90
134
 90
135
 90
3
 90
136
 90
137
 90
138
 90
3
 90
136
 90
138
 90
139
 90
3
 90
140
 90
141
 90
142
 90
3
 90
140
 90
142
 90
143
 90
3
 90
144
 90
145
 90
146
 90
3
 90
144
 90
146
 90
147
 90
3
 90
148
 90
149
 90
150
 90
3
 90
148
 90
150
 90
151
 90
3
 90
152
 90
153
 90
154
 90
3
 90
152
 90
154
 90
155
 90
3
 90
156
 90
157
 90
158
 90
3
 90
156
 90
158
 90
159
 90
3
 90
160
 90
161
 90
162
 90
3
 90
160
 90
162
 90
163
 90
3
 90
164
 90
165
 90
166
 90
3
 90
164
 90
166
 90
167
 90
3
 90
168
 90
169
 90
170
 90
3
 90
168
 90
170
 90
171
 90
3
 90
172
 90
173
 90
174
 90
3
 90
172
 90
174
 90
175
 90
3
 90
176
 90
177
 90
178
 90
3
 90
176
 90
178
 90
179
 90
3
 90
180
 90
181
 90
182
 90
3
 90
180
 90
182
 90
183
 90
3
 90
184
 90
185
 90
186
 90
3
 90
184
 90
186
 90
187
 90
3
 90
188
 90
189
 90
190
 90
3
 90
188
 90
190
 90
191
 90
3
 90
192
 90
193
 90
194
 90
3
 90
192
 90
194
 90
195
 90
3
 90
196
 90
197
 90
198
 90
3
 90
196
 90
198
 90
199
 90
3
 90
200
 90
201
 90
202
 90
3
 90
200
 90
202
 90
203
 90
3
 90
204
 90
205
 90
206
 90
3
 90
204
 90
206
 90
207
 90
3
 90
208
 90
209
 90
210
 90
3
 90
208
 90
210
 90
211
 90
3
 90
212
 90
213
 90
214
 90
3
 90
212
 90
214
 90
215
 90
3
 90
216
 90
217
 90
218
 90
3
 90
216
 90
218
 90
219
 90
3
 90
220
 90
221
 90
222
 90
3
 90
220
 90
222
 90
223
 90
3
 90
224
 90
225
 90
226
 90
3
 90
224
 90
226
 90
227
 90
3
 90
228
 90
229
 90
230
 90
3
 90
228
 90
230
 90
231
 90
3
 90
232
 90
233
 90
234
 90
3
 90
232
 90
234
 90
235
 90
3
 90
236
 90
237
 90
238
 90
3
 90
236
 90
238
 90
239
 90
3
 90
240
 90
241
 90
242
 90
3
 90
240
 90
242
 90
243
 90
3
 90
244
 90
245
 90
246
 90
3
 90
244
 90
246
 90
247
 90
3
 90
248
 90
249
 90
250
 90
3
 90
248
 90
250
 90
251
 90
3
 90
252
 90
253
 90
254
 90
3
 90
252
 90
254
 90
255
 90
3
 90
256
 90
257
 90
258
 90
3
 90
256
 90
258
 90
259
 90
3
 90
260
 90
261
 90
262
 90
3
 90
260
 90
262
 90
263
 90
3
 90
264
 90
265
 90
266
 90
3
 90
264
 90
266
 90
267
 90
3
 90
268
 90
269
 90
270
 90
3
 90
268
 90
270
 90
271
 90
3
 90
272
 90
273
 90
274
 90
3
 90
272
 90
274
 90
275
 90
3
 90
276
 90
277
 90
278
 90
3
 90
276
 90
278
 90
279
 90
3
 90
280
 90
281
 90
282
 90
3
 90
280
 90
282
 90
283
 90
3
 90
284
 90
285
 90
286
 90
3
 90
284
 90
286
 90
287
 94
0
 95
0
 90
0
  0
MESH
  5
AC
330
17
100
AcDbEntity
  8
M-DOOR
100
AcDbSubDMesh
 71
2
 72
0
 91
0
 92
24
 10
-1.6
 20
-7.95
 30
7.0
 10
1.6
 20
-7.95
 30
7.0
 10
1.6
 20
-8.25
 30
7.0
 10
-1.6
 20
-8.25
 30
7.0
 10
-1.6
 20
-8.25
 30
14.0
 10
1.6
 20
-8.25
 30
14.0
 10
1.6
 20
-7.95
 30
14.0
 10
-1.6
 20
-7.95
 30
14.0
 10
-1.6
 20
-8.25
 30
7.0
 10
1.6
 20
-8.25
 30
7.0
 10
1.6
 20
-8.25
 30
14.0
 10
-1.6
 20
-8.25
 30
14.0
 10
1.6
 20
-8.25
 30
7.0
 10
1.6
 20
-7.95
 30
7.0
 10
1.6
 20
-7.95
 30
14.0
 10
1.6
 20
-8.25
 30
14.0
 10
1.6
 20
-7.95
 30
7.0
 10
-1.6
 20
-7.95
 30
7.0
 10
-1.6
 20
-7.95
 30
14.0
 10
1.6
 20
-7.95
 30
14.0
 10
-1.6
 20
-7.95
 30
7.0
 10
-1.6
 20
-8.25
 30
7.0
 10
-1.6
 20
-8.25
 30
14.0
 10
-1.6
 20
-7.95
 30
14.0
 93
48
 90
3
 90
0
 90
1
 90
2
 90
3
 90
0
 90
2
 90
3
 90
3
 90
4
 90
5
 90
6
 90
3
 90
4
 90
6
 90
7
 90
3
 90
8
 90
9
 90
10
 90
3
 90
8
 90
10
 90
11
 90
3
 90
12
 90
13
 90
14
 90
3
 90
12
 90
14
 90
15
 90
3
 90
16
 90
17
 90
18
 90
3
 90
16
 90
18
 90
19
 90
3
 90
20
 90
21
 90
22
 90
3
 90
20
 90
22
 90
23
 94
0
 95
0
 90
0
  0
MESH
  5
AE
330
17
100
AcDbEntity
  8
M-SCREEN-DOOR
100
AcDbSubDMesh
 71
2
 72
0
 91
0
 92
24
 10
-1.6
 20
-13.35
 30
7.0
 10
1.6
 20
-13.35
 30
7.0
 10
1.6
 20
-13.55
 30
7.0
 10
-1.6
 20
-13.55
 30
7.0
 10
-1.6
 20
-13.55
 30
14.0
 10
1.6
 20
-13.55
 30
14.0
 10
1.6
 20
-13.35
 30
14.0
 10
-1.6
 20
-13.35
 30
14.0
 10
-1.6
 20
-13.55
 30
7.0
 10
1.6
 20
-13.55
 30
7.0
 10
1.6
 20
-13.55
 30
14.0
 10
-1.6
 20
-13.55
 30
14.0
 10
1.6
 20
-13.55
 30
7.0
 10
1.6
 20
-13.35
 30
7.0
 10
1.6
 20
-13.35
 30
14.0
 10
1.6
 20
-13.55
 30
14.0
 10
1.6
 20
-13.35
 30
7.0
 10
-1.6
 20
-13.35
 30
7.0
 10
-1.6
 20
-13.35
 30
14.0
 10
1.6
 20
-13.35
 30
14.0
 10
-1.6
 20
-13.35
 30
7.0
 10
-1.6
 20
-13.55
 30
7.0
 10
-1.6
 20
-13.55
 30
14.0
 10
-1.6
 20
-13.35
 30
14.0
 93
48
 90
3
 90
0
 90
1
 90
2
 90
3
 90
0
 90
2
 90
3
 90
3
 90
4
 90
5
 90
6
 90
3
 90
4
 90
6
 90
7
 90
3
 90
8
 90
9
 90
10
 90
3
 90
8
 90
10
 90
11
 90
3
 90
12
 90
13
 90
14
 90
3
 90
12
 90
14
 90
15
 90
3
 90
16
 90
17
 90
18
 90
3
 90
16
 90
18
 90
19
 90
3
 90
20
 90
21
 90
22
 90
3
 90
20
 90
22
 90
23
 94
0
 95
0
 90
0
  0
MESH
  5
B0
330
17
100
AcDbEntity
  8
M-STAIRS
100
AcDbSubDMesh
 71
2
 72
0
 91
0
 92
312
 10
-2.0
 20
-14.0
 30
0.0
 10
2.0
 20
-14.0
 30
0.0
 10
2.0
 20
-25.0
 30
0.0
 10
-2.0
 20
-25.0
 30
0.0
 10
-2.0
 20
-25.0
 30
0.6363636363636364
 10
2.0
 20
-25.0
 30
0.6363636363636364
 10
2.0
 20
-14.0
 30
0.6363636363636364
 10
-2.0
 20
-14.0
 30
0.6363636363636364
 10
-2.0
 20
-25.0
 30
0.0
 10
2.0
 20
-25.0
 30
0.0
 10
2.0
 20
-25.0
 30
0.6363636363636364
 10
-2.0
 20
-25.0
 30
0.6363636363636364
 10
2.0
 20
-25.0
 30
0.0
 10
2.0
 20
-14.0
 30
0.0
 10
2.0
 20
-14.0
 30
0.6363636363636364
 10
2.0
 20
-25.0
 30
0.6363636363636364
 10
2.0
 20
-14.0
 30
0.0
 10
-2.0
 20
-14.0
 30
0.0
 10
-2.0
 20
-14.0
 30
0.6363636363636364
 10
2.0
 20
-14.0
 30
0.6363636363636364
 10
-2.0
 20
-14.0
 30
0.0
 10
-2.0
 20
-25.0
 30
0.0
 10
-2.0
 20
-25.0
 30
0.6363636363636364
 10
-2.0
 20
-14.0
 30
0.6363636363636364
 10
-2.0
 20
-14.0
 30
0.0
 10
2.0
 20
-14.0
 30
0.0
 10
2.0
 20
-24.0
 30
0.0
 10
-2.0
 20
-24.0
 30
0.0
 10
-2.0
 20
-24.0
 30
1.2727272727272727
 10
2.0
 20
-24.0
 30
1.2727272727272727
 10
2.0
 20
-14.0
 30
1.2727272727272727
 10
-2.0
 20
-14.0
 30
1.2727272727272727
 10
-2.0
 20
-24.0
 30
0.0
 10
2.0
 20
-24.0
 30
0.0
 10
2.0
 20
-24.0
 30
1.2727272727272727
 10
-2.0
 20
-24.0
 30
1.2727272727272727
 10
2.0
 20
-24.0
 30
0.0
 10
2.0
 20
-14.0
 30
0.0
 10
2.0
 20
-14.0
 30
1.2727272727272727
 10
2.0
 20
-24.0
 30
1.2727272727272727
 10
2.0
 20
-14.0
 30
0.0
 10
-2.0
 20
-14.0
 30
0.0
 10
-2.0
 20
-14.0
 30
1.2727272727272727
 10
2.0
 20
-14.0
 30
1.2727272727272727
 10
-2.0
 20
-14.0
 30
0.0
 10
-2.0
 20
-24.0
 30
0.0
 10
-2.0
 20
-24.0
 30
1.2727272727272727
 10
-2.0
 20
-14.0
 30
1.2727272727272727
 10
-2.0
 20
-14.0
 30
0.0
 10
2.0
 20
-14.0
 30
0.0
 10
2.0
 20
-23.0
 30
0.0
 10
-2.0
 20
-23.0
 30
0.0
 10
-2.0
 20
-23.0
 30
1.9090909090909092
 10
2.0
 20
-23.0
 30
1.9090909090909092
 10
2.0
 20
-14.0
 30
1.9090909090909092
 10
-2.0
 20
-14.0
 30
1.9090909090909092
 10
-2.0
 20
-23.0
 30
0.0
 10
2.0
 20
-23.0
 30
0.0
 10
2.0
 20
-23.0
 30
1.9090909090909092
 10
-2.0
 20
-23.0
 30
1.9090909090909092
 10
2.0
 20
-23.0
 30
0.0
 10
2.0
 20
-14.0
 30
0.0
 10
2.0
 20
-14.0
 30
1.9090909090909092
 10
2.0
 20
-23.0
 30
1.9090909090909092
 10
2.0
 20
-14.0
 30
0.0
 10
-2.0
 20
-14.0
 30
0.0
 10
-2.0
 20
-14.0
 30
1.9090909090909092
 10
2.0
 20
-14.0
 30
1.9090909090909092
 10
-2.0
 20
-14.0
 30
0.0
 10
-2.0
 20
-23.0
 30
0.0
 10
-2.0
 20
-23.0
 30
1.9090909090909092
 10
-2.0
 20
-14.0
 30
1.9090909090909092
 10
-2.0
 20
-14.0
 30
0.0
 10
2.0
 20
-14.0
 30
0.0
 10
2.0
 20
-22.0
 30
0.0
 10
-2.0
 20
-22.0
 30
0.0
 10
-2.0
 20
-22.0
 30
2.5454545454545454
 10
2.0
 20
-22.0
 30
2.5454545454545454
 10
2.0
 20
-14.0
 30
2.5454545454545454
 10
-2.0
 20
-14.0
 30
2.5454545454545454
 10
-2.0
 20
-22.0
 30
0.0
 10
2.0
 20
-22.0
 30
0.0
 10
2.0
 20
-22.0
 30
2.5454545454545454
 10
-2.0
 20
-22.0
 30
2.5454545454545454
 10
2.0
 20
-22.0
 30
0.0
 10
2.0
 20
-14.0
 30
0.0
 10
2.0
 20
-14.0
 30
2.5454545454545454
 10
2.0
 20
-22.0
 30
2.5454545454545454
 10
2.0
 20
-14.0
 30
0.0
 10
-2.0
 20
-14.0
 30
0.0
 10
-2.0
 20
-14.0
 30
2.5454545454545454
 10
2.0
 20
-14.0
 30
2.5454545454545454
 10
-2.0
 20
-14.0
 30
0.0
 10
-2.0
 20
-22.0
 30
0.0
 10
-2.0
 20
-22.0
 30
2.5454545454545454
 10
-2.0
 20
-14.0
 30
2.5454545454545454
 10
-2.0
 20
-14.0
 30
0.0
 10
2.0
 20
-14.0
 30
0.0
 10
2.0
 20
-21.0
 30
0.0
 10
-2.0
 20
-21.0
 30
0.0
 10
-2.0
 20
-21.0
 30
3.1818181818181817
 10
2.0
 20
-21.0
 30
3.1818181818181817
 10
2.0
 20
-14.0
 30
3.1818181818181817
 10
-2.0
 20
-14.0
 30
3.1818181818181817
 10
-2.0
 20
-21.0
 30
0.0
 10
2.0
 20
-21.0
 30
0.0
 10
2.0
 20
-21.0
 30
3.1818181818181817
 10
-2.0
 20
-21.0
 30
3.1818181818181817
 10
2.0
 20
-21.0
 30
0.0
 10
2.0
 20
-14.0
 30
0.0
 10
2.0
 20
-14.0
 30
3.1818181818181817
 10
2.0
 20
-21.0
 30
3.1818181818181817
 10
2.0
 20
-14.0
 30
0.0
 10
-2.0
 20
-14.0
 30
0.0
 10
-2.0
 20
-14.0
 30
3.1818181818181817
 10
2.0
 20
-14.0
 30
3.1818181818181817
 10
-2.0
 20
-14.0
 30
0.0
 10
-2.0
 20
-21.0
 30
0.0
 10
-2.0
 20
-21.0
 30
3.1818181818181817
 10
-2.0
 20
-14.0
 30
3.1818181818181817
 10
-2.0
 20
-14.0
 30
0.0
 10
2.0
 20
-14.0
 30
0.0
 10
2.0
 20
-20.0
 30
0.0
 10
-2.0
 20
-20.0
 30
0.0
 10
-2.0
 20
-20.0
 30
3.8181818181818183
 10
2.0
 20
-20.0
 30
3.8181818181818183
 10
2.0
 20
-14.0
 30
3.8181818181818183
 10
-2.0
 20
-14.0
 30
3.8181818181818183
 10
-2.0
 20
-20.0
 30
0.0
 10
2.0
 20
-20.0
 30
0.0
 10
2.0
 20
-20.0
 30
3.8181818181818183
 10
-2.0
 20
-20.0
 30
3.8181818181818183
 10
2.0
 20
-20.0
 30
0.0
 10
2.0
 20
-14.0
 30
0.0
 10
2.0
 20
-14.0
 30
3.8181818181818183
 10
2.0
 20
-20.0
 30
3.8181818181818183
 10
2.0
 20
-14.0
 30
0.0
 10
-2.0
 20
-14.0
 30
0.0
 10
-2.0
 20
-14.0
 30
3.8181818181818183
 10
2.0
 20
-14.0
 30
3.8181818181818183
 10
-2.0
 20
-14.0
 30
0.0
 10
-2.0
 20
-20.0
 30
0.0
 10
-2.0
 20
-20.0
 30
3.8181818181818183
 10
-2.0
 20
-14.0
 30
3.8181818181818183
 10
-2.0
 20
-14.0
 30
0.0
 10
2.0
 20
-14.0
 30
0.0
 10
2.0
 20
-19.0
 30
0.0
 10
-2.0
 20
-19.0
 30
0.0
 10
-2.0
 20
-19.0
 30
4.454545454545454
 10
2.0
 20
-19.0
 30
4.454545454545454
 10
2.0
 20
-14.0
 30
4.454545454545454
 10
-2.0
 20
-14.0
 30
4.454545454545454
 10
-2.0
 20
-19.0
 30
0.0
 10
2.0
 20
-19.0
 30
0.0
 10
2.0
 20
-19.0
 30
4.454545454545454
 10
-2.0
 20
-19.0
 30
4.454545454545454
 10
2.0
 20
-19.0
 30
0.0
 10
2.0
 20
-14.0
 30
0.0
 10
2.0
 20
-14.0
 30
4.454545454545454
 10
2.0
 20
-19.0
 30
4.454545454545454
 10
2.0
 20
-14.0
 30
0.0
 10
-2.0
 20
-14.0
 30
0.0
 10
-2.0
 20
-14.0
 30
4.454545454545454
 10
2.0
 20
-14.0
 30
4.454545454545454
 10
-2.0
 20
-14.0
 30
0.0
 10
-2.0
 20
-19.0
 30
0.0
 10
-2.0
 20
-19.0
 30
4.454545454545454
 10
-2.0
 20
-14.0
 30
4.454545454545454
 10
-2.0
 20
-14.0
 30
0.0
 10
2.0
 20
-14.0
 30
0.0
 10
2.0
 20
-18.0
 30
0.0
 10
-2.0
 20
-18.0
 30
0.0
 10
-2.0
 20
-18.0
 30
5.090909090909091
 10
2.0
 20
-18.0
 30
5.090909090909091
 10
2.0
 20
-14.0
 30
5.090909090909091
 10
-2.0
 20
-14.0
 30
5.090909090909091
 10
-2.0
 20
-18.0
 30
0.0
 10
2.0
 20
-18.0
 30
0.0
 10
2.0
 20
-18.0
 30
5.090909090909091
 10
-2.0
 20
-18.0
 30
5.090909090909091
 10
2.0
 20
-18.0
 30
0.0
 10
2.0
 20
-14.0
 30
0.0
 10
2.0
 20
-14.0
 30
5.090909090909091
 10
2.0
 20
-18.0
 30
5.090909090909091
 10
2.0
 20
-14.0
 30
0.0
 10
-2.0
 20
-14.0
 30
0.0
 10
-2.0
 20
-14.0
 30
5.090909090909091
 10
2.0
 20
-14.0
 30
5.090909090909091
 10
-2.0
 20
-14.0
 30
0.0
 10
-2.0
 20
-18.0
 30
0.0
 10
-2.0
 20
-18.0
 30
5.090909090909091
 10
-2.0
 20
-14.0
 30
5.090909090909091
 10
-2.0
 20
-14.0
 30
0.0
 10
2.0
 20
-14.0
 30
0.0
 10
2.0
 20
-17.0
 30
0.0
 10
-2.0
 20
-17.0
 30
0.0
 10
-2.0
 20
-17.0
 30
5.7272727272727275
 10
2.0
 20
-17.0
 30
5.7272727272727275
 10
2.0
 20
-14.0
 30
5.7272727272727275
 10
-2.0
 20
-14.0
 30
5.7272727272727275
 10
-2.0
 20
-17.0
 30
0.0
 10
2.0
 20
-17.0
 30
0.0
 10
2.0
 20
-17.0
 30
5.7272727272727275
 10
-2.0
 20
-17.0
 30
5.7272727272727275
 10
2.0
 20
-17.0
 30
0.0
 10
2.0
 20
-14.0
 30
0.0
 10
2.0
 20
-14.0
 30
5.7272727272727275
 10
2.0
 20
-17.0
 30
5.7272727272727275
 10
2.0
 20
-14.0
 30
0.0
 10
-2.0
 20
-14.0
 30
0.0
 10
-2.0
 20
-14.0
 30
5.7272727272727275
 10
2.0
 20
-14.0
 30
5.7272727272727275
 10
-2.0
 20
-14.0
 30
0.0
 10
-2.0
 20
-17.0
 30
0.0
 10
-2.0
 20
-17.0
 30
5.7272727272727275
 10
-2.0
 20
-14.0
 30
5.7272727272727275
 10
-2.0
 20
-14.0
 30
0.0
 10
2.0
 20
-14.0
 30
0.0
 10
2.0
 20
-16.0
 30
0.0
 10
-2.0
 20
-16.0
 30
0.0
 10
-2.0
 20
-16.0
 30
6.363636363636363
 10
2.0
 20
-16.0
 30
6.363636363636363
 10
2.0
 20
-14.0
 30
6.363636363636363
 10
-2.0
 20
-14.0
 30
6.363636363636363
 10
-2.0
 20
-16.0
 30
0.0
 10
2.0
 20
-16.0
 30
0.0
 10
2.0
 20
-16.0
 30
6.363636363636363
 10
-2.0
 20
-16.0
 30
6.363636363636363
 10
2.0
 20
-16.0
 30
0.0
 10
2.0
 20
-14.0
 30
0.0
 10
2.0
 20
-14.0
 30
6.363636363636363
 10
2.0
 20
-16.0
 30
6.363636363636363
 10
2.0
 20
-14.0
 30
0.0
 10
-2.0
 20
-14.0
 30
0.0
 10
-2.0
 20
-14.0
 30
6.363636363636363
 10
2.0
 20
-14.0
 30
6.363636363636363
 10
-2.0
 20
-14.0
 30
0.0
 10
-2.0
 20
-16.0
 30
0.0
 10
-2.0
 20
-16.0
 30
6.363636363636363
 10
-2.0
 20
-14.0
 30
6.363636363636363
 10
-2.0
 20
-14.0
 30
0.0
 10
2.0
 20
-14.0
 30
0.0
 10
2.0
 20
-15.0
 30
0.0
 10
-2.0
 20
-15.0
 30
0.0
 10
-2.0
 20
-15.0
 30
7.0
 10
2.0
 20
-15.0
 30
7.0
 10
2.0
 20
-14.0
 30
7.0
 10
-2.0
 20
-14.0
 30
7.0
 10
-2.0
 20
-15.0
 30
0.0
 10
2.0
 20
-15.0
 30
0.0
 10
2.0
 20
-15.0
 30
7.0
 10
-2.0
 20
-15.0
 30
7.0
 10
2.0
 20
-15.0
 30
0.0
 10
2.0
 20
-14.0
 30
0.0
 10
2.0
 20
-14.0
 30
7.0
 10
2.0
 20
-15.0
 30
7.0
 10
2.0
 20
-14.0
 30
0.0
 10
-2.0
 20
-14.0
 30
0.0
 10
-2.0
 20
-14.0
 30
7.0
 10
2.0
 20
-14.0
 30
7.0
 10
-2.0
 20
-14.0
 30
0.0
 10
-2.0
 20
-15.0
 30
0.0
 10
-2.0
 20
-15.0
 30
7.0
 10
-2.0
 20
-14.0
 30
7.0
 10
-2.4
 20
-14.0
 30
6.5
 10
-2.0
 20
-14.0
 30
6.5
 10
-2.0
 20
-25.0
 30
6.5
 10
-2.4
 20
-25.0
 30
6.5
 10
-2.4
 20
-25.0
 30
10.0
 10
-2.0
 20
-25.0
 30
10.0
 10
-2.0
 20
-14.0
 30
10.0
 10
-2.4
 20
-14.0
 30
10.0
 10
-2.4
 20
-25.0
 30
6.5
 10
-2.0
 20
-25.0
 30
6.5
 10
-2.0
 20
-25.0
 30
10.0
 10
-2.4
 20
-25.0
 30
10.0
 10
-2.0
 20
-25.0
 30
6.5
 10
-2.0
 20
-14.0
 30
6.5
 10
-2.0
 20
-14.0
 30
10.0
 10
-2.0
 20
-25.0
 30
10.0
 10
-2.0
 20
-14.0
 30
6.5
 10
-2.4
 20
-14.0
 30
6.5
 10
-2.4
 20
-14.0
 30
10.0
 10
-2.0
 20
-14.0
 30
10.0
 10
-2.4
 20
-14.0
 30
6.5
 10
-2.4
 20
-25.0
 30
6.5
 10
-2.4
 20
-25.0
 30
10.0
 10
-2.4
 20
-14.0
 30
10.0
 10
2.0
 20
-14.0
 30
6.5
 10
2.4
 20
-14.0
 30
6.5
 10
2.4
 20
-25.0
 30
6.5
 10
2.0
 20
-25.0
 30
6.5
 10
2.0
 20
-25.0
 30
10.0
 10
2.4
 20
-25.0
 30
10.0
 10
2.4
 20
-14.0
 30
10.0
 10
2.0
 20
-14.0
 30
10.0
 10
2.0
 20
-25.0
 30
6.5
 10
2.4
 20
-25.0
 30
6.5
 10
2.4
 20
-25.0
 30
10.0
 10
2.0
 20
-25.0
 30
10.0
 10
2.4
 20
-25.0
 30
6.5
 10
2.4
 20
-14.0
 30
6.5
 10
2.4
 20
-14.0
 30
10.0
 10
2.4
 20
-25.0
 30
10.0
 10
2.4
 20
-14.0
 30
6.5
 10
2.0
 20
-14.0
 30
6.5
 10
2.0
 20
-14.0
 30
10.0
 10
2.4
 20
-14.0
 30
10.0
 10
2.0
 20
-14.0
 30
6.5
 10
2.0
 20
-25.0
 30
6.5
 10
2.0
 20
-25.0
 30
10.0
 10
2.0
 20
-14.0
 30
10.0
 93
624
 90
3
 90
0
 90
1
 90
2
 90
3
 90
0
 90
2
 90
3
 90
3
 90
4
 90
5
 90
6
 90
3
 90
4
 90
6
 90
7
 90
3
 90
8
 90
9
 90
10
 90
3
 90
8
 90
10
 90
11
 90
3
 90
12
 90
13
 90
14
 90
3
 90
12
 90
14
 90
15
 90
3
 90
16
 90
17
 90
18
 90
3
 90
16
 90
18
 90
19
 90
3
 90
20
 90
21
 90
22
 90
3
 90
20
 90
22
 90
23
 90
3
 90
24
 90
25
 90
26
 90
3
 90
24
 90
26
 90
27
 90
3
 90
28
 90
29
 90
30
 90
3
 90
28
 90
30
 90
31
 90
3
 90
32
 90
33
 90
34
 90
3
 90
32
 90
34
 90
35
 90
3
 90
36
 90
37
 90
38
 90
3
 90
36
 90
38
 90
39
 90
3
 90
40
 90
41
 90
42
 90
3
 90
40
 90
42
 90
43
 90
3
 90
44
 90
45
 90
46
 90
3
 90
44
 90
46
 90
47
 90
3
 90
48
 90
49
 90
50
 90
3
 90
48
 90
50
 90
51
 90
3
 90
52
 90
53
 90
54
 90
3
 90
52
 90
54
 90
55
 90
3
 90
56
 90
57
 90
58
 90
3
 90
56
 90
58
 90
59
 90
3
 90
60
 90
61
 90
62
 90
3
 90
60
 90
62
 90
63
 90
3
 90
64
 90
65
 90
66
 90
3
 90
64
 90
66
 90
67
 90
3
 90
68
 90
69
 90
70
 90
3
 90
68
 90
70
 90
71
 90
3
 90
72
 90
73
 90
74
 90
3
 90
72
 90
74
 90
75
 90
3
 90
76
 90
77
 90
78
 90
3
 90
76
 90
78
 90
79
 90
3
 90
80
 90
81
 90
82
 90
3
 90
80
 90
82
 90
83
 90
3
 90
84
 90
85
 90
86
 90
3
 90
84
 90
86
 90
87
 90
3
 90
88
 90
89
 90
90
 90
3
 90
88
 90
90
 90
91
 90
3
 90
92
 90
93
 90
94
 90
3
 90
92
 90
94
 90
95
 90
3
 90
96
 90
97
 90
98
 90
3
 90
96
 90
98
 90
99
 90
3
 90
100
 90
101
 90
102
 90
3
 90
100
 90
102
 90
103
 90
3
 90
104
 90
105
 90
106
 90
3
 90
104
 90
106
 90
107
 90
3
 90
108
 90
109
 90
110
 90
3
 90
108
 90
110
 90
111
 90
3
 90
112
 90
113
 90
114
 90
3
 90
112
 90
114
 90
115
 90
3
 90
116
 90
117
 90
118
 90
3
 90
116
 90
118
 90
119
 90
3
 90
120
 90
121
 90
122
 90
3
 90
120
 90
122
 90
123
 90
3
 90
124
 90
125
 90
126
 90
3
 90
124
 90
126
 90
127
 90
3
 90
128
 90
129
 90
130
 90
3
 90
128
 90
130
 90
131
 90
3
 90
132
 90
133
 90
134
 90
3
 90
132
 90
134
 90
135
 90
3
 90
136
 90
137
 90
138
 90
3
 90
136
 90
138
 90
139
 90
3
 90
140
 90
141
 90
142
 90
3
 90
140
 90
142
 90
143
 90
3
 90
144
 90
145
 90
146
 90
3
 90
144
 90
146
 90
147
 90
3
 90
148
 90
149
 90
150
 90
3
 90
148
 90
150
 90
151
 90
3
 90
152
 90
153
 90
154
 90
3
 90
152
 90
154
 90
155
 90
3
 90
156
 90
157
 90
158
 90
3
 90
156
 90
158
 90
159
 90
3
 90
160
 90
161
 90
162
 90
3
 90
160
 90
162
 90
163
 90
3
 90
164
 90
165
 90
166
 90
3
 90
164
 90
166
 90
167
 90
3
 90
168
 90
169
 90
170
 90
3
 90
168
 90
170
 90
171
 90
3
 90
172
 90
173
 90
174
 90
3
 90
172
 90
174
 90
175
 90
3
 90
176
 90
177
 90
178
 90
3
 90
176
 90
178
 90
179
 90
3
 90
180
 90
181
 90
182
 90
3
 90
180
 90
182
 90
183
 90
3
 90
184
 90
185
 90
186
 90
3
 90
184
 90
186
 90
187
 90
3
 90
188
 90
189
 90
190
 90
3
 90
188
 90
190
 90
191
 90
3
 90
192
 90
193
 90
194
 90
3
 90
192
 90
194
 90
195
 90
3
 90
196
 90
197
 90
198
 90
3
 90
196
 90
198
 90
199
 90
3
 90
200
 90
201
 90
202
 90
3
 90
200
 90
202
 90
203
 90
3
 90
204
 90
205
 90
206
 90
3
 90
204
 90
206
 90
207
 90
3
 90
208
 90
209
 90
210
 90
3
 90
208
 90
210
 90
211
 90
3
 90
212
 90
213
 90
214
 90
3
 90
212
 90
214
 90
215
 90
3
 90
216
 90
217
 90
218
 90
3
 90
216
 90
218
 90
219
 90
3
 90
220
 90
221
 90
222
 90
3
 90
220
 90
222
 90
223
 90
3
 90
224
 90
225
 90
226
 90
3
 90
224
 90
226
 90
227
 90
3
 90
228
 90
229
 90
230
 90
3
 90
228
 90
230
 90
231
 90
3
 90
232
 90
233
 90
234
 90
3
 90
232
 90
234
 90
235
 90
3
 90
236
 90
237
 90
238
 90
3
 90
236
 90
238
 90
239
 90
3
 90
240
 90
241
 90
242
 90
3
 90
240
 90
242
 90
243
 90
3
 90
244
 90
245
 90
246
 90
3
 90
244
 90
246
 90
247
 90
3
 90
248
 90
249
 90
250
 90
3
 90
248
 90
250
 90
251
 90
3
 90
252
 90
253
 90
254
 90
3
 90
252
 90
254
 90
255
 90
3
 90
256
 90
257
 90
258
 90
3
 90
256
 90
258
 90
259
 90
3
 90
260
 90
261
 90
262
 90
3
 90
260
 90
262
 90
263
 90
3
 90
264
 90
265
 90
266
 90
3
 90
264
 90
266
 90
267
 90
3
 90
268
 90
269
 90
270
 90
3
 90
268
 90
270
 90
271
 90
3
 90
272
 90
273
 90
274
 90
3
 90
272
 90
274
 90
275
 90
3
 90
276
 90
277
 90
278
 90
3
 90
276
 90
278
 90
279
 90
3
 90
280
 90
281
 90
282
 90
3
 90
280
 90
282
 90
283
 90
3
 90
284
 90
285
 90
286
 90
3
 90
284
 90
286
 90
287
 90
3
 90
288
 90
289
 90
290
 90
3
 90
288
 90
290
 90
291
 90
3
 90
292
 90
293
 90
294
 90
3
 90
292
 90
294
 90
295
 90
3
 90
296
 90
297
 90
298
 90
3
 90
296
 90
298
 90
299
 90
3
 90
300
 90
301
 90
302
 90
3
 90
300
 90
302
 90
303
 90
3
 90
304
 90
305
 90
306
 90
3
 90
304
 90
306
 90
307
 90
3
 90
308
 90
309
 90
310
 90
3
 90
308
 90
310
 90
311
 94
0
 95
0
 90
0
  0
MESH
  5
B2
330
17
100
AcDbEntity
  8
M-RAIN-BARREL
100
AcDbSubDMesh
 71
2
 72
0
 91
0
 92
160
 10
13.2
 20
16.0
 30
4.0
 10
14.4934313455158
 20
16.535756805311127
 30
4.0
 10
14.6
 20
16.0
 30
4.0
 10
13.2
 20
16.0
 30
4.0
 10
14.189949493661166
 20
16.989949493661165
 30
4.0
 10
14.4934313455158
 20
16.535756805311127
 30
4.0
 10
13.2
 20
16.0
 30
4.0
 10
13.735756805311125
 20
17.293431345515803
 30
4.0
 10
14.189949493661166
 20
16.989949493661165
 30
4.0
 10
13.2
 20
16.0
 30
4.0
 10
13.2
 20
17.4
 30
4.0
 10
13.735756805311125
 20
17.293431345515803
 30
4.0
 10
13.2
 20
16.0
 30
4.0
 10
12.664243194688874
 20
17.293431345515803
 30
4.0
 10
13.2
 20
17.4
 30
4.0
 10
13.2
 20
16.0
 30
4.0
 10
12.210050506338833
 20
16.989949493661168
 30
4.0
 10
12.664243194688874
 20
17.293431345515803
 30
4.0
 10
13.2
 20
16.0
 30
4.0
 10
11.906568654484198
 20
16.535756805311127
 30
4.0
 10
12.210050506338833
 20
16.989949493661168
 30
4.0
 10
13.2
 20
16.0
 30
4.0
 10
11.799999999999999
 20
16.0
 30
4.0
 10
11.906568654484198
 20
16.535756805311127
 30
4.0
 10
13.2
 20
16.0
 30
4.0
 10
11.906568654484198
 20
15.464243194688875
 30
4.0
 10
11.799999999999999
 20
16.0
 30
4.0
 10
13.2
 20
16.0
 30
4.0
 10
12.210050506338833
 20
15.010050506338834
 30
4.0
 10
11.906568654484198
 20
15.464243194688875
 30
4.0
 10
13.2
 20
16.0
 30
4.0
 10
12.664243194688872
 20
14.7065686544842
 30
4.0
 10
12.210050506338833
 20
15.010050506338834
 30
4.0
 10
13.2
 20
16.0
 30
4.0
 10
13.2
 20
14.6
 30
4.0
 10
12.664243194688872
 20
14.7065686544842
 30
4.0
 10
13.2
 20
16.0
 30
4.0
 10
13.735756805311125
 20
14.7065686544842
 30
4.0
 10
13.2
 20
14.6
 30
4.0
 10
13.2
 20
16.0
 30
4.0
 10
14.189949493661166
 20
15.010050506338834
 30
4.0
 10
13.735756805311125
 20
14.7065686544842
 30
4.0
 10
13.2
 20
16.0
 30
4.0
 10
14.4934313455158
 20
15.464243194688873
 30
4.0
 10
14.189949493661166
 20
15.010050506338834
 30
4.0
 10
13.2
 20
16.0
 30
4.0
 10
14.6
 20
16.0
 30
4.0
 10
14.4934313455158
 20
15.464243194688873
 30
4.0
 10
14.6
 20
16.0
 30
4.0
 10
14.4934313455158
 20
16.535756805311127
 30
4.0
 10
14.4934313455158
 20
16.535756805311127
 30
0.0
 10
14.6
 20
16.0
 30
0.0
 10
14.4934313455158
 20
16.535756805311127
 30
4.0
 10
14.189949493661166
 20
16.989949493661165
 30
4.0
 10
14.189949493661166
 20
16.989949493661165
 30
0.0
 10
14.4934313455158
 20
16.535756805311127
 30
0.0
 10
14.189949493661166
 20
16.989949493661165
 30
4.0
 10
13.735756805311125
 20
17.293431345515803
 30
4.0
 10
13.735756805311125
 20
17.293431345515803
 30
0.0
 10
14.189949493661166
 20
16.989949493661165
 30
0.0
 10
13.735756805311125
 20
17.293431345515803
 30
4.0
 10
13.2
 20
17.4
 30
4.0
 10
13.2
 20
17.4
 30
0.0
 10
13.735756805311125
 20
17.293431345515803
 30
0.0
 10
13.2
 20
17.4
 30
4.0
 10
12.664243194688874
 20
17.293431345515803
 30
4.0
 10
12.664243194688874
 20
17.293431345515803
 30
0.0
 10
13.2
 20
17.4
 30
0.0
 10
12.664243194688874
 20
17.293431345515803
 30
4.0
 10
12.210050506338833
 20
16.989949493661168
 30
4.0
 10
12.210050506338833
 20
16.989949493661168
 30
0.0
 10
12.664243194688874
 20
17.293431345515803
 30
0.0
 10
12.210050506338833
 20
16.989949493661168
 30
4.0
 10
11.906568654484198
 20
16.535756805311127
 30
4.0
 10
11.906568654484198
 20
16.535756805311127
 30
0.0
 10
12.210050506338833
 20
16.989949493661168
 30
0.0
 10
11.906568654484198
 20
16.535756805311127
 30
4.0
 10
11.799999999999999
 20
16.0
 30
4.0
 10
11.799999999999999
 20
16.0
 30
0.0
 10
11.906568654484198
 20
16.535756805311127
 30
0.0
 10
11.799999999999999
 20
16.0
 30
4.0
 10
11.906568654484198
 20
15.464243194688875
 30
4.0
 10
11.906568654484198
 20
15.464243194688875
 30
0.0
 10
11.799999999999999
 20
16.0
 30
0.0
 10
11.906568654484198
 20
15.464243194688875
 30
4.0
 10
12.210050506338833
 20
15.010050506338834
 30
4.0
 10
12.210050506338833
 20
15.010050506338834
 30
0.0
 10
11.906568654484198
 20
15.464243194688875
 30
0.0
 10
12.210050506338833
 20
15.010050506338834
 30
4.0
 10
12.664243194688872
 20
14.7065686544842
 30
4.0
 10
12.664243194688872
 20
14.7065686544842
 30
0.0
 10
12.210050506338833
 20
15.010050506338834
 30
0.0
 10
12.664243194688872
 20
14.7065686544842
 30
4.0
 10
13.2
 20
14.6
 30
4.0
 10
13.2
 20
14.6
 30
0.0
 10
12.664243194688872
 20
14.7065686544842
 30
0.0
 10
13.2
 20
14.6
 30
4.0
 10
13.735756805311125
 20
14.7065686544842
 30
4.0
 10
13.735756805311125
 20
14.7065686544842
 30
0.0
 10
13.2
 20
14.6
 30
0.0
 10
13.735756805311125
 20
14.7065686544842
 30
4.0
 10
14.189949493661166
 20
15.010050506338834
 30
4.0
 10
14.189949493661166
 20
15.010050506338834
 30
0.0
 10
13.735756805311125
 20
14.7065686544842
 30
0.0
 10
14.189949493661166
 20
15.010050506338834
 30
4.0
 10
14.4934313455158
 20
15.464243194688873
 30
4.0
 10
14.4934313455158
 20
15.464243194688873
 30
0.0
 10
14.189949493661166
 20
15.010050506338834
 30
0.0
 10
14.4934313455158
 20
15.464243194688873
 30
4.0
 10
14.6
 20
16.0
 30
4.0
 10
14.6
 20
16.0
 30
0.0
 10
14.4934313455158
 20
15.464243194688873
 30
0.0
 10
14.6
 20
16.0
 30
0.0
 10
14.4934313455158
 20
16.535756805311127
 30
0.0
 10
13.2
 20
16.0
 30
0.0
 10
14.4934313455158
 20
16.535756805311127
 30
0.0
 10
14.189949493661166
 20
16.989949493661165
 30
0.0
 10
13.2
 20
16.0
 30
0.0
 10
14.189949493661166
 20
16.989949493661165
 30
0.0
 10
13.735756805311125
 20
17.293431345515803
 30
0.0
 10
13.2
 20
16.0
 30
0.0
 10
13.735756805311125
 20
17.293431345515803
 30
0.0
 10
13.2
 20
17.4
 30
0.0
 10
13.2
 20
16.0
 30
0.0
 10
13.2
 20
17.4
 30
0.0
 10
12.664243194688874
 20
17.293431345515803
 30
0.0
 10
13.2
 20
16.0
 30
0.0
 10
12.664243194688874
 20
17.293431345515803
 30
0.0
 10
12.210050506338833
 20
16.989949493661168
 30
0.0
 10
13.2
 20
16.0
 30
0.0
 10
12.210050506338833
 20
16.989949493661168
 30
0.0
 10
11.906568654484198
 20
16.535756805311127
 30
0.0
 10
13.2
 20
16.0
 30
0.0
 10
11.906568654484198
 20
16.535756805311127
 30
0.0
 10
11.799999999999999
 20
16.0
 30
0.0
 10
13.2
 20
16.0
 30
0.0
 10
11.799999999999999
 20
16.0
 30
0.0
 10
11.906568654484198
 20
15.464243194688875
 30
0.0
 10
13.2
 20
16.0
 30
0.0
 10
11.906568654484198
 20
15.464243194688875
 30
0.0
 10
12.210050506338833
 20
15.010050506338834
 30
0.0
 10
13.2
 20
16.0
 30
0.0
 10
12.210050506338833
 20
15.010050506338834
 30
0.0
 10
12.664243194688872
 20
14.7065686544842
 30
0.0
 10
13.2
 20
16.0
 30
0.0
 10
12.664243194688872
 20
14.7065686544842
 30
0.0
 10
13.2
 20
14.6
 30
0.0
 10
13.2
 20
16.0
 30
0.0
 10
13.2
 20
14.6
 30
0.0
 10
13.735756805311125
 20
14.7065686544842
 30
0.0
 10
13.2
 20
16.0
 30
0.0
 10
13.735756805311125
 20
14.7065686544842
 30
0.0
 10
14.189949493661166
 20
15.010050506338834
 30
0.0
 10
13.2
 20
16.0
 30
0.0
 10
14.189949493661166
 20
15.010050506338834
 30
0.0
 10
14.4934313455158
 20
15.464243194688873
 30
0.0
 10
13.2
 20
16.0
 30
0.0
 10
14.4934313455158
 20
15.464243194688873
 30
0.0
 10
14.6
 20
16.0
 30
0.0
 10
13.2
 20
16.0
 30
0.0
 93
256
 90
3
 90
0
 90
1
 90
2
 90
3
 90
3
 90
4
 90
5
 90
3
 90
6
 90
7
 90
8
 90
3
 90
9
 90
10
 90
11
 90
3
 90
12
 90
13
 90
14
 90
3
 90
15
 90
16
 90
17
 90
3
 90
18
 90
19
 90
20
 90
3
 90
21
 90
22
 90
23
 90
3
 90
24
 90
25
 90
26
 90
3
 90
27
 90
28
 90
29
 90
3
 90
30
 90
31
 90
32
 90
3
 90
33
 90
34
 90
35
 90
3
 90
36
 90
37
 90
38
 90
3
 90
39
 90
40
 90
41
 90
3
 90
42
 90
43
 90
44
 90
3
 90
45
 90
46
 90
47
 90
3
 90
48
 90
49
 90
50
 90
3
 90
48
 90
50
 90
51
 90
3
 90
52
 90
53
 90
54
 90
3
 90
52
 90
54
 90
55
 90
3
 90
56
 90
57
 90
58
 90
3
 90
56
 90
58
 90
59
 90
3
 90
60
 90
61
 90
62
 90
3
 90
60
 90
62
 90
63
 90
3
 90
64
 90
65
 90
66
 90
3
 90
64
 90
66
 90
67
 90
3
 90
68
 90
69
 90
70
 90
3
 90
68
 90
70
 90
71
 90
3
 90
72
 90
73
 90
74
 90
3
 90
72
 90
74
 90
75
 90
3
 90
76
 90
77
 90
78
 90
3
 90
76
 90
78
 90
79
 90
3
 90
80
 90
81
 90
82
 90
3
 90
80
 90
82
 90
83
 90
3
 90
84
 90
85
 90
86
 90
3
 90
84
 90
86
 90
87
 90
3
 90
88
 90
89
 90
90
 90
3
 90
88
 90
90
 90
91
 90
3
 90
92
 90
93
 90
94
 90
3
 90
92
 90
94
 90
95
 90
3
 90
96
 90
97
 90
98
 90
3
 90
96
 90
98
 90
99
 90
3
 90
100
 90
101
 90
102
 90
3
 90
100
 90
102
 90
103
 90
3
 90
104
 90
105
 90
106
 90
3
 90
104
 90
106
 90
107
 90
3
 90
108
 90
109
 90
110
 90
3
 90
108
 90
110
 90
111
 90
3
 90
112
 90
113
 90
114
 90
3
 90
115
 90
116
 90
117
 90
3
 90
118
 90
119
 90
120
 90
3
 90
121
 90
122
 90
123
 90
3
 90
124
 90
125
 90
126
 90
3
 90
127
 90
128
 90
129
 90
3
 90
130
 90
131
 90
132
 90
3
 90
133
 90
134
 90
135
 90
3
 90
136
 90
137
 90
138
 90
3
 90
139
 90
140
 90
141
 90
3
 90
142
 90
143
 90
144
 90
3
 90
145
 90
146
 90
147
 90
3
 90
148
 90
149
 90
150
 90
3
 90
151
 90
152
 90
153
 90
3
 90
154
 90
155
 90
156
 90
3
 90
157
 90
158
 90
159
 94
0
 95
0
 90
0
  0
LWPOLYLINE
  5
B3
330
17
100
AcDbEntity
  8
A-WALL
100
AcDbPolyline
 90
4
 70
1
 43
0.5
 10
-6.0
 20
-8.0
 10
6.0
 20
-8.0
 10
6.0
 20
18.0
 10
-6.0
 20
18.0
  0
LWPOLYLINE
  5
B4
330
17
100
AcDbEntity
  8
A-DECK
100
AcDbPolyline
 90
8
 70
1
 10
-12.0
 20
-14.0
 10
12.0
 20
-14.0
 10
12.0
 20
18.0
 10
6.0
 20
18.0
 10
6.0
 20
-8.0
 10
-6.0
 20
-8.0
 10
-6.0
 20
18.0
 10
-12.0
 20
18.0
  0
LWPOLYLINE
  5
B5
330
17
100
AcDbEntity
  8
A-ROOF-OUTL
  6
DASHED
100
AcDbPolyline
 90
4
 70
1
 10
-14.5
 20
-16.5
 10
14.5
 20
-16.5
 10
14.5
 20
20.5
 10
-14.5
 20
20.5
  0
LINE
  5
B6
330
17
100
AcDbEntity
  8
A-DOOR
100
AcDbLine
 10
-1.6
 20
-8.0
 30
0.0
 11
1.6
 21
-8.0
 31
0.0
  0
LINE
  5
B7
330
17
100
AcDbEntity
  8
A-DOOR
100
AcDbLine
 10
-1.6
 20
-13.5
 30
0.0
 11
1.6
 21
-13.5
 31
0.0
  0
CIRCLE
  5
B8
330
17
100
AcDbEntity
  8
A-GLAZ
100
AcDbCircle
 10
-6.0
 20
-2.0
 30
0.0
 40
0.6
  0
CIRCLE
  5
B9
330
17
100
AcDbEntity
  8
A-GLAZ
100
AcDbCircle
 10
-6.0
 20
6.0
 30
0.0
 40
0.6
  0
CIRCLE
  5
BA
330
17
100
AcDbEntity
  8
A-GLAZ
100
AcDbCircle
 10
-6.0
 20
13.0
 30
0.0
 40
0.6
  0
CIRCLE
  5
BB
330
17
100
AcDbEntity
  8
A-GLAZ
100
AcDbCircle
 10
6.0
 20
-2.0
 30
0.0
 40
0.6
  0
CIRCLE
  5
BC
330
17
100
AcDbEntity
  8
A-GLAZ
100
AcDbCircle
 10
6.0
 20
6.0
 30
0.0
 40
0.6
  0
CIRCLE
  5
BD
330
17
100
AcDbEntity
  8
A-GLAZ
100
AcDbCircle
 10
6.0
 20
13.0
 30
0.0
 40
0.6
  0
CIRCLE
  5
BE
330
17
100
AcDbEntity
  8
A-GLAZ
100
AcDbCircle
 10
-3.0
 20
-8.0
 30
0.0
 40
0.6
  0
CIRCLE
  5
BF
330
17
100
AcDbEntity
  8
A-GLAZ
100
AcDbCircle
 10
3.0
 20
-8.0
 30
0.0
 40
0.6
  0
CIRCLE
  5
C0
330
17
100
AcDbEntity
  8
A-GLAZ
100
AcDbCircle
 10
0.0
 20
18.0
 30
0.0
 40
0.6
  0
TEXT
  5
C1
330
17
100
AcDbEntity
  8
A-ANNO
100
AcDbText
 10
0.0
 20
-3.0
 30
0.0
 40
0.8
  1
LIVING  108 SF
 72
1
 11
0.0
 21
-3.0
 31
0.0
100
AcDbText
 73
2
  0
TEXT
  5
C2
330
17
100
AcDbEntity
  8
A-ANNO
100
AcDbText
 10
0.0
 20
4.0
 30
0.0
 40
0.8
  1
GALLEY KITCHEN  84 SF
 72
1
 11
0.0
 21
4.0
 31
0.0
100
AcDbText
 73
2
  0
TEXT
  5
C3
330
17
100
AcDbEntity
  8
A-ANNO
100
AcDbText
 10
-3.0
 20
11.0
 30
0.0
 40
0.8
  1
BATH  42 SF
 72
1
 11
-3.0
 21
11.0
 31
0.0
100
AcDbText
 73
2
  0
TEXT
  5
C4
330
17
100
AcDbEntity
  8
A-ANNO
100
AcDbText
 10
0.0
 20
15.5
 30
0.0
 40
0.8
  1
BEDROOM  60 SF
 72
1
 11
0.0
 21
15.5
 31
0.0
100
AcDbText
 73
2
  0
TEXT
  5
C5
330
17
100
AcDbEntity
  8
A-ANNO
100
AcDbText
 10
0.0
 20
-11.0
 30
0.0
 40
0.8
  1
SCREENED PORCH (wraps 3 sides)  300 SF
 72
1
 11
0.0
 21
-11.0
 31
0.0
100
AcDbText
 73
2
  0
TEXT
  5
C6
330
17
100
AcDbEntity
  8
A-ANNO
100
AcDbText
 10
2.5
 20
11.0
 30
0.0
 40
0.8
  1
LOFT OVER BEDROOM  90 SF
 72
1
 11
2.5
 21
11.0
 31
0.0
100
AcDbText
 73
2
  0
LWPOLYLINE
  5
C7
330
17
100
AcDbEntity
  8
A-FURN
100
AcDbPolyline
 90
4
 70
1
 10
-5.5
 20
-6.5
 10
-3.0
 20
-6.5
 10
-3.0
 20
-0.5
 10
-5.5
 20
-0.5
  0
LWPOLYLINE
  5
C8
330
17
100
AcDbEntity
  8
A-FURN
100
AcDbPolyline
 90
4
 70
1
 10
3.5
 20
1.0
 10
5.5
 20
1.0
 10
5.5
 20
8.0
 10
3.5
 20
8.0
  0
LWPOLYLINE
  5
C9
330
17
100
AcDbEntity
  8
A-FURN
100
AcDbPolyline
 90
4
 70
1
 10
-5.5
 20
9.0
 10
-3.9
 20
9.0
 10
-3.9
 20
11.0
 10
-5.5
 20
11.0
  0
LWPOLYLINE
  5
CA
330
17
100
AcDbEntity
  8
A-FURN
100
AcDbPolyline
 90
4
 70
1
 10
-5.5
 20
11.5
 10
-2.5
 20
11.5
 10
-2.5
 20
14.5
 10
-5.5
 20
14.5
  0
LWPOLYLINE
  5
CB
330
17
100
AcDbEntity
  8
A-FURN
100
AcDbPolyline
 90
4
 70
1
 10
-2.7
 20
13.0
 10
2.7
 20
13.0
 10
2.7
 20
19.5
 10
-2.7
 20
19.5
  0
LWPOLYLINE
  5
CC
330
17
100
AcDbEntity
  8
A-FURN
100
AcDbPolyline
 90
4
 70
1
 10
3.0
 20
8.8
 10
5.5
 20
8.8
 10
5.5
 20
12.8
 10
3.0
 20
12.8
  0
LWPOLYLINE
  5
CD
330
17
100
AcDbEntity
  8
A-FURN
100
AcDbPolyline
 90
4
 70
1
 10
6.5
 20
-4.0
 10
11.0
 20
-4.0
 10
11.0
 20
-2.0
 10
6.5
 20
-2.0
  0
MTEXT
  5
CE
330
17
100
AcDbEntity
  8
A-ANNO
100
AcDbMText
 10
-17.0
 20
28.0
 30
0.0
 40
0.9
 41
40.0
 71
1
  3
CYPRESS STILT CRACKER (Florida swamp) - TINY HOME CONCEPT\P12 x 26 ft core on 7 ft stilts, 6 ft screened porch wrapping the front and both sides (24 x 32 ft overall), 11-tread front stair\PGROSS 702 SF, HEIGHT 28 FT\PLOCAL ORIGIN AT PAD CENTRE; -Y FA
  1
CES THE LANE; UNITS FEET
  0
ENDSEC
  0
SECTION
  2
OBJECTS
  0
DICTIONARY
  5
A
330
0
100
AcDbDictionary
281
1
  3
ACAD_COLOR
350
B
  3
ACAD_GROUP
350
C
  3
ACAD_LAYOUT
350
D
  3
ACAD_MATERIAL
350
E
  3
ACAD_MLEADERSTYLE
350
F
  3
ACAD_MLINESTYLE
350
10
  3
ACAD_PLOTSETTINGS
350
11
  3
ACAD_PLOTSTYLENAME
350
12
  3
ACAD_SCALELIST
350
14
  3
ACAD_TABLESTYLE
350
15
  3
ACAD_VISUALSTYLE
350
16
  3
EZDXF_META
350
2D
  0
DICTIONARY
  5
B
330
A
100
AcDbDictionary
281
1
  0
DICTIONARY
  5
C
330
A
100
AcDbDictionary
281
1
  0
DICTIONARY
  5
D
330
A
100
AcDbDictionary
281
1
  3
Model
350
1A
  3
Layout1
350
1E
  0
DICTIONARY
  5
E
330
A
100
AcDbDictionary
281
1
  3
ByBlock
350
1F
  3
ByLayer
350
20
  3
Global
350
21
  0
DICTIONARY
  5
F
330
A
100
AcDbDictionary
281
1
  3
Standard
350
2C
  0
DICTIONARY
  5
10
330
A
100
AcDbDictionary
281
1
  3
Standard
350
22
  0
DICTIONARY
  5
11
330
A
100
AcDbDictionary
281
1
  0
ACDBDICTIONARYWDFLT
  5
12
330
A
100
AcDbDictionary
281
1
  3
Normal
350
13
100
AcDbDictionaryWithDefault
340
13
  0
ACDBPLACEHOLDER
  5
13
330
12
  0
DICTIONARY
  5
14
330
A
100
AcDbDictionary
281
1
  0
DICTIONARY
  5
15
330
A
100
AcDbDictionary
281
1
  0
DICTIONARY
  5
16
330
A
100
AcDbDictionary
281
1
  3
2dWireframe
350
5A
  3
Basic
350
5B
  3
Brighten
350
5C
  3
ColorChange
350
5D
  3
Conceptual
350
5E
  3
Dim
350
5F
  3
EdgeColorOff
350
60
  3
Facepattern
350
61
  3
Flat
350
62
  3
FlatWithEdges
350
63
  3
Gouraud
350
64
  3
GouraudWithEdges
350
65
  3
Hidden
350
66
  3
JitterOff
350
67
  3
Linepattern
350
68
  3
Modeling
350
69
  3
OverhangOff
350
6A
  3
Realistic
350
6B
  3
Shaded
350
6C
  3
Shaded with edges
350
6D
  3
Shades of Gray
350
6E
  3
Sketchy
350
6F
  3
Thicken
350
70
  3
Wireframe
350
71
  3
X-Ray
350
72
  0
LAYOUT
  5
1A
330
D
100
AcDbPlotSettings
  1

  4
A3
  6

 40
7.5
 41
20.0
 42
7.5
 43
20.0
 44
420.0
 45
297.0
 46
0.0
 47
0.0
 48
0.0
 49
0.0
140
0.0
141
0.0
142
1.0
143
1.0
 70
1024
 72
1
 73
0
 74
5
  7

 75
16
 76
0
 77
2
 78
300
147
1.0
148
0.0
149
0.0
100
AcDbLayout
  1
Model
 70
1
 71
0
 10
0.0
 20
0.0
 11
420.0
 21
297.0
 12
0.0
 22
0.0
 32
0.0
 14
1e+20
 24
1e+20
 34
1e+20
 15
-1e+20
 25
-1e+20
 35
-1e+20
146
0.0
 13
0.0
 23
0.0
 33
0.0
 16
1.0
 26
0.0
 36
0.0
 17
0.0
 27
1.0
 37
0.0
 76
1
330
17
  0
LAYOUT
  5
1E
330
D
100
AcDbPlotSettings
  1

  4
A3
  6

 40
7.5
 41
20.0
 42
7.5
 43
20.0
 44
420.0
 45
297.0
 46
0.0
 47
0.0
 48
0.0
 49
0.0
140
0.0
141
0.0
142
1.0
143
1.0
 70
0
 72
1
 73
0
 74
5
  7

 75
16
 76
0
 77
2
 78
300
147
1.0
148
0.0
149
0.0
100
AcDbLayout
  1
Layout1
 70
1
 71
1
 10
0.0
 20
0.0
 11
420.0
 21
297.0
 12
0.0
 22
0.0
 32
0.0
 14
1e+20
 24
1e+20
 34
1e+20
 15
-1e+20
 25
-1e+20
 35
-1e+20
146
0.0
 13
0.0
 23
0.0
 33
0.0
 16
1.0
 26
0.0
 36
0.0
 17
0.0
 27
1.0
 37
0.0
 76
1
330
1B
  0
MATERIAL
  5
1F
102
{ACAD_REACTORS
330
E
102
}
330
E
100
AcDbMaterial
  1
ByBlock
  2

 70
0
 40
1.0
 71
1
 41
1.0
 91
-1023410177
 42
1.0
 72
1
  3

 73
1
 74
1
 75
1
 44
0.5
 73
0
 45
1.0
 46
1.0
 77
1
  4

 78
1
 79
1
170
1
 48
1.0
171
1
  6

172
1
173
1
174
1
140
1.0
141
1.0
175
1
  7

176
1
177
1
178
1
143
1.0
179
1
  8

270
1
271
1
272
1
145
1.0
146
1.0
273
1
  9

274
1
275
1
276
1
 42
1.0
 72
1
  3

 73
1
 74
1
 75
1
 94
63
  0
MATERIAL
  5
20
102
{ACAD_REACTORS
330
E
102
}
330
E
100
AcDbMaterial
  1
ByLayer
  2

 70
0
 40
1.0
 71
1
 41
1.0
 91
-1023410177
 42
1.0
 72
1
  3

 73
1
 74
1
 75
1
 44
0.5
 73
0
 45
1.0
 46
1.0
 77
1
  4

 78
1
 79
1
170
1
 48
1.0
171
1
  6

172
1
173
1
174
1
140
1.0
141
1.0
175
1
  7

176
1
177
1
178
1
143
1.0
179
1
  8

270
1
271
1
272
1
145
1.0
146
1.0
273
1
  9

274
1
275
1
276
1
 42
1.0
 72
1
  3

 73
1
 74
1
 75
1
 94
63
  0
MATERIAL
  5
21
102
{ACAD_REACTORS
330
E
102
}
330
E
100
AcDbMaterial
  1
Global
  2

 70
0
 40
1.0
 71
1
 41
1.0
 91
-1023410177
 42
1.0
 72
1
  3

 73
1
 74
1
 75
1
 44
0.5
 73
0
 45
1.0
 46
1.0
 77
1
  4

 78
1
 79
1
170
1
 48
1.0
171
1
  6

172
1
173
1
174
1
140
1.0
141
1.0
175
1
  7

176
1
177
1
178
1
143
1.0
179
1
  8

270
1
271
1
272
1
145
1.0
146
1.0
273
1
  9

274
1
275
1
276
1
 42
1.0
 72
1
  3

 73
1
 74
1
 75
1
 94
63
  0
MLINESTYLE
  5
22
102
{ACAD_REACTORS
330
10
102
}
330
10
100
AcDbMlineStyle
  2
Standard
 70
0
  3

 62
256
 51
90.0
 52
90.0
 71
2
 49
0.5
 62
256
  6
BYLAYER
 49
-0.5
 62
256
  6
BYLAYER
  0
MLEADERSTYLE
  5
2C
102
{ACAD_REACTORS
330
F
102
}
330
F
100
AcDbMLeaderStyle
179
2
170
2
171
1
172
0
 90
2
 40
0.0
 41
0.0
173
1
 91
-1056964608
 92
-2
290
1
 42
2.0
291
1
 43
8.0
  3
Standard
 44
4.0
300

342
29
174
1
175
1
176
0
178
1
 93
-1056964608
 45
4.0
292
0
297
0
 46
4.0
 94
-1056964608
 47
1.0
 49
1.0
140
1.0
294
1
141
0.0
177
0
142
1.0
295
0
296
0
143
3.75
271
0
272
9
273
9
  0
DICTIONARY
  5
2D
330
A
100
AcDbDictionary
280
1
281
1
  3
CREATED_BY_EZDXF
350
2E
  3
WRITTEN_BY_EZDXF
350
D1
  0
DICTIONARYVAR
  5
2E
330
2D
100
DictionaryVariables
280
0
  1
1.4.4 @ 2026-09-29T11:25:57.208711+00:00
  0
VISUALSTYLE
  5
5A
102
{ACAD_REACTORS
330
16
102
}
330
16
100
AcDbVisualStyle
  2
2dWireframe
 70
4
177
3
291
0
 70
58
 90
2
176
1
 90
2
176
1
 90
0
176
1
 90
0
176
1
 40
0.6
176
1
 40
30.0
176
1
 62
7
420
16777215
176
1
 90
1
176
1
 90
4
176
1
 62
7
176
1
 62
257
176
1
 90
1
176
1
 90
1
176
1
 40
1.0
176
1
 90
8
176
1
 62
7
176
1
 40
1.0
176
1
 90
1
176
1
 90
6
176
1
 90
2
176
1
 62
7
176
1
 90
5
176
1
 90
0
176
1
 90
0
176
1
290
0
176
1
 90
1
176
1
 40
0.0
176
1
 90
0
176
1
290
1
176
1
290
1
176
1
290
0
176
1
290
0
176
1
290
0
176
1
290
0
176
1
290
0
176
1
290
0
176
1
290
0
176
1
 90
50
176
1
 40
0.0
176
1
 40
1.0
176
1
 90
0
176
1
 62
18
420
0
176
1
 90
50
176
1
 90
3
176
1
 62
5
420
255
176
1
290
0
176
1
 90
50
176
1
 90
50
176
1
 90
50
176
1
290
0
176
1
 90
50
176
1
 62
256
176
0
 40
1.0
176
0
 90
2
176
1
  1
strokes_ogs.tif
176
1
290
0
176
1
 40
1.0
176
1
 40
1.0
176
1
  0
VISUALSTYLE
  5
5B
102
{ACAD_REACTORS
330
16
102
}
330
16
100
AcDbVisualStyle
  2
Basic
 70
7
177
3
291
1
 70
58
 90
2
176
1
 90
2
176
1
 90
0
176
1
 90
1
176
1
 40
0.6
176
1
 40
30.0
176
1
 62
7
420
16777215
176
1
 90
1
176
1
 90
4
176
1
 62
7
176
1
 62
257
176
1
 90
1
176
1
 90
1
176
1
 40
1.0
176
1
 90
8
176
1
 62
7
176
1
 40
1.0
176
1
 90
1
176
1
 90
6
176
1
 90
2
176
1
 62
7
176
1
 90
5
176
1
 90
0
176
1
 90
0
176
1
290
0
176
1
 90
1
176
1
 40
0.0
176
1
 90
0
176
1
290
0
176
1
290
1
176
1
290
1
176
1
290
0
176
1
290
0
176
1
290
0
176
1
290
0
176
1
290
0
176
1
290
0
176
1
 90
50
176
1
 40
0.0
176
1
 40
1.0
176
1
 90
0
176
1
 62
18
420
0
176
1
 90
50
176
1
 90
3
176
1
 62
5
420
255
176
1
290
0
176
1
 90
50
176
1
 90
50
176
1
 90
50
176
1
290
0
176
1
 90
50
176
1
 62
256
176
0
 40
1.0
176
0
 90
2
176
1
  1
strokes_ogs.tif
176
1
290
0
176
1
 40
1.0
176
1
 40
1.0
176
1
  0
VISUALSTYLE
  5
5C
102
{ACAD_REACTORS
330
16
102
}
330
16
100
AcDbVisualStyle
  2
Brighten
 70
12
177
3
291
1
 70
58
 90
2
176
1
 90
2
176
1
 90
0
176
1
 90
2
176
1
 40
0.6
176
1
 40
30.0
176
1
 62
7
420
16777215
176
1
 90
1
176
1
 90
4
176
1
 62
7
176
1
 62
257
176
1
 90
1
176
1
 90
1
176
1
 40
1.0
176
1
 90
8
176
1
 62
7
176
1
 40
1.0
176
1
 90
1
176
1
 90
6
176
1
 90
2
176
1
 62
7
176
1
 90
5
176
1
 90
0
176
1
 90
0
176
1
290
0
176
1
 90
1
176
1
 40
0.0
176
1
 90
0
176
1
290
0
176
1
290
1
176
1
290
1
176
1
290
0
176
1
290
0
176
1
290
0
176
1
290
0
176
1
290
0
176
1
290
0
176
1
 90
50
176
1
 40
0.0
176
1
 40
1.0
176
1
 90
0
176
1
 62
18
420
0
176
1
 90
50
176
1
 90
3
176
1
 62
5
420
255
176
1
290
0
176
1
 90
50
176
1
 90
50
176
1
 90
50
176
1
290
0
176
1
 90
50
176
1
 62
256
176
0
 40
1.0
176
0
 90
2
176
1
  1
strokes_ogs.tif
176
1
290
0
176
1
 40
1.0
176
1
 40
1.0
176
1
  0
VISUALSTYLE
  5
5D
102
{ACAD_REACTORS
330
16
102
}
330
16
100
AcDbVisualStyle
  2
ColorChange
 70
16
177
3
291
1
 70
58
 90
2
176
1
 90
2
176
1
 90
0
176
1
 90
2
176
1
 40
0.6
176
1
 40
30.0
176
1
 62
7
420
16777215
176
1
 90
1
176
1
 90
4
176
1
 62
7
176
1
 62
257
176
1
 90
1
176
1
 90
1
176
1
 40
1.0
176
1
 90
8
176
1
 62
7
176
1
 40
1.0
176
1
 90
1
176
1
 90
6
176
1
 90
2
176
1
 62
7
176
1
 90
5
176
1
 90
0
176
1
 90
0
176
1
290
0
176
1
 90
1
176
1
 40
0.0
176
1
 90
0
176
1
290
0
176
1
290
1
176
1
290
1
176
1
290
0
176
1
290
0
176
1
290
0
176
1
290
0
176
1
290
0
176
1
290
0
176
1
 90
50
176
1
 40
0.0
176
1
 40
1.0
176
1
 90
0
176
1
 62
18
420
0
176
1
 90
50
176
1
 90
3
176
1
 62
5
420
255
176
1
290
0
176
1
 90
50
176
1
 90
50
176
1
 90
50
176
1
290
0
176
1
 90
50
176
1
 62
256
176
0
 40
1.0
176
0
 90
2
176
1
  1
strokes_ogs.tif
176
1
290
0
176
1
 40
1.0
176
1
 40
1.0
176
1
  0
VISUALSTYLE
  5
5E
102
{ACAD_REACTORS
330
16
102
}
330
16
100
AcDbVisualStyle
  2
Conceptual
 70
9
177
3
291
0
 70
58
 90
2
176
1
 90
2
176
1
 90
0
176
1
 90
3
176
1
 40
0.6
176
1
 40
30.0
176
1
 62
7
420
16777215
176
1
 90
1
176
1
 90
4
176
1
 62
7
176
1
 62
257
176
1
 90
1
176
1
 90
1
176
1
 40
1.0
176
1
 90
8
176
1
 62
7
176
1
 40
1.0
176
1
 90
1
176
1
 90
6
176
1
 90
2
176
1
 62
7
176
1
 90
5
176
1
 90
0
176
1
 90
0
176
1
290
0
176
1
 90
1
176
1
 40
0.0
176
1
 90
0
176
1
290
0
176
1
290
1
176
1
290
1
176
1
290
0
176
1
290
0
176
1
290
0
176
1
290
0
176
1
290
0
176
1
290
0
176
1
 90
50
176
1
 40
0.0
176
1
 40
1.0
176
1
 90
0
176
1
 62
18
420
0
176
1
 90
50
176
1
 90
3
176
1
 62
5
420
255
176
1
290
0
176
1
 90
50
176
1
 90
50
176
1
 90
50
176
1
290
0
176
1
 90
50
176
1
 62
256
176
0
 40
1.0
176
0
 90
2
176
1
  1
strokes_ogs.tif
176
1
290
0
176
1
 40
1.0
176
1
 40
1.0
176
1
  0
VISUALSTYLE
  5
5F
102
{ACAD_REACTORS
330
16
102
}
330
16
100
AcDbVisualStyle
  2
Dim
 70
11
177
3
291
1
 70
58
 90
2
176
1
 90
2
176
1
 90
0
176
1
 90
2
176
1
 40
0.6
176
1
 40
30.0
176
1
 62
7
420
16777215
176
1
 90
1
176
1
 90
4
176
1
 62
7
176
1
 62
257
176
1
 90
1
176
1
 90
1
176
1
 40
1.0
176
1
 90
8
176
1
 62
7
176
1
 40
1.0
176
1
 90
1
176
1
 90
6
176
1
 90
2
176
1
 62
7
176
1
 90
5
176
1
 90
0
176
1
 90
0
176
1
290
0
176
1
 90
1
176
1
 40
0.0
176
1
 90
0
176
1
290
0
176
1
290
1
176
1
290
1
176
1
290
0
176
1
290
0
176
1
290
0
176
1
290
0
176
1
290
0
176
1
290
0
176
1
 90
50
176
1
 40
0.0
176
1
 40
1.0
176
1
 90
0
176
1
 62
18
420
0
176
1
 90
50
176
1
 90
3
176
1
 62
5
420
255
176
1
290
0
176
1
 90
50
176
1
 90
50
176
1
 90
50
176
1
290
0
176
1
 90
50
176
1
 62
256
176
0
 40
1.0
176
0
 90
2
176
1
  1
strokes_ogs.tif
176
1
290
0
176
1
 40
1.0
176
1
 40
1.0
176
1
  0
VISUALSTYLE
  5
60
102
{ACAD_REACTORS
330
16
102
}
330
16
100
AcDbVisualStyle
  2
EdgeColorOff
 70
22
177
3
291
1
 70
58
 90
2
176
1
 90
2
176
1
 90
0
176
1
 90
2
176
1
 40
0.6
176
1
 40
30.0
176
1
 62
7
420
16777215
176
1
 90
1
176
1
 90
4
176
1
 62
7
176
1
 62
257
176
1
 90
1
176
1
 90
1
176
1
 40
1.0
176
1
 90
8
176
1
 62
7
176
1
 40
1.0
176
1
 90
1
176
1
 90
6
176
1
 90
2
176
1
 62
7
176
1
 90
5
176
1
 90
0
176
1
 90
0
176
1
290
0
176
1
 90
1
176
1
 40
0.0
176
1
 90
0
176
1
290
0
176
1
290
1
176
1
290
1
176
1
290
0
176
1
290
0
176
1
290
0
176
1
290
0
176
1
290
0
176
1
290
0
176
1
 90
50
176
1
 40
0.0
176
1
 40
1.0
176
1
 90
0
176
1
 62
18
420
0
176
1
 90
50
176
1
 90
3
176
1
 62
5
420
255
176
1
290
0
176
1
 90
50
176
1
 90
50
176
1
 90
50
176
1
290
0
176
1
 90
50
176
1
 62
256
176
0
 40
1.0
176
0
 90
2
176
1
  1
strokes_ogs.tif
176
1
290
0
176
1
 40
1.0
176
1
 40
1.0
176
1
  0
VISUALSTYLE
  5
61
102
{ACAD_REACTORS
330
16
102
}
330
16
100
AcDbVisualStyle
  2
Facepattern
 70
15
177
3
291
1
 70
58
 90
2
176
1
 90
2
176
1
 90
0
176
1
 90
2
176
1
 40
0.6
176
1
 40
30.0
176
1
 62
7
420
16777215
176
1
 90
1
176
1
 90
4
176
1
 62
7
176
1
 62
257
176
1
 90
1
176
1
 90
1
176
1
 40
1.0
176
1
 90
8
176
1
 62
7
176
1
 40
1.0
176
1
 90
1
176
1
 90
6
176
1
 90
2
176
1
 62
7
176
1
 90
5
176
1
 90
0
176
1
 90
0
176
1
290
0
176
1
 90
1
176
1
 40
0.0
176
1
 90
0
176
1
290
0
176
1
290
1
176
1
290
1
176
1
290
0
176
1
290
0
176
1
290
0
176
1
290
0
176
1
290
0
176
1
290
0
176
1
 90
50
176
1
 40
0.0
176
1
 40
1.0
176
1
 90
0
176
1
 62
18
420
0
176
1
 90
50
176
1
 90
3
176
1
 62
5
420
255
176
1
290
0
176
1
 90
50
176
1
 90
50
176
1
 90
50
176
1
290
0
176
1
 90
50
176
1
 62
256
176
0
 40
1.0
176
0
 90
2
176
1
  1
strokes_ogs.tif
176
1
290
0
176
1
 40
1.0
176
1
 40
1.0
176
1
  0
VISUALSTYLE
  5
62
102
{ACAD_REACTORS
330
16
102
}
330
16
100
AcDbVisualStyle
  2
Flat
 70
0
177
3
291
1
 70
58
 90
2
176
1
 90
2
176
1
 90
0
176
1
 90
2
176
1
 40
0.6
176
1
 40
30.0
176
1
 62
7
420
16777215
176
1
 90
1
176
1
 90
4
176
1
 62
7
176
1
 62
257
176
1
 90
1
176
1
 90
1
176
1
 40
1.0
176
1
 90
8
176
1
 62
7
176
1
 40
1.0
176
1
 90
1
176
1
 90
6
176
1
 90
2
176
1
 62
7
176
1
 90
5
176
1
 90
0
176
1
 90
0
176
1
290
0
176
1
 90
1
176
1
 40
0.0
176
1
 90
0
176
1
290
0
176
1
290
1
176
1
290
1
176
1
290
0
176
1
290
0
176
1
290
0
176
1
290
0
176
1
290
0
176
1
290
0
176
1
 90
50
176
1
 40
0.0
176
1
 40
1.0
176
1
 90
0
176
1
 62
18
420
0
176
1
 90
50
176
1
 90
3
176
1
 62
5
420
255
176
1
290
0
176
1
 90
50
176
1
 90
50
176
1
 90
50
176
1
290
0
176
1
 90
50
176
1
 62
256
176
0
 40
1.0
176
0
 90
2
176
1
  1
strokes_ogs.tif
176
1
290
0
176
1
 40
1.0
176
1
 40
1.0
176
1
  0
VISUALSTYLE
  5
63
102
{ACAD_REACTORS
330
16
102
}
330
16
100
AcDbVisualStyle
  2
FlatWithEdges
 70
1
177
3
291
1
 70
58
 90
2
176
1
 90
2
176
1
 90
0
176
1
 90
2
176
1
 40
0.6
176
1
 40
30.0
176
1
 62
7
420
16777215
176
1
 90
1
176
1
 90
4
176
1
 62
7
176
1
 62
257
176
1
 90
1
176
1
 90
1
176
1
 40
1.0
176
1
 90
8
176
1
 62
7
176
1
 40
1.0
176
1
 90
1
176
1
 90
6
176
1
 90
2
176
1
 62
7
176
1
 90
5
176
1
 90
0
176
1
 90
0
176
1
290
0
176
1
 90
1
176
1
 40
0.0
176
1
 90
0
176
1
290
0
176
1
290
1
176
1
290
1
176
1
290
0
176
1
290
0
176
1
290
0
176
1
290
0
176
1
290
0
176
1
290
0
176
1
 90
50
176
1
 40
0.0
176
1
 40
1.0
176
1
 90
0
176
1
 62
18
420
0
176
1
 90
50
176
1
 90
3
176
1
 62
5
420
255
176
1
290
0
176
1
 90
50
176
1
 90
50
176
1
 90
50
176
1
290
0
176
1
 90
50
176
1
 62
256
176
0
 40
1.0
176
0
 90
2
176
1
  1
strokes_ogs.tif
176
1
290
0
176
1
 40
1.0
176
1
 40
1.0
176
1
  0
VISUALSTYLE
  5
64
102
{ACAD_REACTORS
330
16
102
}
330
16
100
AcDbVisualStyle
  2
Gouraud
 70
2
177
3
291
1
 70
58
 90
2
176
1
 90
2
176
1
 90
0
176
1
 90
2
176
1
 40
0.6
176
1
 40
30.0
176
1
 62
7
420
16777215
176
1
 90
1
176
1
 90
4
176
1
 62
7
176
1
 62
257
176
1
 90
1
176
1
 90
1
176
1
 40
1.0
176
1
 90
8
176
1
 62
7
176
1
 40
1.0
176
1
 90
1
176
1
 90
6
176
1
 90
2
176
1
 62
7
176
1
 90
5
176
1
 90
0
176
1
 90
0
176
1
290
0
176
1
 90
1
176
1
 40
0.0
176
1
 90
0
176
1
290
0
176
1
290
1
176
1
290
1
176
1
290
0
176
1
290
0
176
1
290
0
176
1
290
0
176
1
290
0
176
1
290
0
176
1
 90
50
176
1
 40
0.0
176
1
 40
1.0
176
1
 90
0
176
1
 62
18
420
0
176
1
 90
50
176
1
 90
3
176
1
 62
5
420
255
176
1
290
0
176
1
 90
50
176
1
 90
50
176
1
 90
50
176
1
290
0
176
1
 90
50
176
1
 62
256
176
0
 40
1.0
176
0
 90
2
176
1
  1
strokes_ogs.tif
176
1
290
0
176
1
 40
1.0
176
1
 40
1.0
176
1
  0
VISUALSTYLE
  5
65
102
{ACAD_REACTORS
330
16
102
}
330
16
100
AcDbVisualStyle
  2
GouraudWithEdges
 70
3
177
3
291
1
 70
58
 90
2
176
1
 90
2
176
1
 90
0
176
1
 90
2
176
1
 40
0.6
176
1
 40
30.0
176
1
 62
7
420
16777215
176
1
 90
1
176
1
 90
4
176
1
 62
7
176
1
 62
257
176
1
 90
1
176
1
 90
1
176
1
 40
1.0
176
1
 90
8
176
1
 62
7
176
1
 40
1.0
176
1
 90
1
176
1
 90
6
176
1
 90
2
176
1
 62
7
176
1
 90
5
176
1
 90
0
176
1
 90
0
176
1
290
0
176
1
 90
1
176
1
 40
0.0
176
1
 90
0
176
1
290
0
176
1
290
1
176
1
290
1
176
1
290
0
176
1
290
0
176
1
290
0
176
1
290
0
176
1
290
0
176
1
290
0
176
1
 90
50
176
1
 40
0.0
176
1
 40
1.0
176
1
 90
0
176
1
 62
18
420
0
176
1
 90
50
176
1
 90
3
176
1
 62
5
420
255
176
1
290
0
176
1
 90
50
176
1
 90
50
176
1
 90
50
176
1
290
0
176
1
 90
50
176
1
 62
256
176
0
 40
1.0
176
0
 90
2
176
1
  1
strokes_ogs.tif
176
1
290
0
176
1
 40
1.0
176
1
 40
1.0
176
1
  0
VISUALSTYLE
  5
66
102
{ACAD_REACTORS
330
16
102
}
330
16
100
AcDbVisualStyle
  2
Hidden
 70
6
177
3
291
0
 70
58
 90
2
176
1
 90
2
176
1
 90
0
176
1
 90
1
176
1
 40
0.6
176
1
 40
30.0
176
1
 62
7
420
16777215
176
1
 90
1
176
1
 90
4
176
1
 62
7
176
1
 62
257
176
1
 90
1
176
1
 90
1
176
1
 40
1.0
176
1
 90
8
176
1
 62
7
176
1
 40
1.0
176
1
 90
1
176
1
 90
6
176
1
 90
2
176
1
 62
7
176
1
 90
5
176
1
 90
0
176
1
 90
0
176
1
290
0
176
1
 90
1
176
1
 40
0.0
176
1
 90
0
176
1
290
0
176
1
290
1
176
1
290
1
176
1
290
0
176
1
290
0
176
1
290
0
176
1
290
0
176
1
290
0
176
1
290
0
176
1
 90
50
176
1
 40
0.0
176
1
 40
1.0
176
1
 90
0
176
1
 62
18
420
0
176
1
 90
50
176
1
 90
3
176
1
 62
5
420
255
176
1
290
0
176
1
 90
50
176
1
 90
50
176
1
 90
50
176
1
290
0
176
1
 90
50
176
1
 62
256
176
0
 40
1.0
176
0
 90
2
176
1
  1
strokes_ogs.tif
176
1
290
0
176
1
 40
1.0
176
1
 40
1.0
176
1
  0
VISUALSTYLE
  5
67
102
{ACAD_REACTORS
330
16
102
}
330
16
100
AcDbVisualStyle
  2
JitterOff
 70
20
177
3
291
1
 70
58
 90
2
176
1
 90
2
176
1
 90
0
176
1
 90
2
176
1
 40
0.6
176
1
 40
30.0
176
1
 62
7
420
16777215
176
1
 90
1
176
1
 90
4
176
1
 62
7
176
1
 62
257
176
1
 90
1
176
1
 90
1
176
1
 40
1.0
176
1
 90
8
176
1
 62
7
176
1
 40
1.0
176
1
 90
1
176
1
 90
6
176
1
 90
2
176
1
 62
7
176
1
 90
5
176
1
 90
0
176
1
 90
0
176
1
290
0
176
1
 90
1
176
1
 40
0.0
176
1
 90
0
176
1
290
0
176
1
290
1
176
1
290
1
176
1
290
0
176
1
290
0
176
1
290
0
176
1
290
0
176
1
290
0
176
1
290
0
176
1
 90
50
176
1
 40
0.0
176
1
 40
1.0
176
1
 90
0
176
1
 62
18
420
0
176
1
 90
50
176
1
 90
3
176
1
 62
5
420
255
176
1
290
0
176
1
 90
50
176
1
 90
50
176
1
 90
50
176
1
290
0
176
1
 90
50
176
1
 62
256
176
0
 40
1.0
176
0
 90
2
176
1
  1
strokes_ogs.tif
176
1
290
0
176
1
 40
1.0
176
1
 40
1.0
176
1
  0
VISUALSTYLE
  5
68
102
{ACAD_REACTORS
330
16
102
}
330
16
100
AcDbVisualStyle
  2
Linepattern
 70
14
177
3
291
1
 70
58
 90
2
176
1
 90
2
176
1
 90
0
176
1
 90
2
176
1
 40
0.6
176
1
 40
30.0
176
1
 62
7
420
16777215
176
1
 90
1
176
1
 90
4
176
1
 62
7
176
1
 62
257
176
1
 90
1
176
1
 90
1
176
1
 40
1.0
176
1
 90
8
176
1
 62
7
176
1
 40
1.0
176
1
 90
1
176
1
 90
6
176
1
 90
2
176
1
 62
7
176
1
 90
5
176
1
 90
0
176
1
 90
0
176
1
290
0
176
1
 90
1
176
1
 40
0.0
176
1
 90
0
176
1
290
0
176
1
290
1
176
1
290
1
176
1
290
0
176
1
290
0
176
1
290
0
176
1
290
0
176
1
290
0
176
1
290
0
176
1
 90
50
176
1
 40
0.0
176
1
 40
1.0
176
1
 90
0
176
1
 62
18
420
0
176
1
 90
50
176
1
 90
3
176
1
 62
5
420
255
176
1
290
0
176
1
 90
50
176
1
 90
50
176
1
 90
50
176
1
290
0
176
1
 90
50
176
1
 62
256
176
0
 40
1.0
176
0
 90
2
176
1
  1
strokes_ogs.tif
176
1
290
0
176
1
 40
1.0
176
1
 40
1.0
176
1
  0
VISUALSTYLE
  5
69
102
{ACAD_REACTORS
330
16
102
}
330
16
100
AcDbVisualStyle
  2
Modeling
 70
10
177
3
291
0
 70
58
 90
2
176
1
 90
2
176
1
 90
0
176
1
 90
2
176
1
 40
0.6
176
1
 40
30.0
176
1
 62
7
420
16777215
176
1
 90
1
176
1
 90
4
176
1
 62
7
176
1
 62
257
176
1
 90
1
176
1
 90
1
176
1
 40
1.0
176
1
 90
8
176
1
 62
7
176
1
 40
1.0
176
1
 90
1
176
1
 90
6
176
1
 90
2
176
1
 62
7
176
1
 90
5
176
1
 90
0
176
1
 90
0
176
1
290
0
176
1
 90
1
176
1
 40
0.0
176
1
 90
0
176
1
290
0
176
1
290
1
176
1
290
1
176
1
290
0
176
1
290
0
176
1
290
0
176
1
290
0
176
1
290
0
176
1
290
0
176
1
 90
50
176
1
 40
0.0
176
1
 40
1.0
176
1
 90
0
176
1
 62
18
420
0
176
1
 90
50
176
1
 90
3
176
1
 62
5
420
255
176
1
290
0
176
1
 90
50
176
1
 90
50
176
1
 90
50
176
1
290
0
176
1
 90
50
176
1
 62
256
176
0
 40
1.0
176
0
 90
2
176
1
  1
strokes_ogs.tif
176
1
290
0
176
1
 40
1.0
176
1
 40
1.0
176
1
  0
VISUALSTYLE
  5
6A
102
{ACAD_REACTORS
330
16
102
}
330
16
100
AcDbVisualStyle
  2
OverhangOff
 70
21
177
3
291
1
 70
58
 90
2
176
1
 90
2
176
1
 90
0
176
1
 90
2
176
1
 40
0.6
176
1
 40
30.0
176
1
 62
7
420
16777215
176
1
 90
1
176
1
 90
4
176
1
 62
7
176
1
 62
257
176
1
 90
1
176
1
 90
1
176
1
 40
1.0
176
1
 90
8
176
1
 62
7
176
1
 40
1.0
176
1
 90
1
176
1
 90
6
176
1
 90
2
176
1
 62
7
176
1
 90
5
176
1
 90
0
176
1
 90
0
176
1
290
0
176
1
 90
1
176
1
 40
0.0
176
1
 90
0
176
1
290
0
176
1
290
1
176
1
290
1
176
1
290
0
176
1
290
0
176
1
290
0
176
1
290
0
176
1
290
0
176
1
290
0
176
1
 90
50
176
1
 40
0.0
176
1
 40
1.0
176
1
 90
0
176
1
 62
18
420
0
176
1
 90
50
176
1
 90
3
176
1
 62
5
420
255
176
1
290
0
176
1
 90
50
176
1
 90
50
176
1
 90
50
176
1
290
0
176
1
 90
50
176
1
 62
256
176
0
 40
1.0
176
0
 90
2
176
1
  1
strokes_ogs.tif
176
1
290
0
176
1
 40
1.0
176
1
 40
1.0
176
1
  0
VISUALSTYLE
  5
6B
102
{ACAD_REACTORS
330
16
102
}
330
16
100
AcDbVisualStyle
  2
Realistic
 70
8
177
3
291
0
 70
58
 90
2
176
1
 90
2
176
1
 90
0
176
1
 90
2
176
1
 40
0.6
176
1
 40
30.0
176
1
 62
7
420
16777215
176
1
 90
1
176
1
 90
4
176
1
 62
7
176
1
 62
257
176
1
 90
1
176
1
 90
1
176
1
 40
1.0
176
1
 90
8
176
1
 62
7
176
1
 40
1.0
176
1
 90
1
176
1
 90
6
176
1
 90
2
176
1
 62
7
176
1
 90
5
176
1
 90
0
176
1
 90
0
176
1
290
0
176
1
 90
1
176
1
 40
0.0
176
1
 90
0
176
1
290
0
176
1
290
1
176
1
290
1
176
1
290
0
176
1
290
0
176
1
290
0
176
1
290
0
176
1
290
0
176
1
290
0
176
1
 90
50
176
1
 40
0.0
176
1
 40
1.0
176
1
 90
0
176
1
 62
18
420
0
176
1
 90
50
176
1
 90
3
176
1
 62
5
420
255
176
1
290
0
176
1
 90
50
176
1
 90
50
176
1
 90
50
176
1
290
0
176
1
 90
50
176
1
 62
256
176
0
 40
1.0
176
0
 90
2
176
1
  1
strokes_ogs.tif
176
1
290
0
176
1
 40
1.0
176
1
 40
1.0
176
1
  0
VISUALSTYLE
  5
6C
102
{ACAD_REACTORS
330
16
102
}
330
16
100
AcDbVisualStyle
  2
Shaded
 70
27
177
3
291
0
 70
58
 90
2
176
1
 90
2
176
1
 90
0
176
1
 90
2
176
1
 40
0.6
176
1
 40
30.0
176
1
 62
7
420
16777215
176
1
 90
1
176
1
 90
4
176
1
 62
7
176
1
 62
257
176
1
 90
1
176
1
 90
1
176
1
 40
1.0
176
1
 90
8
176
1
 62
7
176
1
 40
1.0
176
1
 90
1
176
1
 90
6
176
1
 90
2
176
1
 62
7
176
1
 90
5
176
1
 90
0
176
1
 90
0
176
1
290
0
176
1
 90
1
176
1
 40
0.0
176
1
 90
0
176
1
290
0
176
1
290
1
176
1
290
1
176
1
290
0
176
1
290
0
176
1
290
0
176
1
290
0
176
1
290
0
176
1
290
0
176
1
 90
50
176
1
 40
0.0
176
1
 40
1.0
176
1
 90
0
176
1
 62
18
420
0
176
1
 90
50
176
1
 90
3
176
1
 62
5
420
255
176
1
290
0
176
1
 90
50
176
1
 90
50
176
1
 90
50
176
1
290
0
176
1
 90
50
176
1
 62
256
176
0
 40
1.0
176
0
 90
2
176
1
  1
strokes_ogs.tif
176
1
290
0
176
1
 40
1.0
176
1
 40
1.0
176
1
  0
VISUALSTYLE
  5
6D
102
{ACAD_REACTORS
330
16
102
}
330
16
100
AcDbVisualStyle
  2
Shaded with edges
 70
26
177
3
291
0
 70
58
 90
2
176
1
 90
2
176
1
 90
0
176
1
 90
2
176
1
 40
0.6
176
1
 40
30.0
176
1
 62
7
420
16777215
176
1
 90
1
176
1
 90
4
176
1
 62
7
176
1
 62
257
176
1
 90
1
176
1
 90
1
176
1
 40
1.0
176
1
 90
8
176
1
 62
7
176
1
 40
1.0
176
1
 90
1
176
1
 90
6
176
1
 90
2
176
1
 62
7
176
1
 90
5
176
1
 90
0
176
1
 90
0
176
1
290
0
176
1
 90
1
176
1
 40
0.0
176
1
 90
0
176
1
290
0
176
1
290
1
176
1
290
1
176
1
290
0
176
1
290
0
176
1
290
0
176
1
290
0
176
1
290
0
176
1
290
0
176
1
 90
50
176
1
 40
0.0
176
1
 40
1.0
176
1
 90
0
176
1
 62
18
420
0
176
1
 90
50
176
1
 90
3
176
1
 62
5
420
255
176
1
290
0
176
1
 90
50
176
1
 90
50
176
1
 90
50
176
1
290
0
176
1
 90
50
176
1
 62
256
176
0
 40
1.0
176
0
 90
2
176
1
  1
strokes_ogs.tif
176
1
290
0
176
1
 40
1.0
176
1
 40
1.0
176
1
  0
VISUALSTYLE
  5
6E
102
{ACAD_REACTORS
330
16
102
}
330
16
100
AcDbVisualStyle
  2
Shades of Gray
 70
23
177
3
291
0
 70
58
 90
2
176
1
 90
2
176
1
 90
0
176
1
 90
2
176
1
 40
0.6
176
1
 40
30.0
176
1
 62
7
420
16777215
176
1
 90
1
176
1
 90
4
176
1
 62
7
176
1
 62
257
176
1
 90
1
176
1
 90
1
176
1
 40
1.0
176
1
 90
8
176
1
 62
7
176
1
 40
1.0
176
1
 90
1
176
1
 90
6
176
1
 90
2
176
1
 62
7
176
1
 90
5
176
1
 90
0
176
1
 90
0
176
1
290
0
176
1
 90
1
176
1
 40
0.0
176
1
 90
0
176
1
290
0
176
1
290
1
176
1
290
1
176
1
290
0
176
1
290
0
176
1
290
0
176
1
290
0
176
1
290
0
176
1
290
0
176
1
 90
50
176
1
 40
0.0
176
1
 40
1.0
176
1
 90
0
176
1
 62
18
420
0
176
1
 90
50
176
1
 90
3
176
1
 62
5
420
255
176
1
290
0
176
1
 90
50
176
1
 90
50
176
1
 90
50
176
1
290
0
176
1
 90
50
176
1
 62
256
176
0
 40
1.0
176
0
 90
2
176
1
  1
strokes_ogs.tif
176
1
290
0
176
1
 40
1.0
176
1
 40
1.0
176
1
  0
VISUALSTYLE
  5
6F
102
{ACAD_REACTORS
330
16
102
}
330
16
100
AcDbVisualStyle
  2
Sketchy
 70
24
177
3
291
0
 70
58
 90
2
176
1
 90
2
176
1
 90
0
176
1
 90
1
176
1
 40
0.6
176
1
 40
30.0
176
1
 62
7
420
16777215
176
1
 90
1
176
1
 90
4
176
1
 62
7
176
1
 62
257
176
1
 90
1
176
1
 90
1
176
1
 40
1.0
176
1
 90
8
176
1
 62
7
176
1
 40
1.0
176
1
 90
1
176
1
 90
6
176
1
 90
2
176
1
 62
7
176
1
 90
5
176
1
 90
0
176
1
 90
0
176
1
290
0
176
1
 90
1
176
1
 40
0.0
176
1
 90
0
176
1
290
0
176
1
290
1
176
1
290
1
176
1
290
0
176
1
290
0
176
1
290
0
176
1
290
0
176
1
290
0
176
1
290
0
176
1
 90
50
176
1
 40
0.0
176
1
 40
1.0
176
1
 90
0
176
1
 62
18
420
0
176
1
 90
50
176
1
 90
3
176
1
 62
5
420
255
176
1
290
0
176
1
 90
50
176
1
 90
50
176
1
 90
50
176
1
290
0
176
1
 90
50
176
1
 62
256
176
0
 40
1.0
176
0
 90
2
176
1
  1
strokes_ogs.tif
176
1
290
0
176
1
 40
1.0
176
1
 40
1.0
176
1
  0
VISUALSTYLE
  5
70
102
{ACAD_REACTORS
330
16
102
}
330
16
100
AcDbVisualStyle
  2
Thicken
 70
13
177
3
291
1
 70
58
 90
2
176
1
 90
2
176
1
 90
0
176
1
 90
2
176
1
 40
0.6
176
1
 40
30.0
176
1
 62
7
420
16777215
176
1
 90
1
176
1
 90
4
176
1
 62
7
176
1
 62
257
176
1
 90
1
176
1
 90
1
176
1
 40
1.0
176
1
 90
8
176
1
 62
7
176
1
 40
1.0
176
1
 90
1
176
1
 90
6
176
1
 90
2
176
1
 62
7
176
1
 90
5
176
1
 90
0
176
1
 90
0
176
1
290
0
176
1
 90
1
176
1
 40
0.0
176
1
 90
0
176
1
290
0
176
1
290
1
176
1
290
1
176
1
290
0
176
1
290
0
176
1
290
0
176
1
290
0
176
1
290
0
176
1
290
0
176
1
 90
50
176
1
 40
0.0
176
1
 40
1.0
176
1
 90
0
176
1
 62
18
420
0
176
1
 90
50
176
1
 90
3
176
1
 62
5
420
255
176
1
290
0
176
1
 90
50
176
1
 90
50
176
1
 90
50
176
1
290
0
176
1
 90
50
176
1
 62
256
176
0
 40
1.0
176
0
 90
2
176
1
  1
strokes_ogs.tif
176
1
290
0
176
1
 40
1.0
176
1
 40
1.0
176
1
  0
VISUALSTYLE
  5
71
102
{ACAD_REACTORS
330
16
102
}
330
16
100
AcDbVisualStyle
  2
Wireframe
 70
5
177
3
291
0
 70
58
 90
2
176
1
 90
2
176
1
 90
0
176
1
 90
0
176
1
 40
0.6
176
1
 40
30.0
176
1
 62
7
420
16777215
176
1
 90
1
176
1
 90
4
176
1
 62
7
176
1
 62
257
176
1
 90
1
176
1
 90
1
176
1
 40
1.0
176
1
 90
8
176
1
 62
7
176
1
 40
1.0
176
1
 90
1
176
1
 90
6
176
1
 90
2
176
1
 62
7
176
1
 90
5
176
1
 90
0
176
1
 90
0
176
1
290
0
176
1
 90
1
176
1
 40
0.0
176
1
 90
0
176
1
290
0
176
1
290
1
176
1
290
1
176
1
290
0
176
1
290
0
176
1
290
0
176
1
290
0
176
1
290
0
176
1
290
0
176
1
 90
50
176
1
 40
0.0
176
1
 40
1.0
176
1
 90
0
176
1
 62
18
420
0
176
1
 90
50
176
1
 90
3
176
1
 62
5
420
255
176
1
290
0
176
1
 90
50
176
1
 90
50
176
1
 90
50
176
1
290
0
176
1
 90
50
176
1
 62
256
176
0
 40
1.0
176
0
 90
2
176
1
  1
strokes_ogs.tif
176
1
290
0
176
1
 40
1.0
176
1
 40
1.0
176
1
  0
VISUALSTYLE
  5
72
102
{ACAD_REACTORS
330
16
102
}
330
16
100
AcDbVisualStyle
  2
X-Ray
 70
25
177
3
291
0
 70
58
 90
2
176
1
 90
2
176
1
 90
0
176
1
 90
2
176
1
 40
0.5
176
1
 40
30.0
176
1
 62
7
420
16777215
176
1
 90
1
176
1
 90
4
176
1
 62
7
176
1
 62
257
176
1
 90
1
176
1
 90
1
176
1
 40
1.0
176
1
 90
8
176
1
 62
7
176
1
 40
1.0
176
1
 90
1
176
1
 90
6
176
1
 90
2
176
1
 62
7
176
1
 90
5
176
1
 90
0
176
1
 90
0
176
1
290
0
176
1
 90
1
176
1
 40
0.0
176
1
 90
0
176
1
290
0
176
1
290
1
176
1
290
1
176
1
290
0
176
1
290
0
176
1
290
0
176
1
290
0
176
1
290
0
176
1
290
0
176
1
 90
50
176
1
 40
0.0
176
1
 40
1.0
176
1
 90
0
176
1
 62
18
420
0
176
1
 90
50
176
1
 90
3
176
1
 62
5
420
255
176
1
290
0
176
1
 90
50
176
1
 90
50
176
1
 90
50
176
1
290
0
176
1
 90
50
176
1
 62
256
176
0
 40
1.0
176
0
 90
2
176
1
  1
strokes_ogs.tif
176
1
290
0
176
1
 40
1.0
176
1
 40
1.0
176
1
  0
DICTIONARYVAR
  5
D1
330
2D
100
DictionaryVariables
280
0
  1
1.4.4 @ 2026-09-29T11:25:57.218014+00:00
  0
ENDSEC
  0
EOF
