  0
SECTION
  2
HEADER
  9
$ACADVER
  1
AC1032
  9
$ACADMAINTVER
 90
4
  9
$DWGCODEPAGE
  3
ANSI_1252
  9
$LASTSAVEDBY
  1
ezdxf
  9
$REQUIREDVERSIONS
160
0
  9
$INSBASE
 10
0.0
 20
0.0
 30
0.0
  9
$EXTMIN
 10
1e+20
 20
1e+20
 30
1e+20
  9
$EXTMAX
 10
-1e+20
 20
-1e+20
 30
-1e+20
  9
$LIMMIN
 10
0.0
 20
0.0
  9
$LIMMAX
 10
420.0
 20
297.0
  9
$ORTHOMODE
 70
0
  9
$REGENMODE
 70
1
  9
$FILLMODE
 70
1
  9
$QTEXTMODE
 70
0
  9
$MIRRTEXT
 70
1
  9
$LTSCALE
 40
1.0
  9
$ATTMODE
 70
1
  9
$TEXTSIZE
 40
2.5
  9
$TRACEWID
 40
1.0
  9
$TEXTSTYLE
  7
OpenSans
  9
$CLAYER
  8
0
  9
$CELTYPE
  6
ByLayer
  9
$CECOLOR
 62
256
  9
$CELTSCALE
 40
1.0
  9
$DISPSILH
 70
0
  9
$DIMSCALE
 40
1.0
  9
$DIMASZ
 40
0.175
  9
$DIMEXO
 40
0.125
  9
$DIMDLI
 40
3.75
  9
$DIMRND
 40
0.0
  9
$DIMDLE
 40
0.0
  9
$DIMEXE
 40
0.375
  9
$DIMTP
 40
0.0
  9
$DIMTM
 40
0.0
  9
$DIMTXT
 40
0.25
  9
$DIMCEN
 40
2.5
  9
$DIMTSZ
 40
0.0
  9
$DIMTOL
 70
0
  9
$DIMLIM
 70
0
  9
$DIMTIH
 70
0
  9
$DIMTOH
 70
0
  9
$DIMSE1
 70
0
  9
$DIMSE2
 70
0
  9
$DIMTAD
 70
1
  9
$DIMZIN
 70
12
  9
$DIMBLK
  1
ARCHTICK
  9
$DIMASO
 70
1
  9
$DIMSHO
 70
1
  9
$DIMPOST
  1

  9
$DIMAPOST
  1

  9
$DIMALT
 70
0
  9
$DIMALTD
 70
3
  9
$DIMALTF
 40
0.03937007874
  9
$DIMLFAC
 40
100.0
  9
$DIMTOFL
 70
1
  9
$DIMTVP
 40
0.0
  9
$DIMTIX
 70
0
  9
$DIMSOXD
 70
0
  9
$DIMSAH
 70
0
  9
$DIMBLK1
  1

  9
$DIMBLK2
  1

  9
$DIMSTYLE
  2
EZDXF
  9
$DIMCLRD
 70
0
  9
$DIMCLRE
 70
0
  9
$DIMCLRT
 70
0
  9
$DIMTFAC
 40
0.5
  9
$DIMGAP
 40
0.1
  9
$DIMJUST
 70
0
  9
$DIMSD1
 70
0
  9
$DIMSD2
 70
0
  9
$DIMTOLJ
 70
0
  9
$DIMTZIN
 70
8
  9
$DIMALTZ
 70
0
  9
$DIMALTTZ
 70
0
  9
$DIMUPT
 70
1
  9
$DIMDEC
 70
2
  9
$DIMTDEC
 70
2
  9
$DIMALTU
 70
2
  9
$DIMALTTD
 70
3
  9
$DIMTXSTY
  7
OpenSansCondensed-Light
  9
$DIMAUNIT
 70
0
  9
$DIMADEC
 70
2
  9
$DIMALTRND
 40
0.0
  9
$DIMAZIN
 70
3
  9
$DIMDSEP
 70
46
  9
$DIMATFIT
 70
3
  9
$DIMFRAC
 70
0
  9
$DIMLDRBLK
  1

  9
$DIMLUNIT
 70
2
  9
$DIMLWD
 70
-2
  9
$DIMLWE
 70
-2
  9
$DIMTMOVE
 70
2
  9
$DIMFXL
 40
1.0
  9
$DIMFXLON
 70
0
  9
$DIMJOGANG
 40
0.785398163397
  9
$DIMTFILL
 70
0
  9
$DIMTFILLCLR
 70
0
  9
$DIMARCSYM
 70
0
  9
$DIMLTYPE
  6

  9
$DIMLTEX1
  6

  9
$DIMLTEX2
  6

  9
$DIMTXTDIRECTION
 70
0
  9
$LUNITS
 70
2
  9
$LUPREC
 70
4
  9
$SKETCHINC
 40
1.0
  9
$FILLETRAD
 40
10.0
  9
$AUNITS
 70
0
  9
$AUPREC
 70
2
  9
$MENU
  1
.
  9
$ELEVATION
 40
0.0
  9
$PELEVATION
 40
0.0
  9
$THICKNESS
 40
0.0
  9
$LIMCHECK
 70
0
  9
$CHAMFERA
 40
0.0
  9
$CHAMFERB
 40
0.0
  9
$CHAMFERC
 40
0.0
  9
$CHAMFERD
 40
0.0
  9
$SKPOLY
 70
0
  9
$TDCREATE
 40
2461313.476365741
  9
$TDUCREATE
 40
2458532.153996898
  9
$TDUPDATE
 40
2461313.476365741
  9
$TDUUPDATE
 40
2458532.1544311
  9
$TDINDWG
 40
0.0
  9
$TDUSRTIMER
 40
0.0
  9
$USRTIMER
 70
1
  9
$ANGBASE
 50
0.0
  9
$ANGDIR
 70
0
  9
$PDMODE
 70
0
  9
$PDSIZE
 40
0.0
  9
$PLINEWID
 40
0.0
  9
$SPLFRAME
 70
0
  9
$SPLINETYPE
 70
6
  9
$SPLINESEGS
 70
8
  9
$HANDSEED
  5
C2
  9
$SURFTAB1
 70
6
  9
$SURFTAB2
 70
6
  9
$SURFTYPE
 70
6
  9
$SURFU
 70
6
  9
$SURFV
 70
6
  9
$UCSBASE
  2

  9
$UCSNAME
  2

  9
$UCSORG
 10
0.0
 20
0.0
 30
0.0
  9
$UCSXDIR
 10
1.0
 20
0.0
 30
0.0
  9
$UCSYDIR
 10
0.0
 20
1.0
 30
0.0
  9
$UCSORTHOREF
  2

  9
$UCSORTHOVIEW
 70
0
  9
$UCSORGTOP
 10
0.0
 20
0.0
 30
0.0
  9
$UCSORGBOTTOM
 10
0.0
 20
0.0
 30
0.0
  9
$UCSORGLEFT
 10
0.0
 20
0.0
 30
0.0
  9
$UCSORGRIGHT
 10
0.0
 20
0.0
 30
0.0
  9
$UCSORGFRONT
 10
0.0
 20
0.0
 30
0.0
  9
$UCSORGBACK
 10
0.0
 20
0.0
 30
0.0
  9
$PUCSBASE
  2

  9
$PUCSNAME
  2

  9
$PUCSORG
 10
0.0
 20
0.0
 30
0.0
  9
$PUCSXDIR
 10
1.0
 20
0.0
 30
0.0
  9
$PUCSYDIR
 10
0.0
 20
1.0
 30
0.0
  9
$PUCSORTHOREF
  2

  9
$PUCSORTHOVIEW
 70
0
  9
$PUCSORGTOP
 10
0.0
 20
0.0
 30
0.0
  9
$PUCSORGBOTTOM
 10
0.0
 20
0.0
 30
0.0
  9
$PUCSORGLEFT
 10
0.0
 20
0.0
 30
0.0
  9
$PUCSORGRIGHT
 10
0.0
 20
0.0
 30
0.0
  9
$PUCSORGFRONT
 10
0.0
 20
0.0
 30
0.0
  9
$PUCSORGBACK
 10
0.0
 20
0.0
 30
0.0
  9
$USERI1
 70
0
  9
$USERI2
 70
0
  9
$USERI3
 70
0
  9
$USERI4
 70
0
  9
$USERI5
 70
0
  9
$USERR1
 40
0.0
  9
$USERR2
 40
0.0
  9
$USERR3
 40
0.0
  9
$USERR4
 40
0.0
  9
$USERR5
 40
0.0
  9
$WORLDVIEW
 70
1
  9
$SHADEDGE
 70
3
  9
$SHADEDIF
 70
70
  9
$TILEMODE
 70
1
  9
$MAXACTVP
 70
64
  9
$PINSBASE
 10
0.0
 20
0.0
 30
0.0
  9
$PLIMCHECK
 70
0
  9
$PEXTMIN
 10
1e+20
 20
1e+20
 30
1e+20
  9
$PEXTMAX
 10
-1e+20
 20
-1e+20
 30
-1e+20
  9
$PLIMMIN
 10
0.0
 20
0.0
  9
$PLIMMAX
 10
420.0
 20
297.0
  9
$UNITMODE
 70
0
  9
$VISRETAIN
 70
1
  9
$PLINEGEN
 70
0
  9
$PSLTSCALE
 70
1
  9
$TREEDEPTH
 70
3020
  9
$CMLSTYLE
  2
Standard
  9
$CMLJUST
 70
0
  9
$CMLSCALE
 40
20.0
  9
$PROXYGRAPHICS
 70
1
  9
$MEASUREMENT
 70
1
  9
$CELWEIGHT
370
-1
  9
$ENDCAPS
280
0
  9
$JOINSTYLE
280
0
  9
$LWDISPLAY
290
0
  9
$INSUNITS
 70
2
  9
$HYPERLINKBASE
  1

  9
$STYLESHEET
  1

  9
$XEDIT
290
1
  9
$CEPSNTYPE
380
0
  9
$PSTYLEMODE
290
1
  9
$FINGERPRINTGUID
  2
{DBFF5FB3-B009-4EAD-8345-E10E34FB1665}
  9
$VERSIONGUID
  2
{ED8B7710-1B19-4C30-B0BA-0B2F9AF0C7B4}
  9
$EXTNAMES
290
1
  9
$PSVPSCALE
 40
0.0
  9
$OLESTARTUP
290
0
  9
$SORTENTS
280
127
  9
$INDEXCTL
280
0
  9
$HIDETEXT
280
1
  9
$XCLIPFRAME
280
1
  9
$HALOGAP
280
0
  9
$OBSCOLOR
 70
257
  9
$OBSLTYPE
280
0
  9
$INTERSECTIONDISPLAY
280
0
  9
$INTERSECTIONCOLOR
 70
257
  9
$DIMASSOC
280
2
  9
$PROJECTNAME
  1

  9
$CAMERADISPLAY
290
0
  9
$LENSLENGTH
 40
50.0
  9
$CAMERAHEIGHT
 40
0.0
  9
$STEPSPERSEC
 40
24.0
  9
$STEPSIZE
 40
100.0
  9
$3DDWFPREC
 40
2.0
  9
$PSOLWIDTH
 40
0.005
  9
$PSOLHEIGHT
 40
0.08
  9
$LOFTANG1
 40
1.570796326795
  9
$LOFTANG2
 40
1.570796326795
  9
$LOFTMAG1
 40
0.0
  9
$LOFTMAG2
 40
0.0
  9
$LOFTPARAM
 70
7
  9
$LOFTNORMALS
280
1
  9
$LATITUDE
 40
37.795
  9
$LONGITUDE
 40
-122.394
  9
$NORTHDIRECTION
 40
0.0
  9
$TIMEZONE
 70
-8000
  9
$LIGHTGLYPHDISPLAY
280
1
  9
$TILEMODELIGHTSYNCH
280
1
  9
$CMATERIAL
347
20
  9
$SOLIDHIST
280
0
  9
$SHOWHIST
280
1
  9
$DWFFRAME
280
2
  9
$DGNFRAME
280
2
  9
$REALWORLDSCALE
290
1
  9
$INTERFERECOLOR
 62
256
  9
$CSHADOW
280
0
  9
$SHADOWPLANELOCATION
 40
0.0
  0
ENDSEC
  0
SECTION
  2
CLASSES
  0
CLASS
  1
ACDBDICTIONARYWDFLT
  2
AcDbDictionaryWithDefault
  3
ObjectDBX Classes
 90
0
 91
0
280
0
281
0
  0
CLASS
  1
SUN
  2
AcDbSun
  3
SCENEOE
 90
1153
 91
0
280
0
281
0
  0
CLASS
  1
VISUALSTYLE
  2
AcDbVisualStyle
  3
ObjectDBX Classes
 90
4095
 91
0
280
0
281
0
  0
CLASS
  1
MATERIAL
  2
AcDbMaterial
  3
ObjectDBX Classes
 90
1153
 91
0
280
0
281
0
  0
CLASS
  1
SCALE
  2
AcDbScale
  3
ObjectDBX Classes
 90
1153
 91
0
280
0
281
0
  0
CLASS
  1
TABLESTYLE
  2
AcDbTableStyle
  3
ObjectDBX Classes
 90
4095
 91
0
280
0
281
0
  0
CLASS
  1
MLEADERSTYLE
  2
AcDbMLeaderStyle
  3
ACDB_MLEADERSTYLE_CLASS
 90
4095
 91
0
280
0
281
0
  0
CLASS
  1
DICTIONARYVAR
  2
AcDbDictionaryVar
  3
ObjectDBX Classes
 90
0
 91
0
280
0
281
0
  0
CLASS
  1
CELLSTYLEMAP
  2
AcDbCellStyleMap
  3
ObjectDBX Classes
 90
1152
 91
0
280
0
281
0
  0
CLASS
  1
MENTALRAYRENDERSETTINGS
  2
AcDbMentalRayRenderSettings
  3
SCENEOE
 90
1024
 91
0
280
0
281
0
  0
CLASS
  1
ACDBDETAILVIEWSTYLE
  2
AcDbDetailViewStyle
  3
ObjectDBX Classes
 90
1025
 91
0
280
0
281
0
  0
CLASS
  1
ACDBSECTIONVIEWSTYLE
  2
AcDbSectionViewStyle
  3
ObjectDBX Classes
 90
1025
 91
0
280
0
281
0
  0
CLASS
  1
RASTERVARIABLES
  2
AcDbRasterVariables
  3
ISM
 90
0
 91
0
280
0
281
0
  0
CLASS
  1
LAYOUT
  2
AcDbLayout
  3
ObjectDBX Classes
 90
0
 91
0
280
0
281
0
  0
CLASS
  1
ACDBPLACEHOLDER
  2
AcDbPlaceHolder
  3
ObjectDBX Classes
 90
0
 91
0
280
0
281
0
  0
ENDSEC
  0
SECTION
  2
TABLES
  0
TABLE
  2
VPORT
  5
8
330
0
100
AcDbSymbolTable
 70
1
  0
VPORT
  5
23
330
8
100
AcDbSymbolTableRecord
100
AcDbViewportTableRecord
  2
*Active
 70
0
 10
0.0
 20
0.0
 11
1.0
 21
1.0
 12
0.0
 22
0.0
 13
0.0
 23
0.0
 14
0.5
 24
0.5
 15
0.5
 25
0.5
 16
0.0
 26
0.0
 36
1.0
 17
0.0
 27
0.0
 37
0.0
 40
1000.0
 41
1.34
 42
50.0
 43
0.0
 44
0.0
 50
0.0
 51
0.0
 71
0
 72
1000
 73
1
 74
3
 75
0
 76
0
 77
0
 78
0
281
0
 65
0
146
0.0
  0
ENDTAB
  0
TABLE
  2
LTYPE
  5
2
330
0
100
AcDbSymbolTable
 70
21
  0
LTYPE
  5
24
330
2
100
AcDbSymbolTableRecord
100
AcDbLinetypeTableRecord
  2
ByBlock
 70
0
  3

 72
65
 73
0
 40
0.0
  0
LTYPE
  5
25
330
2
100
AcDbSymbolTableRecord
100
AcDbLinetypeTableRecord
  2
ByLayer
 70
0
  3

 72
65
 73
0
 40
0.0
  0
LTYPE
  5
26
330
2
100
AcDbSymbolTableRecord
100
AcDbLinetypeTableRecord
  2
Continuous
 70
0
  3

 72
65
 73
0
 40
0.0
  0
LTYPE
  5
2F
330
2
100
AcDbSymbolTableRecord
100
AcDbLinetypeTableRecord
  2
CENTER
 70
0
  3
Center ____ _ ____ _ ____ _ ____ _ ____ _ ____
 72
65
 73
4
 40
5.08
 49
3.175
 74
0
 49
-0.635
 74
0
 49
0.635
 74
0
 49
-0.635
 74
0
  0
LTYPE
  5
30
330
2
100
AcDbSymbolTableRecord
100
AcDbLinetypeTableRecord
  2
CENTERX2
 70
0
  3
Center (2x) ________  __  ________  __  ________
 72
65
 73
4
 40
8.89
 49
6.35
 74
0
 49
-0.635
 74
0
 49
1.27
 74
0
 49
-0.635
 74
0
  0
LTYPE
  5
31
330
2
100
AcDbSymbolTableRecord
100
AcDbLinetypeTableRecord
  2
CENTER2
 70
0
  3
Center (.5x) ____ _ ____ _ ____ _ ____ _ ____
 72
65
 73
4
 40
2.54
 49
1.587
 74
0
 49
-0.318
 74
0
 49
0.318
 74
0
 49
-0.318
 74
0
  0
LTYPE
  5
32
330
2
100
AcDbSymbolTableRecord
100
AcDbLinetypeTableRecord
  2
DASHED
 70
0
  3
Dashed __ __ __ __ __ __ __ __ __ __ __ __ __ _
 72
65
 73
2
 40
1.524
 49
1.27
 74
0
 49
-0.254
 74
0
  0
LTYPE
  5
33
330
2
100
AcDbSymbolTableRecord
100
AcDbLinetypeTableRecord
  2
DASHEDX2
 70
0
  3
Dashed (2x) ____  ____  ____  ____  ____  ____
 72
65
 73
2
 40
3.048
 49
2.54
 74
0
 49
-0.508
 74
0
  0
LTYPE
  5
34
330
2
100
AcDbSymbolTableRecord
100
AcDbLinetypeTableRecord
  2
DASHED2
 70
0
  3
Dashed (.5x) _ _ _ _ _ _ _ _ _ _ _ _ _ _
 72
65
 73
2
 40
0.762
 49
0.635
 74
0
 49
-0.127
 74
0
  0
LTYPE
  5
35
330
2
100
AcDbSymbolTableRecord
100
AcDbLinetypeTableRecord
  2
PHANTOM
 70
0
  3
Phantom ______  __  __  ______  __  __  ______
 72
65
 73
6
 40
6.35
 49
3.175
 74
0
 49
-0.635
 74
0
 49
0.635
 74
0
 49
-0.635
 74
0
 49
0.635
 74
0
 49
-0.635
 74
0
  0
LTYPE
  5
36
330
2
100
AcDbSymbolTableRecord
100
AcDbLinetypeTableRecord
  2
PHANTOMX2
 70
0
  3
Phantom (2x)____________    ____    ____    ____________
 72
65
 73
6
 40
10.795
 49
6.35
 74
0
 49
-0.635
 74
0
 49
1.27
 74
0
 49
-0.635
 74
0
 49
1.27
 74
0
 49
-0.635
 74
0
  0
LTYPE
  5
37
330
2
100
AcDbSymbolTableRecord
100
AcDbLinetypeTableRecord
  2
PHANTOM2
 70
0
  3
Phantom (.5x) ___ _ _ ___ _ _ ___ _ _ ___ _ _ ___
 72
65
 73
6
 40
3.175
 49
1.587
 74
0
 49
-0.318
 74
0
 49
0.318
 74
0
 49
-0.318
 74
0
 49
0.318
 74
0
 49
-0.318
 74
0
  0
LTYPE
  5
38
330
2
100
AcDbSymbolTableRecord
100
AcDbLinetypeTableRecord
  2
DASHDOT
 70
0
  3
Dash dot __ . __ . __ . __ . __ . __ . __ . __
 72
65
 73
4
 40
3.556
 49
2.54
 74
0
 49
-0.508
 74
0
 49
0.0
 74
0
 49
-0.508
 74
0
  0
LTYPE
  5
39
330
2
100
AcDbSymbolTableRecord
100
AcDbLinetypeTableRecord
  2
DASHDOTX2
 70
0
  3
Dash dot (2x) ____  .  ____  .  ____  .  ____
 72
65
 73
4
 40
6.096
 49
5.08
 74
0
 49
-0.508
 74
0
 49
0.0
 74
0
 49
-0.508
 74
0
  0
LTYPE
  5
3A
330
2
100
AcDbSymbolTableRecord
100
AcDbLinetypeTableRecord
  2
DASHDOT2
 70
0
  3
Dash dot (.5x) _ . _ . _ . _ . _ . _ . _ . _
 72
65
 73
4
 40
1.778
 49
1.27
 74
0
 49
-0.254
 74
0
 49
0.0
 74
0
 49
-0.254
 74
0
  0
LTYPE
  5
3B
330
2
100
AcDbSymbolTableRecord
100
AcDbLinetypeTableRecord
  2
DOT
 70
0
  3
Dot .  .  .  .  .  .  .  .  .  .  .  .  .  .  .  .
 72
65
 73
2
 40
0.508
 49
0.0
 74
0
 49
-0.508
 74
0
  0
LTYPE
  5
3C
330
2
100
AcDbSymbolTableRecord
100
AcDbLinetypeTableRecord
  2
DOTX2
 70
0
  3
Dot (2x) .    .    .    .    .    .    .    . 
 72
65
 73
2
 40
1.016
 49
0.0
 74
0
 49
-1.016
 74
0
  0
LTYPE
  5
3D
330
2
100
AcDbSymbolTableRecord
100
AcDbLinetypeTableRecord
  2
DOT2
 70
0
  3
Dot (.5) . . . . . . . . . . . . . . . . . . . 
 72
65
 73
2
 40
0.254
 49
0.0
 74
0
 49
-0.254
 74
0
  0
LTYPE
  5
3E
330
2
100
AcDbSymbolTableRecord
100
AcDbLinetypeTableRecord
  2
DIVIDE
 70
0
  3
Divide __ . . __ . . __ . . __ . . __ . . __
 72
65
 73
6
 40
4.064
 49
2.54
 74
0
 49
-0.508
 74
0
 49
0.0
 74
0
 49
-0.508
 74
0
 49
0.0
 74
0
 49
-0.508
 74
0
  0
LTYPE
  5
3F
330
2
100
AcDbSymbolTableRecord
100
AcDbLinetypeTableRecord
  2
DIVIDEX2
 70
0
  3
Divide (2x) ____  . .  ____  . .  ____  . .  ____
 72
65
 73
6
 40
6.604
 49
5.08
 74
0
 49
-0.508
 74
0
 49
0.0
 74
0
 49
-0.508
 74
0
 49
0.0
 74
0
 49
-0.508
 74
0
  0
LTYPE
  5
40
330
2
100
AcDbSymbolTableRecord
100
AcDbLinetypeTableRecord
  2
DIVIDE2
 70
0
  3
Divide(.5x) _ . _ . _ . _ . _ . _ . _ . _
 72
65
 73
6
 40
2.032
 49
1.27
 74
0
 49
-0.254
 74
0
 49
0.0
 74
0
 49
-0.254
 74
0
 49
0.0
 74
0
 49
-0.254
 74
0
  0
ENDTAB
  0
TABLE
  2
LAYER
  5
1
330
0
100
AcDbSymbolTable
 70
19
  0
LAYER
  5
27
330
1
100
AcDbSymbolTableRecord
100
AcDbLayerTableRecord
  2
0
 70
0
 62
7
  6
Continuous
370
-3
390
13
347
21
  0
LAYER
  5
28
330
1
100
AcDbSymbolTableRecord
100
AcDbLayerTableRecord
  2
Defpoints
 70
0
 62
7
  6
Continuous
290
0
370
-3
390
13
347
21
  0
LAYER
  5
8A
330
1
100
AcDbSymbolTableRecord
100
AcDbLayerTableRecord
  2
A-WALL
 70
0
 62
7
  6
Continuous
370
-3
390
13
347
21
  0
LAYER
  5
8B
330
1
100
AcDbSymbolTableRecord
100
AcDbLayerTableRecord
  2
A-DOOR
 70
0
 62
3
  6
Continuous
370
-3
390
13
347
21
  0
LAYER
  5
8C
330
1
100
AcDbSymbolTableRecord
100
AcDbLayerTableRecord
  2
A-GLAZ
 70
0
 62
4
  6
Continuous
370
-3
390
13
347
21
  0
LAYER
  5
8D
330
1
100
AcDbSymbolTableRecord
100
AcDbLayerTableRecord
  2
A-DECK
 70
0
 62
32
  6
Continuous
370
-3
390
13
347
21
  0
LAYER
  5
8E
330
1
100
AcDbSymbolTableRecord
100
AcDbLayerTableRecord
  2
A-ROOF-OUTL
 70
0
 62
8
  6
Continuous
370
-3
390
13
347
21
  0
LAYER
  5
8F
330
1
100
AcDbSymbolTableRecord
100
AcDbLayerTableRecord
  2
A-FURN
 70
0
 62
9
  6
Continuous
370
-3
390
13
347
21
  0
LAYER
  5
90
330
1
100
AcDbSymbolTableRecord
100
AcDbLayerTableRecord
  2
A-ANNO
 70
0
 62
2
  6
Continuous
370
-3
390
13
347
21
  0
LAYER
  5
91
330
1
100
AcDbSymbolTableRecord
100
AcDbLayerTableRecord
  2
M-HULL
 70
0
 62
7
420
12107460
  6
Continuous
370
-3
390
13
347
21
  0
LAYER
  5
93
330
1
100
AcDbSymbolTableRecord
100
AcDbLayerTableRecord
  2
M-BAND
 70
0
 62
7
420
3817285
  6
Continuous
370
-3
390
13
347
21
  0
LAYER
  5
95
330
1
100
AcDbSymbolTableRecord
100
AcDbLayerTableRecord
  2
M-DOME
 70
0
 62
7
420
9425919
  6
Continuous
370
-3
390
13
347
21
  0
LAYER
  5
97
330
1
100
AcDbSymbolTableRecord
100
AcDbLayerTableRecord
  2
M-LED-RING
 70
0
 62
7
420
8191952
  6
Continuous
370
-3
390
13
347
21
  0
LAYER
  5
99
330
1
100
AcDbSymbolTableRecord
100
AcDbLayerTableRecord
  2
M-PORTHOLES
 70
0
 62
7
420
6091007
  6
Continuous
370
-3
390
13
347
21
  0
LAYER
  5
9B
330
1
100
AcDbSymbolTableRecord
100
AcDbLayerTableRecord
  2
M-LEGS
 70
0
 62
7
420
2830131
  6
Continuous
370
-3
390
13
347
21
  0
LAYER
  5
9D
330
1
100
AcDbSymbolTableRecord
100
AcDbLayerTableRecord
  2
M-FEET
 70
0
 62
7
420
4870231
  6
Continuous
370
-3
390
13
347
21
  0
LAYER
  5
9F
330
1
100
AcDbSymbolTableRecord
100
AcDbLayerTableRecord
  2
M-RAMP
 70
0
 62
7
420
7041141
  6
Continuous
370
-3
390
13
347
21
  0
LAYER
  5
A1
330
1
100
AcDbSymbolTableRecord
100
AcDbLayerTableRecord
  2
M-HATCH
 70
0
 62
7
420
2237994
  6
Continuous
370
-3
390
13
347
21
  0
LAYER
  5
A3
330
1
100
AcDbSymbolTableRecord
100
AcDbLayerTableRecord
  2
M-ANTENNA
 70
0
 62
7
420
14673128
  6
Continuous
370
-3
390
13
347
21
  0
ENDTAB
  0
TABLE
  2
STYLE
  5
5
330
0
100
AcDbSymbolTable
 70
26
  0
STYLE
  5
29
330
5
100
AcDbSymbolTableRecord
100
AcDbTextStyleTableRecord
  2
Standard
 70
0
 40
0.0
 41
1.0
 50
0.0
 71
0
 42
2.5
  3
txt
  4

  0
STYLE
  5
41
330
5
100
AcDbSymbolTableRecord
100
AcDbTextStyleTableRecord
  2
OpenSans-Light
 70
0
 40
0.0
 41
1.0
 50
0.0
 71
0
 42
2.5
  3
OpenSans-Light.ttf
  4

  0
STYLE
  5
42
330
5
100
AcDbSymbolTableRecord
100
AcDbTextStyleTableRecord
  2
OpenSans-Light-Italic
 70
0
 40
0.0
 41
1.0
 50
0.0
 71
0
 42
2.5
  3
OpenSans-LightItalic.ttf
  4

  0
STYLE
  5
43
330
5
100
AcDbSymbolTableRecord
100
AcDbTextStyleTableRecord
  2
OpenSans
 70
0
 40
0.0
 41
1.0
 50
0.0
 71
0
 42
2.5
  3
OpenSans-Regular.ttf
  4

  0
STYLE
  5
44
330
5
100
AcDbSymbolTableRecord
100
AcDbTextStyleTableRecord
  2
OpenSans-Italic
 70
0
 40
0.0
 41
1.0
 50
0.0
 71
0
 42
2.5
  3
OpenSans-Italic.ttf
  4

  0
STYLE
  5
45
330
5
100
AcDbSymbolTableRecord
100
AcDbTextStyleTableRecord
  2
OpenSans-SemiBold
 70
0
 40
0.0
 41
1.0
 50
0.0
 71
0
 42
2.5
  3
OpenSans-SemiBold.ttf
  4

  0
STYLE
  5
46
330
5
100
AcDbSymbolTableRecord
100
AcDbTextStyleTableRecord
  2
OpenSans-SemiBoldItalic
 70
0
 40
0.0
 41
1.0
 50
0.0
 71
0
 42
2.5
  3
OpenSans-SemiBoldItalic.ttf
  4

  0
STYLE
  5
47
330
5
100
AcDbSymbolTableRecord
100
AcDbTextStyleTableRecord
  2
OpenSans-Bold
 70
0
 40
0.0
 41
1.0
 50
0.0
 71
0
 42
2.5
  3
OpenSans-Bold.ttf
  4

  0
STYLE
  5
48
330
5
100
AcDbSymbolTableRecord
100
AcDbTextStyleTableRecord
  2
OpenSans-BoldItalic
 70
0
 40
0.0
 41
1.0
 50
0.0
 71
0
 42
2.5
  3
OpenSans-BoldItalic.ttf
  4

  0
STYLE
  5
49
330
5
100
AcDbSymbolTableRecord
100
AcDbTextStyleTableRecord
  2
OpenSans-ExtraBold
 70
0
 40
0.0
 41
1.0
 50
0.0
 71
0
 42
2.5
  3
OpenSans-ExtraBold.ttf
  4

  0
STYLE
  5
4A
330
5
100
AcDbSymbolTableRecord
100
AcDbTextStyleTableRecord
  2
OpenSans-ExtraBoldItalic
 70
0
 40
0.0
 41
1.0
 50
0.0
 71
0
 42
2.5
  3
OpenSans-ExtraBoldItalic.ttf
  4

  0
STYLE
  5
4B
330
5
100
AcDbSymbolTableRecord
100
AcDbTextStyleTableRecord
  2
OpenSansCondensed-Bold
 70
0
 40
0.0
 41
1.0
 50
0.0
 71
0
 42
2.5
  3
OpenSansCondensed-Bold.ttf
  4

  0
STYLE
  5
4C
330
5
100
AcDbSymbolTableRecord
100
AcDbTextStyleTableRecord
  2
OpenSansCondensed-Light
 70
0
 40
0.0
 41
1.0
 50
0.0
 71
0
 42
2.5
  3
OpenSansCondensed-Light.ttf
  4

  0
STYLE
  5
4D
330
5
100
AcDbSymbolTableRecord
100
AcDbTextStyleTableRecord
  2
OpenSansCondensed-Italic
 70
0
 40
0.0
 41
1.0
 50
0.0
 71
0
 42
2.5
  3
OpenSansCondensed-LightItalic.ttf
  4

  0
STYLE
  5
4E
330
5
100
AcDbSymbolTableRecord
100
AcDbTextStyleTableRecord
  2
LiberationSans
 70
0
 40
0.0
 41
1.0
 50
0.0
 71
0
 42
2.5
  3
LiberationSans-Regular.ttf
  4

  0
STYLE
  5
4F
330
5
100
AcDbSymbolTableRecord
100
AcDbTextStyleTableRecord
  2
LiberationSans-Bold
 70
0
 40
0.0
 41
1.0
 50
0.0
 71
0
 42
2.5
  3
LiberationSans-Bold.ttf
  4

  0
STYLE
  5
50
330
5
100
AcDbSymbolTableRecord
100
AcDbTextStyleTableRecord
  2
LiberationSans-BoldItalic
 70
0
 40
0.0
 41
1.0
 50
0.0
 71
0
 42
2.5
  3
LiberationSans-BoldItalic.ttf
  4

  0
STYLE
  5
51
330
5
100
AcDbSymbolTableRecord
100
AcDbTextStyleTableRecord
  2
LiberationSans-Italic
 70
0
 40
0.0
 41
1.0
 50
0.0
 71
0
 42
2.5
  3
LiberationSans-Italic.ttf
  4

  0
STYLE
  5
52
330
5
100
AcDbSymbolTableRecord
100
AcDbTextStyleTableRecord
  2
LiberationSerif
 70
0
 40
0.0
 41
1.0
 50
0.0
 71
0
 42
2.5
  3
LiberationSerif-Regular.ttf
  4

  0
STYLE
  5
53
330
5
100
AcDbSymbolTableRecord
100
AcDbTextStyleTableRecord
  2
LiberationSerif-Bold
 70
0
 40
0.0
 41
1.0
 50
0.0
 71
0
 42
2.5
  3
LiberationSerif-Bold.ttf
  4

  0
STYLE
  5
54
330
5
100
AcDbSymbolTableRecord
100
AcDbTextStyleTableRecord
  2
LiberationSerif-BoldItalic
 70
0
 40
0.0
 41
1.0
 50
0.0
 71
0
 42
2.5
  3
LiberationSerif-BoldItalic.ttf
  4

  0
STYLE
  5
55
330
5
100
AcDbSymbolTableRecord
100
AcDbTextStyleTableRecord
  2
LiberationSerif-Italic
 70
0
 40
0.0
 41
1.0
 50
0.0
 71
0
 42
2.5
  3
LiberationSerif-Italic.ttf
  4

  0
STYLE
  5
56
330
5
100
AcDbSymbolTableRecord
100
AcDbTextStyleTableRecord
  2
LiberationMono
 70
0
 40
0.0
 41
1.0
 50
0.0
 71
0
 42
2.5
  3
LiberationMono-Regular.ttf
  4

  0
STYLE
  5
57
330
5
100
AcDbSymbolTableRecord
100
AcDbTextStyleTableRecord
  2
LiberationMono-Bold
 70
0
 40
0.0
 41
1.0
 50
0.0
 71
0
 42
2.5
  3
LiberationMono-Bold.ttf
  4

  0
STYLE
  5
58
330
5
100
AcDbSymbolTableRecord
100
AcDbTextStyleTableRecord
  2
LiberationMono-BoldItalic
 70
0
 40
0.0
 41
1.0
 50
0.0
 71
0
 42
2.5
  3
LiberationMono-BoldItalic.ttf
  4

  0
STYLE
  5
59
330
5
100
AcDbSymbolTableRecord
100
AcDbTextStyleTableRecord
  2
LiberationMono-Italic
 70
0
 40
0.0
 41
1.0
 50
0.0
 71
0
 42
2.5
  3
LiberationMono-Italic.ttf
  4

  0
ENDTAB
  0
TABLE
  2
VIEW
  5
7
330
0
100
AcDbSymbolTable
 70
0
  0
ENDTAB
  0
TABLE
  2
UCS
  5
6
330
0
100
AcDbSymbolTable
 70
0
  0
ENDTAB
  0
TABLE
  2
APPID
  5
3
330
0
100
AcDbSymbolTable
 70
3
  0
APPID
  5
2A
330
3
100
AcDbSymbolTableRecord
100
AcDbRegAppTableRecord
  2
ACAD
 70
0
  0
APPID
  5
BF
330
3
100
AcDbSymbolTableRecord
100
AcDbRegAppTableRecord
  2
HATCHBACKGROUNDCOLOR
 70
0
  0
APPID
  5
C0
330
3
100
AcDbSymbolTableRecord
100
AcDbRegAppTableRecord
  2
EZDXF
 70
0
  0
ENDTAB
  0
TABLE
  2
DIMSTYLE
  5
4
330
0
100
AcDbSymbolTable
 70
12
100
AcDbDimStyleTable
  0
DIMSTYLE
105
2B
330
4
100
AcDbSymbolTableRecord
100
AcDbDimStyleTableRecord
  2
Standard
 70
0
 40
1.0
 41
2.5
 42
0.625
 43
3.75
 44
1.25
 45
0.0
 46
0.0
 47
0.0
 48
0.0
 49
2.5
140
2.5
141
2.5
142
0.0
143
0.03937007874
144
1.0
145
0.0
146
1.0
147
0.625
148
0.0
 69
0
 70
0
 71
0
 72
0
 73
0
 74
0
 75
0
 76
0
 77
1
 78
8
 79
3
170
0
171
3
172
1
173
0
174
0
175
0
176
0
177
0
178
0
179
2
271
2
272
2
273
2
274
3
275
0
276
0
277
2
278
44
279
0
280
0
281
0
282
0
283
0
284
8
285
0
286
0
288
0
289
3
290
0
371
-2
372
-2
  0
DIMSTYLE
105
73
330
4
100
AcDbSymbolTableRecord
100
AcDbDimStyleTableRecord
  2
EZDXF
 70
0
 40
1.0
 41
0.175
 42
0.125
 43
3.75
 44
0.375
 45
0.0
 46
0.0
 47
0.0
 48
0.0
 49
2.5
140
0.25
141
2.5
142
0.0
143
0.03937007874
144
100.0
145
0.0
146
0.5
147
0.1
148
0.0
 69
0
 70
0
 71
0
 72
0
 73
0
 74
0
 75
0
 76
0
 77
1
 78
12
 79
3
170
0
171
3
172
1
173
0
174
0
175
0
176
0
177
0
178
0
179
2
271
2
272
2
273
2
274
3
275
0
276
0
277
2
278
46
279
2
280
0
281
0
282
0
283
0
284
8
285
0
286
0
288
1
289
3
290
0
340
4C
342
74
371
-2
372
-2
  0
DIMSTYLE
105
7C
330
4
100
AcDbSymbolTableRecord
100
AcDbDimStyleTableRecord
  2
EZ_M_100_H25_CM
 70
0
 40
1.0
 41
0.25
 42
0.125
 43
3.75
 44
0.375
 45
0.0
 46
0.0
 47
0.0
 48
0.0
 49
2.5
140
0.25
141
2.5
142
0.125
143
0.03937007874
144
100.0
145
0.0
146
0.5
147
0.1
148
0.0
 69
0
 70
0
 71
0
 72
0
 73
0
 74
0
 75
0
 76
0
 77
1
 78
12
 79
3
170
0
171
3
172
1
173
0
174
0
175
0
176
0
177
0
178
0
179
2
271
2
272
2
273
2
274
3
275
0
276
0
277
2
278
46
279
2
280
0
281
0
282
0
283
0
284
8
285
0
286
0
288
1
289
3
290
0
340
4C
371
-2
372
-2
  0
DIMSTYLE
105
7D
330
4
100
AcDbSymbolTableRecord
100
AcDbDimStyleTableRecord
  2
EZ_M_50_H25_CM
 70
0
 40
1.0
 41
0.125
 42
0.0625
 43
3.75
 44
0.1875
 45
0.0
 46
0.0
 47
0.0
 48
0.0
 49
2.5
140
0.125
141
2.5
142
0.0625
143
0.03937007874
144
100.0
145
0.0
146
0.5
147
0.05
148
0.0
 69
0
 70
0
 71
0
 72
0
 73
0
 74
0
 75
0
 76
0
 77
1
 78
12
 79
3
170
0
171
3
172
1
173
0
174
0
175
0
176
0
177
0
178
0
179
2
271
2
272
2
273
2
274
3
275
0
276
0
277
2
278
46
279
2
280
0
281
0
282
0
283
0
284
8
285
0
286
0
288
1
289
3
290
0
340
4C
371
-2
372
-2
  0
DIMSTYLE
105
7E
330
4
100
AcDbSymbolTableRecord
100
AcDbDimStyleTableRecord
  2
EZ_M_25_H25_CM
 70
0
 40
1.0
 41
0.0625
 42
0.03125
 43
3.75
 44
0.09375
 45
0.0
 46
0.0
 47
0.0
 48
0.0
 49
2.5
140
0.0625
141
2.5
142
0.03125
143
0.03937007874
144
100.0
145
0.0
146
0.5
147
0.025
148
0.0
 69
0
 70
0
 71
0
 72
0
 73
0
 74
0
 75
0
 76
0
 77
1
 78
12
 79
3
170
0
171
3
172
1
173
0
174
0
175
0
176
0
177
0
178
0
179
2
271
2
272
2
273
2
274
3
275
0
276
0
277
2
278
46
279
2
280
0
281
0
282
0
283
0
284
8
285
0
286
0
288
1
289
3
290
0
340
4C
371
-2
372
-2
  0
DIMSTYLE
105
7F
330
4
100
AcDbSymbolTableRecord
100
AcDbDimStyleTableRecord
  2
EZ_M_20_H25_CM
 70
0
 40
1.0
 41
0.05
 42
0.025
 43
3.75
 44
0.07500000000000001
 45
0.0
 46
0.0
 47
0.0
 48
0.0
 49
2.5
140
0.05
141
2.5
142
0.025
143
0.03937007874
144
100.0
145
0.0
146
0.5
147
0.020000000000000004
148
0.0
 69
0
 70
0
 71
0
 72
0
 73
0
 74
0
 75
0
 76
0
 77
1
 78
12
 79
3
170
0
171
3
172
1
173
0
174
0
175
0
176
0
177
0
178
0
179
2
271
2
272
2
273
2
274
3
275
0
276
0
277
2
278
46
279
2
280
0
281
0
282
0
283
0
284
8
285
0
286
0
288
1
289
3
290
0
340
4C
371
-2
372
-2
  0
DIMSTYLE
105
80
330
4
100
AcDbSymbolTableRecord
100
AcDbDimStyleTableRecord
  2
EZ_M_10_H25_CM
 70
0
 40
1.0
 41
0.025
 42
0.0125
 43
3.75
 44
0.037500000000000006
 45
0.0
 46
0.0
 47
0.0
 48
0.0
 49
2.5
140
0.025
141
2.5
142
0.0125
143
0.03937007874
144
100.0
145
0.0
146
0.5
147
0.010000000000000002
148
0.0
 69
0
 70
0
 71
0
 72
0
 73
0
 74
0
 75
0
 76
0
 77
1
 78
12
 79
3
170
0
171
3
172
1
173
0
174
0
175
0
176
0
177
0
178
0
179
2
271
2
272
2
273
2
274
3
275
0
276
0
277
2
278
46
279
2
280
0
281
0
282
0
283
0
284
8
285
0
286
0
288
1
289
3
290
0
340
4C
371
-2
372
-2
  0
DIMSTYLE
105
81
330
4
100
AcDbSymbolTableRecord
100
AcDbDimStyleTableRecord
  2
EZ_M_5_H25_CM
 70
0
 40
1.0
 41
0.0125
 42
0.00625
 43
3.75
 44
0.018750000000000003
 45
0.0
 46
0.0
 47
0.0
 48
0.0
 49
2.5
140
0.0125
141
2.5
142
0.00625
143
0.03937007874
144
100.0
145
0.0
146
0.5
147
0.005000000000000001
148
0.0
 69
0
 70
0
 71
0
 72
0
 73
0
 74
0
 75
0
 76
0
 77
1
 78
12
 79
3
170
0
171
3
172
1
173
0
174
0
175
0
176
0
177
0
178
0
179
2
271
2
272
2
273
2
274
3
275
0
276
0
277
2
278
46
279
2
280
0
281
0
282
0
283
0
284
8
285
0
286
0
288
1
289
3
290
0
340
4C
371
-2
372
-2
  0
DIMSTYLE
105
82
330
4
100
AcDbSymbolTableRecord
100
AcDbDimStyleTableRecord
  2
EZ_M_1_H25_CM
 70
0
 40
1.0
 41
0.0025
 42
0.00125
 43
3.75
 44
0.00375
 45
0.0
 46
0.0
 47
0.0
 48
0.0
 49
2.5
140
0.0025
141
2.5
142
0.00125
143
0.03937007874
144
100.0
145
0.0
146
0.5
147
0.001
148
0.0
 69
0
 70
0
 71
0
 72
0
 73
0
 74
0
 75
0
 76
0
 77
1
 78
12
 79
3
170
0
171
3
172
1
173
0
174
0
175
0
176
0
177
0
178
0
179
2
271
2
272
2
273
2
274
3
275
0
276
0
277
2
278
46
279
2
280
0
281
0
282
0
283
0
284
8
285
0
286
0
288
1
289
3
290
0
340
4C
371
-2
372
-2
  0
DIMSTYLE
105
83
330
4
100
AcDbSymbolTableRecord
100
AcDbDimStyleTableRecord
  2
EZ_RADIUS
 70
0
 40
1.0
 41
0.25
 42
0.125
 43
3.75
 44
0.375
 45
0.0
 46
0.0
 47
0.0
 48
0.0
 49
2.5
140
0.25
141
0.0
142
0.0
143
0.03937007874
144
100.0
145
0.0
146
0.5
147
0.1
148
0.0
 69
0
 70
0
 71
0
 72
0
 73
0
 74
0
 75
0
 76
0
 77
1
 78
12
 79
3
170
0
171
3
172
0
173
0
174
0
175
0
176
0
177
0
178
0
179
2
271
2
272
2
273
2
274
3
275
0
276
0
277
2
278
46
279
1
280
0
281
0
282
0
283
0
284
8
285
0
286
0
288
1
289
3
290
0
340
4C
342
84
371
-2
372
-2
  0
DIMSTYLE
105
88
330
4
100
AcDbSymbolTableRecord
100
AcDbDimStyleTableRecord
  2
EZ_RADIUS_INSIDE
 70
0
 40
1.0
 41
0.25
 42
0.125
 43
3.75
 44
0.375
 45
0.0
 46
0.0
 47
0.0
 48
0.0
 49
2.5
140
0.25
141
0.0
142
0.0
143
0.03937007874
144
100.0
145
0.0
146
0.5
147
0.1
148
0.0
 69
0
 70
0
 71
0
 72
0
 73
0
 74
0
 75
0
 76
0
 77
0
 78
12
 79
3
170
0
171
3
172
0
173
0
174
1
175
0
176
0
177
0
178
0
179
2
271
2
272
2
273
2
274
3
275
0
276
0
277
2
278
46
279
0
280
0
281
0
282
0
283
0
284
8
285
0
286
0
288
1
289
0
290
0
340
4C
342
84
371
-2
372
-2
  0
DIMSTYLE
105
89
330
4
100
AcDbSymbolTableRecord
100
AcDbDimStyleTableRecord
  2
EZ_CURVED
 70
0
 40
1.0
 41
0.25
 42
0.125
 43
3.75
 44
0.375
 45
0.0
 46
0.0
 47
0.0
 48
0.0
 49
2.5
140
0.25
141
2.5
142
0.0
143
0.03937007874
144
100.0
145
0.0
146
0.5
147
0.1
148
0.0
 69
0
 70
0
 71
0
 72
0
 73
0
 74
0
 75
0
 76
0
 77
1
 78
12
 79
2
 90
2
170
0
171
3
172
1
173
0
174
0
175
0
176
0
177
0
178
0
179
2
271
2
272
2
273
2
274
3
275
0
276
0
277
2
278
46
279
2
280
0
281
0
282
0
283
0
284
8
285
0
286
0
288
1
289
3
290
0
340
4C
371
-2
372
-2
  0
ENDTAB
  0
TABLE
  2
BLOCK_RECORD
  5
9
330
0
100
AcDbSymbolTable
 70
5
  0
BLOCK_RECORD
  5
17
330
9
100
AcDbSymbolTableRecord
100
AcDbBlockTableRecord
  2
*Model_Space
340
1A
 70
0
280
1
281
0
  0
BLOCK_RECORD
  5
1B
330
9
100
AcDbSymbolTableRecord
100
AcDbBlockTableRecord
  2
*Paper_Space
340
1E
 70
0
280
1
281
0
  0
BLOCK_RECORD
  5
74
330
9
100
AcDbSymbolTableRecord
100
AcDbBlockTableRecord
  2
_ARCHTICK
340
0
 70
0
280
1
281
0
  0
BLOCK_RECORD
  5
78
330
9
100
AcDbSymbolTableRecord
100
AcDbBlockTableRecord
  2
_CLOSEDFILLED
340
0
 70
0
280
1
281
0
  0
BLOCK_RECORD
  5
84
330
9
100
AcDbSymbolTableRecord
100
AcDbBlockTableRecord
  2
_CLOSEDBLANK
340
0
 70
0
280
1
281
0
  0
ENDTAB
  0
ENDSEC
  0
SECTION
  2
BLOCKS
  0
BLOCK
  5
18
330
17
100
AcDbEntity
  8
0
100
AcDbBlockBegin
  2
*Model_Space
 70
0
 10
0.0
 20
0.0
 30
0.0
  3
*Model_Space
  1

  0
ENDBLK
  5
19
330
17
100
AcDbEntity
  8
0
100
AcDbBlockEnd
  0
BLOCK
  5
1C
330
1B
100
AcDbEntity
  8
0
100
AcDbBlockBegin
  2
*Paper_Space
 70
0
 10
0.0
 20
0.0
 30
0.0
  3
*Paper_Space
  1

  0
ENDBLK
  5
1D
330
1B
100
AcDbEntity
  8
0
100
AcDbBlockEnd
  0
BLOCK
  5
75
330
74
100
AcDbEntity
  8
0
100
AcDbBlockBegin
  2
_ARCHTICK
 70
0
 10
0.0
 20
0.0
 30
0.0
  3
_ARCHTICK
  1

  0
LWPOLYLINE
  5
77
330
74
100
AcDbEntity
  8
0
  6
BYBLOCK
 62
0
100
AcDbPolyline
 90
2
 70
0
 43
0.15
 10
-0.5
 20
-0.5
 10
0.5
 20
0.5
  0
ENDBLK
  5
76
330
74
100
AcDbEntity
  8
0
100
AcDbBlockEnd
  0
BLOCK
  5
79
330
78
100
AcDbEntity
  8
0
100
AcDbBlockBegin
  2
_CLOSEDFILLED
 70
0
 10
0.0
 20
0.0
 30
0.0
  3
_CLOSEDFILLED
  1

  0
SOLID
  5
7B
330
78
100
AcDbEntity
  8
0
  6
BYBLOCK
 62
0
100
AcDbTrace
 10
-1.0
 20
0.16439898372402537
 30
0.0
 11
0.0
 21
0.0
 31
0.0
 12
-1.0
 22
-0.16439898372402537
 32
0.0
 13
-1.0
 23
-0.16439898372402537
 33
0.0
  0
ENDBLK
  5
7A
330
78
100
AcDbEntity
  8
0
100
AcDbBlockEnd
  0
BLOCK
  5
85
330
84
100
AcDbEntity
  8
0
100
AcDbBlockBegin
  2
_CLOSEDBLANK
 70
0
 10
0.0
 20
0.0
 30
0.0
  3
_CLOSEDBLANK
  1

  0
LWPOLYLINE
  5
87
330
84
100
AcDbEntity
  8
0
  6
BYBLOCK
 62
0
100
AcDbPolyline
 90
3
 70
1
 10
-1.0
 20
0.16439898372402537
 10
0.0
 20
0.0
 10
-1.0
 20
-0.16439898372402537
  0
ENDBLK
  5
86
330
84
100
AcDbEntity
  8
0
100
AcDbBlockEnd
  0
ENDSEC
  0
SECTION
  2
ENTITIES
  0
MESH
  5
92
330
17
100
AcDbEntity
  8
M-HULL
100
AcDbSubDMesh
 71
2
 72
0
 91
0
 92
2016
 10
0.0
 20
0.0
 30
15.0
 10
2.974334584121431
 20
0.3915785766601547
 30
14.6
 10
3.0
 20
0.0
 30
14.6
 10
0.0
 20
0.0
 30
15.0
 10
2.897777478867205
 20
0.7764571353075622
 30
14.6
 10
2.974334584121431
 20
0.3915785766601547
 30
14.6
 10
0.0
 20
0.0
 30
15.0
 10
2.77163859753386
 20
1.1480502970952693
 30
14.6
 10
2.897777478867205
 20
0.7764571353075622
 30
14.6
 10
0.0
 20
0.0
 30
15.0
 10
2.598076211353316
 20
1.4999999999999998
 30
14.6
 10
2.77163859753386
 20
1.1480502970952693
 30
14.6
 10
0.0
 20
0.0
 30
15.0
 10
2.3800600208737057
 20
1.826284287026162
 30
14.6
 10
2.598076211353316
 20
1.4999999999999998
 30
14.6
 10
0.0
 20
0.0
 30
15.0
 10
2.121320343559643
 20
2.1213203435596424
 30
14.6
 10
2.3800600208737057
 20
1.826284287026162
 30
14.6
 10
0.0
 20
0.0
 30
15.0
 10
1.826284287026162
 20
2.3800600208737057
 30
14.6
 10
2.121320343559643
 20
2.1213203435596424
 30
14.6
 10
0.0
 20
0.0
 30
15.0
 10
1.5000000000000004
 20
2.598076211353316
 30
14.6
 10
1.826284287026162
 20
2.3800600208737057
 30
14.6
 10
0.0
 20
0.0
 30
15.0
 10
1.1480502970952695
 20
2.77163859753386
 30
14.6
 10
1.5000000000000004
 20
2.598076211353316
 30
14.6
 10
0.0
 20
0.0
 30
15.0
 10
0.7764571353075622
 20
2.897777478867205
 30
14.6
 10
1.1480502970952695
 20
2.77163859753386
 30
14.6
 10
0.0
 20
0.0
 30
15.0
 10
0.39157857666015516
 20
2.974334584121431
 30
14.6
 10
0.7764571353075622
 20
2.897777478867205
 30
14.6
 10
0.0
 20
0.0
 30
15.0
 10
1.8369701987210297e-16
 20
3.0
 30
14.6
 10
0.39157857666015516
 20
2.974334584121431
 30
14.6
 10
0.0
 20
0.0
 30
15.0
 10
-0.39157857666015483
 20
2.974334584121431
 30
14.6
 10
1.8369701987210297e-16
 20
3.0
 30
14.6
 10
0.0
 20
0.0
 30
15.0
 10
-0.7764571353075619
 20
2.897777478867205
 30
14.6
 10
-0.39157857666015483
 20
2.974334584121431
 30
14.6
 10
0.0
 20
0.0
 30
15.0
 10
-1.1480502970952684
 20
2.7716385975338604
 30
14.6
 10
-0.7764571353075619
 20
2.897777478867205
 30
14.6
 10
0.0
 20
0.0
 30
15.0
 10
-1.4999999999999993
 20
2.598076211353316
 30
14.6
 10
-1.1480502970952684
 20
2.7716385975338604
 30
14.6
 10
0.0
 20
0.0
 30
15.0
 10
-1.826284287026162
 20
2.3800600208737057
 30
14.6
 10
-1.4999999999999993
 20
2.598076211353316
 30
14.6
 10
0.0
 20
0.0
 30
15.0
 10
-2.1213203435596424
 20
2.121320343559643
 30
14.6
 10
-1.826284287026162
 20
2.3800600208737057
 30
14.6
 10
0.0
 20
0.0
 30
15.0
 10
-2.3800600208737053
 20
1.8262842870261626
 30
14.6
 10
-2.1213203435596424
 20
2.121320343559643
 30
14.6
 10
0.0
 20
0.0
 30
15.0
 10
-2.598076211353316
 20
1.4999999999999998
 30
14.6
 10
-2.3800600208737053
 20
1.8262842870261626
 30
14.6
 10
0.0
 20
0.0
 30
15.0
 10
-2.77163859753386
 20
1.1480502970952697
 30
14.6
 10
-2.598076211353316
 20
1.4999999999999998
 30
14.6
 10
0.0
 20
0.0
 30
15.0
 10
-2.8977774788672046
 20
0.7764571353075631
 30
14.6
 10
-2.77163859753386
 20
1.1480502970952697
 30
14.6
 10
0.0
 20
0.0
 30
15.0
 10
-2.974334584121431
 20
0.39157857666015594
 30
14.6
 10
-2.8977774788672046
 20
0.7764571353075631
 30
14.6
 10
0.0
 20
0.0
 30
15.0
 10
-3.0
 20
3.6739403974420594e-16
 30
14.6
 10
-2.974334584121431
 20
0.39157857666015594
 30
14.6
 10
0.0
 20
0.0
 30
15.0
 10
-2.974334584121431
 20
-0.3915785766601553
 30
14.6
 10
-3.0
 20
3.6739403974420594e-16
 30
14.6
 10
0.0
 20
0.0
 30
15.0
 10
-2.897777478867205
 20
-0.7764571353075624
 30
14.6
 10
-2.974334584121431
 20
-0.3915785766601553
 30
14.6
 10
0.0
 20
0.0
 30
15.0
 10
-2.7716385975338604
 20
-1.148050297095269
 30
14.6
 10
-2.897777478867205
 20
-0.7764571353075624
 30
14.6
 10
0.0
 20
0.0
 30
15.0
 10
-2.5980762113533165
 20
-1.4999999999999991
 30
14.6
 10
-2.7716385975338604
 20
-1.148050297095269
 30
14.6
 10
0.0
 20
0.0
 30
15.0
 10
-2.3800600208737057
 20
-1.826284287026162
 30
14.6
 10
-2.5980762113533165
 20
-1.4999999999999991
 30
14.6
 10
0.0
 20
0.0
 30
15.0
 10
-2.1213203435596437
 20
-2.1213203435596415
 30
14.6
 10
-2.3800600208737057
 20
-1.826284287026162
 30
14.6
 10
0.0
 20
0.0
 30
15.0
 10
-1.8262842870261626
 20
-2.380060020873705
 30
14.6
 10
-2.1213203435596437
 20
-2.1213203435596415
 30
14.6
 10
0.0
 20
0.0
 30
15.0
 10
-1.5000000000000013
 20
-2.598076211353315
 30
14.6
 10
-1.8262842870261626
 20
-2.380060020873705
 30
14.6
 10
0.0
 20
0.0
 30
15.0
 10
-1.1480502970952684
 20
-2.7716385975338604
 30
14.6
 10
-1.5000000000000013
 20
-2.598076211353315
 30
14.6
 10
0.0
 20
0.0
 30
15.0
 10
-0.7764571353075619
 20
-2.897777478867205
 30
14.6
 10
-1.1480502970952684
 20
-2.7716385975338604
 30
14.6
 10
0.0
 20
0.0
 30
15.0
 10
-0.3915785766601549
 20
-2.974334584121431
 30
14.6
 10
-0.7764571353075619
 20
-2.897777478867205
 30
14.6
 10
0.0
 20
0.0
 30
15.0
 10
-5.51091059616309e-16
 20
-3.0
 30
14.6
 10
-0.3915785766601549
 20
-2.974334584121431
 30
14.6
 10
0.0
 20
0.0
 30
15.0
 10
0.39157857666015383
 20
-2.9743345841214315
 30
14.6
 10
-5.51091059616309e-16
 20
-3.0
 30
14.6
 10
0.0
 20
0.0
 30
15.0
 10
0.7764571353075609
 20
-2.897777478867205
 30
14.6
 10
0.39157857666015383
 20
-2.9743345841214315
 30
14.6
 10
0.0
 20
0.0
 30
15.0
 10
1.1480502970952675
 20
-2.771638597533861
 30
14.6
 10
0.7764571353075609
 20
-2.897777478867205
 30
14.6
 10
0.0
 20
0.0
 30
15.0
 10
1.5000000000000004
 20
-2.598076211353316
 30
14.6
 10
1.1480502970952675
 20
-2.771638597533861
 30
14.6
 10
0.0
 20
0.0
 30
15.0
 10
1.8262842870261595
 20
-2.380060020873707
 30
14.6
 10
1.5000000000000004
 20
-2.598076211353316
 30
14.6
 10
0.0
 20
0.0
 30
15.0
 10
2.121320343559642
 20
-2.121320343559643
 30
14.6
 10
1.8262842870261595
 20
-2.380060020873707
 30
14.6
 10
0.0
 20
0.0
 30
15.0
 10
2.380060020873705
 20
-1.8262842870261626
 30
14.6
 10
2.121320343559642
 20
-2.121320343559643
 30
14.6
 10
0.0
 20
0.0
 30
15.0
 10
2.598076211353315
 20
-1.5000000000000013
 30
14.6
 10
2.380060020873705
 20
-1.8262842870261626
 30
14.6
 10
0.0
 20
0.0
 30
15.0
 10
2.7716385975338604
 20
-1.1480502970952686
 30
14.6
 10
2.598076211353315
 20
-1.5000000000000013
 30
14.6
 10
0.0
 20
0.0
 30
15.0
 10
2.897777478867204
 20
-0.7764571353075647
 30
14.6
 10
2.7716385975338604
 20
-1.1480502970952686
 30
14.6
 10
0.0
 20
0.0
 30
15.0
 10
2.974334584121431
 20
-0.39157857666015505
 30
14.6
 10
2.897777478867204
 20
-0.7764571353075647
 30
14.6
 10
0.0
 20
0.0
 30
15.0
 10
3.0
 20
0.0
 30
14.6
 10
2.974334584121431
 20
-0.39157857666015505
 30
14.6
 10
3.0
 20
0.0
 30
14.6
 10
2.974334584121431
 20
0.3915785766601547
 30
14.6
 10
6.940114029616673
 20
0.913683345540361
 30
13.1
 10
7.0
 20
0.0
 30
13.1
 10
2.974334584121431
 20
0.3915785766601547
 30
14.6
 10
2.897777478867205
 20
0.7764571353075622
 30
14.6
 10
6.761480784023478
 20
1.8117333157176452
 30
13.1
 10
6.940114029616673
 20
0.913683345540361
 30
13.1
 10
2.897777478867205
 20
0.7764571353075622
 30
14.6
 10
2.77163859753386
 20
1.1480502970952693
 30
14.6
 10
6.467156727579007
 20
2.6787840265556286
 30
13.1
 10
6.761480784023478
 20
1.8117333157176452
 30
13.1
 10
2.77163859753386
 20
1.1480502970952693
 30
14.6
 10
2.598076211353316
 20
1.4999999999999998
 30
14.6
 10
6.062177826491071
 20
3.4999999999999996
 30
13.1
 10
6.467156727579007
 20
2.6787840265556286
 30
13.1
 10
2.598076211353316
 20
1.4999999999999998
 30
14.6
 10
2.3800600208737057
 20
1.826284287026162
 30
14.6
 10
5.553473382038646
 20
4.261330003061045
 30
13.1
 10
6.062177826491071
 20
3.4999999999999996
 30
13.1
 10
2.3800600208737057
 20
1.826284287026162
 30
14.6
 10
2.121320343559643
 20
2.1213203435596424
 30
14.6
 10
4.949747468305833
 20
4.949747468305832
 30
13.1
 10
5.553473382038646
 20
4.261330003061045
 30
13.1
 10
2.121320343559643
 20
2.1213203435596424
 30
14.6
 10
1.826284287026162
 20
2.3800600208737057
 30
14.6
 10
4.261330003061045
 20
5.553473382038646
 30
13.1
 10
4.949747468305833
 20
4.949747468305832
 30
13.1
 10
1.826284287026162
 20
2.3800600208737057
 30
14.6
 10
1.5000000000000004
 20
2.598076211353316
 30
14.6
 10
3.500000000000001
 20
6.06217782649107
 30
13.1
 10
4.261330003061045
 20
5.553473382038646
 30
13.1
 10
1.5000000000000004
 20
2.598076211353316
 30
14.6
 10
1.1480502970952695
 20
2.77163859753386
 30
14.6
 10
2.678784026555629
 20
6.467156727579007
 30
13.1
 10
3.500000000000001
 20
6.06217782649107
 30
13.1
 10
1.1480502970952695
 20
2.77163859753386
 30
14.6
 10
0.7764571353075622
 20
2.897777478867205
 30
14.6
 10
1.8117333157176452
 20
6.761480784023478
 30
13.1
 10
2.678784026555629
 20
6.467156727579007
 30
13.1
 10
0.7764571353075622
 20
2.897777478867205
 30
14.6
 10
0.39157857666015516
 20
2.974334584121431
 30
14.6
 10
0.913683345540362
 20
6.940114029616673
 30
13.1
 10
1.8117333157176452
 20
6.761480784023478
 30
13.1
 10
0.39157857666015516
 20
2.974334584121431
 30
14.6
 10
1.8369701987210297e-16
 20
3.0
 30
14.6
 10
4.286263797015736e-16
 20
7.0
 30
13.1
 10
0.913683345540362
 20
6.940114029616673
 30
13.1
 10
1.8369701987210297e-16
 20
3.0
 30
14.6
 10
-0.39157857666015483
 20
2.974334584121431
 30
14.6
 10
-0.9136833455403612
 20
6.940114029616673
 30
13.1
 10
4.286263797015736e-16
 20
7.0
 30
13.1
 10
-0.39157857666015483
 20
2.974334584121431
 30
14.6
 10
-0.7764571353075619
 20
2.897777478867205
 30
14.6
 10
-1.8117333157176443
 20
6.761480784023478
 30
13.1
 10
-0.9136833455403612
 20
6.940114029616673
 30
13.1
 10
-0.7764571353075619
 20
2.897777478867205
 30
14.6
 10
-1.1480502970952684
 20
2.7716385975338604
 30
14.6
 10
-2.6787840265556264
 20
6.467156727579008
 30
13.1
 10
-1.8117333157176443
 20
6.761480784023478
 30
13.1
 10
-1.1480502970952684
 20
2.7716385975338604
 30
14.6
 10
-1.4999999999999993
 20
2.598076211353316
 30
14.6
 10
-3.4999999999999982
 20
6.062177826491071
 30
13.1
 10
-2.6787840265556264
 20
6.467156727579008
 30
13.1
 10
-1.4999999999999993
 20
2.598076211353316
 30
14.6
 10
-1.826284287026162
 20
2.3800600208737057
 30
14.6
 10
-4.261330003061045
 20
5.553473382038646
 30
13.1
 10
-3.4999999999999982
 20
6.062177826491071
 30
13.1
 10
-1.826284287026162
 20
2.3800600208737057
 30
14.6
 10
-2.1213203435596424
 20
2.121320343559643
 30
14.6
 10
-4.949747468305832
 20
4.949747468305833
 30
13.1
 10
-4.261330003061045
 20
5.553473382038646
 30
13.1
 10
-2.1213203435596424
 20
2.121320343559643
 30
14.6
 10
-2.3800600208737053
 20
1.8262842870261626
 30
14.6
 10
-5.5534733820386455
 20
4.261330003061046
 30
13.1
 10
-4.949747468305832
 20
4.949747468305833
 30
13.1
 10
-2.3800600208737053
 20
1.8262842870261626
 30
14.6
 10
-2.598076211353316
 20
1.4999999999999998
 30
14.6
 10
-6.062177826491071
 20
3.4999999999999996
 30
13.1
 10
-5.5534733820386455
 20
4.261330003061046
 30
13.1
 10
-2.598076211353316
 20
1.4999999999999998
 30
14.6
 10
-2.77163859753386
 20
1.1480502970952697
 30
14.6
 10
-6.467156727579007
 20
2.678784026555629
 30
13.1
 10
-6.062177826491071
 20
3.4999999999999996
 30
13.1
 10
-2.77163859753386
 20
1.1480502970952697
 30
14.6
 10
-2.8977774788672046
 20
0.7764571353075631
 30
14.6
 10
-6.761480784023478
 20
1.8117333157176472
 30
13.1
 10
-6.467156727579007
 20
2.678784026555629
 30
13.1
 10
-2.8977774788672046
 20
0.7764571353075631
 30
14.6
 10
-2.974334584121431
 20
0.39157857666015594
 30
14.6
 10
-6.940114029616673
 20
0.9136833455403639
 30
13.1
 10
-6.761480784023478
 20
1.8117333157176472
 30
13.1
 10
-2.974334584121431
 20
0.39157857666015594
 30
14.6
 10
-3.0
 20
3.6739403974420594e-16
 30
14.6
 10
-7.0
 20
8.572527594031472e-16
 30
13.1
 10
-6.940114029616673
 20
0.9136833455403639
 30
13.1
 10
-3.0
 20
3.6739403974420594e-16
 30
14.6
 10
-2.974334584121431
 20
-0.3915785766601553
 30
14.6
 10
-6.940114029616673
 20
-0.9136833455403623
 30
13.1
 10
-7.0
 20
8.572527594031472e-16
 30
13.1
 10
-2.974334584121431
 20
-0.3915785766601553
 30
14.6
 10
-2.897777478867205
 20
-0.7764571353075624
 30
14.6
 10
-6.761480784023478
 20
-1.8117333157176456
 30
13.1
 10
-6.940114029616673
 20
-0.9136833455403623
 30
13.1
 10
-2.897777478867205
 20
-0.7764571353075624
 30
14.6
 10
-2.7716385975338604
 20
-1.148050297095269
 30
14.6
 10
-6.467156727579008
 20
-2.6787840265556278
 30
13.1
 10
-6.761480784023478
 20
-1.8117333157176456
 30
13.1
 10
-2.7716385975338604
 20
-1.148050297095269
 30
14.6
 10
-2.5980762113533165
 20
-1.4999999999999991
 30
14.6
 10
-6.062177826491071
 20
-3.4999999999999982
 30
13.1
 10
-6.467156727579008
 20
-2.6787840265556278
 30
13.1
 10
-2.5980762113533165
 20
-1.4999999999999991
 30
14.6
 10
-2.3800600208737057
 20
-1.826284287026162
 30
14.6
 10
-5.553473382038646
 20
-4.261330003061045
 30
13.1
 10
-6.062177826491071
 20
-3.4999999999999982
 30
13.1
 10
-2.3800600208737057
 20
-1.826284287026162
 30
14.6
 10
-2.1213203435596437
 20
-2.1213203435596415
 30
14.6
 10
-4.949747468305835
 20
-4.94974746830583
 30
13.1
 10
-5.553473382038646
 20
-4.261330003061045
 30
13.1
 10
-2.1213203435596437
 20
-2.1213203435596415
 30
14.6
 10
-1.8262842870261626
 20
-2.380060020873705
 30
14.6
 10
-4.261330003061046
 20
-5.553473382038645
 30
13.1
 10
-4.949747468305835
 20
-4.94974746830583
 30
13.1
 10
-1.8262842870261626
 20
-2.380060020873705
 30
14.6
 10
-1.5000000000000013
 20
-2.598076211353315
 30
14.6
 10
-3.500000000000003
 20
-6.062177826491069
 30
13.1
 10
-4.261330003061046
 20
-5.553473382038645
 30
13.1
 10
-1.5000000000000013
 20
-2.598076211353315
 30
14.6
 10
-1.1480502970952684
 20
-2.7716385975338604
 30
14.6
 10
-2.6787840265556264
 20
-6.467156727579008
 30
13.1
 10
-3.500000000000003
 20
-6.062177826491069
 30
13.1
 10
-1.1480502970952684
 20
-2.7716385975338604
 30
14.6
 10
-0.7764571353075619
 20
-2.897777478867205
 30
14.6
 10
-1.8117333157176443
 20
-6.761480784023478
 30
13.1
 10
-2.6787840265556264
 20
-6.467156727579008
 30
13.1
 10
-0.7764571353075619
 20
-2.897777478867205
 30
14.6
 10
-0.3915785766601549
 20
-2.974334584121431
 30
14.6
 10
-0.9136833455403615
 20
-6.940114029616673
 30
13.1
 10
-1.8117333157176443
 20
-6.761480784023478
 30
13.1
 10
-0.3915785766601549
 20
-2.974334584121431
 30
14.6
 10
-5.51091059616309e-16
 20
-3.0
 30
14.6
 10
-1.2858791391047208e-15
 20
-7.0
 30
13.1
 10
-0.9136833455403615
 20
-6.940114029616673
 30
13.1
 10
-5.51091059616309e-16
 20
-3.0
 30
14.6
 10
0.39157857666015383
 20
-2.9743345841214315
 30
14.6
 10
0.9136833455403589
 20
-6.940114029616673
 30
13.1
 10
-1.2858791391047208e-15
 20
-7.0
 30
13.1
 10
0.39157857666015383
 20
-2.9743345841214315
 30
14.6
 10
0.7764571353075609
 20
-2.897777478867205
 30
14.6
 10
1.811733315717642
 20
-6.761480784023479
 30
13.1
 10
0.9136833455403589
 20
-6.940114029616673
 30
13.1
 10
0.7764571353075609
 20
-2.897777478867205
 30
14.6
 10
1.1480502970952675
 20
-2.771638597533861
 30
14.6
 10
2.678784026555624
 20
-6.467156727579009
 30
13.1
 10
1.811733315717642
 20
-6.761480784023479
 30
13.1
 10
1.1480502970952675
 20
-2.771638597533861
 30
14.6
 10
1.5000000000000004
 20
-2.598076211353316
 30
14.6
 10
3.500000000000001
 20
-6.06217782649107
 30
13.1
 10
2.678784026555624
 20
-6.467156727579009
 30
13.1
 10
1.5000000000000004
 20
-2.598076211353316
 30
14.6
 10
1.8262842870261595
 20
-2.380060020873707
 30
14.6
 10
4.2613300030610395
 20
-5.55347338203865
 30
13.1
 10
3.500000000000001
 20
-6.06217782649107
 30
13.1
 10
1.8262842870261595
 20
-2.380060020873707
 30
14.6
 10
2.121320343559642
 20
-2.121320343559643
 30
14.6
 10
4.949747468305832
 20
-4.949747468305834
 30
13.1
 10
4.2613300030610395
 20
-5.55347338203865
 30
13.1
 10
2.121320343559642
 20
-2.121320343559643
 30
14.6
 10
2.380060020873705
 20
-1.8262842870261626
 30
14.6
 10
5.553473382038645
 20
-4.261330003061046
 30
13.1
 10
4.949747468305832
 20
-4.949747468305834
 30
13.1
 10
2.380060020873705
 20
-1.8262842870261626
 30
14.6
 10
2.598076211353315
 20
-1.5000000000000013
 30
14.6
 10
6.062177826491069
 20
-3.500000000000003
 30
13.1
 10
5.553473382038645
 20
-4.261330003061046
 30
13.1
 10
2.598076211353315
 20
-1.5000000000000013
 30
14.6
 10
2.7716385975338604
 20
-1.1480502970952686
 30
14.6
 10
6.467156727579008
 20
-2.678784026555627
 30
13.1
 10
6.062177826491069
 20
-3.500000000000003
 30
13.1
 10
2.7716385975338604
 20
-1.1480502970952686
 30
14.6
 10
2.897777478867204
 20
-0.7764571353075647
 30
14.6
 10
6.761480784023477
 20
-1.811733315717651
 30
13.1
 10
6.467156727579008
 20
-2.678784026555627
 30
13.1
 10
2.897777478867204
 20
-0.7764571353075647
 30
14.6
 10
2.974334584121431
 20
-0.39157857666015505
 30
14.6
 10
6.940114029616673
 20
-0.9136833455403618
 30
13.1
 10
6.761480784023477
 20
-1.811733315717651
 30
13.1
 10
2.974334584121431
 20
-0.39157857666015505
 30
14.6
 10
3.0
 20
0.0
 30
14.6
 10
7.0
 20
0.0
 30
13.1
 10
6.940114029616673
 20
-0.9136833455403618
 30
13.1
 10
7.0
 20
0.0
 30
13.1
 10
6.940114029616673
 20
0.913683345540361
 30
13.1
 10
10.41017104442501
 20
1.3705250183105415
 30
11.4
 10
10.5
 20
0.0
 30
11.4
 10
6.940114029616673
 20
0.913683345540361
 30
13.1
 10
6.761480784023478
 20
1.8117333157176452
 30
13.1
 10
10.142221176035218
 20
2.7175999735764678
 30
11.4
 10
10.41017104442501
 20
1.3705250183105415
 30
11.4
 10
6.761480784023478
 20
1.8117333157176452
 30
13.1
 10
6.467156727579007
 20
2.6787840265556286
 30
13.1
 10
9.70073509136851
 20
4.018176039833443
 30
11.4
 10
10.142221176035218
 20
2.7175999735764678
 30
11.4
 10
6.467156727579007
 20
2.6787840265556286
 30
13.1
 10
6.062177826491071
 20
3.4999999999999996
 30
13.1
 10
9.093266739736606
 20
5.249999999999999
 30
11.4
 10
9.70073509136851
 20
4.018176039833443
 30
11.4
 10
6.062177826491071
 20
3.4999999999999996
 30
13.1
 10
5.553473382038646
 20
4.261330003061045
 30
13.1
 10
8.33021007305797
 20
6.391995004591567
 30
11.4
 10
9.093266739736606
 20
5.249999999999999
 30
11.4
 10
5.553473382038646
 20
4.261330003061045
 30
13.1
 10
4.949747468305833
 20
4.949747468305832
 30
13.1
 10
7.4246212024587495
 20
7.424621202458749
 30
11.4
 10
8.33021007305797
 20
6.391995004591567
 30
11.4
 10
4.949747468305833
 20
4.949747468305832
 30
13.1
 10
4.261330003061045
 20
5.553473382038646
 30
13.1
 10
6.391995004591567
 20
8.33021007305797
 30
11.4
 10
7.4246212024587495
 20
7.424621202458749
 30
11.4
 10
4.261330003061045
 20
5.553473382038646
 30
13.1
 10
3.500000000000001
 20
6.06217782649107
 30
13.1
 10
5.250000000000001
 20
9.093266739736606
 30
11.4
 10
6.391995004591567
 20
8.33021007305797
 30
11.4
 10
3.500000000000001
 20
6.06217782649107
 30
13.1
 10
2.678784026555629
 20
6.467156727579007
 30
13.1
 10
4.018176039833444
 20
9.70073509136851
 30
11.4
 10
5.250000000000001
 20
9.093266739736606
 30
11.4
 10
2.678784026555629
 20
6.467156727579007
 30
13.1
 10
1.8117333157176452
 20
6.761480784023478
 30
13.1
 10
2.7175999735764678
 20
10.142221176035218
 30
11.4
 10
4.018176039833444
 20
9.70073509136851
 30
11.4
 10
1.8117333157176452
 20
6.761480784023478
 30
13.1
 10
0.913683345540362
 20
6.940114029616673
 30
13.1
 10
1.370525018310543
 20
10.41017104442501
 30
11.4
 10
2.7175999735764678
 20
10.142221176035218
 30
11.4
 10
0.913683345540362
 20
6.940114029616673
 30
13.1
 10
4.286263797015736e-16
 20
7.0
 30
13.1
 10
6.429395695523604e-16
 20
10.5
 30
11.4
 10
1.370525018310543
 20
10.41017104442501
 30
11.4
 10
4.286263797015736e-16
 20
7.0
 30
13.1
 10
-0.9136833455403612
 20
6.940114029616673
 30
13.1
 10
-1.3705250183105417
 20
10.41017104442501
 30
11.4
 10
6.429395695523604e-16
 20
10.5
 30
11.4
 10
-0.9136833455403612
 20
6.940114029616673
 30
13.1
 10
-1.8117333157176443
 20
6.761480784023478
 30
13.1
 10
-2.7175999735764664
 20
10.142221176035218
 30
11.4
 10
-1.3705250183105417
 20
10.41017104442501
 30
11.4
 10
-1.8117333157176443
 20
6.761480784023478
 30
13.1
 10
-2.6787840265556264
 20
6.467156727579008
 30
13.1
 10
-4.01817603983344
 20
9.700735091368513
 30
11.4
 10
-2.7175999735764664
 20
10.142221176035218
 30
11.4
 10
-2.6787840265556264
 20
6.467156727579008
 30
13.1
 10
-3.4999999999999982
 20
6.062177826491071
 30
13.1
 10
-5.249999999999997
 20
9.093266739736606
 30
11.4
 10
-4.01817603983344
 20
9.700735091368513
 30
11.4
 10
-3.4999999999999982
 20
6.062177826491071
 30
13.1
 10
-4.261330003061045
 20
5.553473382038646
 30
13.1
 10
-6.391995004591567
 20
8.33021007305797
 30
11.4
 10
-5.249999999999997
 20
9.093266739736606
 30
11.4
 10
-4.261330003061045
 20
5.553473382038646
 30
13.1
 10
-4.949747468305832
 20
4.949747468305833
 30
13.1
 10
-7.424621202458749
 20
7.4246212024587495
 30
11.4
 10
-6.391995004591567
 20
8.33021007305797
 30
11.4
 10
-4.949747468305832
 20
4.949747468305833
 30
13.1
 10
-5.5534733820386455
 20
4.261330003061046
 30
13.1
 10
-8.330210073057968
 20
6.391995004591569
 30
11.4
 10
-7.424621202458749
 20
7.4246212024587495
 30
11.4
 10
-5.5534733820386455
 20
4.261330003061046
 30
13.1
 10
-6.062177826491071
 20
3.4999999999999996
 30
13.1
 10
-9.093266739736606
 20
5.249999999999999
 30
11.4
 10
-8.330210073057968
 20
6.391995004591569
 30
11.4
 10
-6.062177826491071
 20
3.4999999999999996
 30
13.1
 10
-6.467156727579007
 20
2.678784026555629
 30
13.1
 10
-9.70073509136851
 20
4.018176039833444
 30
11.4
 10
-9.093266739736606
 20
5.249999999999999
 30
11.4
 10
-6.467156727579007
 20
2.678784026555629
 30
13.1
 10
-6.761480784023478
 20
1.8117333157176472
 30
13.1
 10
-10.142221176035216
 20
2.717599973576471
 30
11.4
 10
-9.70073509136851
 20
4.018176039833444
 30
11.4
 10
-6.761480784023478
 20
1.8117333157176472
 30
13.1
 10
-6.940114029616673
 20
0.9136833455403639
 30
13.1
 10
-10.41017104442501
 20
1.370525018310546
 30
11.4
 10
-10.142221176035216
 20
2.717599973576471
 30
11.4
 10
-6.940114029616673
 20
0.9136833455403639
 30
13.1
 10
-7.0
 20
8.572527594031472e-16
 30
13.1
 10
-10.5
 20
1.2858791391047208e-15
 30
11.4
 10
-10.41017104442501
 20
1.370525018310546
 30
11.4
 10
-7.0
 20
8.572527594031472e-16
 30
13.1
 10
-6.940114029616673
 20
-0.9136833455403623
 30
13.1
 10
-10.41017104442501
 20
-1.3705250183105435
 30
11.4
 10
-10.5
 20
1.2858791391047208e-15
 30
11.4
 10
-6.940114029616673
 20
-0.9136833455403623
 30
13.1
 10
-6.761480784023478
 20
-1.8117333157176456
 30
13.1
 10
-10.142221176035218
 20
-2.717599973576468
 30
11.4
 10
-10.41017104442501
 20
-1.3705250183105435
 30
11.4
 10
-6.761480784023478
 20
-1.8117333157176456
 30
13.1
 10
-6.467156727579008
 20
-2.6787840265556278
 30
13.1
 10
-9.700735091368513
 20
-4.018176039833442
 30
11.4
 10
-10.142221176035218
 20
-2.717599973576468
 30
11.4
 10
-6.467156727579008
 20
-2.6787840265556278
 30
13.1
 10
-6.062177826491071
 20
-3.4999999999999982
 30
13.1
 10
-9.093266739736608
 20
-5.249999999999997
 30
11.4
 10
-9.700735091368513
 20
-4.018176039833442
 30
11.4
 10
-6.062177826491071
 20
-3.4999999999999982
 30
13.1
 10
-5.553473382038646
 20
-4.261330003061045
 30
13.1
 10
-8.33021007305797
 20
-6.391995004591567
 30
11.4
 10
-9.093266739736608
 20
-5.249999999999997
 30
11.4
 10
-5.553473382038646
 20
-4.261330003061045
 30
13.1
 10
-4.949747468305835
 20
-4.94974746830583
 30
13.1
 10
-7.424621202458753
 20
-7.424621202458745
 30
11.4
 10
-8.33021007305797
 20
-6.391995004591567
 30
11.4
 10
-4.949747468305835
 20
-4.94974746830583
 30
13.1
 10
-4.261330003061046
 20
-5.553473382038645
 30
13.1
 10
-6.391995004591569
 20
-8.330210073057966
 30
11.4
 10
-7.424621202458753
 20
-7.424621202458745
 30
11.4
 10
-4.261330003061046
 20
-5.553473382038645
 30
13.1
 10
-3.500000000000003
 20
-6.062177826491069
 30
13.1
 10
-5.250000000000004
 20
-9.093266739736602
 30
11.4
 10
-6.391995004591569
 20
-8.330210073057966
 30
11.4
 10
-3.500000000000003
 20
-6.062177826491069
 30
13.1
 10
-2.6787840265556264
 20
-6.467156727579008
 30
13.1
 10
-4.01817603983344
 20
-9.700735091368513
 30
11.4
 10
-5.250000000000004
 20
-9.093266739736602
 30
11.4
 10
-2.6787840265556264
 20
-6.467156727579008
 30
13.1
 10
-1.8117333157176443
 20
-6.761480784023478
 30
13.1
 10
-2.7175999735764664
 20
-10.142221176035218
 30
11.4
 10
-4.01817603983344
 20
-9.700735091368513
 30
11.4
 10
-1.8117333157176443
 20
-6.761480784023478
 30
13.1
 10
-0.9136833455403615
 20
-6.940114029616673
 30
13.1
 10
-1.3705250183105422
 20
-10.41017104442501
 30
11.4
 10
-2.7175999735764664
 20
-10.142221176035218
 30
11.4
 10
-0.9136833455403615
 20
-6.940114029616673
 30
13.1
 10
-1.2858791391047208e-15
 20
-7.0
 30
13.1
 10
-1.9288187086570813e-15
 20
-10.5
 30
11.4
 10
-1.3705250183105422
 20
-10.41017104442501
 30
11.4
 10
-1.2858791391047208e-15
 20
-7.0
 30
13.1
 10
0.9136833455403589
 20
-6.940114029616673
 30
13.1
 10
1.3705250183105384
 20
-10.41017104442501
 30
11.4
 10
-1.9288187086570813e-15
 20
-10.5
 30
11.4
 10
0.9136833455403589
 20
-6.940114029616673
 30
13.1
 10
1.811733315717642
 20
-6.761480784023479
 30
13.1
 10
2.717599973576463
 20
-10.142221176035218
 30
11.4
 10
1.3705250183105384
 20
-10.41017104442501
 30
11.4
 10
1.811733315717642
 20
-6.761480784023479
 30
13.1
 10
2.678784026555624
 20
-6.467156727579009
 30
13.1
 10
4.0181760398334365
 20
-9.700735091368513
 30
11.4
 10
2.717599973576463
 20
-10.142221176035218
 30
11.4
 10
2.678784026555624
 20
-6.467156727579009
 30
13.1
 10
3.500000000000001
 20
-6.06217782649107
 30
13.1
 10
5.250000000000001
 20
-9.093266739736606
 30
11.4
 10
4.0181760398334365
 20
-9.700735091368513
 30
11.4
 10
3.500000000000001
 20
-6.06217782649107
 30
13.1
 10
4.2613300030610395
 20
-5.55347338203865
 30
13.1
 10
6.391995004591559
 20
-8.330210073057975
 30
11.4
 10
5.250000000000001
 20
-9.093266739736606
 30
11.4
 10
4.2613300030610395
 20
-5.55347338203865
 30
13.1
 10
4.949747468305832
 20
-4.949747468305834
 30
13.1
 10
7.424621202458747
 20
-7.42462120245875
 30
11.4
 10
6.391995004591559
 20
-8.330210073057975
 30
11.4
 10
4.949747468305832
 20
-4.949747468305834
 30
13.1
 10
5.553473382038645
 20
-4.261330003061046
 30
13.1
 10
8.330210073057966
 20
-6.391995004591569
 30
11.4
 10
7.424621202458747
 20
-7.42462120245875
 30
11.4
 10
5.553473382038645
 20
-4.261330003061046
 30
13.1
 10
6.062177826491069
 20
-3.500000000000003
 30
13.1
 10
9.093266739736602
 20
-5.250000000000004
 30
11.4
 10
8.330210073057966
 20
-6.391995004591569
 30
11.4
 10
6.062177826491069
 20
-3.500000000000003
 30
13.1
 10
6.467156727579008
 20
-2.678784026555627
 30
13.1
 10
9.700735091368513
 20
-4.01817603983344
 30
11.4
 10
9.093266739736602
 20
-5.250000000000004
 30
11.4
 10
6.467156727579008
 20
-2.678784026555627
 30
13.1
 10
6.761480784023477
 20
-1.811733315717651
 30
13.1
 10
10.142221176035214
 20
-2.7175999735764766
 30
11.4
 10
9.700735091368513
 20
-4.01817603983344
 30
11.4
 10
6.761480784023477
 20
-1.811733315717651
 30
13.1
 10
6.940114029616673
 20
-0.9136833455403618
 30
13.1
 10
10.41017104442501
 20
-1.3705250183105426
 30
11.4
 10
10.142221176035214
 20
-2.7175999735764766
 30
11.4
 10
6.940114029616673
 20
-0.9136833455403618
 30
13.1
 10
7.0
 20
0.0
 30
13.1
 10
10.5
 20
0.0
 30
11.4
 10
10.41017104442501
 20
-1.3705250183105426
 30
11.4
 10
10.5
 20
0.0
 30
11.4
 10
10.41017104442501
 20
1.3705250183105415
 30
11.4
 10
11.897338336485724
 20
1.5663143066406189
 30
10.5
 10
12.0
 20
0.0
 30
10.5
 10
10.41017104442501
 20
1.3705250183105415
 30
11.4
 10
10.142221176035218
 20
2.7175999735764678
 30
11.4
 10
11.59110991546882
 20
3.105828541230249
 30
10.5
 10
11.897338336485724
 20
1.5663143066406189
 30
10.5
 10
10.142221176035218
 20
2.7175999735764678
 30
11.4
 10
9.70073509136851
 20
4.018176039833443
 30
11.4
 10
11.08655439013544
 20
4.592201188381077
 30
10.5
 10
11.59110991546882
 20
3.105828541230249
 30
10.5
 10
9.70073509136851
 20
4.018176039833443
 30
11.4
 10
9.093266739736606
 20
5.249999999999999
 30
11.4
 10
10.392304845413264
 20
5.999999999999999
 30
10.5
 10
11.08655439013544
 20
4.592201188381077
 30
10.5
 10
9.093266739736606
 20
5.249999999999999
 30
11.4
 10
8.33021007305797
 20
6.391995004591567
 30
11.4
 10
9.520240083494823
 20
7.305137148104648
 30
10.5
 10
10.392304845413264
 20
5.999999999999999
 30
10.5
 10
8.33021007305797
 20
6.391995004591567
 30
11.4
 10
7.4246212024587495
 20
7.424621202458749
 30
11.4
 10
8.485281374238571
 20
8.48528137423857
 30
10.5
 10
9.520240083494823
 20
7.305137148104648
 30
10.5
 10
7.4246212024587495
 20
7.424621202458749
 30
11.4
 10
6.391995004591567
 20
8.33021007305797
 30
11.4
 10
7.305137148104648
 20
9.520240083494823
 30
10.5
 10
8.485281374238571
 20
8.48528137423857
 30
10.5
 10
6.391995004591567
 20
8.33021007305797
 30
11.4
 10
5.250000000000001
 20
9.093266739736606
 30
11.4
 10
6.000000000000002
 20
10.392304845413264
 30
10.5
 10
7.305137148104648
 20
9.520240083494823
 30
10.5
 10
5.250000000000001
 20
9.093266739736606
 30
11.4
 10
4.018176039833444
 20
9.70073509136851
 30
11.4
 10
4.592201188381078
 20
11.08655439013544
 30
10.5
 10
6.000000000000002
 20
10.392304845413264
 30
10.5
 10
4.018176039833444
 20
9.70073509136851
 30
11.4
 10
2.7175999735764678
 20
10.142221176035218
 30
11.4
 10
3.105828541230249
 20
11.59110991546882
 30
10.5
 10
4.592201188381078
 20
11.08655439013544
 30
10.5
 10
2.7175999735764678
 20
10.142221176035218
 30
11.4
 10
1.370525018310543
 20
10.41017104442501
 30
11.4
 10
1.5663143066406207
 20
11.897338336485724
 30
10.5
 10
3.105828541230249
 20
11.59110991546882
 30
10.5
 10
1.370525018310543
 20
10.41017104442501
 30
11.4
 10
6.429395695523604e-16
 20
10.5
 30
11.4
 10
7.347880794884119e-16
 20
12.0
 30
10.5
 10
1.5663143066406207
 20
11.897338336485724
 30
10.5
 10
6.429395695523604e-16
 20
10.5
 30
11.4
 10
-1.3705250183105417
 20
10.41017104442501
 30
11.4
 10
-1.5663143066406193
 20
11.897338336485724
 30
10.5
 10
7.347880794884119e-16
 20
12.0
 30
10.5
 10
-1.3705250183105417
 20
10.41017104442501
 30
11.4
 10
-2.7175999735764664
 20
10.142221176035218
 30
11.4
 10
-3.1058285412302475
 20
11.59110991546882
 30
10.5
 10
-1.5663143066406193
 20
11.897338336485724
 30
10.5
 10
-2.7175999735764664
 20
10.142221176035218
 30
11.4
 10
-4.01817603983344
 20
9.700735091368513
 30
11.4
 10
-4.592201188381074
 20
11.086554390135442
 30
10.5
 10
-3.1058285412302475
 20
11.59110991546882
 30
10.5
 10
-4.01817603983344
 20
9.700735091368513
 30
11.4
 10
-5.249999999999997
 20
9.093266739736606
 30
11.4
 10
-5.999999999999997
 20
10.392304845413264
 30
10.5
 10
-4.592201188381074
 20
11.086554390135442
 30
10.5
 10
-5.249999999999997
 20
9.093266739736606
 30
11.4
 10
-6.391995004591567
 20
8.33021007305797
 30
11.4
 10
-7.305137148104648
 20
9.520240083494823
 30
10.5
 10
-5.999999999999997
 20
10.392304845413264
 30
10.5
 10
-6.391995004591567
 20
8.33021007305797
 30
11.4
 10
-7.424621202458749
 20
7.4246212024587495
 30
11.4
 10
-8.48528137423857
 20
8.485281374238571
 30
10.5
 10
-7.305137148104648
 20
9.520240083494823
 30
10.5
 10
-7.424621202458749
 20
7.4246212024587495
 30
11.4
 10
-8.330210073057968
 20
6.391995004591569
 30
11.4
 10
-9.520240083494821
 20
7.3051371481046505
 30
10.5
 10
-8.48528137423857
 20
8.485281374238571
 30
10.5
 10
-8.330210073057968
 20
6.391995004591569
 30
11.4
 10
-9.093266739736606
 20
5.249999999999999
 30
11.4
 10
-10.392304845413264
 20
5.999999999999999
 30
10.5
 10
-9.520240083494821
 20
7.3051371481046505
 30
10.5
 10
-9.093266739736606
 20
5.249999999999999
 30
11.4
 10
-9.70073509136851
 20
4.018176039833444
 30
11.4
 10
-11.08655439013544
 20
4.592201188381079
 30
10.5
 10
-10.392304845413264
 20
5.999999999999999
 30
10.5
 10
-9.70073509136851
 20
4.018176039833444
 30
11.4
 10
-10.142221176035216
 20
2.717599973576471
 30
11.4
 10
-11.591109915468818
 20
3.1058285412302524
 30
10.5
 10
-11.08655439013544
 20
4.592201188381079
 30
10.5
 10
-10.142221176035216
 20
2.717599973576471
 30
11.4
 10
-10.41017104442501
 20
1.370525018310546
 30
11.4
 10
-11.897338336485724
 20
1.5663143066406238
 30
10.5
 10
-11.591109915468818
 20
3.1058285412302524
 30
10.5
 10
-10.41017104442501
 20
1.370525018310546
 30
11.4
 10
-10.5
 20
1.2858791391047208e-15
 30
11.4
 10
-12.0
 20
1.4695761589768238e-15
 30
10.5
 10
-11.897338336485724
 20
1.5663143066406238
 30
10.5
 10
-10.5
 20
1.2858791391047208e-15
 30
11.4
 10
-10.41017104442501
 20
-1.3705250183105435
 30
11.4
 10
-11.897338336485724
 20
-1.566314306640621
 30
10.5
 10
-12.0
 20
1.4695761589768238e-15
 30
10.5
 10
-10.41017104442501
 20
-1.3705250183105435
 30
11.4
 10
-10.142221176035218
 20
-2.717599973576468
 30
11.4
 10
-11.59110991546882
 20
-3.1058285412302498
 30
10.5
 10
-11.897338336485724
 20
-1.566314306640621
 30
10.5
 10
-10.142221176035218
 20
-2.717599973576468
 30
11.4
 10
-9.700735091368513
 20
-4.018176039833442
 30
11.4
 10
-11.086554390135442
 20
-4.592201188381076
 30
10.5
 10
-11.59110991546882
 20
-3.1058285412302498
 30
10.5
 10
-9.700735091368513
 20
-4.018176039833442
 30
11.4
 10
-9.093266739736608
 20
-5.249999999999997
 30
11.4
 10
-10.392304845413266
 20
-5.9999999999999964
 30
10.5
 10
-11.086554390135442
 20
-4.592201188381076
 30
10.5
 10
-9.093266739736608
 20
-5.249999999999997
 30
11.4
 10
-8.33021007305797
 20
-6.391995004591567
 30
11.4
 10
-9.520240083494823
 20
-7.305137148104648
 30
10.5
 10
-10.392304845413266
 20
-5.9999999999999964
 30
10.5
 10
-8.33021007305797
 20
-6.391995004591567
 30
11.4
 10
-7.424621202458753
 20
-7.424621202458745
 30
11.4
 10
-8.485281374238575
 20
-8.485281374238566
 30
10.5
 10
-9.520240083494823
 20
-7.305137148104648
 30
10.5
 10
-7.424621202458753
 20
-7.424621202458745
 30
11.4
 10
-6.391995004591569
 20
-8.330210073057966
 30
11.4
 10
-7.3051371481046505
 20
-9.52024008349482
 30
10.5
 10
-8.485281374238575
 20
-8.485281374238566
 30
10.5
 10
-6.391995004591569
 20
-8.330210073057966
 30
11.4
 10
-5.250000000000004
 20
-9.093266739736602
 30
11.4
 10
-6.000000000000005
 20
-10.39230484541326
 30
10.5
 10
-7.3051371481046505
 20
-9.52024008349482
 30
10.5
 10
-5.250000000000004
 20
-9.093266739736602
 30
11.4
 10
-4.01817603983344
 20
-9.700735091368513
 30
11.4
 10
-4.592201188381074
 20
-11.086554390135442
 30
10.5
 10
-6.000000000000005
 20
-10.39230484541326
 30
10.5
 10
-4.01817603983344
 20
-9.700735091368513
 30
11.4
 10
-2.7175999735764664
 20
-10.142221176035218
 30
11.4
 10
-3.1058285412302475
 20
-11.59110991546882
 30
10.5
 10
-4.592201188381074
 20
-11.086554390135442
 30
10.5
 10
-2.7175999735764664
 20
-10.142221176035218
 30
11.4
 10
-1.3705250183105422
 20
-10.41017104442501
 30
11.4
 10
-1.5663143066406195
 20
-11.897338336485724
 30
10.5
 10
-3.1058285412302475
 20
-11.59110991546882
 30
10.5
 10
-1.3705250183105422
 20
-10.41017104442501
 30
11.4
 10
-1.9288187086570813e-15
 20
-10.5
 30
11.4
 10
-2.204364238465236e-15
 20
-12.0
 30
10.5
 10
-1.5663143066406195
 20
-11.897338336485724
 30
10.5
 10
-1.9288187086570813e-15
 20
-10.5
 30
11.4
 10
1.3705250183105384
 20
-10.41017104442501
 30
11.4
 10
1.5663143066406153
 20
-11.897338336485726
 30
10.5
 10
-2.204364238465236e-15
 20
-12.0
 30
10.5
 10
1.3705250183105384
 20
-10.41017104442501
 30
11.4
 10
2.717599973576463
 20
-10.142221176035218
 30
11.4
 10
3.1058285412302435
 20
-11.59110991546882
 30
10.5
 10
1.5663143066406153
 20
-11.897338336485726
 30
10.5
 10
2.717599973576463
 20
-10.142221176035218
 30
11.4
 10
4.0181760398334365
 20
-9.700735091368513
 30
11.4
 10
4.59220118838107
 20
-11.086554390135444
 30
10.5
 10
3.1058285412302435
 20
-11.59110991546882
 30
10.5
 10
4.0181760398334365
 20
-9.700735091368513
 30
11.4
 10
5.250000000000001
 20
-9.093266739736606
 30
11.4
 10
6.000000000000002
 20
-10.392304845413264
 30
10.5
 10
4.59220118838107
 20
-11.086554390135444
 30
10.5
 10
5.250000000000001
 20
-9.093266739736606
 30
11.4
 10
6.391995004591559
 20
-8.330210073057975
 30
11.4
 10
7.305137148104638
 20
-9.520240083494828
 30
10.5
 10
6.000000000000002
 20
-10.392304845413264
 30
10.5
 10
6.391995004591559
 20
-8.330210073057975
 30
11.4
 10
7.424621202458747
 20
-7.42462120245875
 30
11.4
 10
8.485281374238568
 20
-8.485281374238571
 30
10.5
 10
7.305137148104638
 20
-9.520240083494828
 30
10.5
 10
7.424621202458747
 20
-7.42462120245875
 30
11.4
 10
8.330210073057966
 20
-6.391995004591569
 30
11.4
 10
9.52024008349482
 20
-7.3051371481046505
 30
10.5
 10
8.485281374238568
 20
-8.485281374238571
 30
10.5
 10
8.330210073057966
 20
-6.391995004591569
 30
11.4
 10
9.093266739736602
 20
-5.250000000000004
 30
11.4
 10
10.39230484541326
 20
-6.000000000000005
 30
10.5
 10
9.52024008349482
 20
-7.3051371481046505
 30
10.5
 10
9.093266739736602
 20
-5.250000000000004
 30
11.4
 10
9.700735091368513
 20
-4.01817603983344
 30
11.4
 10
11.086554390135442
 20
-4.5922011883810745
 30
10.5
 10
10.39230484541326
 20
-6.000000000000005
 30
10.5
 10
9.700735091368513
 20
-4.01817603983344
 30
11.4
 10
10.142221176035214
 20
-2.7175999735764766
 30
11.4
 10
11.591109915468817
 20
-3.1058285412302586
 30
10.5
 10
11.086554390135442
 20
-4.5922011883810745
 30
10.5
 10
10.142221176035214
 20
-2.7175999735764766
 30
11.4
 10
10.41017104442501
 20
-1.3705250183105426
 30
11.4
 10
11.897338336485724
 20
-1.5663143066406202
 30
10.5
 10
11.591109915468817
 20
-3.1058285412302586
 30
10.5
 10
10.41017104442501
 20
-1.3705250183105426
 30
11.4
 10
10.5
 20
0.0
 30
11.4
 10
12.0
 20
0.0
 30
10.5
 10
11.897338336485724
 20
-1.5663143066406202
 30
10.5
 10
12.0
 20
0.0
 30
10.5
 10
11.897338336485724
 20
1.5663143066406189
 30
10.5
 10
12.194771794897868
 20
1.6054721643066345
 30
10.2
 10
12.3
 20
0.0
 30
10.2
 10
11.897338336485724
 20
1.5663143066406189
 30
10.5
 10
11.59110991546882
 20
3.105828541230249
 30
10.5
 10
11.88088766335554
 20
3.183474254761005
 30
10.2
 10
12.194771794897868
 20
1.6054721643066345
 30
10.2
 10
11.59110991546882
 20
3.105828541230249
 30
10.5
 10
11.08655439013544
 20
4.592201188381077
 30
10.5
 10
11.363718249888828
 20
4.707006218090605
 30
10.2
 10
11.88088766335554
 20
3.183474254761005
 30
10.2
 10
11.08655439013544
 20
4.592201188381077
 30
10.5
 10
10.392304845413264
 20
5.999999999999999
 30
10.5
 10
10.652112466548596
 20
6.1499999999999995
 30
10.2
 10
11.363718249888828
 20
4.707006218090605
 30
10.2
 10
10.392304845413264
 20
5.999999999999999
 30
10.5
 10
9.520240083494823
 20
7.305137148104648
 30
10.5
 10
9.758246085582194
 20
7.487765576807265
 30
10.2
 10
10.652112466548596
 20
6.1499999999999995
 30
10.2
 10
9.520240083494823
 20
7.305137148104648
 30
10.5
 10
8.485281374238571
 20
8.48528137423857
 30
10.5
 10
8.697413408594535
 20
8.697413408594535
 30
10.2
 10
9.758246085582194
 20
7.487765576807265
 30
10.2
 10
8.485281374238571
 20
8.48528137423857
 30
10.5
 10
7.305137148104648
 20
9.520240083494823
 30
10.5
 10
7.487765576807265
 20
9.758246085582194
 30
10.2
 10
8.697413408594535
 20
8.697413408594535
 30
10.2
 10
7.305137148104648
 20
9.520240083494823
 30
10.5
 10
6.000000000000002
 20
10.392304845413264
 30
10.5
 10
6.150000000000002
 20
10.652112466548596
 30
10.2
 10
7.487765576807265
 20
9.758246085582194
 30
10.2
 10
6.000000000000002
 20
10.392304845413264
 30
10.5
 10
4.592201188381078
 20
11.08655439013544
 30
10.5
 10
4.707006218090605
 20
11.363718249888828
 30
10.2
 10
6.150000000000002
 20
10.652112466548596
 30
10.2
 10
4.592201188381078
 20
11.08655439013544
 30
10.5
 10
3.105828541230249
 20
11.59110991546882
 30
10.5
 10
3.183474254761005
 20
11.88088766335554
 30
10.2
 10
4.707006218090605
 20
11.363718249888828
 30
10.2
 10
3.105828541230249
 20
11.59110991546882
 30
10.5
 10
1.5663143066406207
 20
11.897338336485724
 30
10.5
 10
1.605472164306636
 20
12.194771794897868
 30
10.2
 10
3.183474254761005
 20
11.88088766335554
 30
10.2
 10
1.5663143066406207
 20
11.897338336485724
 30
10.5
 10
7.347880794884119e-16
 20
12.0
 30
10.5
 10
7.531577814756223e-16
 20
12.3
 30
10.2
 10
1.605472164306636
 20
12.194771794897868
 30
10.2
 10
7.347880794884119e-16
 20
12.0
 30
10.5
 10
-1.5663143066406193
 20
11.897338336485724
 30
10.5
 10
-1.6054721643066348
 20
12.194771794897868
 30
10.2
 10
7.531577814756223e-16
 20
12.3
 30
10.2
 10
-1.5663143066406193
 20
11.897338336485724
 30
10.5
 10
-3.1058285412302475
 20
11.59110991546882
 30
10.5
 10
-3.1834742547610038
 20
11.88088766335554
 30
10.2
 10
-1.6054721643066348
 20
12.194771794897868
 30
10.2
 10
-3.1058285412302475
 20
11.59110991546882
 30
10.5
 10
-4.592201188381074
 20
11.086554390135442
 30
10.5
 10
-4.707006218090601
 20
11.363718249888828
 30
10.2
 10
-3.1834742547610038
 20
11.88088766335554
 30
10.2
 10
-4.592201188381074
 20
11.086554390135442
 30
10.5
 10
-5.999999999999997
 20
10.392304845413264
 30
10.5
 10
-6.149999999999998
 20
10.652112466548596
 30
10.2
 10
-4.707006218090601
 20
11.363718249888828
 30
10.2
 10
-5.999999999999997
 20
10.392304845413264
 30
10.5
 10
-7.305137148104648
 20
9.520240083494823
 30
10.5
 10
-7.487765576807265
 20
9.758246085582194
 30
10.2
 10
-6.149999999999998
 20
10.652112466548596
 30
10.2
 10
-7.305137148104648
 20
9.520240083494823
 30
10.5
 10
-8.48528137423857
 20
8.485281374238571
 30
10.5
 10
-8.697413408594535
 20
8.697413408594535
 30
10.2
 10
-7.487765576807265
 20
9.758246085582194
 30
10.2
 10
-8.48528137423857
 20
8.485281374238571
 30
10.5
 10
-9.520240083494821
 20
7.3051371481046505
 30
10.5
 10
-9.758246085582192
 20
7.487765576807267
 30
10.2
 10
-8.697413408594535
 20
8.697413408594535
 30
10.2
 10
-9.520240083494821
 20
7.3051371481046505
 30
10.5
 10
-10.392304845413264
 20
5.999999999999999
 30
10.5
 10
-10.652112466548596
 20
6.1499999999999995
 30
10.2
 10
-9.758246085582192
 20
7.487765576807267
 30
10.2
 10
-10.392304845413264
 20
5.999999999999999
 30
10.5
 10
-11.08655439013544
 20
4.592201188381079
 30
10.5
 10
-11.363718249888828
 20
4.707006218090606
 30
10.2
 10
-10.652112466548596
 20
6.1499999999999995
 30
10.2
 10
-11.08655439013544
 20
4.592201188381079
 30
10.5
 10
-11.591109915468818
 20
3.1058285412302524
 30
10.5
 10
-11.880887663355539
 20
3.1834742547610086
 30
10.2
 10
-11.363718249888828
 20
4.707006218090606
 30
10.2
 10
-11.591109915468818
 20
3.1058285412302524
 30
10.5
 10
-11.897338336485724
 20
1.5663143066406238
 30
10.5
 10
-12.194771794897868
 20
1.6054721643066396
 30
10.2
 10
-11.880887663355539
 20
3.1834742547610086
 30
10.2
 10
-11.897338336485724
 20
1.5663143066406238
 30
10.5
 10
-12.0
 20
1.4695761589768238e-15
 30
10.5
 10
-12.3
 20
1.5063155629512446e-15
 30
10.2
 10
-12.194771794897868
 20
1.6054721643066396
 30
10.2
 10
-12.0
 20
1.4695761589768238e-15
 30
10.5
 10
-11.897338336485724
 20
-1.566314306640621
 30
10.5
 10
-12.194771794897868
 20
-1.6054721643066368
 30
10.2
 10
-12.3
 20
1.5063155629512446e-15
 30
10.2
 10
-11.897338336485724
 20
-1.566314306640621
 30
10.5
 10
-11.59110991546882
 20
-3.1058285412302498
 30
10.5
 10
-11.88088766335554
 20
-3.183474254761006
 30
10.2
 10
-12.194771794897868
 20
-1.6054721643066368
 30
10.2
 10
-11.59110991546882
 20
-3.1058285412302498
 30
10.5
 10
-11.086554390135442
 20
-4.592201188381076
 30
10.5
 10
-11.363718249888828
 20
-4.707006218090603
 30
10.2
 10
-11.88088766335554
 20
-3.183474254761006
 30
10.2
 10
-11.086554390135442
 20
-4.592201188381076
 30
10.5
 10
-10.392304845413266
 20
-5.9999999999999964
 30
10.5
 10
-10.652112466548598
 20
-6.149999999999997
 30
10.2
 10
-11.363718249888828
 20
-4.707006218090603
 30
10.2
 10
-10.392304845413266
 20
-5.9999999999999964
 30
10.5
 10
-9.520240083494823
 20
-7.305137148104648
 30
10.5
 10
-9.758246085582194
 20
-7.487765576807265
 30
10.2
 10
-10.652112466548598
 20
-6.149999999999997
 30
10.2
 10
-9.520240083494823
 20
-7.305137148104648
 30
10.5
 10
-8.485281374238575
 20
-8.485281374238566
 30
10.5
 10
-8.69741340859454
 20
-8.69741340859453
 30
10.2
 10
-9.758246085582194
 20
-7.487765576807265
 30
10.2
 10
-8.485281374238575
 20
-8.485281374238566
 30
10.5
 10
-7.3051371481046505
 20
-9.52024008349482
 30
10.5
 10
-7.487765576807267
 20
-9.75824608558219
 30
10.2
 10
-8.69741340859454
 20
-8.69741340859453
 30
10.2
 10
-7.3051371481046505
 20
-9.52024008349482
 30
10.5
 10
-6.000000000000005
 20
-10.39230484541326
 30
10.5
 10
-6.150000000000006
 20
-10.652112466548592
 30
10.2
 10
-7.487765576807267
 20
-9.75824608558219
 30
10.2
 10
-6.000000000000005
 20
-10.39230484541326
 30
10.5
 10
-4.592201188381074
 20
-11.086554390135442
 30
10.5
 10
-4.707006218090601
 20
-11.363718249888828
 30
10.2
 10
-6.150000000000006
 20
-10.652112466548592
 30
10.2
 10
-4.592201188381074
 20
-11.086554390135442
 30
10.5
 10
-3.1058285412302475
 20
-11.59110991546882
 30
10.5
 10
-3.1834742547610038
 20
-11.88088766335554
 30
10.2
 10
-4.707006218090601
 20
-11.363718249888828
 30
10.2
 10
-3.1058285412302475
 20
-11.59110991546882
 30
10.5
 10
-1.5663143066406195
 20
-11.897338336485724
 30
10.5
 10
-1.6054721643066352
 20
-12.194771794897868
 30
10.2
 10
-3.1834742547610038
 20
-11.88088766335554
 30
10.2
 10
-1.5663143066406195
 20
-11.897338336485724
 30
10.5
 10
-2.204364238465236e-15
 20
-12.0
 30
10.5
 10
-2.2594733444268667e-15
 20
-12.3
 30
10.2
 10
-1.6054721643066352
 20
-12.194771794897868
 30
10.2
 10
-2.204364238465236e-15
 20
-12.0
 30
10.5
 10
1.5663143066406153
 20
-11.897338336485726
 30
10.5
 10
1.6054721643066308
 20
-12.19477179489787
 30
10.2
 10
-2.2594733444268667e-15
 20
-12.3
 30
10.2
 10
1.5663143066406153
 20
-11.897338336485726
 30
10.5
 10
3.1058285412302435
 20
-11.59110991546882
 30
10.5
 10
3.1834742547609998
 20
-11.880887663355542
 30
10.2
 10
1.6054721643066308
 20
-12.19477179489787
 30
10.2
 10
3.1058285412302435
 20
-11.59110991546882
 30
10.5
 10
4.59220118838107
 20
-11.086554390135444
 30
10.5
 10
4.707006218090597
 20
-11.36371824988883
 30
10.2
 10
3.1834742547609998
 20
-11.880887663355542
 30
10.2
 10
4.59220118838107
 20
-11.086554390135444
 30
10.5
 10
6.000000000000002
 20
-10.392304845413264
 30
10.5
 10
6.150000000000002
 20
-10.652112466548596
 30
10.2
 10
4.707006218090597
 20
-11.36371824988883
 30
10.2
 10
6.000000000000002
 20
-10.392304845413264
 30
10.5
 10
7.305137148104638
 20
-9.520240083494828
 30
10.5
 10
7.487765576807255
 20
-9.7582460855822
 30
10.2
 10
6.150000000000002
 20
-10.652112466548596
 30
10.2
 10
7.305137148104638
 20
-9.520240083494828
 30
10.5
 10
8.485281374238568
 20
-8.485281374238571
 30
10.5
 10
8.697413408594533
 20
-8.697413408594537
 30
10.2
 10
7.487765576807255
 20
-9.7582460855822
 30
10.2
 10
8.485281374238568
 20
-8.485281374238571
 30
10.5
 10
9.52024008349482
 20
-7.3051371481046505
 30
10.5
 10
9.75824608558219
 20
-7.487765576807267
 30
10.2
 10
8.697413408594533
 20
-8.697413408594537
 30
10.2
 10
9.52024008349482
 20
-7.3051371481046505
 30
10.5
 10
10.39230484541326
 20
-6.000000000000005
 30
10.5
 10
10.652112466548592
 20
-6.150000000000006
 30
10.2
 10
9.75824608558219
 20
-7.487765576807267
 30
10.2
 10
10.39230484541326
 20
-6.000000000000005
 30
10.5
 10
11.086554390135442
 20
-4.5922011883810745
 30
10.5
 10
11.363718249888828
 20
-4.707006218090602
 30
10.2
 10
10.652112466548592
 20
-6.150000000000006
 30
10.2
 10
11.086554390135442
 20
-4.5922011883810745
 30
10.5
 10
11.591109915468817
 20
-3.1058285412302586
 30
10.5
 10
11.880887663355539
 20
-3.1834742547610153
 30
10.2
 10
11.363718249888828
 20
-4.707006218090602
 30
10.2
 10
11.591109915468817
 20
-3.1058285412302586
 30
10.5
 10
11.897338336485724
 20
-1.5663143066406202
 30
10.5
 10
12.194771794897868
 20
-1.6054721643066359
 30
10.2
 10
11.880887663355539
 20
-3.1834742547610153
 30
10.2
 10
11.897338336485724
 20
-1.5663143066406202
 30
10.5
 10
12.0
 20
0.0
 30
10.5
 10
12.3
 20
0.0
 30
10.2
 10
12.194771794897868
 20
-1.6054721643066359
 30
10.2
 10
12.3
 20
0.0
 30
10.2
 10
12.194771794897868
 20
1.6054721643066345
 30
10.2
 10
12.194771794897868
 20
1.6054721643066345
 30
6.3
 10
12.3
 20
0.0
 30
6.3
 10
12.194771794897868
 20
1.6054721643066345
 30
10.2
 10
11.88088766335554
 20
3.183474254761005
 30
10.2
 10
11.88088766335554
 20
3.183474254761005
 30
6.3
 10
12.194771794897868
 20
1.6054721643066345
 30
6.3
 10
11.88088766335554
 20
3.183474254761005
 30
10.2
 10
11.363718249888828
 20
4.707006218090605
 30
10.2
 10
11.363718249888828
 20
4.707006218090605
 30
6.3
 10
11.88088766335554
 20
3.183474254761005
 30
6.3
 10
11.363718249888828
 20
4.707006218090605
 30
10.2
 10
10.652112466548596
 20
6.1499999999999995
 30
10.2
 10
10.652112466548596
 20
6.1499999999999995
 30
6.3
 10
11.363718249888828
 20
4.707006218090605
 30
6.3
 10
10.652112466548596
 20
6.1499999999999995
 30
10.2
 10
9.758246085582194
 20
7.487765576807265
 30
10.2
 10
9.758246085582194
 20
7.487765576807265
 30
6.3
 10
10.652112466548596
 20
6.1499999999999995
 30
6.3
 10
9.758246085582194
 20
7.487765576807265
 30
10.2
 10
8.697413408594535
 20
8.697413408594535
 30
10.2
 10
8.697413408594535
 20
8.697413408594535
 30
6.3
 10
9.758246085582194
 20
7.487765576807265
 30
6.3
 10
8.697413408594535
 20
8.697413408594535
 30
10.2
 10
7.487765576807265
 20
9.758246085582194
 30
10.2
 10
7.487765576807265
 20
9.758246085582194
 30
6.3
 10
8.697413408594535
 20
8.697413408594535
 30
6.3
 10
7.487765576807265
 20
9.758246085582194
 30
10.2
 10
6.150000000000002
 20
10.652112466548596
 30
10.2
 10
6.150000000000002
 20
10.652112466548596
 30
6.3
 10
7.487765576807265
 20
9.758246085582194
 30
6.3
 10
6.150000000000002
 20
10.652112466548596
 30
10.2
 10
4.707006218090605
 20
11.363718249888828
 30
10.2
 10
4.707006218090605
 20
11.363718249888828
 30
6.3
 10
6.150000000000002
 20
10.652112466548596
 30
6.3
 10
4.707006218090605
 20
11.363718249888828
 30
10.2
 10
3.183474254761005
 20
11.88088766335554
 30
10.2
 10
3.183474254761005
 20
11.88088766335554
 30
6.3
 10
4.707006218090605
 20
11.363718249888828
 30
6.3
 10
3.183474254761005
 20
11.88088766335554
 30
10.2
 10
1.605472164306636
 20
12.194771794897868
 30
10.2
 10
1.605472164306636
 20
12.194771794897868
 30
6.3
 10
3.183474254761005
 20
11.88088766335554
 30
6.3
 10
1.605472164306636
 20
12.194771794897868
 30
10.2
 10
7.531577814756223e-16
 20
12.3
 30
10.2
 10
7.531577814756223e-16
 20
12.3
 30
6.3
 10
1.605472164306636
 20
12.194771794897868
 30
6.3
 10
7.531577814756223e-16
 20
12.3
 30
10.2
 10
-1.6054721643066348
 20
12.194771794897868
 30
10.2
 10
-1.6054721643066348
 20
12.194771794897868
 30
6.3
 10
7.531577814756223e-16
 20
12.3
 30
6.3
 10
-1.6054721643066348
 20
12.194771794897868
 30
10.2
 10
-3.1834742547610038
 20
11.88088766335554
 30
10.2
 10
-3.1834742547610038
 20
11.88088766335554
 30
6.3
 10
-1.6054721643066348
 20
12.194771794897868
 30
6.3
 10
-3.1834742547610038
 20
11.88088766335554
 30
10.2
 10
-4.707006218090601
 20
11.363718249888828
 30
10.2
 10
-4.707006218090601
 20
11.363718249888828
 30
6.3
 10
-3.1834742547610038
 20
11.88088766335554
 30
6.3
 10
-4.707006218090601
 20
11.363718249888828
 30
10.2
 10
-6.149999999999998
 20
10.652112466548596
 30
10.2
 10
-6.149999999999998
 20
10.652112466548596
 30
6.3
 10
-4.707006218090601
 20
11.363718249888828
 30
6.3
 10
-6.149999999999998
 20
10.652112466548596
 30
10.2
 10
-7.487765576807265
 20
9.758246085582194
 30
10.2
 10
-7.487765576807265
 20
9.758246085582194
 30
6.3
 10
-6.149999999999998
 20
10.652112466548596
 30
6.3
 10
-7.487765576807265
 20
9.758246085582194
 30
10.2
 10
-8.697413408594535
 20
8.697413408594535
 30
10.2
 10
-8.697413408594535
 20
8.697413408594535
 30
6.3
 10
-7.487765576807265
 20
9.758246085582194
 30
6.3
 10
-8.697413408594535
 20
8.697413408594535
 30
10.2
 10
-9.758246085582192
 20
7.487765576807267
 30
10.2
 10
-9.758246085582192
 20
7.487765576807267
 30
6.3
 10
-8.697413408594535
 20
8.697413408594535
 30
6.3
 10
-9.758246085582192
 20
7.487765576807267
 30
10.2
 10
-10.652112466548596
 20
6.1499999999999995
 30
10.2
 10
-10.652112466548596
 20
6.1499999999999995
 30
6.3
 10
-9.758246085582192
 20
7.487765576807267
 30
6.3
 10
-10.652112466548596
 20
6.1499999999999995
 30
10.2
 10
-11.363718249888828
 20
4.707006218090606
 30
10.2
 10
-11.363718249888828
 20
4.707006218090606
 30
6.3
 10
-10.652112466548596
 20
6.1499999999999995
 30
6.3
 10
-11.363718249888828
 20
4.707006218090606
 30
10.2
 10
-11.880887663355539
 20
3.1834742547610086
 30
10.2
 10
-11.880887663355539
 20
3.1834742547610086
 30
6.3
 10
-11.363718249888828
 20
4.707006218090606
 30
6.3
 10
-11.880887663355539
 20
3.1834742547610086
 30
10.2
 10
-12.194771794897868
 20
1.6054721643066396
 30
10.2
 10
-12.194771794897868
 20
1.6054721643066396
 30
6.3
 10
-11.880887663355539
 20
3.1834742547610086
 30
6.3
 10
-12.194771794897868
 20
1.6054721643066396
 30
10.2
 10
-12.3
 20
1.5063155629512446e-15
 30
10.2
 10
-12.3
 20
1.5063155629512446e-15
 30
6.3
 10
-12.194771794897868
 20
1.6054721643066396
 30
6.3
 10
-12.3
 20
1.5063155629512446e-15
 30
10.2
 10
-12.194771794897868
 20
-1.6054721643066368
 30
10.2
 10
-12.194771794897868
 20
-1.6054721643066368
 30
6.3
 10
-12.3
 20
1.5063155629512446e-15
 30
6.3
 10
-12.194771794897868
 20
-1.6054721643066368
 30
10.2
 10
-11.88088766335554
 20
-3.183474254761006
 30
10.2
 10
-11.88088766335554
 20
-3.183474254761006
 30
6.3
 10
-12.194771794897868
 20
-1.6054721643066368
 30
6.3
 10
-11.88088766335554
 20
-3.183474254761006
 30
10.2
 10
-11.363718249888828
 20
-4.707006218090603
 30
10.2
 10
-11.363718249888828
 20
-4.707006218090603
 30
6.3
 10
-11.88088766335554
 20
-3.183474254761006
 30
6.3
 10
-11.363718249888828
 20
-4.707006218090603
 30
10.2
 10
-10.652112466548598
 20
-6.149999999999997
 30
10.2
 10
-10.652112466548598
 20
-6.149999999999997
 30
6.3
 10
-11.363718249888828
 20
-4.707006218090603
 30
6.3
 10
-10.652112466548598
 20
-6.149999999999997
 30
10.2
 10
-9.758246085582194
 20
-7.487765576807265
 30
10.2
 10
-9.758246085582194
 20
-7.487765576807265
 30
6.3
 10
-10.652112466548598
 20
-6.149999999999997
 30
6.3
 10
-9.758246085582194
 20
-7.487765576807265
 30
10.2
 10
-8.69741340859454
 20
-8.69741340859453
 30
10.2
 10
-8.69741340859454
 20
-8.69741340859453
 30
6.3
 10
-9.758246085582194
 20
-7.487765576807265
 30
6.3
 10
-8.69741340859454
 20
-8.69741340859453
 30
10.2
 10
-7.487765576807267
 20
-9.75824608558219
 30
10.2
 10
-7.487765576807267
 20
-9.75824608558219
 30
6.3
 10
-8.69741340859454
 20
-8.69741340859453
 30
6.3
 10
-7.487765576807267
 20
-9.75824608558219
 30
10.2
 10
-6.150000000000006
 20
-10.652112466548592
 30
10.2
 10
-6.150000000000006
 20
-10.652112466548592
 30
6.3
 10
-7.487765576807267
 20
-9.75824608558219
 30
6.3
 10
-6.150000000000006
 20
-10.652112466548592
 30
10.2
 10
-4.707006218090601
 20
-11.363718249888828
 30
10.2
 10
-4.707006218090601
 20
-11.363718249888828
 30
6.3
 10
-6.150000000000006
 20
-10.652112466548592
 30
6.3
 10
-4.707006218090601
 20
-11.363718249888828
 30
10.2
 10
-3.1834742547610038
 20
-11.88088766335554
 30
10.2
 10
-3.1834742547610038
 20
-11.88088766335554
 30
6.3
 10
-4.707006218090601
 20
-11.363718249888828
 30
6.3
 10
-3.1834742547610038
 20
-11.88088766335554
 30
10.2
 10
-1.6054721643066352
 20
-12.194771794897868
 30
10.2
 10
-1.6054721643066352
 20
-12.194771794897868
 30
6.3
 10
-3.1834742547610038
 20
-11.88088766335554
 30
6.3
 10
-1.6054721643066352
 20
-12.194771794897868
 30
10.2
 10
-2.2594733444268667e-15
 20
-12.3
 30
10.2
 10
-2.2594733444268667e-15
 20
-12.3
 30
6.3
 10
-1.6054721643066352
 20
-12.194771794897868
 30
6.3
 10
-2.2594733444268667e-15
 20
-12.3
 30
10.2
 10
1.6054721643066308
 20
-12.19477179489787
 30
10.2
 10
1.6054721643066308
 20
-12.19477179489787
 30
6.3
 10
-2.2594733444268667e-15
 20
-12.3
 30
6.3
 10
1.6054721643066308
 20
-12.19477179489787
 30
10.2
 10
3.1834742547609998
 20
-11.880887663355542
 30
10.2
 10
3.1834742547609998
 20
-11.880887663355542
 30
6.3
 10
1.6054721643066308
 20
-12.19477179489787
 30
6.3
 10
3.1834742547609998
 20
-11.880887663355542
 30
10.2
 10
4.707006218090597
 20
-11.36371824988883
 30
10.2
 10
4.707006218090597
 20
-11.36371824988883
 30
6.3
 10
3.1834742547609998
 20
-11.880887663355542
 30
6.3
 10
4.707006218090597
 20
-11.36371824988883
 30
10.2
 10
6.150000000000002
 20
-10.652112466548596
 30
10.2
 10
6.150000000000002
 20
-10.652112466548596
 30
6.3
 10
4.707006218090597
 20
-11.36371824988883
 30
6.3
 10
6.150000000000002
 20
-10.652112466548596
 30
10.2
 10
7.487765576807255
 20
-9.7582460855822
 30
10.2
 10
7.487765576807255
 20
-9.7582460855822
 30
6.3
 10
6.150000000000002
 20
-10.652112466548596
 30
6.3
 10
7.487765576807255
 20
-9.7582460855822
 30
10.2
 10
8.697413408594533
 20
-8.697413408594537
 30
10.2
 10
8.697413408594533
 20
-8.697413408594537
 30
6.3
 10
7.487765576807255
 20
-9.7582460855822
 30
6.3
 10
8.697413408594533
 20
-8.697413408594537
 30
10.2
 10
9.75824608558219
 20
-7.487765576807267
 30
10.2
 10
9.75824608558219
 20
-7.487765576807267
 30
6.3
 10
8.697413408594533
 20
-8.697413408594537
 30
6.3
 10
9.75824608558219
 20
-7.487765576807267
 30
10.2
 10
10.652112466548592
 20
-6.150000000000006
 30
10.2
 10
10.652112466548592
 20
-6.150000000000006
 30
6.3
 10
9.75824608558219
 20
-7.487765576807267
 30
6.3
 10
10.652112466548592
 20
-6.150000000000006
 30
10.2
 10
11.363718249888828
 20
-4.707006218090602
 30
10.2
 10
11.363718249888828
 20
-4.707006218090602
 30
6.3
 10
10.652112466548592
 20
-6.150000000000006
 30
6.3
 10
11.363718249888828
 20
-4.707006218090602
 30
10.2
 10
11.880887663355539
 20
-3.1834742547610153
 30
10.2
 10
11.880887663355539
 20
-3.1834742547610153
 30
6.3
 10
11.363718249888828
 20
-4.707006218090602
 30
6.3
 10
11.880887663355539
 20
-3.1834742547610153
 30
10.2
 10
12.194771794897868
 20
-1.6054721643066359
 30
10.2
 10
12.194771794897868
 20
-1.6054721643066359
 30
6.3
 10
11.880887663355539
 20
-3.1834742547610153
 30
6.3
 10
12.194771794897868
 20
-1.6054721643066359
 30
10.2
 10
12.3
 20
0.0
 30
10.2
 10
12.3
 20
0.0
 30
6.3
 10
12.194771794897868
 20
-1.6054721643066359
 30
6.3
 10
12.3
 20
0.0
 30
6.3
 10
12.194771794897868
 20
1.6054721643066345
 30
6.3
 10
11.897338336485724
 20
1.5663143066406189
 30
6.0
 10
12.0
 20
0.0
 30
6.0
 10
12.194771794897868
 20
1.6054721643066345
 30
6.3
 10
11.88088766335554
 20
3.183474254761005
 30
6.3
 10
11.59110991546882
 20
3.105828541230249
 30
6.0
 10
11.897338336485724
 20
1.5663143066406189
 30
6.0
 10
11.88088766335554
 20
3.183474254761005
 30
6.3
 10
11.363718249888828
 20
4.707006218090605
 30
6.3
 10
11.08655439013544
 20
4.592201188381077
 30
6.0
 10
11.59110991546882
 20
3.105828541230249
 30
6.0
 10
11.363718249888828
 20
4.707006218090605
 30
6.3
 10
10.652112466548596
 20
6.1499999999999995
 30
6.3
 10
10.392304845413264
 20
5.999999999999999
 30
6.0
 10
11.08655439013544
 20
4.592201188381077
 30
6.0
 10
10.652112466548596
 20
6.1499999999999995
 30
6.3
 10
9.758246085582194
 20
7.487765576807265
 30
6.3
 10
9.520240083494823
 20
7.305137148104648
 30
6.0
 10
10.392304845413264
 20
5.999999999999999
 30
6.0
 10
9.758246085582194
 20
7.487765576807265
 30
6.3
 10
8.697413408594535
 20
8.697413408594535
 30
6.3
 10
8.485281374238571
 20
8.48528137423857
 30
6.0
 10
9.520240083494823
 20
7.305137148104648
 30
6.0
 10
8.697413408594535
 20
8.697413408594535
 30
6.3
 10
7.487765576807265
 20
9.758246085582194
 30
6.3
 10
7.305137148104648
 20
9.520240083494823
 30
6.0
 10
8.485281374238571
 20
8.48528137423857
 30
6.0
 10
7.487765576807265
 20
9.758246085582194
 30
6.3
 10
6.150000000000002
 20
10.652112466548596
 30
6.3
 10
6.000000000000002
 20
10.392304845413264
 30
6.0
 10
7.305137148104648
 20
9.520240083494823
 30
6.0
 10
6.150000000000002
 20
10.652112466548596
 30
6.3
 10
4.707006218090605
 20
11.363718249888828
 30
6.3
 10
4.592201188381078
 20
11.08655439013544
 30
6.0
 10
6.000000000000002
 20
10.392304845413264
 30
6.0
 10
4.707006218090605
 20
11.363718249888828
 30
6.3
 10
3.183474254761005
 20
11.88088766335554
 30
6.3
 10
3.105828541230249
 20
11.59110991546882
 30
6.0
 10
4.592201188381078
 20
11.08655439013544
 30
6.0
 10
3.183474254761005
 20
11.88088766335554
 30
6.3
 10
1.605472164306636
 20
12.194771794897868
 30
6.3
 10
1.5663143066406207
 20
11.897338336485724
 30
6.0
 10
3.105828541230249
 20
11.59110991546882
 30
6.0
 10
1.605472164306636
 20
12.194771794897868
 30
6.3
 10
7.531577814756223e-16
 20
12.3
 30
6.3
 10
7.347880794884119e-16
 20
12.0
 30
6.0
 10
1.5663143066406207
 20
11.897338336485724
 30
6.0
 10
7.531577814756223e-16
 20
12.3
 30
6.3
 10
-1.6054721643066348
 20
12.194771794897868
 30
6.3
 10
-1.5663143066406193
 20
11.897338336485724
 30
6.0
 10
7.347880794884119e-16
 20
12.0
 30
6.0
 10
-1.6054721643066348
 20
12.194771794897868
 30
6.3
 10
-3.1834742547610038
 20
11.88088766335554
 30
6.3
 10
-3.1058285412302475
 20
11.59110991546882
 30
6.0
 10
-1.5663143066406193
 20
11.897338336485724
 30
6.0
 10
-3.1834742547610038
 20
11.88088766335554
 30
6.3
 10
-4.707006218090601
 20
11.363718249888828
 30
6.3
 10
-4.592201188381074
 20
11.086554390135442
 30
6.0
 10
-3.1058285412302475
 20
11.59110991546882
 30
6.0
 10
-4.707006218090601
 20
11.363718249888828
 30
6.3
 10
-6.149999999999998
 20
10.652112466548596
 30
6.3
 10
-5.999999999999997
 20
10.392304845413264
 30
6.0
 10
-4.592201188381074
 20
11.086554390135442
 30
6.0
 10
-6.149999999999998
 20
10.652112466548596
 30
6.3
 10
-7.487765576807265
 20
9.758246085582194
 30
6.3
 10
-7.305137148104648
 20
9.520240083494823
 30
6.0
 10
-5.999999999999997
 20
10.392304845413264
 30
6.0
 10
-7.487765576807265
 20
9.758246085582194
 30
6.3
 10
-8.697413408594535
 20
8.697413408594535
 30
6.3
 10
-8.48528137423857
 20
8.485281374238571
 30
6.0
 10
-7.305137148104648
 20
9.520240083494823
 30
6.0
 10
-8.697413408594535
 20
8.697413408594535
 30
6.3
 10
-9.758246085582192
 20
7.487765576807267
 30
6.3
 10
-9.520240083494821
 20
7.3051371481046505
 30
6.0
 10
-8.48528137423857
 20
8.485281374238571
 30
6.0
 10
-9.758246085582192
 20
7.487765576807267
 30
6.3
 10
-10.652112466548596
 20
6.1499999999999995
 30
6.3
 10
-10.392304845413264
 20
5.999999999999999
 30
6.0
 10
-9.520240083494821
 20
7.3051371481046505
 30
6.0
 10
-10.652112466548596
 20
6.1499999999999995
 30
6.3
 10
-11.363718249888828
 20
4.707006218090606
 30
6.3
 10
-11.08655439013544
 20
4.592201188381079
 30
6.0
 10
-10.392304845413264
 20
5.999999999999999
 30
6.0
 10
-11.363718249888828
 20
4.707006218090606
 30
6.3
 10
-11.880887663355539
 20
3.1834742547610086
 30
6.3
 10
-11.591109915468818
 20
3.1058285412302524
 30
6.0
 10
-11.08655439013544
 20
4.592201188381079
 30
6.0
 10
-11.880887663355539
 20
3.1834742547610086
 30
6.3
 10
-12.194771794897868
 20
1.6054721643066396
 30
6.3
 10
-11.897338336485724
 20
1.5663143066406238
 30
6.0
 10
-11.591109915468818
 20
3.1058285412302524
 30
6.0
 10
-12.194771794897868
 20
1.6054721643066396
 30
6.3
 10
-12.3
 20
1.5063155629512446e-15
 30
6.3
 10
-12.0
 20
1.4695761589768238e-15
 30
6.0
 10
-11.897338336485724
 20
1.5663143066406238
 30
6.0
 10
-12.3
 20
1.5063155629512446e-15
 30
6.3
 10
-12.194771794897868
 20
-1.6054721643066368
 30
6.3
 10
-11.897338336485724
 20
-1.566314306640621
 30
6.0
 10
-12.0
 20
1.4695761589768238e-15
 30
6.0
 10
-12.194771794897868
 20
-1.6054721643066368
 30
6.3
 10
-11.88088766335554
 20
-3.183474254761006
 30
6.3
 10
-11.59110991546882
 20
-3.1058285412302498
 30
6.0
 10
-11.897338336485724
 20
-1.566314306640621
 30
6.0
 10
-11.88088766335554
 20
-3.183474254761006
 30
6.3
 10
-11.363718249888828
 20
-4.707006218090603
 30
6.3
 10
-11.086554390135442
 20
-4.592201188381076
 30
6.0
 10
-11.59110991546882
 20
-3.1058285412302498
 30
6.0
 10
-11.363718249888828
 20
-4.707006218090603
 30
6.3
 10
-10.652112466548598
 20
-6.149999999999997
 30
6.3
 10
-10.392304845413266
 20
-5.9999999999999964
 30
6.0
 10
-11.086554390135442
 20
-4.592201188381076
 30
6.0
 10
-10.652112466548598
 20
-6.149999999999997
 30
6.3
 10
-9.758246085582194
 20
-7.487765576807265
 30
6.3
 10
-9.520240083494823
 20
-7.305137148104648
 30
6.0
 10
-10.392304845413266
 20
-5.9999999999999964
 30
6.0
 10
-9.758246085582194
 20
-7.487765576807265
 30
6.3
 10
-8.69741340859454
 20
-8.69741340859453
 30
6.3
 10
-8.485281374238575
 20
-8.485281374238566
 30
6.0
 10
-9.520240083494823
 20
-7.305137148104648
 30
6.0
 10
-8.69741340859454
 20
-8.69741340859453
 30
6.3
 10
-7.487765576807267
 20
-9.75824608558219
 30
6.3
 10
-7.3051371481046505
 20
-9.52024008349482
 30
6.0
 10
-8.485281374238575
 20
-8.485281374238566
 30
6.0
 10
-7.487765576807267
 20
-9.75824608558219
 30
6.3
 10
-6.150000000000006
 20
-10.652112466548592
 30
6.3
 10
-6.000000000000005
 20
-10.39230484541326
 30
6.0
 10
-7.3051371481046505
 20
-9.52024008349482
 30
6.0
 10
-6.150000000000006
 20
-10.652112466548592
 30
6.3
 10
-4.707006218090601
 20
-11.363718249888828
 30
6.3
 10
-4.592201188381074
 20
-11.086554390135442
 30
6.0
 10
-6.000000000000005
 20
-10.39230484541326
 30
6.0
 10
-4.707006218090601
 20
-11.363718249888828
 30
6.3
 10
-3.1834742547610038
 20
-11.88088766335554
 30
6.3
 10
-3.1058285412302475
 20
-11.59110991546882
 30
6.0
 10
-4.592201188381074
 20
-11.086554390135442
 30
6.0
 10
-3.1834742547610038
 20
-11.88088766335554
 30
6.3
 10
-1.6054721643066352
 20
-12.194771794897868
 30
6.3
 10
-1.5663143066406195
 20
-11.897338336485724
 30
6.0
 10
-3.1058285412302475
 20
-11.59110991546882
 30
6.0
 10
-1.6054721643066352
 20
-12.194771794897868
 30
6.3
 10
-2.2594733444268667e-15
 20
-12.3
 30
6.3
 10
-2.204364238465236e-15
 20
-12.0
 30
6.0
 10
-1.5663143066406195
 20
-11.897338336485724
 30
6.0
 10
-2.2594733444268667e-15
 20
-12.3
 30
6.3
 10
1.6054721643066308
 20
-12.19477179489787
 30
6.3
 10
1.5663143066406153
 20
-11.897338336485726
 30
6.0
 10
-2.204364238465236e-15
 20
-12.0
 30
6.0
 10
1.6054721643066308
 20
-12.19477179489787
 30
6.3
 10
3.1834742547609998
 20
-11.880887663355542
 30
6.3
 10
3.1058285412302435
 20
-11.59110991546882
 30
6.0
 10
1.5663143066406153
 20
-11.897338336485726
 30
6.0
 10
3.1834742547609998
 20
-11.880887663355542
 30
6.3
 10
4.707006218090597
 20
-11.36371824988883
 30
6.3
 10
4.59220118838107
 20
-11.086554390135444
 30
6.0
 10
3.1058285412302435
 20
-11.59110991546882
 30
6.0
 10
4.707006218090597
 20
-11.36371824988883
 30
6.3
 10
6.150000000000002
 20
-10.652112466548596
 30
6.3
 10
6.000000000000002
 20
-10.392304845413264
 30
6.0
 10
4.59220118838107
 20
-11.086554390135444
 30
6.0
 10
6.150000000000002
 20
-10.652112466548596
 30
6.3
 10
7.487765576807255
 20
-9.7582460855822
 30
6.3
 10
7.305137148104638
 20
-9.520240083494828
 30
6.0
 10
6.000000000000002
 20
-10.392304845413264
 30
6.0
 10
7.487765576807255
 20
-9.7582460855822
 30
6.3
 10
8.697413408594533
 20
-8.697413408594537
 30
6.3
 10
8.485281374238568
 20
-8.485281374238571
 30
6.0
 10
7.305137148104638
 20
-9.520240083494828
 30
6.0
 10
8.697413408594533
 20
-8.697413408594537
 30
6.3
 10
9.75824608558219
 20
-7.487765576807267
 30
6.3
 10
9.52024008349482
 20
-7.3051371481046505
 30
6.0
 10
8.485281374238568
 20
-8.485281374238571
 30
6.0
 10
9.75824608558219
 20
-7.487765576807267
 30
6.3
 10
10.652112466548592
 20
-6.150000000000006
 30
6.3
 10
10.39230484541326
 20
-6.000000000000005
 30
6.0
 10
9.52024008349482
 20
-7.3051371481046505
 30
6.0
 10
10.652112466548592
 20
-6.150000000000006
 30
6.3
 10
11.363718249888828
 20
-4.707006218090602
 30
6.3
 10
11.086554390135442
 20
-4.5922011883810745
 30
6.0
 10
10.39230484541326
 20
-6.000000000000005
 30
6.0
 10
11.363718249888828
 20
-4.707006218090602
 30
6.3
 10
11.880887663355539
 20
-3.1834742547610153
 30
6.3
 10
11.591109915468817
 20
-3.1058285412302586
 30
6.0
 10
11.086554390135442
 20
-4.5922011883810745
 30
6.0
 10
11.880887663355539
 20
-3.1834742547610153
 30
6.3
 10
12.194771794897868
 20
-1.6054721643066359
 30
6.3
 10
11.897338336485724
 20
-1.5663143066406202
 30
6.0
 10
11.591109915468817
 20
-3.1058285412302586
 30
6.0
 10
12.194771794897868
 20
-1.6054721643066359
 30
6.3
 10
12.3
 20
0.0
 30
6.3
 10
12.0
 20
0.0
 30
6.0
 10
11.897338336485724
 20
-1.5663143066406202
 30
6.0
 10
12.0
 20
0.0
 30
6.0
 10
11.897338336485724
 20
1.5663143066406189
 30
6.0
 10
9.418726183051199
 20
1.23999882609049
 30
5.1
 10
9.5
 20
0.0
 30
5.1
 10
11.897338336485724
 20
1.5663143066406189
 30
6.0
 10
11.59110991546882
 20
3.105828541230249
 30
6.0
 10
9.176295349746148
 20
2.458780928473947
 30
5.1
 10
9.418726183051199
 20
1.23999882609049
 30
5.1
 10
11.59110991546882
 20
3.105828541230249
 30
6.0
 10
11.08655439013544
 20
4.592201188381077
 30
6.0
 10
8.776855558857225
 20
3.635492607468353
 30
5.1
 10
9.176295349746148
 20
2.458780928473947
 30
5.1
 10
11.08655439013544
 20
4.592201188381077
 30
6.0
 10
10.392304845413264
 20
5.999999999999999
 30
6.0
 10
8.227241335952169
 20
4.749999999999999
 30
5.1
 10
8.776855558857225
 20
3.635492607468353
 30
5.1
 10
10.392304845413264
 20
5.999999999999999
 30
6.0
 10
9.520240083494823
 20
7.305137148104648
 30
6.0
 10
7.536856732766734
 20
5.783233575582846
 30
5.1
 10
8.227241335952169
 20
4.749999999999999
 30
5.1
 10
9.520240083494823
 20
7.305137148104648
 30
6.0
 10
8.485281374238571
 20
8.48528137423857
 30
6.0
 10
6.7175144212722016
 20
6.717514421272201
 30
5.1
 10
7.536856732766734
 20
5.783233575582846
 30
5.1
 10
8.485281374238571
 20
8.48528137423857
 30
6.0
 10
7.305137148104648
 20
9.520240083494823
 30
6.0
 10
5.783233575582846
 20
7.536856732766734
 30
5.1
 10
6.7175144212722016
 20
6.717514421272201
 30
5.1
 10
7.305137148104648
 20
9.520240083494823
 30
6.0
 10
6.000000000000002
 20
10.392304845413264
 30
6.0
 10
4.750000000000001
 20
8.227241335952167
 30
5.1
 10
5.783233575582846
 20
7.536856732766734
 30
5.1
 10
6.000000000000002
 20
10.392304845413264
 30
6.0
 10
4.592201188381078
 20
11.08655439013544
 30
6.0
 10
3.6354926074683536
 20
8.776855558857225
 30
5.1
 10
4.750000000000001
 20
8.227241335952167
 30
5.1
 10
4.592201188381078
 20
11.08655439013544
 30
6.0
 10
3.105828541230249
 20
11.59110991546882
 30
6.0
 10
2.458780928473947
 20
9.176295349746148
 30
5.1
 10
3.6354926074683536
 20
8.776855558857225
 30
5.1
 10
3.105828541230249
 20
11.59110991546882
 30
6.0
 10
1.5663143066406207
 20
11.897338336485724
 30
6.0
 10
1.2399988260904913
 20
9.418726183051199
 30
5.1
 10
2.458780928473947
 20
9.176295349746148
 30
5.1
 10
1.5663143066406207
 20
11.897338336485724
 30
6.0
 10
7.347880794884119e-16
 20
12.0
 30
6.0
 10
5.817072295949927e-16
 20
9.5
 30
5.1
 10
1.2399988260904913
 20
9.418726183051199
 30
5.1
 10
7.347880794884119e-16
 20
12.0
 30
6.0
 10
-1.5663143066406193
 20
11.897338336485724
 30
6.0
 10
-1.2399988260904902
 20
9.418726183051199
 30
5.1
 10
5.817072295949927e-16
 20
9.5
 30
5.1
 10
-1.5663143066406193
 20
11.897338336485724
 30
6.0
 10
-3.1058285412302475
 20
11.59110991546882
 30
6.0
 10
-2.458780928473946
 20
9.176295349746148
 30
5.1
 10
-1.2399988260904902
 20
9.418726183051199
 30
5.1
 10
-3.1058285412302475
 20
11.59110991546882
 30
6.0
 10
-4.592201188381074
 20
11.086554390135442
 30
6.0
 10
-3.6354926074683505
 20
8.776855558857225
 30
5.1
 10
-2.458780928473946
 20
9.176295349746148
 30
5.1
 10
-4.592201188381074
 20
11.086554390135442
 30
6.0
 10
-5.999999999999997
 20
10.392304845413264
 30
6.0
 10
-4.749999999999998
 20
8.227241335952169
 30
5.1
 10
-3.6354926074683505
 20
8.776855558857225
 30
5.1
 10
-5.999999999999997
 20
10.392304845413264
 30
6.0
 10
-7.305137148104648
 20
9.520240083494823
 30
6.0
 10
-5.783233575582846
 20
7.536856732766734
 30
5.1
 10
-4.749999999999998
 20
8.227241335952169
 30
5.1
 10
-7.305137148104648
 20
9.520240083494823
 30
6.0
 10
-8.48528137423857
 20
8.485281374238571
 30
6.0
 10
-6.717514421272201
 20
6.7175144212722016
 30
5.1
 10
-5.783233575582846
 20
7.536856732766734
 30
5.1
 10
-8.48528137423857
 20
8.485281374238571
 30
6.0
 10
-9.520240083494821
 20
7.3051371481046505
 30
6.0
 10
-7.536856732766733
 20
5.783233575582848
 30
5.1
 10
-6.717514421272201
 20
6.7175144212722016
 30
5.1
 10
-9.520240083494821
 20
7.3051371481046505
 30
6.0
 10
-10.392304845413264
 20
5.999999999999999
 30
6.0
 10
-8.227241335952169
 20
4.749999999999999
 30
5.1
 10
-7.536856732766733
 20
5.783233575582848
 30
5.1
 10
-10.392304845413264
 20
5.999999999999999
 30
6.0
 10
-11.08655439013544
 20
4.592201188381079
 30
6.0
 10
-8.776855558857225
 20
3.635492607468354
 30
5.1
 10
-8.227241335952169
 20
4.749999999999999
 30
5.1
 10
-11.08655439013544
 20
4.592201188381079
 30
6.0
 10
-11.591109915468818
 20
3.1058285412302524
 30
6.0
 10
-9.176295349746148
 20
2.4587809284739497
 30
5.1
 10
-8.776855558857225
 20
3.635492607468354
 30
5.1
 10
-11.591109915468818
 20
3.1058285412302524
 30
6.0
 10
-11.897338336485724
 20
1.5663143066406238
 30
6.0
 10
-9.418726183051199
 20
1.239998826090494
 30
5.1
 10
-9.176295349746148
 20
2.4587809284739497
 30
5.1
 10
-11.897338336485724
 20
1.5663143066406238
 30
6.0
 10
-12.0
 20
1.4695761589768238e-15
 30
6.0
 10
-9.5
 20
1.1634144591899855e-15
 30
5.1
 10
-9.418726183051199
 20
1.239998826090494
 30
5.1
 10
-12.0
 20
1.4695761589768238e-15
 30
6.0
 10
-11.897338336485724
 20
-1.566314306640621
 30
6.0
 10
-9.418726183051199
 20
-1.2399988260904917
 30
5.1
 10
-9.5
 20
1.1634144591899855e-15
 30
5.1
 10
-11.897338336485724
 20
-1.566314306640621
 30
6.0
 10
-11.59110991546882
 20
-3.1058285412302498
 30
6.0
 10
-9.176295349746148
 20
-2.4587809284739475
 30
5.1
 10
-9.418726183051199
 20
-1.2399988260904917
 30
5.1
 10
-11.59110991546882
 20
-3.1058285412302498
 30
6.0
 10
-11.086554390135442
 20
-4.592201188381076
 30
6.0
 10
-8.776855558857225
 20
-3.635492607468352
 30
5.1
 10
-9.176295349746148
 20
-2.4587809284739475
 30
5.1
 10
-11.086554390135442
 20
-4.592201188381076
 30
6.0
 10
-10.392304845413266
 20
-5.9999999999999964
 30
6.0
 10
-8.227241335952169
 20
-4.749999999999997
 30
5.1
 10
-8.776855558857225
 20
-3.635492607468352
 30
5.1
 10
-10.392304845413266
 20
-5.9999999999999964
 30
6.0
 10
-9.520240083494823
 20
-7.305137148104648
 30
6.0
 10
-7.536856732766734
 20
-5.783233575582846
 30
5.1
 10
-8.227241335952169
 20
-4.749999999999997
 30
5.1
 10
-9.520240083494823
 20
-7.305137148104648
 30
6.0
 10
-8.485281374238575
 20
-8.485281374238566
 30
6.0
 10
-6.717514421272205
 20
-6.717514421272198
 30
5.1
 10
-7.536856732766734
 20
-5.783233575582846
 30
5.1
 10
-8.485281374238575
 20
-8.485281374238566
 30
6.0
 10
-7.3051371481046505
 20
-9.52024008349482
 30
6.0
 10
-5.783233575582848
 20
-7.536856732766732
 30
5.1
 10
-6.717514421272205
 20
-6.717514421272198
 30
5.1
 10
-7.3051371481046505
 20
-9.52024008349482
 30
6.0
 10
-6.000000000000005
 20
-10.39230484541326
 30
6.0
 10
-4.750000000000004
 20
-8.227241335952165
 30
5.1
 10
-5.783233575582848
 20
-7.536856732766732
 30
5.1
 10
-6.000000000000005
 20
-10.39230484541326
 30
6.0
 10
-4.592201188381074
 20
-11.086554390135442
 30
6.0
 10
-3.6354926074683505
 20
-8.776855558857225
 30
5.1
 10
-4.750000000000004
 20
-8.227241335952165
 30
5.1
 10
-4.592201188381074
 20
-11.086554390135442
 30
6.0
 10
-3.1058285412302475
 20
-11.59110991546882
 30
6.0
 10
-2.458780928473946
 20
-9.176295349746148
 30
5.1
 10
-3.6354926074683505
 20
-8.776855558857225
 30
5.1
 10
-3.1058285412302475
 20
-11.59110991546882
 30
6.0
 10
-1.5663143066406195
 20
-11.897338336485724
 30
6.0
 10
-1.2399988260904904
 20
-9.418726183051199
 30
5.1
 10
-2.458780928473946
 20
-9.176295349746148
 30
5.1
 10
-1.5663143066406195
 20
-11.897338336485724
 30
6.0
 10
-2.204364238465236e-15
 20
-12.0
 30
6.0
 10
-1.7451216887849782e-15
 20
-9.5
 30
5.1
 10
-1.2399988260904904
 20
-9.418726183051199
 30
5.1
 10
-2.204364238465236e-15
 20
-12.0
 30
6.0
 10
1.5663143066406153
 20
-11.897338336485726
 30
6.0
 10
1.239998826090487
 20
-9.4187261830512
 30
5.1
 10
-1.7451216887849782e-15
 20
-9.5
 30
5.1
 10
1.5663143066406153
 20
-11.897338336485726
 30
6.0
 10
3.1058285412302435
 20
-11.59110991546882
 30
6.0
 10
2.458780928473943
 20
-9.17629534974615
 30
5.1
 10
1.239998826090487
 20
-9.4187261830512
 30
5.1
 10
3.1058285412302435
 20
-11.59110991546882
 30
6.0
 10
4.59220118838107
 20
-11.086554390135444
 30
6.0
 10
3.635492607468347
 20
-8.776855558857227
 30
5.1
 10
2.458780928473943
 20
-9.17629534974615
 30
5.1
 10
4.59220118838107
 20
-11.086554390135444
 30
6.0
 10
6.000000000000002
 20
-10.392304845413264
 30
6.0
 10
4.750000000000001
 20
-8.227241335952167
 30
5.1
 10
3.635492607468347
 20
-8.776855558857227
 30
5.1
 10
6.000000000000002
 20
-10.392304845413264
 30
6.0
 10
7.305137148104638
 20
-9.520240083494828
 30
6.0
 10
5.783233575582839
 20
-7.536856732766739
 30
5.1
 10
4.750000000000001
 20
-8.227241335952167
 30
5.1
 10
7.305137148104638
 20
-9.520240083494828
 30
6.0
 10
8.485281374238568
 20
-8.485281374238571
 30
6.0
 10
6.7175144212722
 20
-6.717514421272203
 30
5.1
 10
5.783233575582839
 20
-7.536856732766739
 30
5.1
 10
8.485281374238568
 20
-8.485281374238571
 30
6.0
 10
9.52024008349482
 20
-7.3051371481046505
 30
6.0
 10
7.536856732766732
 20
-5.783233575582848
 30
5.1
 10
6.7175144212722
 20
-6.717514421272203
 30
5.1
 10
9.52024008349482
 20
-7.3051371481046505
 30
6.0
 10
10.39230484541326
 20
-6.000000000000005
 30
6.0
 10
8.227241335952165
 20
-4.750000000000004
 30
5.1
 10
7.536856732766732
 20
-5.783233575582848
 30
5.1
 10
10.39230484541326
 20
-6.000000000000005
 30
6.0
 10
11.086554390135442
 20
-4.5922011883810745
 30
6.0
 10
8.776855558857225
 20
-3.635492607468351
 30
5.1
 10
8.227241335952165
 20
-4.750000000000004
 30
5.1
 10
11.086554390135442
 20
-4.5922011883810745
 30
6.0
 10
11.591109915468817
 20
-3.1058285412302586
 30
6.0
 10
9.176295349746146
 20
-2.458780928473955
 30
5.1
 10
8.776855558857225
 20
-3.635492607468351
 30
5.1
 10
11.591109915468817
 20
-3.1058285412302586
 30
6.0
 10
11.897338336485724
 20
-1.5663143066406202
 30
6.0
 10
9.418726183051199
 20
-1.239998826090491
 30
5.1
 10
9.176295349746146
 20
-2.458780928473955
 30
5.1
 10
11.897338336485724
 20
-1.5663143066406202
 30
6.0
 10
12.0
 20
0.0
 30
6.0
 10
9.5
 20
0.0
 30
5.1
 10
9.418726183051199
 20
-1.239998826090491
 30
5.1
 10
9.5
 20
0.0
 30
5.1
 10
9.418726183051199
 20
1.23999882609049
 30
5.1
 10
5.948669168242862
 20
0.7831571533203094
 30
4.3
 10
6.0
 20
0.0
 30
4.3
 10
9.418726183051199
 20
1.23999882609049
 30
5.1
 10
9.176295349746148
 20
2.458780928473947
 30
5.1
 10
5.79555495773441
 20
1.5529142706151244
 30
4.3
 10
5.948669168242862
 20
0.7831571533203094
 30
4.3
 10
9.176295349746148
 20
2.458780928473947
 30
5.1
 10
8.776855558857225
 20
3.635492607468353
 30
5.1
 10
5.54327719506772
 20
2.2961005941905386
 30
4.3
 10
5.79555495773441
 20
1.5529142706151244
 30
4.3
 10
8.776855558857225
 20
3.635492607468353
 30
5.1
 10
8.227241335952169
 20
4.749999999999999
 30
5.1
 10
5.196152422706632
 20
2.9999999999999996
 30
4.3
 10
5.54327719506772
 20
2.2961005941905386
 30
4.3
 10
8.227241335952169
 20
4.749999999999999
 30
5.1
 10
7.536856732766734
 20
5.783233575582846
 30
5.1
 10
4.760120041747411
 20
3.652568574052324
 30
4.3
 10
5.196152422706632
 20
2.9999999999999996
 30
4.3
 10
7.536856732766734
 20
5.783233575582846
 30
5.1
 10
6.7175144212722016
 20
6.717514421272201
 30
5.1
 10
4.242640687119286
 20
4.242640687119285
 30
4.3
 10
4.760120041747411
 20
3.652568574052324
 30
4.3
 10
6.7175144212722016
 20
6.717514421272201
 30
5.1
 10
5.783233575582846
 20
7.536856732766734
 30
5.1
 10
3.652568574052324
 20
4.760120041747411
 30
4.3
 10
4.242640687119286
 20
4.242640687119285
 30
4.3
 10
5.783233575582846
 20
7.536856732766734
 30
5.1
 10
4.750000000000001
 20
8.227241335952167
 30
5.1
 10
3.000000000000001
 20
5.196152422706632
 30
4.3
 10
3.652568574052324
 20
4.760120041747411
 30
4.3
 10
4.750000000000001
 20
8.227241335952167
 30
5.1
 10
3.6354926074683536
 20
8.776855558857225
 30
5.1
 10
2.296100594190539
 20
5.54327719506772
 30
4.3
 10
3.000000000000001
 20
5.196152422706632
 30
4.3
 10
3.6354926074683536
 20
8.776855558857225
 30
5.1
 10
2.458780928473947
 20
9.176295349746148
 30
5.1
 10
1.5529142706151244
 20
5.79555495773441
 30
4.3
 10
2.296100594190539
 20
5.54327719506772
 30
4.3
 10
2.458780928473947
 20
9.176295349746148
 30
5.1
 10
1.2399988260904913
 20
9.418726183051199
 30
5.1
 10
0.7831571533203103
 20
5.948669168242862
 30
4.3
 10
1.5529142706151244
 20
5.79555495773441
 30
4.3
 10
1.2399988260904913
 20
9.418726183051199
 30
5.1
 10
5.817072295949927e-16
 20
9.5
 30
5.1
 10
3.6739403974420594e-16
 20
6.0
 30
4.3
 10
0.7831571533203103
 20
5.948669168242862
 30
4.3
 10
5.817072295949927e-16
 20
9.5
 30
5.1
 10
-1.2399988260904902
 20
9.418726183051199
 30
5.1
 10
-0.7831571533203097
 20
5.948669168242862
 30
4.3
 10
3.6739403974420594e-16
 20
6.0
 30
4.3
 10
-1.2399988260904902
 20
9.418726183051199
 30
5.1
 10
-2.458780928473946
 20
9.176295349746148
 30
5.1
 10
-1.5529142706151238
 20
5.79555495773441
 30
4.3
 10
-0.7831571533203097
 20
5.948669168242862
 30
4.3
 10
-2.458780928473946
 20
9.176295349746148
 30
5.1
 10
-3.6354926074683505
 20
8.776855558857225
 30
5.1
 10
-2.296100594190537
 20
5.543277195067721
 30
4.3
 10
-1.5529142706151238
 20
5.79555495773441
 30
4.3
 10
-3.6354926074683505
 20
8.776855558857225
 30
5.1
 10
-4.749999999999998
 20
8.227241335952169
 30
5.1
 10
-2.9999999999999987
 20
5.196152422706632
 30
4.3
 10
-2.296100594190537
 20
5.543277195067721
 30
4.3
 10
-4.749999999999998
 20
8.227241335952169
 30
5.1
 10
-5.783233575582846
 20
7.536856732766734
 30
5.1
 10
-3.652568574052324
 20
4.760120041747411
 30
4.3
 10
-2.9999999999999987
 20
5.196152422706632
 30
4.3
 10
-5.783233575582846
 20
7.536856732766734
 30
5.1
 10
-6.717514421272201
 20
6.7175144212722016
 30
5.1
 10
-4.242640687119285
 20
4.242640687119286
 30
4.3
 10
-3.652568574052324
 20
4.760120041747411
 30
4.3
 10
-6.717514421272201
 20
6.7175144212722016
 30
5.1
 10
-7.536856732766733
 20
5.783233575582848
 30
5.1
 10
-4.7601200417474105
 20
3.6525685740523253
 30
4.3
 10
-4.242640687119285
 20
4.242640687119286
 30
4.3
 10
-7.536856732766733
 20
5.783233575582848
 30
5.1
 10
-8.227241335952169
 20
4.749999999999999
 30
5.1
 10
-5.196152422706632
 20
2.9999999999999996
 30
4.3
 10
-4.7601200417474105
 20
3.6525685740523253
 30
4.3
 10
-8.227241335952169
 20
4.749999999999999
 30
5.1
 10
-8.776855558857225
 20
3.635492607468354
 30
5.1
 10
-5.54327719506772
 20
2.2961005941905395
 30
4.3
 10
-5.196152422706632
 20
2.9999999999999996
 30
4.3
 10
-8.776855558857225
 20
3.635492607468354
 30
5.1
 10
-9.176295349746148
 20
2.4587809284739497
 30
5.1
 10
-5.795554957734409
 20
1.5529142706151262
 30
4.3
 10
-5.54327719506772
 20
2.2961005941905395
 30
4.3
 10
-9.176295349746148
 20
2.4587809284739497
 30
5.1
 10
-9.418726183051199
 20
1.239998826090494
 30
5.1
 10
-5.948669168242862
 20
0.7831571533203119
 30
4.3
 10
-5.795554957734409
 20
1.5529142706151262
 30
4.3
 10
-9.418726183051199
 20
1.239998826090494
 30
5.1
 10
-9.5
 20
1.1634144591899855e-15
 30
5.1
 10
-6.0
 20
7.347880794884119e-16
 30
4.3
 10
-5.948669168242862
 20
0.7831571533203119
 30
4.3
 10
-9.5
 20
1.1634144591899855e-15
 30
5.1
 10
-9.418726183051199
 20
-1.2399988260904917
 30
5.1
 10
-5.948669168242862
 20
-0.7831571533203106
 30
4.3
 10
-6.0
 20
7.347880794884119e-16
 30
4.3
 10
-9.418726183051199
 20
-1.2399988260904917
 30
5.1
 10
-9.176295349746148
 20
-2.4587809284739475
 30
5.1
 10
-5.79555495773441
 20
-1.5529142706151249
 30
4.3
 10
-5.948669168242862
 20
-0.7831571533203106
 30
4.3
 10
-9.176295349746148
 20
-2.4587809284739475
 30
5.1
 10
-8.776855558857225
 20
-3.635492607468352
 30
5.1
 10
-5.543277195067721
 20
-2.296100594190538
 30
4.3
 10
-5.79555495773441
 20
-1.5529142706151249
 30
4.3
 10
-8.776855558857225
 20
-3.635492607468352
 30
5.1
 10
-8.227241335952169
 20
-4.749999999999997
 30
5.1
 10
-5.196152422706633
 20
-2.9999999999999982
 30
4.3
 10
-5.543277195067721
 20
-2.296100594190538
 30
4.3
 10
-8.227241335952169
 20
-4.749999999999997
 30
5.1
 10
-7.536856732766734
 20
-5.783233575582846
 30
5.1
 10
-4.760120041747411
 20
-3.652568574052324
 30
4.3
 10
-5.196152422706633
 20
-2.9999999999999982
 30
4.3
 10
-7.536856732766734
 20
-5.783233575582846
 30
5.1
 10
-6.717514421272205
 20
-6.717514421272198
 30
5.1
 10
-4.242640687119287
 20
-4.242640687119283
 30
4.3
 10
-4.760120041747411
 20
-3.652568574052324
 30
4.3
 10
-6.717514421272205
 20
-6.717514421272198
 30
5.1
 10
-5.783233575582848
 20
-7.536856732766732
 30
5.1
 10
-3.6525685740523253
 20
-4.76012004174741
 30
4.3
 10
-4.242640687119287
 20
-4.242640687119283
 30
4.3
 10
-5.783233575582848
 20
-7.536856732766732
 30
5.1
 10
-4.750000000000004
 20
-8.227241335952165
 30
5.1
 10
-3.0000000000000027
 20
-5.19615242270663
 30
4.3
 10
-3.6525685740523253
 20
-4.76012004174741
 30
4.3
 10
-4.750000000000004
 20
-8.227241335952165
 30
5.1
 10
-3.6354926074683505
 20
-8.776855558857225
 30
5.1
 10
-2.296100594190537
 20
-5.543277195067721
 30
4.3
 10
-3.0000000000000027
 20
-5.19615242270663
 30
4.3
 10
-3.6354926074683505
 20
-8.776855558857225
 30
5.1
 10
-2.458780928473946
 20
-9.176295349746148
 30
5.1
 10
-1.5529142706151238
 20
-5.79555495773441
 30
4.3
 10
-2.296100594190537
 20
-5.543277195067721
 30
4.3
 10
-2.458780928473946
 20
-9.176295349746148
 30
5.1
 10
-1.2399988260904904
 20
-9.418726183051199
 30
5.1
 10
-0.7831571533203098
 20
-5.948669168242862
 30
4.3
 10
-1.5529142706151238
 20
-5.79555495773441
 30
4.3
 10
-1.2399988260904904
 20
-9.418726183051199
 30
5.1
 10
-1.7451216887849782e-15
 20
-9.5
 30
5.1
 10
-1.102182119232618e-15
 20
-6.0
 30
4.3
 10
-0.7831571533203098
 20
-5.948669168242862
 30
4.3
 10
-1.7451216887849782e-15
 20
-9.5
 30
5.1
 10
1.239998826090487
 20
-9.4187261830512
 30
5.1
 10
0.7831571533203077
 20
-5.948669168242863
 30
4.3
 10
-1.102182119232618e-15
 20
-6.0
 30
4.3
 10
1.239998826090487
 20
-9.4187261830512
 30
5.1
 10
2.458780928473943
 20
-9.17629534974615
 30
5.1
 10
1.5529142706151218
 20
-5.79555495773441
 30
4.3
 10
0.7831571533203077
 20
-5.948669168242863
 30
4.3
 10
2.458780928473943
 20
-9.17629534974615
 30
5.1
 10
3.635492607468347
 20
-8.776855558857227
 30
5.1
 10
2.296100594190535
 20
-5.543277195067722
 30
4.3
 10
1.5529142706151218
 20
-5.79555495773441
 30
4.3
 10
3.635492607468347
 20
-8.776855558857227
 30
5.1
 10
4.750000000000001
 20
-8.227241335952167
 30
5.1
 10
3.000000000000001
 20
-5.196152422706632
 30
4.3
 10
2.296100594190535
 20
-5.543277195067722
 30
4.3
 10
4.750000000000001
 20
-8.227241335952167
 30
5.1
 10
5.783233575582839
 20
-7.536856732766739
 30
5.1
 10
3.652568574052319
 20
-4.760120041747414
 30
4.3
 10
3.000000000000001
 20
-5.196152422706632
 30
4.3
 10
5.783233575582839
 20
-7.536856732766739
 30
5.1
 10
6.7175144212722
 20
-6.717514421272203
 30
5.1
 10
4.242640687119284
 20
-4.242640687119286
 30
4.3
 10
3.652568574052319
 20
-4.760120041747414
 30
4.3
 10
6.7175144212722
 20
-6.717514421272203
 30
5.1
 10
7.536856732766732
 20
-5.783233575582848
 30
5.1
 10
4.76012004174741
 20
-3.6525685740523253
 30
4.3
 10
4.242640687119284
 20
-4.242640687119286
 30
4.3
 10
7.536856732766732
 20
-5.783233575582848
 30
5.1
 10
8.227241335952165
 20
-4.750000000000004
 30
5.1
 10
5.19615242270663
 20
-3.0000000000000027
 30
4.3
 10
4.76012004174741
 20
-3.6525685740523253
 30
4.3
 10
8.227241335952165
 20
-4.750000000000004
 30
5.1
 10
8.776855558857225
 20
-3.635492607468351
 30
5.1
 10
5.543277195067721
 20
-2.2961005941905372
 30
4.3
 10
5.19615242270663
 20
-3.0000000000000027
 30
4.3
 10
8.776855558857225
 20
-3.635492607468351
 30
5.1
 10
9.176295349746146
 20
-2.458780928473955
 30
5.1
 10
5.795554957734408
 20
-1.5529142706151293
 30
4.3
 10
5.543277195067721
 20
-2.2961005941905372
 30
4.3
 10
9.176295349746146
 20
-2.458780928473955
 30
5.1
 10
9.418726183051199
 20
-1.239998826090491
 30
5.1
 10
5.948669168242862
 20
-0.7831571533203101
 30
4.3
 10
5.795554957734408
 20
-1.5529142706151293
 30
4.3
 10
9.418726183051199
 20
-1.239998826090491
 30
5.1
 10
9.5
 20
0.0
 30
5.1
 10
6.0
 20
0.0
 30
4.3
 10
5.948669168242862
 20
-0.7831571533203101
 30
4.3
 10
6.0
 20
0.0
 30
4.3
 10
5.948669168242862
 20
0.7831571533203094
 30
4.3
 10
3.4700570148083365
 20
0.4568416727701805
 30
3.8
 10
3.5
 20
0.0
 30
3.8
 10
5.948669168242862
 20
0.7831571533203094
 30
4.3
 10
5.79555495773441
 20
1.5529142706151244
 30
4.3
 10
3.380740392011739
 20
0.9058666578588226
 30
3.8
 10
3.4700570148083365
 20
0.4568416727701805
 30
3.8
 10
5.79555495773441
 20
1.5529142706151244
 30
4.3
 10
5.54327719506772
 20
2.2961005941905386
 30
4.3
 10
3.2335783637895035
 20
1.3393920132778143
 30
3.8
 10
3.380740392011739
 20
0.9058666578588226
 30
3.8
 10
5.54327719506772
 20
2.2961005941905386
 30
4.3
 10
5.196152422706632
 20
2.9999999999999996
 30
4.3
 10
3.0310889132455356
 20
1.7499999999999998
 30
3.8
 10
3.2335783637895035
 20
1.3393920132778143
 30
3.8
 10
5.196152422706632
 20
2.9999999999999996
 30
4.3
 10
4.760120041747411
 20
3.652568574052324
 30
4.3
 10
2.776736691019323
 20
2.1306650015305224
 30
3.8
 10
3.0310889132455356
 20
1.7499999999999998
 30
3.8
 10
4.760120041747411
 20
3.652568574052324
 30
4.3
 10
4.242640687119286
 20
4.242640687119285
 30
4.3
 10
2.4748737341529163
 20
2.474873734152916
 30
3.8
 10
2.776736691019323
 20
2.1306650015305224
 30
3.8
 10
4.242640687119286
 20
4.242640687119285
 30
4.3
 10
3.652568574052324
 20
4.760120041747411
 30
4.3
 10
2.1306650015305224
 20
2.776736691019323
 30
3.8
 10
2.4748737341529163
 20
2.474873734152916
 30
3.8
 10
3.652568574052324
 20
4.760120041747411
 30
4.3
 10
3.000000000000001
 20
5.196152422706632
 30
4.3
 10
1.7500000000000004
 20
3.031088913245535
 30
3.8
 10
2.1306650015305224
 20
2.776736691019323
 30
3.8
 10
3.000000000000001
 20
5.196152422706632
 30
4.3
 10
2.296100594190539
 20
5.54327719506772
 30
4.3
 10
1.3393920132778145
 20
3.2335783637895035
 30
3.8
 10
1.7500000000000004
 20
3.031088913245535
 30
3.8
 10
2.296100594190539
 20
5.54327719506772
 30
4.3
 10
1.5529142706151244
 20
5.79555495773441
 30
4.3
 10
0.9058666578588226
 20
3.380740392011739
 30
3.8
 10
1.3393920132778145
 20
3.2335783637895035
 30
3.8
 10
1.5529142706151244
 20
5.79555495773441
 30
4.3
 10
0.7831571533203103
 20
5.948669168242862
 30
4.3
 10
0.456841672770181
 20
3.4700570148083365
 30
3.8
 10
0.9058666578588226
 20
3.380740392011739
 30
3.8
 10
0.7831571533203103
 20
5.948669168242862
 30
4.3
 10
3.6739403974420594e-16
 20
6.0
 30
4.3
 10
2.143131898507868e-16
 20
3.5
 30
3.8
 10
0.456841672770181
 20
3.4700570148083365
 30
3.8
 10
3.6739403974420594e-16
 20
6.0
 30
4.3
 10
-0.7831571533203097
 20
5.948669168242862
 30
4.3
 10
-0.4568416727701806
 20
3.4700570148083365
 30
3.8
 10
2.143131898507868e-16
 20
3.5
 30
3.8
 10
-0.7831571533203097
 20
5.948669168242862
 30
4.3
 10
-1.5529142706151238
 20
5.79555495773441
 30
4.3
 10
-0.9058666578588221
 20
3.380740392011739
 30
3.8
 10
-0.4568416727701806
 20
3.4700570148083365
 30
3.8
 10
-1.5529142706151238
 20
5.79555495773441
 30
4.3
 10
-2.296100594190537
 20
5.543277195067721
 30
4.3
 10
-1.3393920132778132
 20
3.233578363789504
 30
3.8
 10
-0.9058666578588221
 20
3.380740392011739
 30
3.8
 10
-2.296100594190537
 20
5.543277195067721
 30
4.3
 10
-2.9999999999999987
 20
5.196152422706632
 30
4.3
 10
-1.7499999999999991
 20
3.0310889132455356
 30
3.8
 10
-1.3393920132778132
 20
3.233578363789504
 30
3.8
 10
-2.9999999999999987
 20
5.196152422706632
 30
4.3
 10
-3.652568574052324
 20
4.760120041747411
 30
4.3
 10
-2.1306650015305224
 20
2.776736691019323
 30
3.8
 10
-1.7499999999999991
 20
3.0310889132455356
 30
3.8
 10
-3.652568574052324
 20
4.760120041747411
 30
4.3
 10
-4.242640687119285
 20
4.242640687119286
 30
4.3
 10
-2.474873734152916
 20
2.4748737341529163
 30
3.8
 10
-2.1306650015305224
 20
2.776736691019323
 30
3.8
 10
-4.242640687119285
 20
4.242640687119286
 30
4.3
 10
-4.7601200417474105
 20
3.6525685740523253
 30
4.3
 10
-2.7767366910193227
 20
2.130665001530523
 30
3.8
 10
-2.474873734152916
 20
2.4748737341529163
 30
3.8
 10
-4.7601200417474105
 20
3.6525685740523253
 30
4.3
 10
-5.196152422706632
 20
2.9999999999999996
 30
4.3
 10
-3.0310889132455356
 20
1.7499999999999998
 30
3.8
 10
-2.7767366910193227
 20
2.130665001530523
 30
3.8
 10
-5.196152422706632
 20
2.9999999999999996
 30
4.3
 10
-5.54327719506772
 20
2.2961005941905395
 30
4.3
 10
-3.2335783637895035
 20
1.3393920132778145
 30
3.8
 10
-3.0310889132455356
 20
1.7499999999999998
 30
3.8
 10
-5.54327719506772
 20
2.2961005941905395
 30
4.3
 10
-5.795554957734409
 20
1.5529142706151262
 30
4.3
 10
-3.380740392011739
 20
0.9058666578588236
 30
3.8
 10
-3.2335783637895035
 20
1.3393920132778145
 30
3.8
 10
-5.795554957734409
 20
1.5529142706151262
 30
4.3
 10
-5.948669168242862
 20
0.7831571533203119
 30
4.3
 10
-3.4700570148083365
 20
0.45684167277018195
 30
3.8
 10
-3.380740392011739
 20
0.9058666578588236
 30
3.8
 10
-5.948669168242862
 20
0.7831571533203119
 30
4.3
 10
-6.0
 20
7.347880794884119e-16
 30
4.3
 10
-3.5
 20
4.286263797015736e-16
 30
3.8
 10
-3.4700570148083365
 20
0.45684167277018195
 30
3.8
 10
-6.0
 20
7.347880794884119e-16
 30
4.3
 10
-5.948669168242862
 20
-0.7831571533203106
 30
4.3
 10
-3.4700570148083365
 20
-0.4568416727701812
 30
3.8
 10
-3.5
 20
4.286263797015736e-16
 30
3.8
 10
-5.948669168242862
 20
-0.7831571533203106
 30
4.3
 10
-5.79555495773441
 20
-1.5529142706151249
 30
4.3
 10
-3.380740392011739
 20
-0.9058666578588228
 30
3.8
 10
-3.4700570148083365
 20
-0.4568416727701812
 30
3.8
 10
-5.79555495773441
 20
-1.5529142706151249
 30
4.3
 10
-5.543277195067721
 20
-2.296100594190538
 30
4.3
 10
-3.233578363789504
 20
-1.3393920132778139
 30
3.8
 10
-3.380740392011739
 20
-0.9058666578588228
 30
3.8
 10
-5.543277195067721
 20
-2.296100594190538
 30
4.3
 10
-5.196152422706633
 20
-2.9999999999999982
 30
4.3
 10
-3.0310889132455356
 20
-1.7499999999999991
 30
3.8
 10
-3.233578363789504
 20
-1.3393920132778139
 30
3.8
 10
-5.196152422706633
 20
-2.9999999999999982
 30
4.3
 10
-4.760120041747411
 20
-3.652568574052324
 30
4.3
 10
-2.776736691019323
 20
-2.1306650015305224
 30
3.8
 10
-3.0310889132455356
 20
-1.7499999999999991
 30
3.8
 10
-4.760120041747411
 20
-3.652568574052324
 30
4.3
 10
-4.242640687119287
 20
-4.242640687119283
 30
4.3
 10
-2.4748737341529177
 20
-2.474873734152915
 30
3.8
 10
-2.776736691019323
 20
-2.1306650015305224
 30
3.8
 10
-4.242640687119287
 20
-4.242640687119283
 30
4.3
 10
-3.6525685740523253
 20
-4.76012004174741
 30
4.3
 10
-2.130665001530523
 20
-2.7767366910193223
 30
3.8
 10
-2.4748737341529177
 20
-2.474873734152915
 30
3.8
 10
-3.6525685740523253
 20
-4.76012004174741
 30
4.3
 10
-3.0000000000000027
 20
-5.19615242270663
 30
4.3
 10
-1.7500000000000016
 20
-3.0310889132455343
 30
3.8
 10
-2.130665001530523
 20
-2.7767366910193223
 30
3.8
 10
-3.0000000000000027
 20
-5.19615242270663
 30
4.3
 10
-2.296100594190537
 20
-5.543277195067721
 30
4.3
 10
-1.3393920132778132
 20
-3.233578363789504
 30
3.8
 10
-1.7500000000000016
 20
-3.0310889132455343
 30
3.8
 10
-2.296100594190537
 20
-5.543277195067721
 30
4.3
 10
-1.5529142706151238
 20
-5.79555495773441
 30
4.3
 10
-0.9058666578588221
 20
-3.380740392011739
 30
3.8
 10
-1.3393920132778132
 20
-3.233578363789504
 30
3.8
 10
-1.5529142706151238
 20
-5.79555495773441
 30
4.3
 10
-0.7831571533203098
 20
-5.948669168242862
 30
4.3
 10
-0.45684167277018073
 20
-3.4700570148083365
 30
3.8
 10
-0.9058666578588221
 20
-3.380740392011739
 30
3.8
 10
-0.7831571533203098
 20
-5.948669168242862
 30
4.3
 10
-1.102182119232618e-15
 20
-6.0
 30
4.3
 10
-6.429395695523604e-16
 20
-3.5
 30
3.8
 10
-0.45684167277018073
 20
-3.4700570148083365
 30
3.8
 10
-1.102182119232618e-15
 20
-6.0
 30
4.3
 10
0.7831571533203077
 20
-5.948669168242863
 30
4.3
 10
0.45684167277017945
 20
-3.4700570148083365
 30
3.8
 10
-6.429395695523604e-16
 20
-3.5
 30
3.8
 10
0.7831571533203077
 20
-5.948669168242863
 30
4.3
 10
1.5529142706151218
 20
-5.79555495773441
 30
4.3
 10
0.905866657858821
 20
-3.3807403920117394
 30
3.8
 10
0.45684167277017945
 20
-3.4700570148083365
 30
3.8
 10
1.5529142706151218
 20
-5.79555495773441
 30
4.3
 10
2.296100594190535
 20
-5.543277195067722
 30
4.3
 10
1.339392013277812
 20
-3.2335783637895044
 30
3.8
 10
0.905866657858821
 20
-3.3807403920117394
 30
3.8
 10
2.296100594190535
 20
-5.543277195067722
 30
4.3
 10
3.000000000000001
 20
-5.196152422706632
 30
4.3
 10
1.7500000000000004
 20
-3.031088913245535
 30
3.8
 10
1.339392013277812
 20
-3.2335783637895044
 30
3.8
 10
3.000000000000001
 20
-5.196152422706632
 30
4.3
 10
3.652568574052319
 20
-4.760120041747414
 30
4.3
 10
2.1306650015305197
 20
-2.776736691019325
 30
3.8
 10
1.7500000000000004
 20
-3.031088913245535
 30
3.8
 10
3.652568574052319
 20
-4.760120041747414
 30
4.3
 10
4.242640687119284
 20
-4.242640687119286
 30
4.3
 10
2.474873734152916
 20
-2.474873734152917
 30
3.8
 10
2.1306650015305197
 20
-2.776736691019325
 30
3.8
 10
4.242640687119284
 20
-4.242640687119286
 30
4.3
 10
4.76012004174741
 20
-3.6525685740523253
 30
4.3
 10
2.7767366910193223
 20
-2.130665001530523
 30
3.8
 10
2.474873734152916
 20
-2.474873734152917
 30
3.8
 10
4.76012004174741
 20
-3.6525685740523253
 30
4.3
 10
5.19615242270663
 20
-3.0000000000000027
 30
4.3
 10
3.0310889132455343
 20
-1.7500000000000016
 30
3.8
 10
2.7767366910193223
 20
-2.130665001530523
 30
3.8
 10
5.19615242270663
 20
-3.0000000000000027
 30
4.3
 10
5.543277195067721
 20
-2.2961005941905372
 30
4.3
 10
3.233578363789504
 20
-1.3393920132778134
 30
3.8
 10
3.0310889132455343
 20
-1.7500000000000016
 30
3.8
 10
5.543277195067721
 20
-2.2961005941905372
 30
4.3
 10
5.795554957734408
 20
-1.5529142706151293
 30
4.3
 10
3.3807403920117385
 20
-0.9058666578588255
 30
3.8
 10
3.233578363789504
 20
-1.3393920132778134
 30
3.8
 10
5.795554957734408
 20
-1.5529142706151293
 30
4.3
 10
5.948669168242862
 20
-0.7831571533203101
 30
4.3
 10
3.4700570148083365
 20
-0.4568416727701809
 30
3.8
 10
3.3807403920117385
 20
-0.9058666578588255
 30
3.8
 10
5.948669168242862
 20
-0.7831571533203101
 30
4.3
 10
6.0
 20
0.0
 30
4.3
 10
3.5
 20
0.0
 30
3.8
 10
3.4700570148083365
 20
-0.4568416727701809
 30
3.8
 10
3.5
 20
0.0
 30
3.8
 10
3.4700570148083365
 20
0.4568416727701805
 30
3.8
 10
0.0
 20
0.0
 30
3.8
 10
3.4700570148083365
 20
0.4568416727701805
 30
3.8
 10
3.380740392011739
 20
0.9058666578588226
 30
3.8
 10
0.0
 20
0.0
 30
3.8
 10
3.380740392011739
 20
0.9058666578588226
 30
3.8
 10
3.2335783637895035
 20
1.3393920132778143
 30
3.8
 10
0.0
 20
0.0
 30
3.8
 10
3.2335783637895035
 20
1.3393920132778143
 30
3.8
 10
3.0310889132455356
 20
1.7499999999999998
 30
3.8
 10
0.0
 20
0.0
 30
3.8
 10
3.0310889132455356
 20
1.7499999999999998
 30
3.8
 10
2.776736691019323
 20
2.1306650015305224
 30
3.8
 10
0.0
 20
0.0
 30
3.8
 10
2.776736691019323
 20
2.1306650015305224
 30
3.8
 10
2.4748737341529163
 20
2.474873734152916
 30
3.8
 10
0.0
 20
0.0
 30
3.8
 10
2.4748737341529163
 20
2.474873734152916
 30
3.8
 10
2.1306650015305224
 20
2.776736691019323
 30
3.8
 10
0.0
 20
0.0
 30
3.8
 10
2.1306650015305224
 20
2.776736691019323
 30
3.8
 10
1.7500000000000004
 20
3.031088913245535
 30
3.8
 10
0.0
 20
0.0
 30
3.8
 10
1.7500000000000004
 20
3.031088913245535
 30
3.8
 10
1.3393920132778145
 20
3.2335783637895035
 30
3.8
 10
0.0
 20
0.0
 30
3.8
 10
1.3393920132778145
 20
3.2335783637895035
 30
3.8
 10
0.9058666578588226
 20
3.380740392011739
 30
3.8
 10
0.0
 20
0.0
 30
3.8
 10
0.9058666578588226
 20
3.380740392011739
 30
3.8
 10
0.456841672770181
 20
3.4700570148083365
 30
3.8
 10
0.0
 20
0.0
 30
3.8
 10
0.456841672770181
 20
3.4700570148083365
 30
3.8
 10
2.143131898507868e-16
 20
3.5
 30
3.8
 10
0.0
 20
0.0
 30
3.8
 10
2.143131898507868e-16
 20
3.5
 30
3.8
 10
-0.4568416727701806
 20
3.4700570148083365
 30
3.8
 10
0.0
 20
0.0
 30
3.8
 10
-0.4568416727701806
 20
3.4700570148083365
 30
3.8
 10
-0.9058666578588221
 20
3.380740392011739
 30
3.8
 10
0.0
 20
0.0
 30
3.8
 10
-0.9058666578588221
 20
3.380740392011739
 30
3.8
 10
-1.3393920132778132
 20
3.233578363789504
 30
3.8
 10
0.0
 20
0.0
 30
3.8
 10
-1.3393920132778132
 20
3.233578363789504
 30
3.8
 10
-1.7499999999999991
 20
3.0310889132455356
 30
3.8
 10
0.0
 20
0.0
 30
3.8
 10
-1.7499999999999991
 20
3.0310889132455356
 30
3.8
 10
-2.1306650015305224
 20
2.776736691019323
 30
3.8
 10
0.0
 20
0.0
 30
3.8
 10
-2.1306650015305224
 20
2.776736691019323
 30
3.8
 10
-2.474873734152916
 20
2.4748737341529163
 30
3.8
 10
0.0
 20
0.0
 30
3.8
 10
-2.474873734152916
 20
2.4748737341529163
 30
3.8
 10
-2.7767366910193227
 20
2.130665001530523
 30
3.8
 10
0.0
 20
0.0
 30
3.8
 10
-2.7767366910193227
 20
2.130665001530523
 30
3.8
 10
-3.0310889132455356
 20
1.7499999999999998
 30
3.8
 10
0.0
 20
0.0
 30
3.8
 10
-3.0310889132455356
 20
1.7499999999999998
 30
3.8
 10
-3.2335783637895035
 20
1.3393920132778145
 30
3.8
 10
0.0
 20
0.0
 30
3.8
 10
-3.2335783637895035
 20
1.3393920132778145
 30
3.8
 10
-3.380740392011739
 20
0.9058666578588236
 30
3.8
 10
0.0
 20
0.0
 30
3.8
 10
-3.380740392011739
 20
0.9058666578588236
 30
3.8
 10
-3.4700570148083365
 20
0.45684167277018195
 30
3.8
 10
0.0
 20
0.0
 30
3.8
 10
-3.4700570148083365
 20
0.45684167277018195
 30
3.8
 10
-3.5
 20
4.286263797015736e-16
 30
3.8
 10
0.0
 20
0.0
 30
3.8
 10
-3.5
 20
4.286263797015736e-16
 30
3.8
 10
-3.4700570148083365
 20
-0.4568416727701812
 30
3.8
 10
0.0
 20
0.0
 30
3.8
 10
-3.4700570148083365
 20
-0.4568416727701812
 30
3.8
 10
-3.380740392011739
 20
-0.9058666578588228
 30
3.8
 10
0.0
 20
0.0
 30
3.8
 10
-3.380740392011739
 20
-0.9058666578588228
 30
3.8
 10
-3.233578363789504
 20
-1.3393920132778139
 30
3.8
 10
0.0
 20
0.0
 30
3.8
 10
-3.233578363789504
 20
-1.3393920132778139
 30
3.8
 10
-3.0310889132455356
 20
-1.7499999999999991
 30
3.8
 10
0.0
 20
0.0
 30
3.8
 10
-3.0310889132455356
 20
-1.7499999999999991
 30
3.8
 10
-2.776736691019323
 20
-2.1306650015305224
 30
3.8
 10
0.0
 20
0.0
 30
3.8
 10
-2.776736691019323
 20
-2.1306650015305224
 30
3.8
 10
-2.4748737341529177
 20
-2.474873734152915
 30
3.8
 10
0.0
 20
0.0
 30
3.8
 10
-2.4748737341529177
 20
-2.474873734152915
 30
3.8
 10
-2.130665001530523
 20
-2.7767366910193223
 30
3.8
 10
0.0
 20
0.0
 30
3.8
 10
-2.130665001530523
 20
-2.7767366910193223
 30
3.8
 10
-1.7500000000000016
 20
-3.0310889132455343
 30
3.8
 10
0.0
 20
0.0
 30
3.8
 10
-1.7500000000000016
 20
-3.0310889132455343
 30
3.8
 10
-1.3393920132778132
 20
-3.233578363789504
 30
3.8
 10
0.0
 20
0.0
 30
3.8
 10
-1.3393920132778132
 20
-3.233578363789504
 30
3.8
 10
-0.9058666578588221
 20
-3.380740392011739
 30
3.8
 10
0.0
 20
0.0
 30
3.8
 10
-0.9058666578588221
 20
-3.380740392011739
 30
3.8
 10
-0.45684167277018073
 20
-3.4700570148083365
 30
3.8
 10
0.0
 20
0.0
 30
3.8
 10
-0.45684167277018073
 20
-3.4700570148083365
 30
3.8
 10
-6.429395695523604e-16
 20
-3.5
 30
3.8
 10
0.0
 20
0.0
 30
3.8
 10
-6.429395695523604e-16
 20
-3.5
 30
3.8
 10
0.45684167277017945
 20
-3.4700570148083365
 30
3.8
 10
0.0
 20
0.0
 30
3.8
 10
0.45684167277017945
 20
-3.4700570148083365
 30
3.8
 10
0.905866657858821
 20
-3.3807403920117394
 30
3.8
 10
0.0
 20
0.0
 30
3.8
 10
0.905866657858821
 20
-3.3807403920117394
 30
3.8
 10
1.339392013277812
 20
-3.2335783637895044
 30
3.8
 10
0.0
 20
0.0
 30
3.8
 10
1.339392013277812
 20
-3.2335783637895044
 30
3.8
 10
1.7500000000000004
 20
-3.031088913245535
 30
3.8
 10
0.0
 20
0.0
 30
3.8
 10
1.7500000000000004
 20
-3.031088913245535
 30
3.8
 10
2.1306650015305197
 20
-2.776736691019325
 30
3.8
 10
0.0
 20
0.0
 30
3.8
 10
2.1306650015305197
 20
-2.776736691019325
 30
3.8
 10
2.474873734152916
 20
-2.474873734152917
 30
3.8
 10
0.0
 20
0.0
 30
3.8
 10
2.474873734152916
 20
-2.474873734152917
 30
3.8
 10
2.7767366910193223
 20
-2.130665001530523
 30
3.8
 10
0.0
 20
0.0
 30
3.8
 10
2.7767366910193223
 20
-2.130665001530523
 30
3.8
 10
3.0310889132455343
 20
-1.7500000000000016
 30
3.8
 10
0.0
 20
0.0
 30
3.8
 10
3.0310889132455343
 20
-1.7500000000000016
 30
3.8
 10
3.233578363789504
 20
-1.3393920132778134
 30
3.8
 10
0.0
 20
0.0
 30
3.8
 10
3.233578363789504
 20
-1.3393920132778134
 30
3.8
 10
3.3807403920117385
 20
-0.9058666578588255
 30
3.8
 10
0.0
 20
0.0
 30
3.8
 10
3.3807403920117385
 20
-0.9058666578588255
 30
3.8
 10
3.4700570148083365
 20
-0.4568416727701809
 30
3.8
 10
0.0
 20
0.0
 30
3.8
 10
3.4700570148083365
 20
-0.4568416727701809
 30
3.8
 10
3.5
 20
0.0
 30
3.8
 10
0.0
 20
0.0
 30
3.8
 93
3840
 90
3
 90
0
 90
1
 90
2
 90
3
 90
3
 90
4
 90
5
 90
3
 90
6
 90
7
 90
8
 90
3
 90
9
 90
10
 90
11
 90
3
 90
12
 90
13
 90
14
 90
3
 90
15
 90
16
 90
17
 90
3
 90
18
 90
19
 90
20
 90
3
 90
21
 90
22
 90
23
 90
3
 90
24
 90
25
 90
26
 90
3
 90
27
 90
28
 90
29
 90
3
 90
30
 90
31
 90
32
 90
3
 90
33
 90
34
 90
35
 90
3
 90
36
 90
37
 90
38
 90
3
 90
39
 90
40
 90
41
 90
3
 90
42
 90
43
 90
44
 90
3
 90
45
 90
46
 90
47
 90
3
 90
48
 90
49
 90
50
 90
3
 90
51
 90
52
 90
53
 90
3
 90
54
 90
55
 90
56
 90
3
 90
57
 90
58
 90
59
 90
3
 90
60
 90
61
 90
62
 90
3
 90
63
 90
64
 90
65
 90
3
 90
66
 90
67
 90
68
 90
3
 90
69
 90
70
 90
71
 90
3
 90
72
 90
73
 90
74
 90
3
 90
75
 90
76
 90
77
 90
3
 90
78
 90
79
 90
80
 90
3
 90
81
 90
82
 90
83
 90
3
 90
84
 90
85
 90
86
 90
3
 90
87
 90
88
 90
89
 90
3
 90
90
 90
91
 90
92
 90
3
 90
93
 90
94
 90
95
 90
3
 90
96
 90
97
 90
98
 90
3
 90
99
 90
100
 90
101
 90
3
 90
102
 90
103
 90
104
 90
3
 90
105
 90
106
 90
107
 90
3
 90
108
 90
109
 90
110
 90
3
 90
111
 90
112
 90
113
 90
3
 90
114
 90
115
 90
116
 90
3
 90
117
 90
118
 90
119
 90
3
 90
120
 90
121
 90
122
 90
3
 90
123
 90
124
 90
125
 90
3
 90
126
 90
127
 90
128
 90
3
 90
129
 90
130
 90
131
 90
3
 90
132
 90
133
 90
134
 90
3
 90
135
 90
136
 90
137
 90
3
 90
138
 90
139
 90
140
 90
3
 90
141
 90
142
 90
143
 90
3
 90
144
 90
145
 90
146
 90
3
 90
144
 90
146
 90
147
 90
3
 90
148
 90
149
 90
150
 90
3
 90
148
 90
150
 90
151
 90
3
 90
152
 90
153
 90
154
 90
3
 90
152
 90
154
 90
155
 90
3
 90
156
 90
157
 90
158
 90
3
 90
156
 90
158
 90
159
 90
3
 90
160
 90
161
 90
162
 90
3
 90
160
 90
162
 90
163
 90
3
 90
164
 90
165
 90
166
 90
3
 90
164
 90
166
 90
167
 90
3
 90
168
 90
169
 90
170
 90
3
 90
168
 90
170
 90
171
 90
3
 90
172
 90
173
 90
174
 90
3
 90
172
 90
174
 90
175
 90
3
 90
176
 90
177
 90
178
 90
3
 90
176
 90
178
 90
179
 90
3
 90
180
 90
181
 90
182
 90
3
 90
180
 90
182
 90
183
 90
3
 90
184
 90
185
 90
186
 90
3
 90
184
 90
186
 90
187
 90
3
 90
188
 90
189
 90
190
 90
3
 90
188
 90
190
 90
191
 90
3
 90
192
 90
193
 90
194
 90
3
 90
192
 90
194
 90
195
 90
3
 90
196
 90
197
 90
198
 90
3
 90
196
 90
198
 90
199
 90
3
 90
200
 90
201
 90
202
 90
3
 90
200
 90
202
 90
203
 90
3
 90
204
 90
205
 90
206
 90
3
 90
204
 90
206
 90
207
 90
3
 90
208
 90
209
 90
210
 90
3
 90
208
 90
210
 90
211
 90
3
 90
212
 90
213
 90
214
 90
3
 90
212
 90
214
 90
215
 90
3
 90
216
 90
217
 90
218
 90
3
 90
216
 90
218
 90
219
 90
3
 90
220
 90
221
 90
222
 90
3
 90
220
 90
222
 90
223
 90
3
 90
224
 90
225
 90
226
 90
3
 90
224
 90
226
 90
227
 90
3
 90
228
 90
229
 90
230
 90
3
 90
228
 90
230
 90
231
 90
3
 90
232
 90
233
 90
234
 90
3
 90
232
 90
234
 90
235
 90
3
 90
236
 90
237
 90
238
 90
3
 90
236
 90
238
 90
239
 90
3
 90
240
 90
241
 90
242
 90
3
 90
240
 90
242
 90
243
 90
3
 90
244
 90
245
 90
246
 90
3
 90
244
 90
246
 90
247
 90
3
 90
248
 90
249
 90
250
 90
3
 90
248
 90
250
 90
251
 90
3
 90
252
 90
253
 90
254
 90
3
 90
252
 90
254
 90
255
 90
3
 90
256
 90
257
 90
258
 90
3
 90
256
 90
258
 90
259
 90
3
 90
260
 90
261
 90
262
 90
3
 90
260
 90
262
 90
263
 90
3
 90
264
 90
265
 90
266
 90
3
 90
264
 90
266
 90
267
 90
3
 90
268
 90
269
 90
270
 90
3
 90
268
 90
270
 90
271
 90
3
 90
272
 90
273
 90
274
 90
3
 90
272
 90
274
 90
275
 90
3
 90
276
 90
277
 90
278
 90
3
 90
276
 90
278
 90
279
 90
3
 90
280
 90
281
 90
282
 90
3
 90
280
 90
282
 90
283
 90
3
 90
284
 90
285
 90
286
 90
3
 90
284
 90
286
 90
287
 90
3
 90
288
 90
289
 90
290
 90
3
 90
288
 90
290
 90
291
 90
3
 90
292
 90
293
 90
294
 90
3
 90
292
 90
294
 90
295
 90
3
 90
296
 90
297
 90
298
 90
3
 90
296
 90
298
 90
299
 90
3
 90
300
 90
301
 90
302
 90
3
 90
300
 90
302
 90
303
 90
3
 90
304
 90
305
 90
306
 90
3
 90
304
 90
306
 90
307
 90
3
 90
308
 90
309
 90
310
 90
3
 90
308
 90
310
 90
311
 90
3
 90
312
 90
313
 90
314
 90
3
 90
312
 90
314
 90
315
 90
3
 90
316
 90
317
 90
318
 90
3
 90
316
 90
318
 90
319
 90
3
 90
320
 90
321
 90
322
 90
3
 90
320
 90
322
 90
323
 90
3
 90
324
 90
325
 90
326
 90
3
 90
324
 90
326
 90
327
 90
3
 90
328
 90
329
 90
330
 90
3
 90
328
 90
330
 90
331
 90
3
 90
332
 90
333
 90
334
 90
3
 90
332
 90
334
 90
335
 90
3
 90
336
 90
337
 90
338
 90
3
 90
336
 90
338
 90
339
 90
3
 90
340
 90
341
 90
342
 90
3
 90
340
 90
342
 90
343
 90
3
 90
344
 90
345
 90
346
 90
3
 90
344
 90
346
 90
347
 90
3
 90
348
 90
349
 90
350
 90
3
 90
348
 90
350
 90
351
 90
3
 90
352
 90
353
 90
354
 90
3
 90
352
 90
354
 90
355
 90
3
 90
356
 90
357
 90
358
 90
3
 90
356
 90
358
 90
359
 90
3
 90
360
 90
361
 90
362
 90
3
 90
360
 90
362
 90
363
 90
3
 90
364
 90
365
 90
366
 90
3
 90
364
 90
366
 90
367
 90
3
 90
368
 90
369
 90
370
 90
3
 90
368
 90
370
 90
371
 90
3
 90
372
 90
373
 90
374
 90
3
 90
372
 90
374
 90
375
 90
3
 90
376
 90
377
 90
378
 90
3
 90
376
 90
378
 90
379
 90
3
 90
380
 90
381
 90
382
 90
3
 90
380
 90
382
 90
383
 90
3
 90
384
 90
385
 90
386
 90
3
 90
384
 90
386
 90
387
 90
3
 90
388
 90
389
 90
390
 90
3
 90
388
 90
390
 90
391
 90
3
 90
392
 90
393
 90
394
 90
3
 90
392
 90
394
 90
395
 90
3
 90
396
 90
397
 90
398
 90
3
 90
396
 90
398
 90
399
 90
3
 90
400
 90
401
 90
402
 90
3
 90
400
 90
402
 90
403
 90
3
 90
404
 90
405
 90
406
 90
3
 90
404
 90
406
 90
407
 90
3
 90
408
 90
409
 90
410
 90
3
 90
408
 90
410
 90
411
 90
3
 90
412
 90
413
 90
414
 90
3
 90
412
 90
414
 90
415
 90
3
 90
416
 90
417
 90
418
 90
3
 90
416
 90
418
 90
419
 90
3
 90
420
 90
421
 90
422
 90
3
 90
420
 90
422
 90
423
 90
3
 90
424
 90
425
 90
426
 90
3
 90
424
 90
426
 90
427
 90
3
 90
428
 90
429
 90
430
 90
3
 90
428
 90
430
 90
431
 90
3
 90
432
 90
433
 90
434
 90
3
 90
432
 90
434
 90
435
 90
3
 90
436
 90
437
 90
438
 90
3
 90
436
 90
438
 90
439
 90
3
 90
440
 90
441
 90
442
 90
3
 90
440
 90
442
 90
443
 90
3
 90
444
 90
445
 90
446
 90
3
 90
444
 90
446
 90
447
 90
3
 90
448
 90
449
 90
450
 90
3
 90
448
 90
450
 90
451
 90
3
 90
452
 90
453
 90
454
 90
3
 90
452
 90
454
 90
455
 90
3
 90
456
 90
457
 90
458
 90
3
 90
456
 90
458
 90
459
 90
3
 90
460
 90
461
 90
462
 90
3
 90
460
 90
462
 90
463
 90
3
 90
464
 90
465
 90
466
 90
3
 90
464
 90
466
 90
467
 90
3
 90
468
 90
469
 90
470
 90
3
 90
468
 90
470
 90
471
 90
3
 90
472
 90
473
 90
474
 90
3
 90
472
 90
474
 90
475
 90
3
 90
476
 90
477
 90
478
 90
3
 90
476
 90
478
 90
479
 90
3
 90
480
 90
481
 90
482
 90
3
 90
480
 90
482
 90
483
 90
3
 90
484
 90
485
 90
486
 90
3
 90
484
 90
486
 90
487
 90
3
 90
488
 90
489
 90
490
 90
3
 90
488
 90
490
 90
491
 90
3
 90
492
 90
493
 90
494
 90
3
 90
492
 90
494
 90
495
 90
3
 90
496
 90
497
 90
498
 90
3
 90
496
 90
498
 90
499
 90
3
 90
500
 90
501
 90
502
 90
3
 90
500
 90
502
 90
503
 90
3
 90
504
 90
505
 90
506
 90
3
 90
504
 90
506
 90
507
 90
3
 90
508
 90
509
 90
510
 90
3
 90
508
 90
510
 90
511
 90
3
 90
512
 90
513
 90
514
 90
3
 90
512
 90
514
 90
515
 90
3
 90
516
 90
517
 90
518
 90
3
 90
516
 90
518
 90
519
 90
3
 90
520
 90
521
 90
522
 90
3
 90
520
 90
522
 90
523
 90
3
 90
524
 90
525
 90
526
 90
3
 90
524
 90
526
 90
527
 90
3
 90
528
 90
529
 90
530
 90
3
 90
528
 90
530
 90
531
 90
3
 90
532
 90
533
 90
534
 90
3
 90
532
 90
534
 90
535
 90
3
 90
536
 90
537
 90
538
 90
3
 90
536
 90
538
 90
539
 90
3
 90
540
 90
541
 90
542
 90
3
 90
540
 90
542
 90
543
 90
3
 90
544
 90
545
 90
546
 90
3
 90
544
 90
546
 90
547
 90
3
 90
548
 90
549
 90
550
 90
3
 90
548
 90
550
 90
551
 90
3
 90
552
 90
553
 90
554
 90
3
 90
552
 90
554
 90
555
 90
3
 90
556
 90
557
 90
558
 90
3
 90
556
 90
558
 90
559
 90
3
 90
560
 90
561
 90
562
 90
3
 90
560
 90
562
 90
563
 90
3
 90
564
 90
565
 90
566
 90
3
 90
564
 90
566
 90
567
 90
3
 90
568
 90
569
 90
570
 90
3
 90
568
 90
570
 90
571
 90
3
 90
572
 90
573
 90
574
 90
3
 90
572
 90
574
 90
575
 90
3
 90
576
 90
577
 90
578
 90
3
 90
576
 90
578
 90
579
 90
3
 90
580
 90
581
 90
582
 90
3
 90
580
 90
582
 90
583
 90
3
 90
584
 90
585
 90
586
 90
3
 90
584
 90
586
 90
587
 90
3
 90
588
 90
589
 90
590
 90
3
 90
588
 90
590
 90
591
 90
3
 90
592
 90
593
 90
594
 90
3
 90
592
 90
594
 90
595
 90
3
 90
596
 90
597
 90
598
 90
3
 90
596
 90
598
 90
599
 90
3
 90
600
 90
601
 90
602
 90
3
 90
600
 90
602
 90
603
 90
3
 90
604
 90
605
 90
606
 90
3
 90
604
 90
606
 90
607
 90
3
 90
608
 90
609
 90
610
 90
3
 90
608
 90
610
 90
611
 90
3
 90
612
 90
613
 90
614
 90
3
 90
612
 90
614
 90
615
 90
3
 90
616
 90
617
 90
618
 90
3
 90
616
 90
618
 90
619
 90
3
 90
620
 90
621
 90
622
 90
3
 90
620
 90
622
 90
623
 90
3
 90
624
 90
625
 90
626
 90
3
 90
624
 90
626
 90
627
 90
3
 90
628
 90
629
 90
630
 90
3
 90
628
 90
630
 90
631
 90
3
 90
632
 90
633
 90
634
 90
3
 90
632
 90
634
 90
635
 90
3
 90
636
 90
637
 90
638
 90
3
 90
636
 90
638
 90
639
 90
3
 90
640
 90
641
 90
642
 90
3
 90
640
 90
642
 90
643
 90
3
 90
644
 90
645
 90
646
 90
3
 90
644
 90
646
 90
647
 90
3
 90
648
 90
649
 90
650
 90
3
 90
648
 90
650
 90
651
 90
3
 90
652
 90
653
 90
654
 90
3
 90
652
 90
654
 90
655
 90
3
 90
656
 90
657
 90
658
 90
3
 90
656
 90
658
 90
659
 90
3
 90
660
 90
661
 90
662
 90
3
 90
660
 90
662
 90
663
 90
3
 90
664
 90
665
 90
666
 90
3
 90
664
 90
666
 90
667
 90
3
 90
668
 90
669
 90
670
 90
3
 90
668
 90
670
 90
671
 90
3
 90
672
 90
673
 90
674
 90
3
 90
672
 90
674
 90
675
 90
3
 90
676
 90
677
 90
678
 90
3
 90
676
 90
678
 90
679
 90
3
 90
680
 90
681
 90
682
 90
3
 90
680
 90
682
 90
683
 90
3
 90
684
 90
685
 90
686
 90
3
 90
684
 90
686
 90
687
 90
3
 90
688
 90
689
 90
690
 90
3
 90
688
 90
690
 90
691
 90
3
 90
692
 90
693
 90
694
 90
3
 90
692
 90
694
 90
695
 90
3
 90
696
 90
697
 90
698
 90
3
 90
696
 90
698
 90
699
 90
3
 90
700
 90
701
 90
702
 90
3
 90
700
 90
702
 90
703
 90
3
 90
704
 90
705
 90
706
 90
3
 90
704
 90
706
 90
707
 90
3
 90
708
 90
709
 90
710
 90
3
 90
708
 90
710
 90
711
 90
3
 90
712
 90
713
 90
714
 90
3
 90
712
 90
714
 90
715
 90
3
 90
716
 90
717
 90
718
 90
3
 90
716
 90
718
 90
719
 90
3
 90
720
 90
721
 90
722
 90
3
 90
720
 90
722
 90
723
 90
3
 90
724
 90
725
 90
726
 90
3
 90
724
 90
726
 90
727
 90
3
 90
728
 90
729
 90
730
 90
3
 90
728
 90
730
 90
731
 90
3
 90
732
 90
733
 90
734
 90
3
 90
732
 90
734
 90
735
 90
3
 90
736
 90
737
 90
738
 90
3
 90
736
 90
738
 90
739
 90
3
 90
740
 90
741
 90
742
 90
3
 90
740
 90
742
 90
743
 90
3
 90
744
 90
745
 90
746
 90
3
 90
744
 90
746
 90
747
 90
3
 90
748
 90
749
 90
750
 90
3
 90
748
 90
750
 90
751
 90
3
 90
752
 90
753
 90
754
 90
3
 90
752
 90
754
 90
755
 90
3
 90
756
 90
757
 90
758
 90
3
 90
756
 90
758
 90
759
 90
3
 90
760
 90
761
 90
762
 90
3
 90
760
 90
762
 90
763
 90
3
 90
764
 90
765
 90
766
 90
3
 90
764
 90
766
 90
767
 90
3
 90
768
 90
769
 90
770
 90
3
 90
768
 90
770
 90
771
 90
3
 90
772
 90
773
 90
774
 90
3
 90
772
 90
774
 90
775
 90
3
 90
776
 90
777
 90
778
 90
3
 90
776
 90
778
 90
779
 90
3
 90
780
 90
781
 90
782
 90
3
 90
780
 90
782
 90
783
 90
3
 90
784
 90
785
 90
786
 90
3
 90
784
 90
786
 90
787
 90
3
 90
788
 90
789
 90
790
 90
3
 90
788
 90
790
 90
791
 90
3
 90
792
 90
793
 90
794
 90
3
 90
792
 90
794
 90
795
 90
3
 90
796
 90
797
 90
798
 90
3
 90
796
 90
798
 90
799
 90
3
 90
800
 90
801
 90
802
 90
3
 90
800
 90
802
 90
803
 90
3
 90
804
 90
805
 90
806
 90
3
 90
804
 90
806
 90
807
 90
3
 90
808
 90
809
 90
810
 90
3
 90
808
 90
810
 90
811
 90
3
 90
812
 90
813
 90
814
 90
3
 90
812
 90
814
 90
815
 90
3
 90
816
 90
817
 90
818
 90
3
 90
816
 90
818
 90
819
 90
3
 90
820
 90
821
 90
822
 90
3
 90
820
 90
822
 90
823
 90
3
 90
824
 90
825
 90
826
 90
3
 90
824
 90
826
 90
827
 90
3
 90
828
 90
829
 90
830
 90
3
 90
828
 90
830
 90
831
 90
3
 90
832
 90
833
 90
834
 90
3
 90
832
 90
834
 90
835
 90
3
 90
836
 90
837
 90
838
 90
3
 90
836
 90
838
 90
839
 90
3
 90
840
 90
841
 90
842
 90
3
 90
840
 90
842
 90
843
 90
3
 90
844
 90
845
 90
846
 90
3
 90
844
 90
846
 90
847
 90
3
 90
848
 90
849
 90
850
 90
3
 90
848
 90
850
 90
851
 90
3
 90
852
 90
853
 90
854
 90
3
 90
852
 90
854
 90
855
 90
3
 90
856
 90
857
 90
858
 90
3
 90
856
 90
858
 90
859
 90
3
 90
860
 90
861
 90
862
 90
3
 90
860
 90
862
 90
863
 90
3
 90
864
 90
865
 90
866
 90
3
 90
864
 90
866
 90
867
 90
3
 90
868
 90
869
 90
870
 90
3
 90
868
 90
870
 90
871
 90
3
 90
872
 90
873
 90
874
 90
3
 90
872
 90
874
 90
875
 90
3
 90
876
 90
877
 90
878
 90
3
 90
876
 90
878
 90
879
 90
3
 90
880
 90
881
 90
882
 90
3
 90
880
 90
882
 90
883
 90
3
 90
884
 90
885
 90
886
 90
3
 90
884
 90
886
 90
887
 90
3
 90
888
 90
889
 90
890
 90
3
 90
888
 90
890
 90
891
 90
3
 90
892
 90
893
 90
894
 90
3
 90
892
 90
894
 90
895
 90
3
 90
896
 90
897
 90
898
 90
3
 90
896
 90
898
 90
899
 90
3
 90
900
 90
901
 90
902
 90
3
 90
900
 90
902
 90
903
 90
3
 90
904
 90
905
 90
906
 90
3
 90
904
 90
906
 90
907
 90
3
 90
908
 90
909
 90
910
 90
3
 90
908
 90
910
 90
911
 90
3
 90
912
 90
913
 90
914
 90
3
 90
912
 90
914
 90
915
 90
3
 90
916
 90
917
 90
918
 90
3
 90
916
 90
918
 90
919
 90
3
 90
920
 90
921
 90
922
 90
3
 90
920
 90
922
 90
923
 90
3
 90
924
 90
925
 90
926
 90
3
 90
924
 90
926
 90
927
 90
3
 90
928
 90
929
 90
930
 90
3
 90
928
 90
930
 90
931
 90
3
 90
932
 90
933
 90
934
 90
3
 90
932
 90
934
 90
935
 90
3
 90
936
 90
937
 90
938
 90
3
 90
936
 90
938
 90
939
 90
3
 90
940
 90
941
 90
942
 90
3
 90
940
 90
942
 90
943
 90
3
 90
944
 90
945
 90
946
 90
3
 90
944
 90
946
 90
947
 90
3
 90
948
 90
949
 90
950
 90
3
 90
948
 90
950
 90
951
 90
3
 90
952
 90
953
 90
954
 90
3
 90
952
 90
954
 90
955
 90
3
 90
956
 90
957
 90
958
 90
3
 90
956
 90
958
 90
959
 90
3
 90
960
 90
961
 90
962
 90
3
 90
960
 90
962
 90
963
 90
3
 90
964
 90
965
 90
966
 90
3
 90
964
 90
966
 90
967
 90
3
 90
968
 90
969
 90
970
 90
3
 90
968
 90
970
 90
971
 90
3
 90
972
 90
973
 90
974
 90
3
 90
972
 90
974
 90
975
 90
3
 90
976
 90
977
 90
978
 90
3
 90
976
 90
978
 90
979
 90
3
 90
980
 90
981
 90
982
 90
3
 90
980
 90
982
 90
983
 90
3
 90
984
 90
985
 90
986
 90
3
 90
984
 90
986
 90
987
 90
3
 90
988
 90
989
 90
990
 90
3
 90
988
 90
990
 90
991
 90
3
 90
992
 90
993
 90
994
 90
3
 90
992
 90
994
 90
995
 90
3
 90
996
 90
997
 90
998
 90
3
 90
996
 90
998
 90
999
 90
3
 90
1000
 90
1001
 90
1002
 90
3
 90
1000
 90
1002
 90
1003
 90
3
 90
1004
 90
1005
 90
1006
 90
3
 90
1004
 90
1006
 90
1007
 90
3
 90
1008
 90
1009
 90
1010
 90
3
 90
1008
 90
1010
 90
1011
 90
3
 90
1012
 90
1013
 90
1014
 90
3
 90
1012
 90
1014
 90
1015
 90
3
 90
1016
 90
1017
 90
1018
 90
3
 90
1016
 90
1018
 90
1019
 90
3
 90
1020
 90
1021
 90
1022
 90
3
 90
1020
 90
1022
 90
1023
 90
3
 90
1024
 90
1025
 90
1026
 90
3
 90
1024
 90
1026
 90
1027
 90
3
 90
1028
 90
1029
 90
1030
 90
3
 90
1028
 90
1030
 90
1031
 90
3
 90
1032
 90
1033
 90
1034
 90
3
 90
1032
 90
1034
 90
1035
 90
3
 90
1036
 90
1037
 90
1038
 90
3
 90
1036
 90
1038
 90
1039
 90
3
 90
1040
 90
1041
 90
1042
 90
3
 90
1040
 90
1042
 90
1043
 90
3
 90
1044
 90
1045
 90
1046
 90
3
 90
1044
 90
1046
 90
1047
 90
3
 90
1048
 90
1049
 90
1050
 90
3
 90
1048
 90
1050
 90
1051
 90
3
 90
1052
 90
1053
 90
1054
 90
3
 90
1052
 90
1054
 90
1055
 90
3
 90
1056
 90
1057
 90
1058
 90
3
 90
1056
 90
1058
 90
1059
 90
3
 90
1060
 90
1061
 90
1062
 90
3
 90
1060
 90
1062
 90
1063
 90
3
 90
1064
 90
1065
 90
1066
 90
3
 90
1064
 90
1066
 90
1067
 90
3
 90
1068
 90
1069
 90
1070
 90
3
 90
1068
 90
1070
 90
1071
 90
3
 90
1072
 90
1073
 90
1074
 90
3
 90
1072
 90
1074
 90
1075
 90
3
 90
1076
 90
1077
 90
1078
 90
3
 90
1076
 90
1078
 90
1079
 90
3
 90
1080
 90
1081
 90
1082
 90
3
 90
1080
 90
1082
 90
1083
 90
3
 90
1084
 90
1085
 90
1086
 90
3
 90
1084
 90
1086
 90
1087
 90
3
 90
1088
 90
1089
 90
1090
 90
3
 90
1088
 90
1090
 90
1091
 90
3
 90
1092
 90
1093
 90
1094
 90
3
 90
1092
 90
1094
 90
1095
 90
3
 90
1096
 90
1097
 90
1098
 90
3
 90
1096
 90
1098
 90
1099
 90
3
 90
1100
 90
1101
 90
1102
 90
3
 90
1100
 90
1102
 90
1103
 90
3
 90
1104
 90
1105
 90
1106
 90
3
 90
1104
 90
1106
 90
1107
 90
3
 90
1108
 90
1109
 90
1110
 90
3
 90
1108
 90
1110
 90
1111
 90
3
 90
1112
 90
1113
 90
1114
 90
3
 90
1112
 90
1114
 90
1115
 90
3
 90
1116
 90
1117
 90
1118
 90
3
 90
1116
 90
1118
 90
1119
 90
3
 90
1120
 90
1121
 90
1122
 90
3
 90
1120
 90
1122
 90
1123
 90
3
 90
1124
 90
1125
 90
1126
 90
3
 90
1124
 90
1126
 90
1127
 90
3
 90
1128
 90
1129
 90
1130
 90
3
 90
1128
 90
1130
 90
1131
 90
3
 90
1132
 90
1133
 90
1134
 90
3
 90
1132
 90
1134
 90
1135
 90
3
 90
1136
 90
1137
 90
1138
 90
3
 90
1136
 90
1138
 90
1139
 90
3
 90
1140
 90
1141
 90
1142
 90
3
 90
1140
 90
1142
 90
1143
 90
3
 90
1144
 90
1145
 90
1146
 90
3
 90
1144
 90
1146
 90
1147
 90
3
 90
1148
 90
1149
 90
1150
 90
3
 90
1148
 90
1150
 90
1151
 90
3
 90
1152
 90
1153
 90
1154
 90
3
 90
1152
 90
1154
 90
1155
 90
3
 90
1156
 90
1157
 90
1158
 90
3
 90
1156
 90
1158
 90
1159
 90
3
 90
1160
 90
1161
 90
1162
 90
3
 90
1160
 90
1162
 90
1163
 90
3
 90
1164
 90
1165
 90
1166
 90
3
 90
1164
 90
1166
 90
1167
 90
3
 90
1168
 90
1169
 90
1170
 90
3
 90
1168
 90
1170
 90
1171
 90
3
 90
1172
 90
1173
 90
1174
 90
3
 90
1172
 90
1174
 90
1175
 90
3
 90
1176
 90
1177
 90
1178
 90
3
 90
1176
 90
1178
 90
1179
 90
3
 90
1180
 90
1181
 90
1182
 90
3
 90
1180
 90
1182
 90
1183
 90
3
 90
1184
 90
1185
 90
1186
 90
3
 90
1184
 90
1186
 90
1187
 90
3
 90
1188
 90
1189
 90
1190
 90
3
 90
1188
 90
1190
 90
1191
 90
3
 90
1192
 90
1193
 90
1194
 90
3
 90
1192
 90
1194
 90
1195
 90
3
 90
1196
 90
1197
 90
1198
 90
3
 90
1196
 90
1198
 90
1199
 90
3
 90
1200
 90
1201
 90
1202
 90
3
 90
1200
 90
1202
 90
1203
 90
3
 90
1204
 90
1205
 90
1206
 90
3
 90
1204
 90
1206
 90
1207
 90
3
 90
1208
 90
1209
 90
1210
 90
3
 90
1208
 90
1210
 90
1211
 90
3
 90
1212
 90
1213
 90
1214
 90
3
 90
1212
 90
1214
 90
1215
 90
3
 90
1216
 90
1217
 90
1218
 90
3
 90
1216
 90
1218
 90
1219
 90
3
 90
1220
 90
1221
 90
1222
 90
3
 90
1220
 90
1222
 90
1223
 90
3
 90
1224
 90
1225
 90
1226
 90
3
 90
1224
 90
1226
 90
1227
 90
3
 90
1228
 90
1229
 90
1230
 90
3
 90
1228
 90
1230
 90
1231
 90
3
 90
1232
 90
1233
 90
1234
 90
3
 90
1232
 90
1234
 90
1235
 90
3
 90
1236
 90
1237
 90
1238
 90
3
 90
1236
 90
1238
 90
1239
 90
3
 90
1240
 90
1241
 90
1242
 90
3
 90
1240
 90
1242
 90
1243
 90
3
 90
1244
 90
1245
 90
1246
 90
3
 90
1244
 90
1246
 90
1247
 90
3
 90
1248
 90
1249
 90
1250
 90
3
 90
1248
 90
1250
 90
1251
 90
3
 90
1252
 90
1253
 90
1254
 90
3
 90
1252
 90
1254
 90
1255
 90
3
 90
1256
 90
1257
 90
1258
 90
3
 90
1256
 90
1258
 90
1259
 90
3
 90
1260
 90
1261
 90
1262
 90
3
 90
1260
 90
1262
 90
1263
 90
3
 90
1264
 90
1265
 90
1266
 90
3
 90
1264
 90
1266
 90
1267
 90
3
 90
1268
 90
1269
 90
1270
 90
3
 90
1268
 90
1270
 90
1271
 90
3
 90
1272
 90
1273
 90
1274
 90
3
 90
1272
 90
1274
 90
1275
 90
3
 90
1276
 90
1277
 90
1278
 90
3
 90
1276
 90
1278
 90
1279
 90
3
 90
1280
 90
1281
 90
1282
 90
3
 90
1280
 90
1282
 90
1283
 90
3
 90
1284
 90
1285
 90
1286
 90
3
 90
1284
 90
1286
 90
1287
 90
3
 90
1288
 90
1289
 90
1290
 90
3
 90
1288
 90
1290
 90
1291
 90
3
 90
1292
 90
1293
 90
1294
 90
3
 90
1292
 90
1294
 90
1295
 90
3
 90
1296
 90
1297
 90
1298
 90
3
 90
1296
 90
1298
 90
1299
 90
3
 90
1300
 90
1301
 90
1302
 90
3
 90
1300
 90
1302
 90
1303
 90
3
 90
1304
 90
1305
 90
1306
 90
3
 90
1304
 90
1306
 90
1307
 90
3
 90
1308
 90
1309
 90
1310
 90
3
 90
1308
 90
1310
 90
1311
 90
3
 90
1312
 90
1313
 90
1314
 90
3
 90
1312
 90
1314
 90
1315
 90
3
 90
1316
 90
1317
 90
1318
 90
3
 90
1316
 90
1318
 90
1319
 90
3
 90
1320
 90
1321
 90
1322
 90
3
 90
1320
 90
1322
 90
1323
 90
3
 90
1324
 90
1325
 90
1326
 90
3
 90
1324
 90
1326
 90
1327
 90
3
 90
1328
 90
1329
 90
1330
 90
3
 90
1328
 90
1330
 90
1331
 90
3
 90
1332
 90
1333
 90
1334
 90
3
 90
1332
 90
1334
 90
1335
 90
3
 90
1336
 90
1337
 90
1338
 90
3
 90
1336
 90
1338
 90
1339
 90
3
 90
1340
 90
1341
 90
1342
 90
3
 90
1340
 90
1342
 90
1343
 90
3
 90
1344
 90
1345
 90
1346
 90
3
 90
1344
 90
1346
 90
1347
 90
3
 90
1348
 90
1349
 90
1350
 90
3
 90
1348
 90
1350
 90
1351
 90
3
 90
1352
 90
1353
 90
1354
 90
3
 90
1352
 90
1354
 90
1355
 90
3
 90
1356
 90
1357
 90
1358
 90
3
 90
1356
 90
1358
 90
1359
 90
3
 90
1360
 90
1361
 90
1362
 90
3
 90
1360
 90
1362
 90
1363
 90
3
 90
1364
 90
1365
 90
1366
 90
3
 90
1364
 90
1366
 90
1367
 90
3
 90
1368
 90
1369
 90
1370
 90
3
 90
1368
 90
1370
 90
1371
 90
3
 90
1372
 90
1373
 90
1374
 90
3
 90
1372
 90
1374
 90
1375
 90
3
 90
1376
 90
1377
 90
1378
 90
3
 90
1376
 90
1378
 90
1379
 90
3
 90
1380
 90
1381
 90
1382
 90
3
 90
1380
 90
1382
 90
1383
 90
3
 90
1384
 90
1385
 90
1386
 90
3
 90
1384
 90
1386
 90
1387
 90
3
 90
1388
 90
1389
 90
1390
 90
3
 90
1388
 90
1390
 90
1391
 90
3
 90
1392
 90
1393
 90
1394
 90
3
 90
1392
 90
1394
 90
1395
 90
3
 90
1396
 90
1397
 90
1398
 90
3
 90
1396
 90
1398
 90
1399
 90
3
 90
1400
 90
1401
 90
1402
 90
3
 90
1400
 90
1402
 90
1403
 90
3
 90
1404
 90
1405
 90
1406
 90
3
 90
1404
 90
1406
 90
1407
 90
3
 90
1408
 90
1409
 90
1410
 90
3
 90
1408
 90
1410
 90
1411
 90
3
 90
1412
 90
1413
 90
1414
 90
3
 90
1412
 90
1414
 90
1415
 90
3
 90
1416
 90
1417
 90
1418
 90
3
 90
1416
 90
1418
 90
1419
 90
3
 90
1420
 90
1421
 90
1422
 90
3
 90
1420
 90
1422
 90
1423
 90
3
 90
1424
 90
1425
 90
1426
 90
3
 90
1424
 90
1426
 90
1427
 90
3
 90
1428
 90
1429
 90
1430
 90
3
 90
1428
 90
1430
 90
1431
 90
3
 90
1432
 90
1433
 90
1434
 90
3
 90
1432
 90
1434
 90
1435
 90
3
 90
1436
 90
1437
 90
1438
 90
3
 90
1436
 90
1438
 90
1439
 90
3
 90
1440
 90
1441
 90
1442
 90
3
 90
1440
 90
1442
 90
1443
 90
3
 90
1444
 90
1445
 90
1446
 90
3
 90
1444
 90
1446
 90
1447
 90
3
 90
1448
 90
1449
 90
1450
 90
3
 90
1448
 90
1450
 90
1451
 90
3
 90
1452
 90
1453
 90
1454
 90
3
 90
1452
 90
1454
 90
1455
 90
3
 90
1456
 90
1457
 90
1458
 90
3
 90
1456
 90
1458
 90
1459
 90
3
 90
1460
 90
1461
 90
1462
 90
3
 90
1460
 90
1462
 90
1463
 90
3
 90
1464
 90
1465
 90
1466
 90
3
 90
1464
 90
1466
 90
1467
 90
3
 90
1468
 90
1469
 90
1470
 90
3
 90
1468
 90
1470
 90
1471
 90
3
 90
1472
 90
1473
 90
1474
 90
3
 90
1472
 90
1474
 90
1475
 90
3
 90
1476
 90
1477
 90
1478
 90
3
 90
1476
 90
1478
 90
1479
 90
3
 90
1480
 90
1481
 90
1482
 90
3
 90
1480
 90
1482
 90
1483
 90
3
 90
1484
 90
1485
 90
1486
 90
3
 90
1484
 90
1486
 90
1487
 90
3
 90
1488
 90
1489
 90
1490
 90
3
 90
1488
 90
1490
 90
1491
 90
3
 90
1492
 90
1493
 90
1494
 90
3
 90
1492
 90
1494
 90
1495
 90
3
 90
1496
 90
1497
 90
1498
 90
3
 90
1496
 90
1498
 90
1499
 90
3
 90
1500
 90
1501
 90
1502
 90
3
 90
1500
 90
1502
 90
1503
 90
3
 90
1504
 90
1505
 90
1506
 90
3
 90
1504
 90
1506
 90
1507
 90
3
 90
1508
 90
1509
 90
1510
 90
3
 90
1508
 90
1510
 90
1511
 90
3
 90
1512
 90
1513
 90
1514
 90
3
 90
1512
 90
1514
 90
1515
 90
3
 90
1516
 90
1517
 90
1518
 90
3
 90
1516
 90
1518
 90
1519
 90
3
 90
1520
 90
1521
 90
1522
 90
3
 90
1520
 90
1522
 90
1523
 90
3
 90
1524
 90
1525
 90
1526
 90
3
 90
1524
 90
1526
 90
1527
 90
3
 90
1528
 90
1529
 90
1530
 90
3
 90
1528
 90
1530
 90
1531
 90
3
 90
1532
 90
1533
 90
1534
 90
3
 90
1532
 90
1534
 90
1535
 90
3
 90
1536
 90
1537
 90
1538
 90
3
 90
1536
 90
1538
 90
1539
 90
3
 90
1540
 90
1541
 90
1542
 90
3
 90
1540
 90
1542
 90
1543
 90
3
 90
1544
 90
1545
 90
1546
 90
3
 90
1544
 90
1546
 90
1547
 90
3
 90
1548
 90
1549
 90
1550
 90
3
 90
1548
 90
1550
 90
1551
 90
3
 90
1552
 90
1553
 90
1554
 90
3
 90
1552
 90
1554
 90
1555
 90
3
 90
1556
 90
1557
 90
1558
 90
3
 90
1556
 90
1558
 90
1559
 90
3
 90
1560
 90
1561
 90
1562
 90
3
 90
1560
 90
1562
 90
1563
 90
3
 90
1564
 90
1565
 90
1566
 90
3
 90
1564
 90
1566
 90
1567
 90
3
 90
1568
 90
1569
 90
1570
 90
3
 90
1568
 90
1570
 90
1571
 90
3
 90
1572
 90
1573
 90
1574
 90
3
 90
1572
 90
1574
 90
1575
 90
3
 90
1576
 90
1577
 90
1578
 90
3
 90
1576
 90
1578
 90
1579
 90
3
 90
1580
 90
1581
 90
1582
 90
3
 90
1580
 90
1582
 90
1583
 90
3
 90
1584
 90
1585
 90
1586
 90
3
 90
1584
 90
1586
 90
1587
 90
3
 90
1588
 90
1589
 90
1590
 90
3
 90
1588
 90
1590
 90
1591
 90
3
 90
1592
 90
1593
 90
1594
 90
3
 90
1592
 90
1594
 90
1595
 90
3
 90
1596
 90
1597
 90
1598
 90
3
 90
1596
 90
1598
 90
1599
 90
3
 90
1600
 90
1601
 90
1602
 90
3
 90
1600
 90
1602
 90
1603
 90
3
 90
1604
 90
1605
 90
1606
 90
3
 90
1604
 90
1606
 90
1607
 90
3
 90
1608
 90
1609
 90
1610
 90
3
 90
1608
 90
1610
 90
1611
 90
3
 90
1612
 90
1613
 90
1614
 90
3
 90
1612
 90
1614
 90
1615
 90
3
 90
1616
 90
1617
 90
1618
 90
3
 90
1616
 90
1618
 90
1619
 90
3
 90
1620
 90
1621
 90
1622
 90
3
 90
1620
 90
1622
 90
1623
 90
3
 90
1624
 90
1625
 90
1626
 90
3
 90
1624
 90
1626
 90
1627
 90
3
 90
1628
 90
1629
 90
1630
 90
3
 90
1628
 90
1630
 90
1631
 90
3
 90
1632
 90
1633
 90
1634
 90
3
 90
1632
 90
1634
 90
1635
 90
3
 90
1636
 90
1637
 90
1638
 90
3
 90
1636
 90
1638
 90
1639
 90
3
 90
1640
 90
1641
 90
1642
 90
3
 90
1640
 90
1642
 90
1643
 90
3
 90
1644
 90
1645
 90
1646
 90
3
 90
1644
 90
1646
 90
1647
 90
3
 90
1648
 90
1649
 90
1650
 90
3
 90
1648
 90
1650
 90
1651
 90
3
 90
1652
 90
1653
 90
1654
 90
3
 90
1652
 90
1654
 90
1655
 90
3
 90
1656
 90
1657
 90
1658
 90
3
 90
1656
 90
1658
 90
1659
 90
3
 90
1660
 90
1661
 90
1662
 90
3
 90
1660
 90
1662
 90
1663
 90
3
 90
1664
 90
1665
 90
1666
 90
3
 90
1664
 90
1666
 90
1667
 90
3
 90
1668
 90
1669
 90
1670
 90
3
 90
1668
 90
1670
 90
1671
 90
3
 90
1672
 90
1673
 90
1674
 90
3
 90
1672
 90
1674
 90
1675
 90
3
 90
1676
 90
1677
 90
1678
 90
3
 90
1676
 90
1678
 90
1679
 90
3
 90
1680
 90
1681
 90
1682
 90
3
 90
1680
 90
1682
 90
1683
 90
3
 90
1684
 90
1685
 90
1686
 90
3
 90
1684
 90
1686
 90
1687
 90
3
 90
1688
 90
1689
 90
1690
 90
3
 90
1688
 90
1690
 90
1691
 90
3
 90
1692
 90
1693
 90
1694
 90
3
 90
1692
 90
1694
 90
1695
 90
3
 90
1696
 90
1697
 90
1698
 90
3
 90
1696
 90
1698
 90
1699
 90
3
 90
1700
 90
1701
 90
1702
 90
3
 90
1700
 90
1702
 90
1703
 90
3
 90
1704
 90
1705
 90
1706
 90
3
 90
1704
 90
1706
 90
1707
 90
3
 90
1708
 90
1709
 90
1710
 90
3
 90
1708
 90
1710
 90
1711
 90
3
 90
1712
 90
1713
 90
1714
 90
3
 90
1712
 90
1714
 90
1715
 90
3
 90
1716
 90
1717
 90
1718
 90
3
 90
1716
 90
1718
 90
1719
 90
3
 90
1720
 90
1721
 90
1722
 90
3
 90
1720
 90
1722
 90
1723
 90
3
 90
1724
 90
1725
 90
1726
 90
3
 90
1724
 90
1726
 90
1727
 90
3
 90
1728
 90
1729
 90
1730
 90
3
 90
1728
 90
1730
 90
1731
 90
3
 90
1732
 90
1733
 90
1734
 90
3
 90
1732
 90
1734
 90
1735
 90
3
 90
1736
 90
1737
 90
1738
 90
3
 90
1736
 90
1738
 90
1739
 90
3
 90
1740
 90
1741
 90
1742
 90
3
 90
1740
 90
1742
 90
1743
 90
3
 90
1744
 90
1745
 90
1746
 90
3
 90
1744
 90
1746
 90
1747
 90
3
 90
1748
 90
1749
 90
1750
 90
3
 90
1748
 90
1750
 90
1751
 90
3
 90
1752
 90
1753
 90
1754
 90
3
 90
1752
 90
1754
 90
1755
 90
3
 90
1756
 90
1757
 90
1758
 90
3
 90
1756
 90
1758
 90
1759
 90
3
 90
1760
 90
1761
 90
1762
 90
3
 90
1760
 90
1762
 90
1763
 90
3
 90
1764
 90
1765
 90
1766
 90
3
 90
1764
 90
1766
 90
1767
 90
3
 90
1768
 90
1769
 90
1770
 90
3
 90
1768
 90
1770
 90
1771
 90
3
 90
1772
 90
1773
 90
1774
 90
3
 90
1772
 90
1774
 90
1775
 90
3
 90
1776
 90
1777
 90
1778
 90
3
 90
1776
 90
1778
 90
1779
 90
3
 90
1780
 90
1781
 90
1782
 90
3
 90
1780
 90
1782
 90
1783
 90
3
 90
1784
 90
1785
 90
1786
 90
3
 90
1784
 90
1786
 90
1787
 90
3
 90
1788
 90
1789
 90
1790
 90
3
 90
1788
 90
1790
 90
1791
 90
3
 90
1792
 90
1793
 90
1794
 90
3
 90
1792
 90
1794
 90
1795
 90
3
 90
1796
 90
1797
 90
1798
 90
3
 90
1796
 90
1798
 90
1799
 90
3
 90
1800
 90
1801
 90
1802
 90
3
 90
1800
 90
1802
 90
1803
 90
3
 90
1804
 90
1805
 90
1806
 90
3
 90
1804
 90
1806
 90
1807
 90
3
 90
1808
 90
1809
 90
1810
 90
3
 90
1808
 90
1810
 90
1811
 90
3
 90
1812
 90
1813
 90
1814
 90
3
 90
1812
 90
1814
 90
1815
 90
3
 90
1816
 90
1817
 90
1818
 90
3
 90
1816
 90
1818
 90
1819
 90
3
 90
1820
 90
1821
 90
1822
 90
3
 90
1820
 90
1822
 90
1823
 90
3
 90
1824
 90
1825
 90
1826
 90
3
 90
1824
 90
1826
 90
1827
 90
3
 90
1828
 90
1829
 90
1830
 90
3
 90
1828
 90
1830
 90
1831
 90
3
 90
1832
 90
1833
 90
1834
 90
3
 90
1832
 90
1834
 90
1835
 90
3
 90
1836
 90
1837
 90
1838
 90
3
 90
1836
 90
1838
 90
1839
 90
3
 90
1840
 90
1841
 90
1842
 90
3
 90
1840
 90
1842
 90
1843
 90
3
 90
1844
 90
1845
 90
1846
 90
3
 90
1844
 90
1846
 90
1847
 90
3
 90
1848
 90
1849
 90
1850
 90
3
 90
1848
 90
1850
 90
1851
 90
3
 90
1852
 90
1853
 90
1854
 90
3
 90
1852
 90
1854
 90
1855
 90
3
 90
1856
 90
1857
 90
1858
 90
3
 90
1856
 90
1858
 90
1859
 90
3
 90
1860
 90
1861
 90
1862
 90
3
 90
1860
 90
1862
 90
1863
 90
3
 90
1864
 90
1865
 90
1866
 90
3
 90
1864
 90
1866
 90
1867
 90
3
 90
1868
 90
1869
 90
1870
 90
3
 90
1868
 90
1870
 90
1871
 90
3
 90
1872
 90
1873
 90
1874
 90
3
 90
1875
 90
1876
 90
1877
 90
3
 90
1878
 90
1879
 90
1880
 90
3
 90
1881
 90
1882
 90
1883
 90
3
 90
1884
 90
1885
 90
1886
 90
3
 90
1887
 90
1888
 90
1889
 90
3
 90
1890
 90
1891
 90
1892
 90
3
 90
1893
 90
1894
 90
1895
 90
3
 90
1896
 90
1897
 90
1898
 90
3
 90
1899
 90
1900
 90
1901
 90
3
 90
1902
 90
1903
 90
1904
 90
3
 90
1905
 90
1906
 90
1907
 90
3
 90
1908
 90
1909
 90
1910
 90
3
 90
1911
 90
1912
 90
1913
 90
3
 90
1914
 90
1915
 90
1916
 90
3
 90
1917
 90
1918
 90
1919
 90
3
 90
1920
 90
1921
 90
1922
 90
3
 90
1923
 90
1924
 90
1925
 90
3
 90
1926
 90
1927
 90
1928
 90
3
 90
1929
 90
1930
 90
1931
 90
3
 90
1932
 90
1933
 90
1934
 90
3
 90
1935
 90
1936
 90
1937
 90
3
 90
1938
 90
1939
 90
1940
 90
3
 90
1941
 90
1942
 90
1943
 90
3
 90
1944
 90
1945
 90
1946
 90
3
 90
1947
 90
1948
 90
1949
 90
3
 90
1950
 90
1951
 90
1952
 90
3
 90
1953
 90
1954
 90
1955
 90
3
 90
1956
 90
1957
 90
1958
 90
3
 90
1959
 90
1960
 90
1961
 90
3
 90
1962
 90
1963
 90
1964
 90
3
 90
1965
 90
1966
 90
1967
 90
3
 90
1968
 90
1969
 90
1970
 90
3
 90
1971
 90
1972
 90
1973
 90
3
 90
1974
 90
1975
 90
1976
 90
3
 90
1977
 90
1978
 90
1979
 90
3
 90
1980
 90
1981
 90
1982
 90
3
 90
1983
 90
1984
 90
1985
 90
3
 90
1986
 90
1987
 90
1988
 90
3
 90
1989
 90
1990
 90
1991
 90
3
 90
1992
 90
1993
 90
1994
 90
3
 90
1995
 90
1996
 90
1997
 90
3
 90
1998
 90
1999
 90
2000
 90
3
 90
2001
 90
2002
 90
2003
 90
3
 90
2004
 90
2005
 90
2006
 90
3
 90
2007
 90
2008
 90
2009
 90
3
 90
2010
 90
2011
 90
2012
 90
3
 90
2013
 90
2014
 90
2015
 94
0
 95
0
 90
0
  0
MESH
  5
94
330
17
100
AcDbEntity
  8
M-BAND
100
AcDbSubDMesh
 71
2
 72
0
 91
0
 92
576
 10
12.35
 20
0.0
 30
9.6
 10
12.244344037966558
 20
1.611998473917637
 30
9.6
 10
12.244344037966558
 20
1.611998473917637
 30
6.9
 10
12.35
 20
0.0
 30
6.9
 10
12.244344037966558
 20
1.611998473917637
 30
9.6
 10
11.929183954669993
 20
3.196415207016131
 30
9.6
 10
11.929183954669993
 20
3.196415207016131
 30
6.9
 10
12.244344037966558
 20
1.611998473917637
 30
6.9
 10
11.929183954669993
 20
3.196415207016131
 30
9.6
 10
11.409912226514392
 20
4.726140389708859
 30
9.6
 10
11.409912226514392
 20
4.726140389708859
 30
6.9
 10
11.929183954669993
 20
3.196415207016131
 30
6.9
 10
11.409912226514392
 20
4.726140389708859
 30
9.6
 10
10.695413736737818
 20
6.174999999999999
 30
9.6
 10
10.695413736737818
 20
6.174999999999999
 30
6.9
 10
11.409912226514392
 20
4.726140389708859
 30
6.9
 10
10.695413736737818
 20
6.174999999999999
 30
9.6
 10
9.797913752596754
 20
7.5182036482577
 30
9.6
 10
9.797913752596754
 20
7.5182036482577
 30
6.9
 10
10.695413736737818
 20
6.174999999999999
 30
6.9
 10
9.797913752596754
 20
7.5182036482577
 30
9.6
 10
8.732768747653862
 20
8.73276874765386
 30
9.6
 10
8.732768747653862
 20
8.73276874765386
 30
6.9
 10
9.797913752596754
 20
7.5182036482577
 30
6.9
 10
8.732768747653862
 20
8.73276874765386
 30
9.6
 10
7.5182036482577
 20
9.797913752596754
 30
9.6
 10
7.5182036482577
 20
9.797913752596754
 30
6.9
 10
8.732768747653862
 20
8.73276874765386
 30
6.9
 10
7.5182036482577
 20
9.797913752596754
 30
9.6
 10
6.175000000000002
 20
10.695413736737816
 30
9.6
 10
6.175000000000002
 20
10.695413736737816
 30
6.9
 10
7.5182036482577
 20
9.797913752596754
 30
6.9
 10
6.175000000000002
 20
10.695413736737816
 30
9.6
 10
4.726140389708859
 20
11.409912226514392
 30
9.6
 10
4.726140389708859
 20
11.409912226514392
 30
6.9
 10
6.175000000000002
 20
10.695413736737816
 30
6.9
 10
4.726140389708859
 20
11.409912226514392
 30
9.6
 10
3.196415207016131
 20
11.929183954669993
 30
9.6
 10
3.196415207016131
 20
11.929183954669993
 30
6.9
 10
4.726140389708859
 20
11.409912226514392
 30
6.9
 10
3.196415207016131
 20
11.929183954669993
 30
9.6
 10
1.6119984739176385
 20
12.244344037966558
 30
9.6
 10
1.6119984739176385
 20
12.244344037966558
 30
6.9
 10
3.196415207016131
 20
11.929183954669993
 30
6.9
 10
1.6119984739176385
 20
12.244344037966558
 30
9.6
 10
7.562193984734905e-16
 20
12.35
 30
9.6
 10
7.562193984734905e-16
 20
12.35
 30
6.9
 10
1.6119984739176385
 20
12.244344037966558
 30
6.9
 10
7.562193984734905e-16
 20
12.35
 30
9.6
 10
-1.6119984739176372
 20
12.244344037966558
 30
9.6
 10
-1.6119984739176372
 20
12.244344037966558
 30
6.9
 10
7.562193984734905e-16
 20
12.35
 30
6.9
 10
-1.6119984739176372
 20
12.244344037966558
 30
9.6
 10
-3.1964152070161296
 20
11.929183954669993
 30
9.6
 10
-3.1964152070161296
 20
11.929183954669993
 30
6.9
 10
-1.6119984739176372
 20
12.244344037966558
 30
6.9
 10
-3.1964152070161296
 20
11.929183954669993
 30
9.6
 10
-4.726140389708855
 20
11.409912226514392
 30
9.6
 10
-4.726140389708855
 20
11.409912226514392
 30
6.9
 10
-3.1964152070161296
 20
11.929183954669993
 30
6.9
 10
-4.726140389708855
 20
11.409912226514392
 30
9.6
 10
-6.174999999999997
 20
10.695413736737818
 30
9.6
 10
-6.174999999999997
 20
10.695413736737818
 30
6.9
 10
-4.726140389708855
 20
11.409912226514392
 30
6.9
 10
-6.174999999999997
 20
10.695413736737818
 30
9.6
 10
-7.5182036482577
 20
9.797913752596754
 30
9.6
 10
-7.5182036482577
 20
9.797913752596754
 30
6.9
 10
-6.174999999999997
 20
10.695413736737818
 30
6.9
 10
-7.5182036482577
 20
9.797913752596754
 30
9.6
 10
-8.73276874765386
 20
8.732768747653862
 30
9.6
 10
-8.73276874765386
 20
8.732768747653862
 30
6.9
 10
-7.5182036482577
 20
9.797913752596754
 30
6.9
 10
-8.73276874765386
 20
8.732768747653862
 30
9.6
 10
-9.797913752596752
 20
7.518203648257702
 30
9.6
 10
-9.797913752596752
 20
7.518203648257702
 30
6.9
 10
-8.73276874765386
 20
8.732768747653862
 30
6.9
 10
-9.797913752596752
 20
7.518203648257702
 30
9.6
 10
-10.695413736737818
 20
6.174999999999999
 30
9.6
 10
-10.695413736737818
 20
6.174999999999999
 30
6.9
 10
-9.797913752596752
 20
7.518203648257702
 30
6.9
 10
-10.695413736737818
 20
6.174999999999999
 30
9.6
 10
-11.409912226514392
 20
4.72614038970886
 30
9.6
 10
-11.409912226514392
 20
4.72614038970886
 30
6.9
 10
-10.695413736737818
 20
6.174999999999999
 30
6.9
 10
-11.409912226514392
 20
4.72614038970886
 30
9.6
 10
-11.929183954669991
 20
3.1964152070161345
 30
9.6
 10
-11.929183954669991
 20
3.1964152070161345
 30
6.9
 10
-11.409912226514392
 20
4.72614038970886
 30
6.9
 10
-11.929183954669991
 20
3.1964152070161345
 30
9.6
 10
-12.244344037966558
 20
1.611998473917642
 30
9.6
 10
-12.244344037966558
 20
1.611998473917642
 30
6.9
 10
-11.929183954669991
 20
3.1964152070161345
 30
6.9
 10
-12.244344037966558
 20
1.611998473917642
 30
9.6
 10
-12.35
 20
1.512438796946981e-15
 30
9.6
 10
-12.35
 20
1.512438796946981e-15
 30
6.9
 10
-12.244344037966558
 20
1.611998473917642
 30
6.9
 10
-12.35
 20
1.512438796946981e-15
 30
9.6
 10
-12.244344037966558
 20
-1.6119984739176392
 30
9.6
 10
-12.244344037966558
 20
-1.6119984739176392
 30
6.9
 10
-12.35
 20
1.512438796946981e-15
 30
6.9
 10
-12.244344037966558
 20
-1.6119984739176392
 30
9.6
 10
-11.929183954669993
 20
-3.196415207016132
 30
9.6
 10
-11.929183954669993
 20
-3.196415207016132
 30
6.9
 10
-12.244344037966558
 20
-1.6119984739176392
 30
6.9
 10
-11.929183954669993
 20
-3.196415207016132
 30
9.6
 10
-11.409912226514392
 20
-4.726140389708857
 30
9.6
 10
-11.409912226514392
 20
-4.726140389708857
 30
6.9
 10
-11.929183954669993
 20
-3.196415207016132
 30
6.9
 10
-11.409912226514392
 20
-4.726140389708857
 30
9.6
 10
-10.69541373673782
 20
-6.174999999999996
 30
9.6
 10
-10.69541373673782
 20
-6.174999999999996
 30
6.9
 10
-11.409912226514392
 20
-4.726140389708857
 30
6.9
 10
-10.69541373673782
 20
-6.174999999999996
 30
9.6
 10
-9.797913752596754
 20
-7.5182036482577
 30
9.6
 10
-9.797913752596754
 20
-7.5182036482577
 30
6.9
 10
-10.69541373673782
 20
-6.174999999999996
 30
6.9
 10
-9.797913752596754
 20
-7.5182036482577
 30
9.6
 10
-8.732768747653866
 20
-8.732768747653857
 30
9.6
 10
-8.732768747653866
 20
-8.732768747653857
 30
6.9
 10
-9.797913752596754
 20
-7.5182036482577
 30
6.9
 10
-8.732768747653866
 20
-8.732768747653857
 30
9.6
 10
-7.518203648257702
 20
-9.79791375259675
 30
9.6
 10
-7.518203648257702
 20
-9.79791375259675
 30
6.9
 10
-8.732768747653866
 20
-8.732768747653857
 30
6.9
 10
-7.518203648257702
 20
-9.79791375259675
 30
9.6
 10
-6.175000000000005
 20
-10.695413736737814
 30
9.6
 10
-6.175000000000005
 20
-10.695413736737814
 30
6.9
 10
-7.518203648257702
 20
-9.79791375259675
 30
6.9
 10
-6.175000000000005
 20
-10.695413736737814
 30
9.6
 10
-4.726140389708855
 20
-11.409912226514392
 30
9.6
 10
-4.726140389708855
 20
-11.409912226514392
 30
6.9
 10
-6.175000000000005
 20
-10.695413736737814
 30
6.9
 10
-4.726140389708855
 20
-11.409912226514392
 30
9.6
 10
-3.1964152070161296
 20
-11.929183954669993
 30
9.6
 10
-3.1964152070161296
 20
-11.929183954669993
 30
6.9
 10
-4.726140389708855
 20
-11.409912226514392
 30
6.9
 10
-3.1964152070161296
 20
-11.929183954669993
 30
9.6
 10
-1.6119984739176376
 20
-12.244344037966558
 30
9.6
 10
-1.6119984739176376
 20
-12.244344037966558
 30
6.9
 10
-3.1964152070161296
 20
-11.929183954669993
 30
6.9
 10
-1.6119984739176376
 20
-12.244344037966558
 30
9.6
 10
-2.2686581954204715e-15
 20
-12.35
 30
9.6
 10
-2.2686581954204715e-15
 20
-12.35
 30
6.9
 10
-1.6119984739176376
 20
-12.244344037966558
 30
6.9
 10
-2.2686581954204715e-15
 20
-12.35
 30
9.6
 10
1.6119984739176332
 20
-12.24434403796656
 30
9.6
 10
1.6119984739176332
 20
-12.24434403796656
 30
6.9
 10
-2.2686581954204715e-15
 20
-12.35
 30
6.9
 10
1.6119984739176332
 20
-12.24434403796656
 30
9.6
 10
3.1964152070161256
 20
-11.929183954669995
 30
9.6
 10
3.1964152070161256
 20
-11.929183954669995
 30
6.9
 10
1.6119984739176332
 20
-12.24434403796656
 30
6.9
 10
3.1964152070161256
 20
-11.929183954669995
 30
9.6
 10
4.726140389708851
 20
-11.409912226514393
 30
9.6
 10
4.726140389708851
 20
-11.409912226514393
 30
6.9
 10
3.1964152070161256
 20
-11.929183954669995
 30
6.9
 10
4.726140389708851
 20
-11.409912226514393
 30
9.6
 10
6.175000000000002
 20
-10.695413736737816
 30
9.6
 10
6.175000000000002
 20
-10.695413736737816
 30
6.9
 10
4.726140389708851
 20
-11.409912226514393
 30
6.9
 10
6.175000000000002
 20
-10.695413736737816
 30
9.6
 10
7.51820364825769
 20
-9.797913752596761
 30
9.6
 10
7.51820364825769
 20
-9.797913752596761
 30
6.9
 10
6.175000000000002
 20
-10.695413736737816
 30
6.9
 10
7.51820364825769
 20
-9.797913752596761
 30
9.6
 10
8.732768747653859
 20
-8.732768747653864
 30
9.6
 10
8.732768747653859
 20
-8.732768747653864
 30
6.9
 10
7.51820364825769
 20
-9.797913752596761
 30
6.9
 10
8.732768747653859
 20
-8.732768747653864
 30
9.6
 10
9.79791375259675
 20
-7.518203648257702
 30
9.6
 10
9.79791375259675
 20
-7.518203648257702
 30
6.9
 10
8.732768747653859
 20
-8.732768747653864
 30
6.9
 10
9.79791375259675
 20
-7.518203648257702
 30
9.6
 10
10.695413736737814
 20
-6.175000000000005
 30
9.6
 10
10.695413736737814
 20
-6.175000000000005
 30
6.9
 10
9.79791375259675
 20
-7.518203648257702
 30
6.9
 10
10.695413736737814
 20
-6.175000000000005
 30
9.6
 10
11.409912226514392
 20
-4.726140389708856
 30
9.6
 10
11.409912226514392
 20
-4.726140389708856
 30
6.9
 10
10.695413736737814
 20
-6.175000000000005
 30
6.9
 10
11.409912226514392
 20
-4.726140389708856
 30
9.6
 10
11.929183954669991
 20
-3.196415207016141
 30
9.6
 10
11.929183954669991
 20
-3.196415207016141
 30
6.9
 10
11.409912226514392
 20
-4.726140389708856
 30
6.9
 10
11.929183954669991
 20
-3.196415207016141
 30
9.6
 10
12.244344037966558
 20
-1.6119984739176383
 30
9.6
 10
12.244344037966558
 20
-1.6119984739176383
 30
6.9
 10
11.929183954669991
 20
-3.196415207016141
 30
6.9
 10
12.244344037966558
 20
-1.6119984739176383
 30
9.6
 10
12.35
 20
0.0
 30
9.6
 10
12.35
 20
0.0
 30
6.9
 10
12.244344037966558
 20
-1.6119984739176383
 30
6.9
 10
12.35
 20
0.0
 30
6.9
 10
12.244344037966558
 20
1.611998473917637
 30
6.9
 10
12.095627308760486
 20
1.592419545084629
 30
6.9
 10
12.2
 20
0.0
 30
6.9
 10
12.244344037966558
 20
1.611998473917637
 30
6.9
 10
11.929183954669993
 20
3.196415207016131
 30
6.9
 10
11.784295080726633
 20
3.157592350250753
 30
6.9
 10
12.095627308760486
 20
1.592419545084629
 30
6.9
 10
11.929183954669993
 20
3.196415207016131
 30
6.9
 10
11.409912226514392
 20
4.726140389708859
 30
6.9
 10
11.271330296637698
 20
4.668737874854095
 30
6.9
 10
11.784295080726633
 20
3.157592350250753
 30
6.9
 10
11.409912226514392
 20
4.726140389708859
 30
6.9
 10
10.695413736737818
 20
6.174999999999999
 30
6.9
 10
10.56550992617015
 20
6.099999999999999
 30
6.9
 10
11.271330296637698
 20
4.668737874854095
 30
6.9
 10
10.695413736737818
 20
6.174999999999999
 30
6.9
 10
9.797913752596754
 20
7.5182036482577
 30
6.9
 10
9.678910751553069
 20
7.426889433906392
 30
6.9
 10
10.56550992617015
 20
6.099999999999999
 30
6.9
 10
9.797913752596754
 20
7.5182036482577
 30
6.9
 10
8.732768747653862
 20
8.73276874765386
 30
6.9
 10
8.62670273047588
 20
8.626702730475879
 30
6.9
 10
9.678910751553069
 20
7.426889433906392
 30
6.9
 10
8.732768747653862
 20
8.73276874765386
 30
6.9
 10
7.5182036482577
 20
9.797913752596754
 30
6.9
 10
7.426889433906392
 20
9.678910751553069
 30
6.9
 10
8.62670273047588
 20
8.626702730475879
 30
6.9
 10
7.5182036482577
 20
9.797913752596754
 30
6.9
 10
6.175000000000002
 20
10.695413736737816
 30
6.9
 10
6.100000000000001
 20
10.56550992617015
 30
6.9
 10
7.426889433906392
 20
9.678910751553069
 30
6.9
 10
6.175000000000002
 20
10.695413736737816
 30
6.9
 10
4.726140389708859
 20
11.409912226514392
 30
6.9
 10
4.668737874854096
 20
11.271330296637698
 30
6.9
 10
6.100000000000001
 20
10.56550992617015
 30
6.9
 10
4.726140389708859
 20
11.409912226514392
 30
6.9
 10
3.196415207016131
 20
11.929183954669993
 30
6.9
 10
3.157592350250753
 20
11.784295080726633
 30
6.9
 10
4.668737874854096
 20
11.271330296637698
 30
6.9
 10
3.196415207016131
 20
11.929183954669993
 30
6.9
 10
1.6119984739176385
 20
12.244344037966558
 30
6.9
 10
1.5924195450846308
 20
12.095627308760486
 30
6.9
 10
3.157592350250753
 20
11.784295080726633
 30
6.9
 10
1.6119984739176385
 20
12.244344037966558
 30
6.9
 10
7.562193984734905e-16
 20
12.35
 30
6.9
 10
7.470345474798854e-16
 20
12.2
 30
6.9
 10
1.5924195450846308
 20
12.095627308760486
 30
6.9
 10
7.562193984734905e-16
 20
12.35
 30
6.9
 10
-1.6119984739176372
 20
12.244344037966558
 30
6.9
 10
-1.5924195450846295
 20
12.095627308760486
 30
6.9
 10
7.470345474798854e-16
 20
12.2
 30
6.9
 10
-1.6119984739176372
 20
12.244344037966558
 30
6.9
 10
-3.1964152070161296
 20
11.929183954669993
 30
6.9
 10
-3.1575923502507517
 20
11.784295080726633
 30
6.9
 10
-1.5924195450846295
 20
12.095627308760486
 30
6.9
 10
-3.1964152070161296
 20
11.929183954669993
 30
6.9
 10
-4.726140389708855
 20
11.409912226514392
 30
6.9
 10
-4.6687378748540915
 20
11.271330296637698
 30
6.9
 10
-3.1575923502507517
 20
11.784295080726633
 30
6.9
 10
-4.726140389708855
 20
11.409912226514392
 30
6.9
 10
-6.174999999999997
 20
10.695413736737818
 30
6.9
 10
-6.099999999999997
 20
10.56550992617015
 30
6.9
 10
-4.6687378748540915
 20
11.271330296637698
 30
6.9
 10
-6.174999999999997
 20
10.695413736737818
 30
6.9
 10
-7.5182036482577
 20
9.797913752596754
 30
6.9
 10
-7.426889433906392
 20
9.678910751553069
 30
6.9
 10
-6.099999999999997
 20
10.56550992617015
 30
6.9
 10
-7.5182036482577
 20
9.797913752596754
 30
6.9
 10
-8.73276874765386
 20
8.732768747653862
 30
6.9
 10
-8.626702730475879
 20
8.62670273047588
 30
6.9
 10
-7.426889433906392
 20
9.678910751553069
 30
6.9
 10
-8.73276874765386
 20
8.732768747653862
 30
6.9
 10
-9.797913752596752
 20
7.518203648257702
 30
6.9
 10
-9.678910751553067
 20
7.4268894339063944
 30
6.9
 10
-8.626702730475879
 20
8.62670273047588
 30
6.9
 10
-9.797913752596752
 20
7.518203648257702
 30
6.9
 10
-10.695413736737818
 20
6.174999999999999
 30
6.9
 10
-10.56550992617015
 20
6.099999999999999
 30
6.9
 10
-9.678910751553067
 20
7.4268894339063944
 30
6.9
 10
-10.695413736737818
 20
6.174999999999999
 30
6.9
 10
-11.409912226514392
 20
4.72614038970886
 30
6.9
 10
-11.271330296637698
 20
4.668737874854097
 30
6.9
 10
-10.56550992617015
 20
6.099999999999999
 30
6.9
 10
-11.409912226514392
 20
4.72614038970886
 30
6.9
 10
-11.929183954669991
 20
3.1964152070161345
 30
6.9
 10
-11.784295080726631
 20
3.157592350250756
 30
6.9
 10
-11.271330296637698
 20
4.668737874854097
 30
6.9
 10
-11.929183954669991
 20
3.1964152070161345
 30
6.9
 10
-12.244344037966558
 20
1.611998473917642
 30
6.9
 10
-12.095627308760486
 20
1.5924195450846341
 30
6.9
 10
-11.784295080726631
 20
3.157592350250756
 30
6.9
 10
-12.244344037966558
 20
1.611998473917642
 30
6.9
 10
-12.35
 20
1.512438796946981e-15
 30
6.9
 10
-12.2
 20
1.4940690949597709e-15
 30
6.9
 10
-12.095627308760486
 20
1.5924195450846341
 30
6.9
 10
-12.35
 20
1.512438796946981e-15
 30
6.9
 10
-12.244344037966558
 20
-1.6119984739176392
 30
6.9
 10
-12.095627308760486
 20
-1.5924195450846315
 30
6.9
 10
-12.2
 20
1.4940690949597709e-15
 30
6.9
 10
-12.244344037966558
 20
-1.6119984739176392
 30
6.9
 10
-11.929183954669993
 20
-3.196415207016132
 30
6.9
 10
-11.784295080726633
 20
-3.1575923502507535
 30
6.9
 10
-12.095627308760486
 20
-1.5924195450846315
 30
6.9
 10
-11.929183954669993
 20
-3.196415207016132
 30
6.9
 10
-11.409912226514392
 20
-4.726140389708857
 30
6.9
 10
-11.271330296637698
 20
-4.668737874854093
 30
6.9
 10
-11.784295080726633
 20
-3.1575923502507535
 30
6.9
 10
-11.409912226514392
 20
-4.726140389708857
 30
6.9
 10
-10.69541373673782
 20
-6.174999999999996
 30
6.9
 10
-10.565509926170153
 20
-6.099999999999996
 30
6.9
 10
-11.271330296637698
 20
-4.668737874854093
 30
6.9
 10
-10.69541373673782
 20
-6.174999999999996
 30
6.9
 10
-9.797913752596754
 20
-7.5182036482577
 30
6.9
 10
-9.678910751553069
 20
-7.426889433906392
 30
6.9
 10
-10.565509926170153
 20
-6.099999999999996
 30
6.9
 10
-9.797913752596754
 20
-7.5182036482577
 30
6.9
 10
-8.732768747653866
 20
-8.732768747653857
 30
6.9
 10
-8.626702730475884
 20
-8.626702730475875
 30
6.9
 10
-9.678910751553069
 20
-7.426889433906392
 30
6.9
 10
-8.732768747653866
 20
-8.732768747653857
 30
6.9
 10
-7.518203648257702
 20
-9.79791375259675
 30
6.9
 10
-7.4268894339063944
 20
-9.678910751553065
 30
6.9
 10
-8.626702730475884
 20
-8.626702730475875
 30
6.9
 10
-7.518203648257702
 20
-9.79791375259675
 30
6.9
 10
-6.175000000000005
 20
-10.695413736737814
 30
6.9
 10
-6.100000000000005
 20
-10.565509926170147
 30
6.9
 10
-7.4268894339063944
 20
-9.678910751553065
 30
6.9
 10
-6.175000000000005
 20
-10.695413736737814
 30
6.9
 10
-4.726140389708855
 20
-11.409912226514392
 30
6.9
 10
-4.6687378748540915
 20
-11.271330296637698
 30
6.9
 10
-6.100000000000005
 20
-10.565509926170147
 30
6.9
 10
-4.726140389708855
 20
-11.409912226514392
 30
6.9
 10
-3.1964152070161296
 20
-11.929183954669993
 30
6.9
 10
-3.1575923502507517
 20
-11.784295080726633
 30
6.9
 10
-4.6687378748540915
 20
-11.271330296637698
 30
6.9
 10
-3.1964152070161296
 20
-11.929183954669993
 30
6.9
 10
-1.6119984739176376
 20
-12.244344037966558
 30
6.9
 10
-1.5924195450846297
 20
-12.095627308760486
 30
6.9
 10
-3.1575923502507517
 20
-11.784295080726633
 30
6.9
 10
-1.6119984739176376
 20
-12.244344037966558
 30
6.9
 10
-2.2686581954204715e-15
 20
-12.35
 30
6.9
 10
-2.241103642439656e-15
 20
-12.2
 30
6.9
 10
-1.5924195450846297
 20
-12.095627308760486
 30
6.9
 10
-2.2686581954204715e-15
 20
-12.35
 30
6.9
 10
1.6119984739176332
 20
-12.24434403796656
 30
6.9
 10
1.5924195450846255
 20
-12.095627308760488
 30
6.9
 10
-2.241103642439656e-15
 20
-12.2
 30
6.9
 10
1.6119984739176332
 20
-12.24434403796656
 30
6.9
 10
3.1964152070161256
 20
-11.929183954669995
 30
6.9
 10
3.1575923502507472
 20
-11.784295080726634
 30
6.9
 10
1.5924195450846255
 20
-12.095627308760488
 30
6.9
 10
3.1964152070161256
 20
-11.929183954669995
 30
6.9
 10
4.726140389708851
 20
-11.409912226514393
 30
6.9
 10
4.668737874854088
 20
-11.2713302966377
 30
6.9
 10
3.1575923502507472
 20
-11.784295080726634
 30
6.9
 10
4.726140389708851
 20
-11.409912226514393
 30
6.9
 10
6.175000000000002
 20
-10.695413736737816
 30
6.9
 10
6.100000000000001
 20
-10.56550992617015
 30
6.9
 10
4.668737874854088
 20
-11.2713302966377
 30
6.9
 10
6.175000000000002
 20
-10.695413736737816
 30
6.9
 10
7.51820364825769
 20
-9.797913752596761
 30
6.9
 10
7.426889433906382
 20
-9.678910751553076
 30
6.9
 10
6.100000000000001
 20
-10.56550992617015
 30
6.9
 10
7.51820364825769
 20
-9.797913752596761
 30
6.9
 10
8.732768747653859
 20
-8.732768747653864
 30
6.9
 10
8.626702730475877
 20
-8.62670273047588
 30
6.9
 10
7.426889433906382
 20
-9.678910751553076
 30
6.9
 10
8.732768747653859
 20
-8.732768747653864
 30
6.9
 10
9.79791375259675
 20
-7.518203648257702
 30
6.9
 10
9.678910751553065
 20
-7.4268894339063944
 30
6.9
 10
8.626702730475877
 20
-8.62670273047588
 30
6.9
 10
9.79791375259675
 20
-7.518203648257702
 30
6.9
 10
10.695413736737814
 20
-6.175000000000005
 30
6.9
 10
10.565509926170147
 20
-6.100000000000005
 30
6.9
 10
9.678910751553065
 20
-7.4268894339063944
 30
6.9
 10
10.695413736737814
 20
-6.175000000000005
 30
6.9
 10
11.409912226514392
 20
-4.726140389708856
 30
6.9
 10
11.271330296637698
 20
-4.668737874854092
 30
6.9
 10
10.565509926170147
 20
-6.100000000000005
 30
6.9
 10
11.409912226514392
 20
-4.726140389708856
 30
6.9
 10
11.929183954669991
 20
-3.196415207016141
 30
6.9
 10
11.784295080726631
 20
-3.157592350250763
 30
6.9
 10
11.271330296637698
 20
-4.668737874854092
 30
6.9
 10
11.929183954669991
 20
-3.196415207016141
 30
6.9
 10
12.244344037966558
 20
-1.6119984739176383
 30
6.9
 10
12.095627308760486
 20
-1.5924195450846304
 30
6.9
 10
11.784295080726631
 20
-3.157592350250763
 30
6.9
 10
12.244344037966558
 20
-1.6119984739176383
 30
6.9
 10
12.35
 20
0.0
 30
6.9
 10
12.2
 20
0.0
 30
6.9
 10
12.095627308760486
 20
-1.5924195450846304
 30
6.9
 10
12.2
 20
0.0
 30
6.9
 10
12.095627308760486
 20
1.592419545084629
 30
6.9
 10
12.095627308760486
 20
1.592419545084629
 30
9.6
 10
12.2
 20
0.0
 30
9.6
 10
12.095627308760486
 20
1.592419545084629
 30
6.9
 10
11.784295080726633
 20
3.157592350250753
 30
6.9
 10
11.784295080726633
 20
3.157592350250753
 30
9.6
 10
12.095627308760486
 20
1.592419545084629
 30
9.6
 10
11.784295080726633
 20
3.157592350250753
 30
6.9
 10
11.271330296637698
 20
4.668737874854095
 30
6.9
 10
11.271330296637698
 20
4.668737874854095
 30
9.6
 10
11.784295080726633
 20
3.157592350250753
 30
9.6
 10
11.271330296637698
 20
4.668737874854095
 30
6.9
 10
10.56550992617015
 20
6.099999999999999
 30
6.9
 10
10.56550992617015
 20
6.099999999999999
 30
9.6
 10
11.271330296637698
 20
4.668737874854095
 30
9.6
 10
10.56550992617015
 20
6.099999999999999
 30
6.9
 10
9.678910751553069
 20
7.426889433906392
 30
6.9
 10
9.678910751553069
 20
7.426889433906392
 30
9.6
 10
10.56550992617015
 20
6.099999999999999
 30
9.6
 10
9.678910751553069
 20
7.426889433906392
 30
6.9
 10
8.62670273047588
 20
8.626702730475879
 30
6.9
 10
8.62670273047588
 20
8.626702730475879
 30
9.6
 10
9.678910751553069
 20
7.426889433906392
 30
9.6
 10
8.62670273047588
 20
8.626702730475879
 30
6.9
 10
7.426889433906392
 20
9.678910751553069
 30
6.9
 10
7.426889433906392
 20
9.678910751553069
 30
9.6
 10
8.62670273047588
 20
8.626702730475879
 30
9.6
 10
7.426889433906392
 20
9.678910751553069
 30
6.9
 10
6.100000000000001
 20
10.56550992617015
 30
6.9
 10
6.100000000000001
 20
10.56550992617015
 30
9.6
 10
7.426889433906392
 20
9.678910751553069
 30
9.6
 10
6.100000000000001
 20
10.56550992617015
 30
6.9
 10
4.668737874854096
 20
11.271330296637698
 30
6.9
 10
4.668737874854096
 20
11.271330296637698
 30
9.6
 10
6.100000000000001
 20
10.56550992617015
 30
9.6
 10
4.668737874854096
 20
11.271330296637698
 30
6.9
 10
3.157592350250753
 20
11.784295080726633
 30
6.9
 10
3.157592350250753
 20
11.784295080726633
 30
9.6
 10
4.668737874854096
 20
11.271330296637698
 30
9.6
 10
3.157592350250753
 20
11.784295080726633
 30
6.9
 10
1.5924195450846308
 20
12.095627308760486
 30
6.9
 10
1.5924195450846308
 20
12.095627308760486
 30
9.6
 10
3.157592350250753
 20
11.784295080726633
 30
9.6
 10
1.5924195450846308
 20
12.095627308760486
 30
6.9
 10
7.470345474798854e-16
 20
12.2
 30
6.9
 10
7.470345474798854e-16
 20
12.2
 30
9.6
 10
1.5924195450846308
 20
12.095627308760486
 30
9.6
 10
7.470345474798854e-16
 20
12.2
 30
6.9
 10
-1.5924195450846295
 20
12.095627308760486
 30
6.9
 10
-1.5924195450846295
 20
12.095627308760486
 30
9.6
 10
7.470345474798854e-16
 20
12.2
 30
9.6
 10
-1.5924195450846295
 20
12.095627308760486
 30
6.9
 10
-3.1575923502507517
 20
11.784295080726633
 30
6.9
 10
-3.1575923502507517
 20
11.784295080726633
 30
9.6
 10
-1.5924195450846295
 20
12.095627308760486
 30
9.6
 10
-3.1575923502507517
 20
11.784295080726633
 30
6.9
 10
-4.6687378748540915
 20
11.271330296637698
 30
6.9
 10
-4.6687378748540915
 20
11.271330296637698
 30
9.6
 10
-3.1575923502507517
 20
11.784295080726633
 30
9.6
 10
-4.6687378748540915
 20
11.271330296637698
 30
6.9
 10
-6.099999999999997
 20
10.56550992617015
 30
6.9
 10
-6.099999999999997
 20
10.56550992617015
 30
9.6
 10
-4.6687378748540915
 20
11.271330296637698
 30
9.6
 10
-6.099999999999997
 20
10.56550992617015
 30
6.9
 10
-7.426889433906392
 20
9.678910751553069
 30
6.9
 10
-7.426889433906392
 20
9.678910751553069
 30
9.6
 10
-6.099999999999997
 20
10.56550992617015
 30
9.6
 10
-7.426889433906392
 20
9.678910751553069
 30
6.9
 10
-8.626702730475879
 20
8.62670273047588
 30
6.9
 10
-8.626702730475879
 20
8.62670273047588
 30
9.6
 10
-7.426889433906392
 20
9.678910751553069
 30
9.6
 10
-8.626702730475879
 20
8.62670273047588
 30
6.9
 10
-9.678910751553067
 20
7.4268894339063944
 30
6.9
 10
-9.678910751553067
 20
7.4268894339063944
 30
9.6
 10
-8.626702730475879
 20
8.62670273047588
 30
9.6
 10
-9.678910751553067
 20
7.4268894339063944
 30
6.9
 10
-10.56550992617015
 20
6.099999999999999
 30
6.9
 10
-10.56550992617015
 20
6.099999999999999
 30
9.6
 10
-9.678910751553067
 20
7.4268894339063944
 30
9.6
 10
-10.56550992617015
 20
6.099999999999999
 30
6.9
 10
-11.271330296637698
 20
4.668737874854097
 30
6.9
 10
-11.271330296637698
 20
4.668737874854097
 30
9.6
 10
-10.56550992617015
 20
6.099999999999999
 30
9.6
 10
-11.271330296637698
 20
4.668737874854097
 30
6.9
 10
-11.784295080726631
 20
3.157592350250756
 30
6.9
 10
-11.784295080726631
 20
3.157592350250756
 30
9.6
 10
-11.271330296637698
 20
4.668737874854097
 30
9.6
 10
-11.784295080726631
 20
3.157592350250756
 30
6.9
 10
-12.095627308760486
 20
1.5924195450846341
 30
6.9
 10
-12.095627308760486
 20
1.5924195450846341
 30
9.6
 10
-11.784295080726631
 20
3.157592350250756
 30
9.6
 10
-12.095627308760486
 20
1.5924195450846341
 30
6.9
 10
-12.2
 20
1.4940690949597709e-15
 30
6.9
 10
-12.2
 20
1.4940690949597709e-15
 30
9.6
 10
-12.095627308760486
 20
1.5924195450846341
 30
9.6
 10
-12.2
 20
1.4940690949597709e-15
 30
6.9
 10
-12.095627308760486
 20
-1.5924195450846315
 30
6.9
 10
-12.095627308760486
 20
-1.5924195450846315
 30
9.6
 10
-12.2
 20
1.4940690949597709e-15
 30
9.6
 10
-12.095627308760486
 20
-1.5924195450846315
 30
6.9
 10
-11.784295080726633
 20
-3.1575923502507535
 30
6.9
 10
-11.784295080726633
 20
-3.1575923502507535
 30
9.6
 10
-12.095627308760486
 20
-1.5924195450846315
 30
9.6
 10
-11.784295080726633
 20
-3.1575923502507535
 30
6.9
 10
-11.271330296637698
 20
-4.668737874854093
 30
6.9
 10
-11.271330296637698
 20
-4.668737874854093
 30
9.6
 10
-11.784295080726633
 20
-3.1575923502507535
 30
9.6
 10
-11.271330296637698
 20
-4.668737874854093
 30
6.9
 10
-10.565509926170153
 20
-6.099999999999996
 30
6.9
 10
-10.565509926170153
 20
-6.099999999999996
 30
9.6
 10
-11.271330296637698
 20
-4.668737874854093
 30
9.6
 10
-10.565509926170153
 20
-6.099999999999996
 30
6.9
 10
-9.678910751553069
 20
-7.426889433906392
 30
6.9
 10
-9.678910751553069
 20
-7.426889433906392
 30
9.6
 10
-10.565509926170153
 20
-6.099999999999996
 30
9.6
 10
-9.678910751553069
 20
-7.426889433906392
 30
6.9
 10
-8.626702730475884
 20
-8.626702730475875
 30
6.9
 10
-8.626702730475884
 20
-8.626702730475875
 30
9.6
 10
-9.678910751553069
 20
-7.426889433906392
 30
9.6
 10
-8.626702730475884
 20
-8.626702730475875
 30
6.9
 10
-7.4268894339063944
 20
-9.678910751553065
 30
6.9
 10
-7.4268894339063944
 20
-9.678910751553065
 30
9.6
 10
-8.626702730475884
 20
-8.626702730475875
 30
9.6
 10
-7.4268894339063944
 20
-9.678910751553065
 30
6.9
 10
-6.100000000000005
 20
-10.565509926170147
 30
6.9
 10
-6.100000000000005
 20
-10.565509926170147
 30
9.6
 10
-7.4268894339063944
 20
-9.678910751553065
 30
9.6
 10
-6.100000000000005
 20
-10.565509926170147
 30
6.9
 10
-4.6687378748540915
 20
-11.271330296637698
 30
6.9
 10
-4.6687378748540915
 20
-11.271330296637698
 30
9.6
 10
-6.100000000000005
 20
-10.565509926170147
 30
9.6
 10
-4.6687378748540915
 20
-11.271330296637698
 30
6.9
 10
-3.1575923502507517
 20
-11.784295080726633
 30
6.9
 10
-3.1575923502507517
 20
-11.784295080726633
 30
9.6
 10
-4.6687378748540915
 20
-11.271330296637698
 30
9.6
 10
-3.1575923502507517
 20
-11.784295080726633
 30
6.9
 10
-1.5924195450846297
 20
-12.095627308760486
 30
6.9
 10
-1.5924195450846297
 20
-12.095627308760486
 30
9.6
 10
-3.1575923502507517
 20
-11.784295080726633
 30
9.6
 10
-1.5924195450846297
 20
-12.095627308760486
 30
6.9
 10
-2.241103642439656e-15
 20
-12.2
 30
6.9
 10
-2.241103642439656e-15
 20
-12.2
 30
9.6
 10
-1.5924195450846297
 20
-12.095627308760486
 30
9.6
 10
-2.241103642439656e-15
 20
-12.2
 30
6.9
 10
1.5924195450846255
 20
-12.095627308760488
 30
6.9
 10
1.5924195450846255
 20
-12.095627308760488
 30
9.6
 10
-2.241103642439656e-15
 20
-12.2
 30
9.6
 10
1.5924195450846255
 20
-12.095627308760488
 30
6.9
 10
3.1575923502507472
 20
-11.784295080726634
 30
6.9
 10
3.1575923502507472
 20
-11.784295080726634
 30
9.6
 10
1.5924195450846255
 20
-12.095627308760488
 30
9.6
 10
3.1575923502507472
 20
-11.784295080726634
 30
6.9
 10
4.668737874854088
 20
-11.2713302966377
 30
6.9
 10
4.668737874854088
 20
-11.2713302966377
 30
9.6
 10
3.1575923502507472
 20
-11.784295080726634
 30
9.6
 10
4.668737874854088
 20
-11.2713302966377
 30
6.9
 10
6.100000000000001
 20
-10.56550992617015
 30
6.9
 10
6.100000000000001
 20
-10.56550992617015
 30
9.6
 10
4.668737874854088
 20
-11.2713302966377
 30
9.6
 10
6.100000000000001
 20
-10.56550992617015
 30
6.9
 10
7.426889433906382
 20
-9.678910751553076
 30
6.9
 10
7.426889433906382
 20
-9.678910751553076
 30
9.6
 10
6.100000000000001
 20
-10.56550992617015
 30
9.6
 10
7.426889433906382
 20
-9.678910751553076
 30
6.9
 10
8.626702730475877
 20
-8.62670273047588
 30
6.9
 10
8.626702730475877
 20
-8.62670273047588
 30
9.6
 10
7.426889433906382
 20
-9.678910751553076
 30
9.6
 10
8.626702730475877
 20
-8.62670273047588
 30
6.9
 10
9.678910751553065
 20
-7.4268894339063944
 30
6.9
 10
9.678910751553065
 20
-7.4268894339063944
 30
9.6
 10
8.626702730475877
 20
-8.62670273047588
 30
9.6
 10
9.678910751553065
 20
-7.4268894339063944
 30
6.9
 10
10.565509926170147
 20
-6.100000000000005
 30
6.9
 10
10.565509926170147
 20
-6.100000000000005
 30
9.6
 10
9.678910751553065
 20
-7.4268894339063944
 30
9.6
 10
10.565509926170147
 20
-6.100000000000005
 30
6.9
 10
11.271330296637698
 20
-4.668737874854092
 30
6.9
 10
11.271330296637698
 20
-4.668737874854092
 30
9.6
 10
10.565509926170147
 20
-6.100000000000005
 30
9.6
 10
11.271330296637698
 20
-4.668737874854092
 30
6.9
 10
11.784295080726631
 20
-3.157592350250763
 30
6.9
 10
11.784295080726631
 20
-3.157592350250763
 30
9.6
 10
11.271330296637698
 20
-4.668737874854092
 30
9.6
 10
11.784295080726631
 20
-3.157592350250763
 30
6.9
 10
12.095627308760486
 20
-1.5924195450846304
 30
6.9
 10
12.095627308760486
 20
-1.5924195450846304
 30
9.6
 10
11.784295080726631
 20
-3.157592350250763
 30
9.6
 10
12.095627308760486
 20
-1.5924195450846304
 30
6.9
 10
12.2
 20
0.0
 30
6.9
 10
12.2
 20
0.0
 30
9.6
 10
12.095627308760486
 20
-1.5924195450846304
 30
9.6
 93
1152
 90
3
 90
0
 90
1
 90
2
 90
3
 90
0
 90
2
 90
3
 90
3
 90
4
 90
5
 90
6
 90
3
 90
4
 90
6
 90
7
 90
3
 90
8
 90
9
 90
10
 90
3
 90
8
 90
10
 90
11
 90
3
 90
12
 90
13
 90
14
 90
3
 90
12
 90
14
 90
15
 90
3
 90
16
 90
17
 90
18
 90
3
 90
16
 90
18
 90
19
 90
3
 90
20
 90
21
 90
22
 90
3
 90
20
 90
22
 90
23
 90
3
 90
24
 90
25
 90
26
 90
3
 90
24
 90
26
 90
27
 90
3
 90
28
 90
29
 90
30
 90
3
 90
28
 90
30
 90
31
 90
3
 90
32
 90
33
 90
34
 90
3
 90
32
 90
34
 90
35
 90
3
 90
36
 90
37
 90
38
 90
3
 90
36
 90
38
 90
39
 90
3
 90
40
 90
41
 90
42
 90
3
 90
40
 90
42
 90
43
 90
3
 90
44
 90
45
 90
46
 90
3
 90
44
 90
46
 90
47
 90
3
 90
48
 90
49
 90
50
 90
3
 90
48
 90
50
 90
51
 90
3
 90
52
 90
53
 90
54
 90
3
 90
52
 90
54
 90
55
 90
3
 90
56
 90
57
 90
58
 90
3
 90
56
 90
58
 90
59
 90
3
 90
60
 90
61
 90
62
 90
3
 90
60
 90
62
 90
63
 90
3
 90
64
 90
65
 90
66
 90
3
 90
64
 90
66
 90
67
 90
3
 90
68
 90
69
 90
70
 90
3
 90
68
 90
70
 90
71
 90
3
 90
72
 90
73
 90
74
 90
3
 90
72
 90
74
 90
75
 90
3
 90
76
 90
77
 90
78
 90
3
 90
76
 90
78
 90
79
 90
3
 90
80
 90
81
 90
82
 90
3
 90
80
 90
82
 90
83
 90
3
 90
84
 90
85
 90
86
 90
3
 90
84
 90
86
 90
87
 90
3
 90
88
 90
89
 90
90
 90
3
 90
88
 90
90
 90
91
 90
3
 90
92
 90
93
 90
94
 90
3
 90
92
 90
94
 90
95
 90
3
 90
96
 90
97
 90
98
 90
3
 90
96
 90
98
 90
99
 90
3
 90
100
 90
101
 90
102
 90
3
 90
100
 90
102
 90
103
 90
3
 90
104
 90
105
 90
106
 90
3
 90
104
 90
106
 90
107
 90
3
 90
108
 90
109
 90
110
 90
3
 90
108
 90
110
 90
111
 90
3
 90
112
 90
113
 90
114
 90
3
 90
112
 90
114
 90
115
 90
3
 90
116
 90
117
 90
118
 90
3
 90
116
 90
118
 90
119
 90
3
 90
120
 90
121
 90
122
 90
3
 90
120
 90
122
 90
123
 90
3
 90
124
 90
125
 90
126
 90
3
 90
124
 90
126
 90
127
 90
3
 90
128
 90
129
 90
130
 90
3
 90
128
 90
130
 90
131
 90
3
 90
132
 90
133
 90
134
 90
3
 90
132
 90
134
 90
135
 90
3
 90
136
 90
137
 90
138
 90
3
 90
136
 90
138
 90
139
 90
3
 90
140
 90
141
 90
142
 90
3
 90
140
 90
142
 90
143
 90
3
 90
144
 90
145
 90
146
 90
3
 90
144
 90
146
 90
147
 90
3
 90
148
 90
149
 90
150
 90
3
 90
148
 90
150
 90
151
 90
3
 90
152
 90
153
 90
154
 90
3
 90
152
 90
154
 90
155
 90
3
 90
156
 90
157
 90
158
 90
3
 90
156
 90
158
 90
159
 90
3
 90
160
 90
161
 90
162
 90
3
 90
160
 90
162
 90
163
 90
3
 90
164
 90
165
 90
166
 90
3
 90
164
 90
166
 90
167
 90
3
 90
168
 90
169
 90
170
 90
3
 90
168
 90
170
 90
171
 90
3
 90
172
 90
173
 90
174
 90
3
 90
172
 90
174
 90
175
 90
3
 90
176
 90
177
 90
178
 90
3
 90
176
 90
178
 90
179
 90
3
 90
180
 90
181
 90
182
 90
3
 90
180
 90
182
 90
183
 90
3
 90
184
 90
185
 90
186
 90
3
 90
184
 90
186
 90
187
 90
3
 90
188
 90
189
 90
190
 90
3
 90
188
 90
190
 90
191
 90
3
 90
192
 90
193
 90
194
 90
3
 90
192
 90
194
 90
195
 90
3
 90
196
 90
197
 90
198
 90
3
 90
196
 90
198
 90
199
 90
3
 90
200
 90
201
 90
202
 90
3
 90
200
 90
202
 90
203
 90
3
 90
204
 90
205
 90
206
 90
3
 90
204
 90
206
 90
207
 90
3
 90
208
 90
209
 90
210
 90
3
 90
208
 90
210
 90
211
 90
3
 90
212
 90
213
 90
214
 90
3
 90
212
 90
214
 90
215
 90
3
 90
216
 90
217
 90
218
 90
3
 90
216
 90
218
 90
219
 90
3
 90
220
 90
221
 90
222
 90
3
 90
220
 90
222
 90
223
 90
3
 90
224
 90
225
 90
226
 90
3
 90
224
 90
226
 90
227
 90
3
 90
228
 90
229
 90
230
 90
3
 90
228
 90
230
 90
231
 90
3
 90
232
 90
233
 90
234
 90
3
 90
232
 90
234
 90
235
 90
3
 90
236
 90
237
 90
238
 90
3
 90
236
 90
238
 90
239
 90
3
 90
240
 90
241
 90
242
 90
3
 90
240
 90
242
 90
243
 90
3
 90
244
 90
245
 90
246
 90
3
 90
244
 90
246
 90
247
 90
3
 90
248
 90
249
 90
250
 90
3
 90
248
 90
250
 90
251
 90
3
 90
252
 90
253
 90
254
 90
3
 90
252
 90
254
 90
255
 90
3
 90
256
 90
257
 90
258
 90
3
 90
256
 90
258
 90
259
 90
3
 90
260
 90
261
 90
262
 90
3
 90
260
 90
262
 90
263
 90
3
 90
264
 90
265
 90
266
 90
3
 90
264
 90
266
 90
267
 90
3
 90
268
 90
269
 90
270
 90
3
 90
268
 90
270
 90
271
 90
3
 90
272
 90
273
 90
274
 90
3
 90
272
 90
274
 90
275
 90
3
 90
276
 90
277
 90
278
 90
3
 90
276
 90
278
 90
279
 90
3
 90
280
 90
281
 90
282
 90
3
 90
280
 90
282
 90
283
 90
3
 90
284
 90
285
 90
286
 90
3
 90
284
 90
286
 90
287
 90
3
 90
288
 90
289
 90
290
 90
3
 90
288
 90
290
 90
291
 90
3
 90
292
 90
293
 90
294
 90
3
 90
292
 90
294
 90
295
 90
3
 90
296
 90
297
 90
298
 90
3
 90
296
 90
298
 90
299
 90
3
 90
300
 90
301
 90
302
 90
3
 90
300
 90
302
 90
303
 90
3
 90
304
 90
305
 90
306
 90
3
 90
304
 90
306
 90
307
 90
3
 90
308
 90
309
 90
310
 90
3
 90
308
 90
310
 90
311
 90
3
 90
312
 90
313
 90
314
 90
3
 90
312
 90
314
 90
315
 90
3
 90
316
 90
317
 90
318
 90
3
 90
316
 90
318
 90
319
 90
3
 90
320
 90
321
 90
322
 90
3
 90
320
 90
322
 90
323
 90
3
 90
324
 90
325
 90
326
 90
3
 90
324
 90
326
 90
327
 90
3
 90
328
 90
329
 90
330
 90
3
 90
328
 90
330
 90
331
 90
3
 90
332
 90
333
 90
334
 90
3
 90
332
 90
334
 90
335
 90
3
 90
336
 90
337
 90
338
 90
3
 90
336
 90
338
 90
339
 90
3
 90
340
 90
341
 90
342
 90
3
 90
340
 90
342
 90
343
 90
3
 90
344
 90
345
 90
346
 90
3
 90
344
 90
346
 90
347
 90
3
 90
348
 90
349
 90
350
 90
3
 90
348
 90
350
 90
351
 90
3
 90
352
 90
353
 90
354
 90
3
 90
352
 90
354
 90
355
 90
3
 90
356
 90
357
 90
358
 90
3
 90
356
 90
358
 90
359
 90
3
 90
360
 90
361
 90
362
 90
3
 90
360
 90
362
 90
363
 90
3
 90
364
 90
365
 90
366
 90
3
 90
364
 90
366
 90
367
 90
3
 90
368
 90
369
 90
370
 90
3
 90
368
 90
370
 90
371
 90
3
 90
372
 90
373
 90
374
 90
3
 90
372
 90
374
 90
375
 90
3
 90
376
 90
377
 90
378
 90
3
 90
376
 90
378
 90
379
 90
3
 90
380
 90
381
 90
382
 90
3
 90
380
 90
382
 90
383
 90
3
 90
384
 90
385
 90
386
 90
3
 90
384
 90
386
 90
387
 90
3
 90
388
 90
389
 90
390
 90
3
 90
388
 90
390
 90
391
 90
3
 90
392
 90
393
 90
394
 90
3
 90
392
 90
394
 90
395
 90
3
 90
396
 90
397
 90
398
 90
3
 90
396
 90
398
 90
399
 90
3
 90
400
 90
401
 90
402
 90
3
 90
400
 90
402
 90
403
 90
3
 90
404
 90
405
 90
406
 90
3
 90
404
 90
406
 90
407
 90
3
 90
408
 90
409
 90
410
 90
3
 90
408
 90
410
 90
411
 90
3
 90
412
 90
413
 90
414
 90
3
 90
412
 90
414
 90
415
 90
3
 90
416
 90
417
 90
418
 90
3
 90
416
 90
418
 90
419
 90
3
 90
420
 90
421
 90
422
 90
3
 90
420
 90
422
 90
423
 90
3
 90
424
 90
425
 90
426
 90
3
 90
424
 90
426
 90
427
 90
3
 90
428
 90
429
 90
430
 90
3
 90
428
 90
430
 90
431
 90
3
 90
432
 90
433
 90
434
 90
3
 90
432
 90
434
 90
435
 90
3
 90
436
 90
437
 90
438
 90
3
 90
436
 90
438
 90
439
 90
3
 90
440
 90
441
 90
442
 90
3
 90
440
 90
442
 90
443
 90
3
 90
444
 90
445
 90
446
 90
3
 90
444
 90
446
 90
447
 90
3
 90
448
 90
449
 90
450
 90
3
 90
448
 90
450
 90
451
 90
3
 90
452
 90
453
 90
454
 90
3
 90
452
 90
454
 90
455
 90
3
 90
456
 90
457
 90
458
 90
3
 90
456
 90
458
 90
459
 90
3
 90
460
 90
461
 90
462
 90
3
 90
460
 90
462
 90
463
 90
3
 90
464
 90
465
 90
466
 90
3
 90
464
 90
466
 90
467
 90
3
 90
468
 90
469
 90
470
 90
3
 90
468
 90
470
 90
471
 90
3
 90
472
 90
473
 90
474
 90
3
 90
472
 90
474
 90
475
 90
3
 90
476
 90
477
 90
478
 90
3
 90
476
 90
478
 90
479
 90
3
 90
480
 90
481
 90
482
 90
3
 90
480
 90
482
 90
483
 90
3
 90
484
 90
485
 90
486
 90
3
 90
484
 90
486
 90
487
 90
3
 90
488
 90
489
 90
490
 90
3
 90
488
 90
490
 90
491
 90
3
 90
492
 90
493
 90
494
 90
3
 90
492
 90
494
 90
495
 90
3
 90
496
 90
497
 90
498
 90
3
 90
496
 90
498
 90
499
 90
3
 90
500
 90
501
 90
502
 90
3
 90
500
 90
502
 90
503
 90
3
 90
504
 90
505
 90
506
 90
3
 90
504
 90
506
 90
507
 90
3
 90
508
 90
509
 90
510
 90
3
 90
508
 90
510
 90
511
 90
3
 90
512
 90
513
 90
514
 90
3
 90
512
 90
514
 90
515
 90
3
 90
516
 90
517
 90
518
 90
3
 90
516
 90
518
 90
519
 90
3
 90
520
 90
521
 90
522
 90
3
 90
520
 90
522
 90
523
 90
3
 90
524
 90
525
 90
526
 90
3
 90
524
 90
526
 90
527
 90
3
 90
528
 90
529
 90
530
 90
3
 90
528
 90
530
 90
531
 90
3
 90
532
 90
533
 90
534
 90
3
 90
532
 90
534
 90
535
 90
3
 90
536
 90
537
 90
538
 90
3
 90
536
 90
538
 90
539
 90
3
 90
540
 90
541
 90
542
 90
3
 90
540
 90
542
 90
543
 90
3
 90
544
 90
545
 90
546
 90
3
 90
544
 90
546
 90
547
 90
3
 90
548
 90
549
 90
550
 90
3
 90
548
 90
550
 90
551
 90
3
 90
552
 90
553
 90
554
 90
3
 90
552
 90
554
 90
555
 90
3
 90
556
 90
557
 90
558
 90
3
 90
556
 90
558
 90
559
 90
3
 90
560
 90
561
 90
562
 90
3
 90
560
 90
562
 90
563
 90
3
 90
564
 90
565
 90
566
 90
3
 90
564
 90
566
 90
567
 90
3
 90
568
 90
569
 90
570
 90
3
 90
568
 90
570
 90
571
 90
3
 90
572
 90
573
 90
574
 90
3
 90
572
 90
574
 90
575
 94
0
 95
0
 90
0
  0
MESH
  5
96
330
17
100
AcDbEntity
  8
M-DOME
100
AcDbSubDMesh
 71
2
 72
0
 91
0
 92
448
 10
0.0
 20
0.0
 30
19.0
 10
1.9615705608064609
 20
0.3901806440322565
 30
18.5
 10
2.0
 20
0.0
 30
18.5
 10
0.0
 20
0.0
 30
19.0
 10
1.8477590650225735
 20
0.7653668647301796
 30
18.5
 10
1.9615705608064609
 20
0.3901806440322565
 30
18.5
 10
0.0
 20
0.0
 30
19.0
 10
1.6629392246050905
 20
1.1111404660392044
 30
18.5
 10
1.8477590650225735
 20
0.7653668647301796
 30
18.5
 10
0.0
 20
0.0
 30
19.0
 10
1.4142135623730951
 20
1.414213562373095
 30
18.5
 10
1.6629392246050905
 20
1.1111404660392044
 30
18.5
 10
0.0
 20
0.0
 30
19.0
 10
1.1111404660392046
 20
1.6629392246050905
 30
18.5
 10
1.4142135623730951
 20
1.414213562373095
 30
18.5
 10
0.0
 20
0.0
 30
19.0
 10
0.7653668647301797
 20
1.8477590650225735
 30
18.5
 10
1.1111404660392046
 20
1.6629392246050905
 30
18.5
 10
0.0
 20
0.0
 30
19.0
 10
0.39018064403225666
 20
1.9615705608064609
 30
18.5
 10
0.7653668647301797
 20
1.8477590650225735
 30
18.5
 10
0.0
 20
0.0
 30
19.0
 10
1.2246467991473532e-16
 20
2.0
 30
18.5
 10
0.39018064403225666
 20
1.9615705608064609
 30
18.5
 10
0.0
 20
0.0
 30
19.0
 10
-0.3901806440322564
 20
1.9615705608064609
 30
18.5
 10
1.2246467991473532e-16
 20
2.0
 30
18.5
 10
0.0
 20
0.0
 30
19.0
 10
-0.7653668647301795
 20
1.8477590650225735
 30
18.5
 10
-0.3901806440322564
 20
1.9615705608064609
 30
18.5
 10
0.0
 20
0.0
 30
19.0
 10
-1.111140466039204
 20
1.662939224605091
 30
18.5
 10
-0.7653668647301795
 20
1.8477590650225735
 30
18.5
 10
0.0
 20
0.0
 30
19.0
 10
-1.414213562373095
 20
1.4142135623730951
 30
18.5
 10
-1.111140466039204
 20
1.662939224605091
 30
18.5
 10
0.0
 20
0.0
 30
19.0
 10
-1.6629392246050907
 20
1.1111404660392044
 30
18.5
 10
-1.414213562373095
 20
1.4142135623730951
 30
18.5
 10
0.0
 20
0.0
 30
19.0
 10
-1.8477590650225735
 20
0.7653668647301798
 30
18.5
 10
-1.6629392246050907
 20
1.1111404660392044
 30
18.5
 10
0.0
 20
0.0
 30
19.0
 10
-1.9615705608064609
 20
0.3901806440322572
 30
18.5
 10
-1.8477590650225735
 20
0.7653668647301798
 30
18.5
 10
0.0
 20
0.0
 30
19.0
 10
-2.0
 20
2.4492935982947064e-16
 30
18.5
 10
-1.9615705608064609
 20
0.3901806440322572
 30
18.5
 10
0.0
 20
0.0
 30
19.0
 10
-1.9615705608064609
 20
-0.3901806440322567
 30
18.5
 10
-2.0
 20
2.4492935982947064e-16
 30
18.5
 10
0.0
 20
0.0
 30
19.0
 10
-1.8477590650225737
 20
-0.7653668647301793
 30
18.5
 10
-1.9615705608064609
 20
-0.3901806440322567
 30
18.5
 10
0.0
 20
0.0
 30
19.0
 10
-1.662939224605091
 20
-1.111140466039204
 30
18.5
 10
-1.8477590650225737
 20
-0.7653668647301793
 30
18.5
 10
0.0
 20
0.0
 30
19.0
 10
-1.4142135623730954
 20
-1.414213562373095
 30
18.5
 10
-1.662939224605091
 20
-1.111140466039204
 30
18.5
 10
0.0
 20
0.0
 30
19.0
 10
-1.1111404660392044
 20
-1.6629392246050905
 30
18.5
 10
-1.4142135623730954
 20
-1.414213562373095
 30
18.5
 10
0.0
 20
0.0
 30
19.0
 10
-0.7653668647301807
 20
-1.847759065022573
 30
18.5
 10
-1.1111404660392044
 20
-1.6629392246050905
 30
18.5
 10
0.0
 20
0.0
 30
19.0
 10
-0.39018064403225733
 20
-1.9615705608064606
 30
18.5
 10
-0.7653668647301807
 20
-1.847759065022573
 30
18.5
 10
0.0
 20
0.0
 30
19.0
 10
-3.6739403974420594e-16
 20
-2.0
 30
18.5
 10
-0.39018064403225733
 20
-1.9615705608064606
 30
18.5
 10
0.0
 20
0.0
 30
19.0
 10
0.3901806440322566
 20
-1.9615705608064609
 30
18.5
 10
-3.6739403974420594e-16
 20
-2.0
 30
18.5
 10
0.0
 20
0.0
 30
19.0
 10
0.76536686473018
 20
-1.8477590650225733
 30
18.5
 10
0.3901806440322566
 20
-1.9615705608064609
 30
18.5
 10
0.0
 20
0.0
 30
19.0
 10
1.1111404660392037
 20
-1.662939224605091
 30
18.5
 10
0.76536686473018
 20
-1.8477590650225733
 30
18.5
 10
0.0
 20
0.0
 30
19.0
 10
1.4142135623730947
 20
-1.4142135623730954
 30
18.5
 10
1.1111404660392037
 20
-1.662939224605091
 30
18.5
 10
0.0
 20
0.0
 30
19.0
 10
1.6629392246050905
 20
-1.1111404660392044
 30
18.5
 10
1.4142135623730947
 20
-1.4142135623730954
 30
18.5
 10
0.0
 20
0.0
 30
19.0
 10
1.847759065022573
 20
-0.7653668647301808
 30
18.5
 10
1.6629392246050905
 20
-1.1111404660392044
 30
18.5
 10
0.0
 20
0.0
 30
19.0
 10
1.9615705608064606
 20
-0.39018064403225744
 30
18.5
 10
1.847759065022573
 20
-0.7653668647301808
 30
18.5
 10
0.0
 20
0.0
 30
19.0
 10
2.0
 20
0.0
 30
18.5
 10
1.9615705608064606
 20
-0.39018064403225744
 30
18.5
 10
2.0
 20
0.0
 30
18.5
 10
1.9615705608064609
 20
0.3901806440322565
 30
18.5
 10
3.3346699533709834
 20
0.6633070948548361
 30
17.1
 10
3.4
 20
0.0
 30
17.1
 10
1.9615705608064609
 20
0.3901806440322565
 30
18.5
 10
1.8477590650225735
 20
0.7653668647301796
 30
18.5
 10
3.1411904105383748
 20
1.3011236700413051
 30
17.1
 10
3.3346699533709834
 20
0.6633070948548361
 30
17.1
 10
1.8477590650225735
 20
0.7653668647301796
 30
18.5
 10
1.6629392246050905
 20
1.1111404660392044
 30
18.5
 10
2.826996681828654
 20
1.8889387922666474
 30
17.1
 10
3.1411904105383748
 20
1.3011236700413051
 30
17.1
 10
1.6629392246050905
 20
1.1111404660392044
 30
18.5
 10
1.4142135623730951
 20
1.414213562373095
 30
18.5
 10
2.4041630560342617
 20
2.4041630560342613
 30
17.1
 10
2.826996681828654
 20
1.8889387922666474
 30
17.1
 10
1.4142135623730951
 20
1.414213562373095
 30
18.5
 10
1.1111404660392046
 20
1.6629392246050905
 30
18.5
 10
1.8889387922666476
 20
2.826996681828654
 30
17.1
 10
2.4041630560342617
 20
2.4041630560342613
 30
17.1
 10
1.1111404660392046
 20
1.6629392246050905
 30
18.5
 10
0.7653668647301797
 20
1.8477590650225735
 30
18.5
 10
1.3011236700413054
 20
3.1411904105383748
 30
17.1
 10
1.8889387922666476
 20
2.826996681828654
 30
17.1
 10
0.7653668647301797
 20
1.8477590650225735
 30
18.5
 10
0.39018064403225666
 20
1.9615705608064609
 30
18.5
 10
0.6633070948548363
 20
3.3346699533709834
 30
17.1
 10
1.3011236700413054
 20
3.1411904105383748
 30
17.1
 10
0.39018064403225666
 20
1.9615705608064609
 30
18.5
 10
1.2246467991473532e-16
 20
2.0
 30
18.5
 10
2.0818995585505003e-16
 20
3.4
 30
17.1
 10
0.6633070948548363
 20
3.3346699533709834
 30
17.1
 10
1.2246467991473532e-16
 20
2.0
 30
18.5
 10
-0.3901806440322564
 20
1.9615705608064609
 30
18.5
 10
-0.6633070948548359
 20
3.3346699533709834
 30
17.1
 10
2.0818995585505003e-16
 20
3.4
 30
17.1
 10
-0.3901806440322564
 20
1.9615705608064609
 30
18.5
 10
-0.7653668647301795
 20
1.8477590650225735
 30
18.5
 10
-1.3011236700413051
 20
3.1411904105383748
 30
17.1
 10
-0.6633070948548359
 20
3.3346699533709834
 30
17.1
 10
-0.7653668647301795
 20
1.8477590650225735
 30
18.5
 10
-1.111140466039204
 20
1.662939224605091
 30
18.5
 10
-1.8889387922666465
 20
2.8269966818286543
 30
17.1
 10
-1.3011236700413051
 20
3.1411904105383748
 30
17.1
 10
-1.111140466039204
 20
1.662939224605091
 30
18.5
 10
-1.414213562373095
 20
1.4142135623730951
 30
18.5
 10
-2.4041630560342613
 20
2.4041630560342617
 30
17.1
 10
-1.8889387922666465
 20
2.8269966818286543
 30
17.1
 10
-1.414213562373095
 20
1.4142135623730951
 30
18.5
 10
-1.6629392246050907
 20
1.1111404660392044
 30
18.5
 10
-2.8269966818286543
 20
1.8889387922666474
 30
17.1
 10
-2.4041630560342613
 20
2.4041630560342617
 30
17.1
 10
-1.6629392246050907
 20
1.1111404660392044
 30
18.5
 10
-1.8477590650225735
 20
0.7653668647301798
 30
18.5
 10
-3.1411904105383748
 20
1.3011236700413056
 30
17.1
 10
-2.8269966818286543
 20
1.8889387922666474
 30
17.1
 10
-1.8477590650225735
 20
0.7653668647301798
 30
18.5
 10
-1.9615705608064609
 20
0.3901806440322572
 30
18.5
 10
-3.3346699533709834
 20
0.6633070948548373
 30
17.1
 10
-3.1411904105383748
 20
1.3011236700413056
 30
17.1
 10
-1.9615705608064609
 20
0.3901806440322572
 30
18.5
 10
-2.0
 20
2.4492935982947064e-16
 30
18.5
 10
-3.4
 20
4.1637991171010006e-16
 30
17.1
 10
-3.3346699533709834
 20
0.6633070948548373
 30
17.1
 10
-2.0
 20
2.4492935982947064e-16
 30
18.5
 10
-1.9615705608064609
 20
-0.3901806440322567
 30
18.5
 10
-3.3346699533709834
 20
-0.6633070948548364
 30
17.1
 10
-3.4
 20
4.1637991171010006e-16
 30
17.1
 10
-1.9615705608064609
 20
-0.3901806440322567
 30
18.5
 10
-1.8477590650225737
 20
-0.7653668647301793
 30
18.5
 10
-3.141190410538375
 20
-1.301123670041305
 30
17.1
 10
-3.3346699533709834
 20
-0.6633070948548364
 30
17.1
 10
-1.8477590650225737
 20
-0.7653668647301793
 30
18.5
 10
-1.662939224605091
 20
-1.111140466039204
 30
18.5
 10
-2.8269966818286543
 20
-1.8889387922666465
 30
17.1
 10
-3.141190410538375
 20
-1.301123670041305
 30
17.1
 10
-1.662939224605091
 20
-1.111140466039204
 30
18.5
 10
-1.4142135623730954
 20
-1.414213562373095
 30
18.5
 10
-2.404163056034262
 20
-2.4041630560342613
 30
17.1
 10
-2.8269966818286543
 20
-1.8889387922666465
 30
17.1
 10
-1.4142135623730954
 20
-1.414213562373095
 30
18.5
 10
-1.1111404660392044
 20
-1.6629392246050905
 30
18.5
 10
-1.8889387922666474
 20
-2.826996681828654
 30
17.1
 10
-2.404163056034262
 20
-2.4041630560342613
 30
17.1
 10
-1.1111404660392044
 20
-1.6629392246050905
 30
18.5
 10
-0.7653668647301807
 20
-1.847759065022573
 30
18.5
 10
-1.3011236700413071
 20
-3.141190410538374
 30
17.1
 10
-1.8889387922666474
 20
-2.826996681828654
 30
17.1
 10
-0.7653668647301807
 20
-1.847759065022573
 30
18.5
 10
-0.39018064403225733
 20
-1.9615705608064606
 30
18.5
 10
-0.6633070948548374
 20
-3.334669953370983
 30
17.1
 10
-1.3011236700413071
 20
-3.141190410538374
 30
17.1
 10
-0.39018064403225733
 20
-1.9615705608064606
 30
18.5
 10
-3.6739403974420594e-16
 20
-2.0
 30
18.5
 10
-6.245698675651501e-16
 20
-3.4
 30
17.1
 10
-0.6633070948548374
 20
-3.334669953370983
 30
17.1
 10
-3.6739403974420594e-16
 20
-2.0
 30
18.5
 10
0.3901806440322566
 20
-1.9615705608064609
 30
18.5
 10
0.6633070948548362
 20
-3.3346699533709834
 30
17.1
 10
-6.245698675651501e-16
 20
-3.4
 30
17.1
 10
0.3901806440322566
 20
-1.9615705608064609
 30
18.5
 10
0.76536686473018
 20
-1.8477590650225733
 30
18.5
 10
1.301123670041306
 20
-3.1411904105383743
 30
17.1
 10
0.6633070948548362
 20
-3.3346699533709834
 30
17.1
 10
0.76536686473018
 20
-1.8477590650225733
 30
18.5
 10
1.1111404660392037
 20
-1.662939224605091
 30
18.5
 10
1.8889387922666463
 20
-2.8269966818286543
 30
17.1
 10
1.301123670041306
 20
-3.1411904105383743
 30
17.1
 10
1.1111404660392037
 20
-1.662939224605091
 30
18.5
 10
1.4142135623730947
 20
-1.4142135623730954
 30
18.5
 10
2.404163056034261
 20
-2.404163056034262
 30
17.1
 10
1.8889387922666463
 20
-2.8269966818286543
 30
17.1
 10
1.4142135623730947
 20
-1.4142135623730954
 30
18.5
 10
1.6629392246050905
 20
-1.1111404660392044
 30
18.5
 10
2.826996681828654
 20
-1.8889387922666474
 30
17.1
 10
2.404163056034261
 20
-2.404163056034262
 30
17.1
 10
1.6629392246050905
 20
-1.1111404660392044
 30
18.5
 10
1.847759065022573
 20
-0.7653668647301808
 30
18.5
 10
3.141190410538374
 20
-1.3011236700413074
 30
17.1
 10
2.826996681828654
 20
-1.8889387922666474
 30
17.1
 10
1.847759065022573
 20
-0.7653668647301808
 30
18.5
 10
1.9615705608064606
 20
-0.39018064403225744
 30
18.5
 10
3.334669953370983
 20
-0.6633070948548376
 30
17.1
 10
3.141190410538374
 20
-1.3011236700413074
 30
17.1
 10
1.9615705608064606
 20
-0.39018064403225744
 30
18.5
 10
2.0
 20
0.0
 30
18.5
 10
3.4
 20
0.0
 30
17.1
 10
3.334669953370983
 20
-0.6633070948548376
 30
17.1
 10
3.4
 20
0.0
 30
17.1
 10
3.3346699533709834
 20
0.6633070948548361
 30
17.1
 10
3.9231411216129217
 20
0.780361288064513
 30
15.0
 10
4.0
 20
0.0
 30
15.0
 10
3.3346699533709834
 20
0.6633070948548361
 30
17.1
 10
3.1411904105383748
 20
1.3011236700413051
 30
17.1
 10
3.695518130045147
 20
1.5307337294603591
 30
15.0
 10
3.9231411216129217
 20
0.780361288064513
 30
15.0
 10
3.1411904105383748
 20
1.3011236700413051
 30
17.1
 10
2.826996681828654
 20
1.8889387922666474
 30
17.1
 10
3.325878449210181
 20
2.2222809320784087
 30
15.0
 10
3.695518130045147
 20
1.5307337294603591
 30
15.0
 10
2.826996681828654
 20
1.8889387922666474
 30
17.1
 10
2.4041630560342617
 20
2.4041630560342613
 30
17.1
 10
2.8284271247461903
 20
2.82842712474619
 30
15.0
 10
3.325878449210181
 20
2.2222809320784087
 30
15.0
 10
2.4041630560342617
 20
2.4041630560342613
 30
17.1
 10
1.8889387922666476
 20
2.826996681828654
 30
17.1
 10
2.222280932078409
 20
3.325878449210181
 30
15.0
 10
2.8284271247461903
 20
2.82842712474619
 30
15.0
 10
1.8889387922666476
 20
2.826996681828654
 30
17.1
 10
1.3011236700413054
 20
3.1411904105383748
 30
17.1
 10
1.5307337294603593
 20
3.695518130045147
 30
15.0
 10
2.222280932078409
 20
3.325878449210181
 30
15.0
 10
1.3011236700413054
 20
3.1411904105383748
 30
17.1
 10
0.6633070948548363
 20
3.3346699533709834
 30
17.1
 10
0.7803612880645133
 20
3.9231411216129217
 30
15.0
 10
1.5307337294603593
 20
3.695518130045147
 30
15.0
 10
0.6633070948548363
 20
3.3346699533709834
 30
17.1
 10
2.0818995585505003e-16
 20
3.4
 30
17.1
 10
2.4492935982947064e-16
 20
4.0
 30
15.0
 10
0.7803612880645133
 20
3.9231411216129217
 30
15.0
 10
2.0818995585505003e-16
 20
3.4
 30
17.1
 10
-0.6633070948548359
 20
3.3346699533709834
 30
17.1
 10
-0.7803612880645128
 20
3.9231411216129217
 30
15.0
 10
2.4492935982947064e-16
 20
4.0
 30
15.0
 10
-0.6633070948548359
 20
3.3346699533709834
 30
17.1
 10
-1.3011236700413051
 20
3.1411904105383748
 30
17.1
 10
-1.530733729460359
 20
3.695518130045147
 30
15.0
 10
-0.7803612880645128
 20
3.9231411216129217
 30
15.0
 10
-1.3011236700413051
 20
3.1411904105383748
 30
17.1
 10
-1.8889387922666465
 20
2.8269966818286543
 30
17.1
 10
-2.222280932078408
 20
3.325878449210182
 30
15.0
 10
-1.530733729460359
 20
3.695518130045147
 30
15.0
 10
-1.8889387922666465
 20
2.8269966818286543
 30
17.1
 10
-2.4041630560342613
 20
2.4041630560342617
 30
17.1
 10
-2.82842712474619
 20
2.8284271247461903
 30
15.0
 10
-2.222280932078408
 20
3.325878449210182
 30
15.0
 10
-2.4041630560342613
 20
2.4041630560342617
 30
17.1
 10
-2.8269966818286543
 20
1.8889387922666474
 30
17.1
 10
-3.3258784492101814
 20
2.2222809320784087
 30
15.0
 10
-2.82842712474619
 20
2.8284271247461903
 30
15.0
 10
-2.8269966818286543
 20
1.8889387922666474
 30
17.1
 10
-3.1411904105383748
 20
1.3011236700413056
 30
17.1
 10
-3.695518130045147
 20
1.5307337294603596
 30
15.0
 10
-3.3258784492101814
 20
2.2222809320784087
 30
15.0
 10
-3.1411904105383748
 20
1.3011236700413056
 30
17.1
 10
-3.3346699533709834
 20
0.6633070948548373
 30
17.1
 10
-3.9231411216129217
 20
0.7803612880645144
 30
15.0
 10
-3.695518130045147
 20
1.5307337294603596
 30
15.0
 10
-3.3346699533709834
 20
0.6633070948548373
 30
17.1
 10
-3.4
 20
4.1637991171010006e-16
 30
17.1
 10
-4.0
 20
4.898587196589413e-16
 30
15.0
 10
-3.9231411216129217
 20
0.7803612880645144
 30
15.0
 10
-3.4
 20
4.1637991171010006e-16
 30
17.1
 10
-3.3346699533709834
 20
-0.6633070948548364
 30
17.1
 10
-3.9231411216129217
 20
-0.7803612880645134
 30
15.0
 10
-4.0
 20
4.898587196589413e-16
 30
15.0
 10
-3.3346699533709834
 20
-0.6633070948548364
 30
17.1
 10
-3.141190410538375
 20
-1.301123670041305
 30
17.1
 10
-3.6955181300451474
 20
-1.5307337294603587
 30
15.0
 10
-3.9231411216129217
 20
-0.7803612880645134
 30
15.0
 10
-3.141190410538375
 20
-1.301123670041305
 30
17.1
 10
-2.8269966818286543
 20
-1.8889387922666465
 30
17.1
 10
-3.325878449210182
 20
-2.222280932078408
 30
15.0
 10
-3.6955181300451474
 20
-1.5307337294603587
 30
15.0
 10
-2.8269966818286543
 20
-1.8889387922666465
 30
17.1
 10
-2.404163056034262
 20
-2.4041630560342613
 30
17.1
 10
-2.8284271247461907
 20
-2.82842712474619
 30
15.0
 10
-3.325878449210182
 20
-2.222280932078408
 30
15.0
 10
-2.404163056034262
 20
-2.4041630560342613
 30
17.1
 10
-1.8889387922666474
 20
-2.826996681828654
 30
17.1
 10
-2.2222809320784087
 20
-3.325878449210181
 30
15.0
 10
-2.8284271247461907
 20
-2.82842712474619
 30
15.0
 10
-1.8889387922666474
 20
-2.826996681828654
 30
17.1
 10
-1.3011236700413071
 20
-3.141190410538374
 30
17.1
 10
-1.5307337294603613
 20
-3.695518130045146
 30
15.0
 10
-2.2222809320784087
 20
-3.325878449210181
 30
15.0
 10
-1.3011236700413071
 20
-3.141190410538374
 30
17.1
 10
-0.6633070948548374
 20
-3.334669953370983
 30
17.1
 10
-0.7803612880645147
 20
-3.9231411216129213
 30
15.0
 10
-1.5307337294603613
 20
-3.695518130045146
 30
15.0
 10
-0.6633070948548374
 20
-3.334669953370983
 30
17.1
 10
-6.245698675651501e-16
 20
-3.4
 30
17.1
 10
-7.347880794884119e-16
 20
-4.0
 30
15.0
 10
-0.7803612880645147
 20
-3.9231411216129213
 30
15.0
 10
-6.245698675651501e-16
 20
-3.4
 30
17.1
 10
0.6633070948548362
 20
-3.3346699533709834
 30
17.1
 10
0.7803612880645132
 20
-3.9231411216129217
 30
15.0
 10
-7.347880794884119e-16
 20
-4.0
 30
15.0
 10
0.6633070948548362
 20
-3.3346699533709834
 30
17.1
 10
1.301123670041306
 20
-3.1411904105383743
 30
17.1
 10
1.53073372946036
 20
-3.6955181300451465
 30
15.0
 10
0.7803612880645132
 20
-3.9231411216129217
 30
15.0
 10
1.301123670041306
 20
-3.1411904105383743
 30
17.1
 10
1.8889387922666463
 20
-2.8269966818286543
 30
17.1
 10
2.2222809320784074
 20
-3.325878449210182
 30
15.0
 10
1.53073372946036
 20
-3.6955181300451465
 30
15.0
 10
1.8889387922666463
 20
-2.8269966818286543
 30
17.1
 10
2.404163056034261
 20
-2.404163056034262
 30
17.1
 10
2.8284271247461894
 20
-2.8284271247461907
 30
15.0
 10
2.2222809320784074
 20
-3.325878449210182
 30
15.0
 10
2.404163056034261
 20
-2.404163056034262
 30
17.1
 10
2.826996681828654
 20
-1.8889387922666474
 30
17.1
 10
3.325878449210181
 20
-2.2222809320784087
 30
15.0
 10
2.8284271247461894
 20
-2.8284271247461907
 30
15.0
 10
2.826996681828654
 20
-1.8889387922666474
 30
17.1
 10
3.141190410538374
 20
-1.3011236700413074
 30
17.1
 10
3.695518130045146
 20
-1.5307337294603616
 30
15.0
 10
3.325878449210181
 20
-2.2222809320784087
 30
15.0
 10
3.141190410538374
 20
-1.3011236700413074
 30
17.1
 10
3.334669953370983
 20
-0.6633070948548376
 30
17.1
 10
3.9231411216129213
 20
-0.7803612880645149
 30
15.0
 10
3.695518130045146
 20
-1.5307337294603616
 30
15.0
 10
3.334669953370983
 20
-0.6633070948548376
 30
17.1
 10
3.4
 20
0.0
 30
17.1
 10
4.0
 20
0.0
 30
15.0
 10
3.9231411216129213
 20
-0.7803612880645149
 30
15.0
 10
4.0
 20
0.0
 30
15.0
 10
3.9231411216129217
 20
0.780361288064513
 30
15.0
 10
0.0
 20
0.0
 30
15.0
 10
3.9231411216129217
 20
0.780361288064513
 30
15.0
 10
3.695518130045147
 20
1.5307337294603591
 30
15.0
 10
0.0
 20
0.0
 30
15.0
 10
3.695518130045147
 20
1.5307337294603591
 30
15.0
 10
3.325878449210181
 20
2.2222809320784087
 30
15.0
 10
0.0
 20
0.0
 30
15.0
 10
3.325878449210181
 20
2.2222809320784087
 30
15.0
 10
2.8284271247461903
 20
2.82842712474619
 30
15.0
 10
0.0
 20
0.0
 30
15.0
 10
2.8284271247461903
 20
2.82842712474619
 30
15.0
 10
2.222280932078409
 20
3.325878449210181
 30
15.0
 10
0.0
 20
0.0
 30
15.0
 10
2.222280932078409
 20
3.325878449210181
 30
15.0
 10
1.5307337294603593
 20
3.695518130045147
 30
15.0
 10
0.0
 20
0.0
 30
15.0
 10
1.5307337294603593
 20
3.695518130045147
 30
15.0
 10
0.7803612880645133
 20
3.9231411216129217
 30
15.0
 10
0.0
 20
0.0
 30
15.0
 10
0.7803612880645133
 20
3.9231411216129217
 30
15.0
 10
2.4492935982947064e-16
 20
4.0
 30
15.0
 10
0.0
 20
0.0
 30
15.0
 10
2.4492935982947064e-16
 20
4.0
 30
15.0
 10
-0.7803612880645128
 20
3.9231411216129217
 30
15.0
 10
0.0
 20
0.0
 30
15.0
 10
-0.7803612880645128
 20
3.9231411216129217
 30
15.0
 10
-1.530733729460359
 20
3.695518130045147
 30
15.0
 10
0.0
 20
0.0
 30
15.0
 10
-1.530733729460359
 20
3.695518130045147
 30
15.0
 10
-2.222280932078408
 20
3.325878449210182
 30
15.0
 10
0.0
 20
0.0
 30
15.0
 10
-2.222280932078408
 20
3.325878449210182
 30
15.0
 10
-2.82842712474619
 20
2.8284271247461903
 30
15.0
 10
0.0
 20
0.0
 30
15.0
 10
-2.82842712474619
 20
2.8284271247461903
 30
15.0
 10
-3.3258784492101814
 20
2.2222809320784087
 30
15.0
 10
0.0
 20
0.0
 30
15.0
 10
-3.3258784492101814
 20
2.2222809320784087
 30
15.0
 10
-3.695518130045147
 20
1.5307337294603596
 30
15.0
 10
0.0
 20
0.0
 30
15.0
 10
-3.695518130045147
 20
1.5307337294603596
 30
15.0
 10
-3.9231411216129217
 20
0.7803612880645144
 30
15.0
 10
0.0
 20
0.0
 30
15.0
 10
-3.9231411216129217
 20
0.7803612880645144
 30
15.0
 10
-4.0
 20
4.898587196589413e-16
 30
15.0
 10
0.0
 20
0.0
 30
15.0
 10
-4.0
 20
4.898587196589413e-16
 30
15.0
 10
-3.9231411216129217
 20
-0.7803612880645134
 30
15.0
 10
0.0
 20
0.0
 30
15.0
 10
-3.9231411216129217
 20
-0.7803612880645134
 30
15.0
 10
-3.6955181300451474
 20
-1.5307337294603587
 30
15.0
 10
0.0
 20
0.0
 30
15.0
 10
-3.6955181300451474
 20
-1.5307337294603587
 30
15.0
 10
-3.325878449210182
 20
-2.222280932078408
 30
15.0
 10
0.0
 20
0.0
 30
15.0
 10
-3.325878449210182
 20
-2.222280932078408
 30
15.0
 10
-2.8284271247461907
 20
-2.82842712474619
 30
15.0
 10
0.0
 20
0.0
 30
15.0
 10
-2.8284271247461907
 20
-2.82842712474619
 30
15.0
 10
-2.2222809320784087
 20
-3.325878449210181
 30
15.0
 10
0.0
 20
0.0
 30
15.0
 10
-2.2222809320784087
 20
-3.325878449210181
 30
15.0
 10
-1.5307337294603613
 20
-3.695518130045146
 30
15.0
 10
0.0
 20
0.0
 30
15.0
 10
-1.5307337294603613
 20
-3.695518130045146
 30
15.0
 10
-0.7803612880645147
 20
-3.9231411216129213
 30
15.0
 10
0.0
 20
0.0
 30
15.0
 10
-0.7803612880645147
 20
-3.9231411216129213
 30
15.0
 10
-7.347880794884119e-16
 20
-4.0
 30
15.0
 10
0.0
 20
0.0
 30
15.0
 10
-7.347880794884119e-16
 20
-4.0
 30
15.0
 10
0.7803612880645132
 20
-3.9231411216129217
 30
15.0
 10
0.0
 20
0.0
 30
15.0
 10
0.7803612880645132
 20
-3.9231411216129217
 30
15.0
 10
1.53073372946036
 20
-3.6955181300451465
 30
15.0
 10
0.0
 20
0.0
 30
15.0
 10
1.53073372946036
 20
-3.6955181300451465
 30
15.0
 10
2.2222809320784074
 20
-3.325878449210182
 30
15.0
 10
0.0
 20
0.0
 30
15.0
 10
2.2222809320784074
 20
-3.325878449210182
 30
15.0
 10
2.8284271247461894
 20
-2.8284271247461907
 30
15.0
 10
0.0
 20
0.0
 30
15.0
 10
2.8284271247461894
 20
-2.8284271247461907
 30
15.0
 10
3.325878449210181
 20
-2.2222809320784087
 30
15.0
 10
0.0
 20
0.0
 30
15.0
 10
3.325878449210181
 20
-2.2222809320784087
 30
15.0
 10
3.695518130045146
 20
-1.5307337294603616
 30
15.0
 10
0.0
 20
0.0
 30
15.0
 10
3.695518130045146
 20
-1.5307337294603616
 30
15.0
 10
3.9231411216129213
 20
-0.7803612880645149
 30
15.0
 10
0.0
 20
0.0
 30
15.0
 10
3.9231411216129213
 20
-0.7803612880645149
 30
15.0
 10
4.0
 20
0.0
 30
15.0
 10
0.0
 20
0.0
 30
15.0
 93
768
 90
3
 90
0
 90
1
 90
2
 90
3
 90
3
 90
4
 90
5
 90
3
 90
6
 90
7
 90
8
 90
3
 90
9
 90
10
 90
11
 90
3
 90
12
 90
13
 90
14
 90
3
 90
15
 90
16
 90
17
 90
3
 90
18
 90
19
 90
20
 90
3
 90
21
 90
22
 90
23
 90
3
 90
24
 90
25
 90
26
 90
3
 90
27
 90
28
 90
29
 90
3
 90
30
 90
31
 90
32
 90
3
 90
33
 90
34
 90
35
 90
3
 90
36
 90
37
 90
38
 90
3
 90
39
 90
40
 90
41
 90
3
 90
42
 90
43
 90
44
 90
3
 90
45
 90
46
 90
47
 90
3
 90
48
 90
49
 90
50
 90
3
 90
51
 90
52
 90
53
 90
3
 90
54
 90
55
 90
56
 90
3
 90
57
 90
58
 90
59
 90
3
 90
60
 90
61
 90
62
 90
3
 90
63
 90
64
 90
65
 90
3
 90
66
 90
67
 90
68
 90
3
 90
69
 90
70
 90
71
 90
3
 90
72
 90
73
 90
74
 90
3
 90
75
 90
76
 90
77
 90
3
 90
78
 90
79
 90
80
 90
3
 90
81
 90
82
 90
83
 90
3
 90
84
 90
85
 90
86
 90
3
 90
87
 90
88
 90
89
 90
3
 90
90
 90
91
 90
92
 90
3
 90
93
 90
94
 90
95
 90
3
 90
96
 90
97
 90
98
 90
3
 90
96
 90
98
 90
99
 90
3
 90
100
 90
101
 90
102
 90
3
 90
100
 90
102
 90
103
 90
3
 90
104
 90
105
 90
106
 90
3
 90
104
 90
106
 90
107
 90
3
 90
108
 90
109
 90
110
 90
3
 90
108
 90
110
 90
111
 90
3
 90
112
 90
113
 90
114
 90
3
 90
112
 90
114
 90
115
 90
3
 90
116
 90
117
 90
118
 90
3
 90
116
 90
118
 90
119
 90
3
 90
120
 90
121
 90
122
 90
3
 90
120
 90
122
 90
123
 90
3
 90
124
 90
125
 90
126
 90
3
 90
124
 90
126
 90
127
 90
3
 90
128
 90
129
 90
130
 90
3
 90
128
 90
130
 90
131
 90
3
 90
132
 90
133
 90
134
 90
3
 90
132
 90
134
 90
135
 90
3
 90
136
 90
137
 90
138
 90
3
 90
136
 90
138
 90
139
 90
3
 90
140
 90
141
 90
142
 90
3
 90
140
 90
142
 90
143
 90
3
 90
144
 90
145
 90
146
 90
3
 90
144
 90
146
 90
147
 90
3
 90
148
 90
149
 90
150
 90
3
 90
148
 90
150
 90
151
 90
3
 90
152
 90
153
 90
154
 90
3
 90
152
 90
154
 90
155
 90
3
 90
156
 90
157
 90
158
 90
3
 90
156
 90
158
 90
159
 90
3
 90
160
 90
161
 90
162
 90
3
 90
160
 90
162
 90
163
 90
3
 90
164
 90
165
 90
166
 90
3
 90
164
 90
166
 90
167
 90
3
 90
168
 90
169
 90
170
 90
3
 90
168
 90
170
 90
171
 90
3
 90
172
 90
173
 90
174
 90
3
 90
172
 90
174
 90
175
 90
3
 90
176
 90
177
 90
178
 90
3
 90
176
 90
178
 90
179
 90
3
 90
180
 90
181
 90
182
 90
3
 90
180
 90
182
 90
183
 90
3
 90
184
 90
185
 90
186
 90
3
 90
184
 90
186
 90
187
 90
3
 90
188
 90
189
 90
190
 90
3
 90
188
 90
190
 90
191
 90
3
 90
192
 90
193
 90
194
 90
3
 90
192
 90
194
 90
195
 90
3
 90
196
 90
197
 90
198
 90
3
 90
196
 90
198
 90
199
 90
3
 90
200
 90
201
 90
202
 90
3
 90
200
 90
202
 90
203
 90
3
 90
204
 90
205
 90
206
 90
3
 90
204
 90
206
 90
207
 90
3
 90
208
 90
209
 90
210
 90
3
 90
208
 90
210
 90
211
 90
3
 90
212
 90
213
 90
214
 90
3
 90
212
 90
214
 90
215
 90
3
 90
216
 90
217
 90
218
 90
3
 90
216
 90
218
 90
219
 90
3
 90
220
 90
221
 90
222
 90
3
 90
220
 90
222
 90
223
 90
3
 90
224
 90
225
 90
226
 90
3
 90
224
 90
226
 90
227
 90
3
 90
228
 90
229
 90
230
 90
3
 90
228
 90
230
 90
231
 90
3
 90
232
 90
233
 90
234
 90
3
 90
232
 90
234
 90
235
 90
3
 90
236
 90
237
 90
238
 90
3
 90
236
 90
238
 90
239
 90
3
 90
240
 90
241
 90
242
 90
3
 90
240
 90
242
 90
243
 90
3
 90
244
 90
245
 90
246
 90
3
 90
244
 90
246
 90
247
 90
3
 90
248
 90
249
 90
250
 90
3
 90
248
 90
250
 90
251
 90
3
 90
252
 90
253
 90
254
 90
3
 90
252
 90
254
 90
255
 90
3
 90
256
 90
257
 90
258
 90
3
 90
256
 90
258
 90
259
 90
3
 90
260
 90
261
 90
262
 90
3
 90
260
 90
262
 90
263
 90
3
 90
264
 90
265
 90
266
 90
3
 90
264
 90
266
 90
267
 90
3
 90
268
 90
269
 90
270
 90
3
 90
268
 90
270
 90
271
 90
3
 90
272
 90
273
 90
274
 90
3
 90
272
 90
274
 90
275
 90
3
 90
276
 90
277
 90
278
 90
3
 90
276
 90
278
 90
279
 90
3
 90
280
 90
281
 90
282
 90
3
 90
280
 90
282
 90
283
 90
3
 90
284
 90
285
 90
286
 90
3
 90
284
 90
286
 90
287
 90
3
 90
288
 90
289
 90
290
 90
3
 90
288
 90
290
 90
291
 90
3
 90
292
 90
293
 90
294
 90
3
 90
292
 90
294
 90
295
 90
3
 90
296
 90
297
 90
298
 90
3
 90
296
 90
298
 90
299
 90
3
 90
300
 90
301
 90
302
 90
3
 90
300
 90
302
 90
303
 90
3
 90
304
 90
305
 90
306
 90
3
 90
304
 90
306
 90
307
 90
3
 90
308
 90
309
 90
310
 90
3
 90
308
 90
310
 90
311
 90
3
 90
312
 90
313
 90
314
 90
3
 90
312
 90
314
 90
315
 90
3
 90
316
 90
317
 90
318
 90
3
 90
316
 90
318
 90
319
 90
3
 90
320
 90
321
 90
322
 90
3
 90
320
 90
322
 90
323
 90
3
 90
324
 90
325
 90
326
 90
3
 90
324
 90
326
 90
327
 90
3
 90
328
 90
329
 90
330
 90
3
 90
328
 90
330
 90
331
 90
3
 90
332
 90
333
 90
334
 90
3
 90
332
 90
334
 90
335
 90
3
 90
336
 90
337
 90
338
 90
3
 90
336
 90
338
 90
339
 90
3
 90
340
 90
341
 90
342
 90
3
 90
340
 90
342
 90
343
 90
3
 90
344
 90
345
 90
346
 90
3
 90
344
 90
346
 90
347
 90
3
 90
348
 90
349
 90
350
 90
3
 90
348
 90
350
 90
351
 90
3
 90
352
 90
353
 90
354
 90
3
 90
355
 90
356
 90
357
 90
3
 90
358
 90
359
 90
360
 90
3
 90
361
 90
362
 90
363
 90
3
 90
364
 90
365
 90
366
 90
3
 90
367
 90
368
 90
369
 90
3
 90
370
 90
371
 90
372
 90
3
 90
373
 90
374
 90
375
 90
3
 90
376
 90
377
 90
378
 90
3
 90
379
 90
380
 90
381
 90
3
 90
382
 90
383
 90
384
 90
3
 90
385
 90
386
 90
387
 90
3
 90
388
 90
389
 90
390
 90
3
 90
391
 90
392
 90
393
 90
3
 90
394
 90
395
 90
396
 90
3
 90
397
 90
398
 90
399
 90
3
 90
400
 90
401
 90
402
 90
3
 90
403
 90
404
 90
405
 90
3
 90
406
 90
407
 90
408
 90
3
 90
409
 90
410
 90
411
 90
3
 90
412
 90
413
 90
414
 90
3
 90
415
 90
416
 90
417
 90
3
 90
418
 90
419
 90
420
 90
3
 90
421
 90
422
 90
423
 90
3
 90
424
 90
425
 90
426
 90
3
 90
427
 90
428
 90
429
 90
3
 90
430
 90
431
 90
432
 90
3
 90
433
 90
434
 90
435
 90
3
 90
436
 90
437
 90
438
 90
3
 90
439
 90
440
 90
441
 90
3
 90
442
 90
443
 90
444
 90
3
 90
445
 90
446
 90
447
 94
0
 95
0
 90
0
  0
MESH
  5
98
330
17
100
AcDbEntity
  8
M-LED-RING
100
AcDbSubDMesh
 71
2
 72
0
 91
0
 92
576
 10
10.8
 20
0.0
 30
5.4
 10
10.707604502837153
 20
1.4096828759765572
 30
5.4
 10
10.112737586012866
 20
1.3313671606445259
 30
5.05
 10
10.2
 20
0.0
 30
5.05
 10
10.707604502837153
 20
1.4096828759765572
 30
5.4
 10
10.431998923921938
 20
2.795245687107224
 30
5.4
 10
9.852443428148495
 20
2.6399542600457115
 30
5.05
 10
10.112737586012866
 20
1.3313671606445259
 30
5.05
 10
10.431998923921938
 20
2.795245687107224
 30
5.4
 10
9.977898951121897
 20
4.13298106954297
 30
5.4
 10
9.423571231615124
 20
3.9033710101239154
 30
5.05
 10
9.852443428148495
 20
2.6399542600457115
 30
5.05
 10
9.977898951121897
 20
4.13298106954297
 30
5.4
 10
9.353074360871938
 20
5.3999999999999995
 30
5.4
 10
8.833459118601274
 20
5.099999999999999
 30
5.05
 10
9.423571231615124
 20
3.9033710101239154
 30
5.05
 10
9.353074360871938
 20
5.3999999999999995
 30
5.4
 10
8.56821607514534
 20
6.5746234332941835
 30
5.4
 10
8.092204070970599
 20
6.20936657588895
 30
5.05
 10
8.833459118601274
 20
5.099999999999999
 30
5.05
 10
8.56821607514534
 20
6.5746234332941835
 30
5.4
 10
7.636753236814714
 20
7.636753236814713
 30
5.4
 10
7.212489168102785
 20
7.212489168102784
 30
5.05
 10
8.092204070970599
 20
6.20936657588895
 30
5.05
 10
7.636753236814714
 20
7.636753236814713
 30
5.4
 10
6.5746234332941835
 20
8.56821607514534
 30
5.4
 10
6.20936657588895
 20
8.092204070970599
 30
5.05
 10
7.212489168102785
 20
7.212489168102784
 30
5.05
 10
6.5746234332941835
 20
8.56821607514534
 30
5.4
 10
5.400000000000001
 20
9.353074360871938
 30
5.4
 10
5.1000000000000005
 20
8.833459118601272
 30
5.05
 10
6.20936657588895
 20
8.092204070970599
 30
5.05
 10
5.400000000000001
 20
9.353074360871938
 30
5.4
 10
4.1329810695429705
 20
9.977898951121897
 30
5.4
 10
3.903371010123916
 20
9.423571231615124
 30
5.05
 10
5.1000000000000005
 20
8.833459118601272
 30
5.05
 10
4.1329810695429705
 20
9.977898951121897
 30
5.4
 10
2.795245687107224
 20
10.431998923921938
 30
5.4
 10
2.6399542600457115
 20
9.852443428148495
 30
5.05
 10
3.903371010123916
 20
9.423571231615124
 30
5.05
 10
2.795245687107224
 20
10.431998923921938
 30
5.4
 10
1.4096828759765585
 20
10.707604502837153
 30
5.4
 10
1.3313671606445274
 20
10.112737586012866
 30
5.05
 10
2.6399542600457115
 20
9.852443428148495
 30
5.05
 10
1.4096828759765585
 20
10.707604502837153
 30
5.4
 10
6.613092715395707e-16
 20
10.8
 30
5.4
 10
6.245698675651501e-16
 20
10.2
 30
5.05
 10
1.3313671606445274
 20
10.112737586012866
 30
5.05
 10
6.613092715395707e-16
 20
10.8
 30
5.4
 10
-1.4096828759765574
 20
10.707604502837153
 30
5.4
 10
-1.3313671606445263
 20
10.112737586012866
 30
5.05
 10
6.245698675651501e-16
 20
10.2
 30
5.05
 10
-1.4096828759765574
 20
10.707604502837153
 30
5.4
 10
-2.795245687107223
 20
10.431998923921938
 30
5.4
 10
-2.63995426004571
 20
9.852443428148495
 30
5.05
 10
-1.3313671606445263
 20
10.112737586012866
 30
5.05
 10
-2.795245687107223
 20
10.431998923921938
 30
5.4
 10
-4.132981069542967
 20
9.9778989511219
 30
5.4
 10
-3.9033710101239127
 20
9.423571231615124
 30
5.05
 10
-2.63995426004571
 20
9.852443428148495
 30
5.05
 10
-4.132981069542967
 20
9.9778989511219
 30
5.4
 10
-5.399999999999998
 20
9.353074360871938
 30
5.4
 10
-5.099999999999997
 20
8.833459118601274
 30
5.05
 10
-3.9033710101239127
 20
9.423571231615124
 30
5.05
 10
-5.399999999999998
 20
9.353074360871938
 30
5.4
 10
-6.5746234332941835
 20
8.56821607514534
 30
5.4
 10
-6.20936657588895
 20
8.092204070970599
 30
5.05
 10
-5.099999999999997
 20
8.833459118601274
 30
5.05
 10
-6.5746234332941835
 20
8.56821607514534
 30
5.4
 10
-7.636753236814713
 20
7.636753236814714
 30
5.4
 10
-7.212489168102784
 20
7.212489168102785
 30
5.05
 10
-6.20936657588895
 20
8.092204070970599
 30
5.05
 10
-7.636753236814713
 20
7.636753236814714
 30
5.4
 10
-8.568216075145338
 20
6.574623433294186
 30
5.4
 10
-8.092204070970597
 20
6.209366575888953
 30
5.05
 10
-7.212489168102784
 20
7.212489168102785
 30
5.05
 10
-8.568216075145338
 20
6.574623433294186
 30
5.4
 10
-9.353074360871938
 20
5.3999999999999995
 30
5.4
 10
-8.833459118601274
 20
5.099999999999999
 30
5.05
 10
-8.092204070970597
 20
6.209366575888953
 30
5.05
 10
-9.353074360871938
 20
5.3999999999999995
 30
5.4
 10
-9.977898951121897
 20
4.132981069542971
 30
5.4
 10
-9.423571231615124
 20
3.9033710101239167
 30
5.05
 10
-8.833459118601274
 20
5.099999999999999
 30
5.05
 10
-9.977898951121897
 20
4.132981069542971
 30
5.4
 10
-10.431998923921936
 20
2.795245687107227
 30
5.4
 10
-9.852443428148495
 20
2.639954260045714
 30
5.05
 10
-9.423571231615124
 20
3.9033710101239167
 30
5.05
 10
-10.431998923921936
 20
2.795245687107227
 30
5.4
 10
-10.707604502837153
 20
1.4096828759765616
 30
5.4
 10
-10.112737586012866
 20
1.3313671606445303
 30
5.05
 10
-9.852443428148495
 20
2.639954260045714
 30
5.05
 10
-10.707604502837153
 20
1.4096828759765616
 30
5.4
 10
-10.8
 20
1.3226185430791415e-15
 30
5.4
 10
-10.2
 20
1.2491397351303002e-15
 30
5.05
 10
-10.112737586012866
 20
1.3313671606445303
 30
5.05
 10
-10.8
 20
1.3226185430791415e-15
 30
5.4
 10
-10.707604502837153
 20
-1.4096828759765592
 30
5.4
 10
-10.112737586012866
 20
-1.3313671606445279
 30
5.05
 10
-10.2
 20
1.2491397351303002e-15
 30
5.05
 10
-10.707604502837153
 20
-1.4096828759765592
 30
5.4
 10
-10.431998923921938
 20
-2.795245687107225
 30
5.4
 10
-9.852443428148495
 20
-2.639954260045712
 30
5.05
 10
-10.112737586012866
 20
-1.3313671606445279
 30
5.05
 10
-10.431998923921938
 20
-2.795245687107225
 30
5.4
 10
-9.9778989511219
 20
-4.132981069542969
 30
5.4
 10
-9.423571231615124
 20
-3.9033710101239145
 30
5.05
 10
-9.852443428148495
 20
-2.639954260045712
 30
5.05
 10
-9.9778989511219
 20
-4.132981069542969
 30
5.4
 10
-9.35307436087194
 20
-5.399999999999998
 30
5.4
 10
-8.833459118601276
 20
-5.099999999999997
 30
5.05
 10
-9.423571231615124
 20
-3.9033710101239145
 30
5.05
 10
-9.35307436087194
 20
-5.399999999999998
 30
5.4
 10
-8.56821607514534
 20
-6.5746234332941835
 30
5.4
 10
-8.092204070970599
 20
-6.20936657588895
 30
5.05
 10
-8.833459118601276
 20
-5.099999999999997
 30
5.05
 10
-8.56821607514534
 20
-6.5746234332941835
 30
5.4
 10
-7.636753236814718
 20
-7.63675323681471
 30
5.4
 10
-7.212489168102788
 20
-7.21248916810278
 30
5.05
 10
-8.092204070970599
 20
-6.20936657588895
 30
5.05
 10
-7.636753236814718
 20
-7.63675323681471
 30
5.4
 10
-6.574623433294186
 20
-8.568216075145338
 30
5.4
 10
-6.209366575888953
 20
-8.092204070970595
 30
5.05
 10
-7.212489168102788
 20
-7.21248916810278
 30
5.05
 10
-6.574623433294186
 20
-8.568216075145338
 30
5.4
 10
-5.400000000000005
 20
-9.353074360871934
 30
5.4
 10
-5.100000000000004
 20
-8.83345911860127
 30
5.05
 10
-6.209366575888953
 20
-8.092204070970595
 30
5.05
 10
-5.400000000000005
 20
-9.353074360871934
 30
5.4
 10
-4.132981069542967
 20
-9.9778989511219
 30
5.4
 10
-3.9033710101239127
 20
-9.423571231615124
 30
5.05
 10
-5.100000000000004
 20
-8.83345911860127
 30
5.05
 10
-4.132981069542967
 20
-9.9778989511219
 30
5.4
 10
-2.795245687107223
 20
-10.431998923921938
 30
5.4
 10
-2.63995426004571
 20
-9.852443428148495
 30
5.05
 10
-3.9033710101239127
 20
-9.423571231615124
 30
5.05
 10
-2.795245687107223
 20
-10.431998923921938
 30
5.4
 10
-1.4096828759765576
 20
-10.707604502837153
 30
5.4
 10
-1.3313671606445265
 20
-10.112737586012866
 30
5.05
 10
-2.63995426004571
 20
-9.852443428148495
 30
5.05
 10
-1.4096828759765576
 20
-10.707604502837153
 30
5.4
 10
-1.9839278146187122e-15
 20
-10.8
 30
5.4
 10
-1.87370960269545e-15
 20
-10.2
 30
5.05
 10
-1.3313671606445265
 20
-10.112737586012866
 30
5.05
 10
-1.9839278146187122e-15
 20
-10.8
 30
5.4
 10
1.4096828759765538
 20
-10.707604502837153
 30
5.4
 10
1.3313671606445228
 20
-10.112737586012866
 30
5.05
 10
-1.87370960269545e-15
 20
-10.2
 30
5.05
 10
1.4096828759765538
 20
-10.707604502837153
 30
5.4
 10
2.7952456871072195
 20
-10.43199892392194
 30
5.4
 10
2.6399542600457067
 20
-9.852443428148497
 30
5.05
 10
1.3313671606445228
 20
-10.112737586012866
 30
5.05
 10
2.7952456871072195
 20
-10.43199892392194
 30
5.4
 10
4.132981069542963
 20
-9.9778989511219
 30
5.4
 10
3.903371010123909
 20
-9.423571231615126
 30
5.05
 10
2.6399542600457067
 20
-9.852443428148497
 30
5.05
 10
4.132981069542963
 20
-9.9778989511219
 30
5.4
 10
5.400000000000001
 20
-9.353074360871938
 30
5.4
 10
5.1000000000000005
 20
-8.833459118601272
 30
5.05
 10
3.903371010123909
 20
-9.423571231615126
 30
5.05
 10
5.400000000000001
 20
-9.353074360871938
 30
5.4
 10
6.5746234332941755
 20
-8.568216075145346
 30
5.4
 10
6.209366575888942
 20
-8.092204070970604
 30
5.05
 10
5.1000000000000005
 20
-8.833459118601272
 30
5.05
 10
6.5746234332941755
 20
-8.568216075145346
 30
5.4
 10
7.6367532368147115
 20
-7.636753236814715
 30
5.4
 10
7.212489168102782
 20
-7.212489168102786
 30
5.05
 10
6.209366575888942
 20
-8.092204070970604
 30
5.05
 10
7.6367532368147115
 20
-7.636753236814715
 30
5.4
 10
8.568216075145338
 20
-6.574623433294186
 30
5.4
 10
8.092204070970595
 20
-6.209366575888953
 30
5.05
 10
7.212489168102782
 20
-7.212489168102786
 30
5.05
 10
8.568216075145338
 20
-6.574623433294186
 30
5.4
 10
9.353074360871934
 20
-5.400000000000005
 30
5.4
 10
8.83345911860127
 20
-5.100000000000004
 30
5.05
 10
8.092204070970595
 20
-6.209366575888953
 30
5.05
 10
9.353074360871934
 20
-5.400000000000005
 30
5.4
 10
9.9778989511219
 20
-4.132981069542968
 30
5.4
 10
9.423571231615124
 20
-3.903371010123913
 30
5.05
 10
8.83345911860127
 20
-5.100000000000004
 30
5.05
 10
9.9778989511219
 20
-4.132981069542968
 30
5.4
 10
10.431998923921936
 20
-2.7952456871072333
 30
5.4
 10
9.852443428148494
 20
-2.63995426004572
 30
5.05
 10
9.423571231615124
 20
-3.903371010123913
 30
5.05
 10
10.431998923921936
 20
-2.7952456871072333
 30
5.4
 10
10.707604502837153
 20
-1.4096828759765583
 30
5.4
 10
10.112737586012866
 20
-1.331367160644527
 30
5.05
 10
9.852443428148494
 20
-2.63995426004572
 30
5.05
 10
10.707604502837153
 20
-1.4096828759765583
 30
5.4
 10
10.8
 20
0.0
 30
5.4
 10
10.2
 20
0.0
 30
5.05
 10
10.112737586012866
 20
-1.331367160644527
 30
5.05
 10
10.2
 20
0.0
 30
5.05
 10
10.112737586012866
 20
1.3313671606445259
 30
5.05
 10
9.517870669188579
 20
1.253051445312495
 30
5.4
 10
9.6
 20
0.0
 30
5.4
 10
10.112737586012866
 20
1.3313671606445259
 30
5.05
 10
9.852443428148495
 20
2.6399542600457115
 30
5.05
 10
9.272887932375056
 20
2.484662832984199
 30
5.4
 10
9.517870669188579
 20
1.253051445312495
 30
5.4
 10
9.852443428148495
 20
2.6399542600457115
 30
5.05
 10
9.423571231615124
 20
3.9033710101239154
 30
5.05
 10
8.869243512108353
 20
3.6737609507048616
 30
5.4
 10
9.272887932375056
 20
2.484662832984199
 30
5.4
 10
9.423571231615124
 20
3.9033710101239154
 30
5.05
 10
8.833459118601274
 20
5.099999999999999
 30
5.05
 10
8.313843876330612
 20
4.799999999999999
 30
5.4
 10
8.869243512108353
 20
3.6737609507048616
 30
5.4
 10
8.833459118601274
 20
5.099999999999999
 30
5.05
 10
8.092204070970599
 20
6.20936657588895
 30
5.05
 10
7.616192066795858
 20
5.844109718483718
 30
5.4
 10
8.313843876330612
 20
4.799999999999999
 30
5.4
 10
8.092204070970599
 20
6.20936657588895
 30
5.05
 10
7.212489168102785
 20
7.212489168102784
 30
5.05
 10
6.788225099390856
 20
6.788225099390855
 30
5.4
 10
7.616192066795858
 20
5.844109718483718
 30
5.4
 10
7.212489168102785
 20
7.212489168102784
 30
5.05
 10
6.20936657588895
 20
8.092204070970599
 30
5.05
 10
5.844109718483718
 20
7.616192066795858
 30
5.4
 10
6.788225099390856
 20
6.788225099390855
 30
5.4
 10
6.20936657588895
 20
8.092204070970599
 30
5.05
 10
5.1000000000000005
 20
8.833459118601272
 30
5.05
 10
4.800000000000001
 20
8.31384387633061
 30
5.4
 10
5.844109718483718
 20
7.616192066795858
 30
5.4
 10
5.1000000000000005
 20
8.833459118601272
 30
5.05
 10
3.903371010123916
 20
9.423571231615124
 30
5.05
 10
3.673760950704862
 20
8.869243512108353
 30
5.4
 10
4.800000000000001
 20
8.31384387633061
 30
5.4
 10
3.903371010123916
 20
9.423571231615124
 30
5.05
 10
2.6399542600457115
 20
9.852443428148495
 30
5.05
 10
2.484662832984199
 20
9.272887932375056
 30
5.4
 10
3.673760950704862
 20
8.869243512108353
 30
5.4
 10
2.6399542600457115
 20
9.852443428148495
 30
5.05
 10
1.3313671606445274
 20
10.112737586012866
 30
5.05
 10
1.2530514453124963
 20
9.517870669188579
 30
5.4
 10
2.484662832984199
 20
9.272887932375056
 30
5.4
 10
1.3313671606445274
 20
10.112737586012866
 30
5.05
 10
6.245698675651501e-16
 20
10.2
 30
5.05
 10
5.878304635907295e-16
 20
9.6
 30
5.4
 10
1.2530514453124963
 20
9.517870669188579
 30
5.4
 10
6.245698675651501e-16
 20
10.2
 30
5.05
 10
-1.3313671606445263
 20
10.112737586012866
 30
5.05
 10
-1.2530514453124952
 20
9.517870669188579
 30
5.4
 10
5.878304635907295e-16
 20
9.6
 30
5.4
 10
-1.3313671606445263
 20
10.112737586012866
 30
5.05
 10
-2.63995426004571
 20
9.852443428148495
 30
5.05
 10
-2.4846628329841978
 20
9.272887932375056
 30
5.4
 10
-1.2530514453124952
 20
9.517870669188579
 30
5.4
 10
-2.63995426004571
 20
9.852443428148495
 30
5.05
 10
-3.9033710101239127
 20
9.423571231615124
 30
5.05
 10
-3.673760950704859
 20
8.869243512108353
 30
5.4
 10
-2.4846628329841978
 20
9.272887932375056
 30
5.4
 10
-3.9033710101239127
 20
9.423571231615124
 30
5.05
 10
-5.099999999999997
 20
8.833459118601274
 30
5.05
 10
-4.799999999999998
 20
8.313843876330612
 30
5.4
 10
-3.673760950704859
 20
8.869243512108353
 30
5.4
 10
-5.099999999999997
 20
8.833459118601274
 30
5.05
 10
-6.20936657588895
 20
8.092204070970599
 30
5.05
 10
-5.844109718483718
 20
7.616192066795858
 30
5.4
 10
-4.799999999999998
 20
8.313843876330612
 30
5.4
 10
-6.20936657588895
 20
8.092204070970599
 30
5.05
 10
-7.212489168102784
 20
7.212489168102785
 30
5.05
 10
-6.788225099390855
 20
6.788225099390856
 30
5.4
 10
-5.844109718483718
 20
7.616192066795858
 30
5.4
 10
-7.212489168102784
 20
7.212489168102785
 30
5.05
 10
-8.092204070970597
 20
6.209366575888953
 30
5.05
 10
-7.616192066795856
 20
5.84410971848372
 30
5.4
 10
-6.788225099390855
 20
6.788225099390856
 30
5.4
 10
-8.092204070970597
 20
6.209366575888953
 30
5.05
 10
-8.833459118601274
 20
5.099999999999999
 30
5.05
 10
-8.313843876330612
 20
4.799999999999999
 30
5.4
 10
-7.616192066795856
 20
5.84410971848372
 30
5.4
 10
-8.833459118601274
 20
5.099999999999999
 30
5.05
 10
-9.423571231615124
 20
3.9033710101239167
 30
5.05
 10
-8.869243512108353
 20
3.673760950704863
 30
5.4
 10
-8.313843876330612
 20
4.799999999999999
 30
5.4
 10
-9.423571231615124
 20
3.9033710101239167
 30
5.05
 10
-9.852443428148495
 20
2.639954260045714
 30
5.05
 10
-9.272887932375054
 20
2.4846628329842018
 30
5.4
 10
-8.869243512108353
 20
3.673760950704863
 30
5.4
 10
-9.852443428148495
 20
2.639954260045714
 30
5.05
 10
-10.112737586012866
 20
1.3313671606445303
 30
5.05
 10
-9.517870669188579
 20
1.253051445312499
 30
5.4
 10
-9.272887932375054
 20
2.4846628329842018
 30
5.4
 10
-10.112737586012866
 20
1.3313671606445303
 30
5.05
 10
-10.2
 20
1.2491397351303002e-15
 30
5.05
 10
-9.6
 20
1.175660927181459e-15
 30
5.4
 10
-9.517870669188579
 20
1.253051445312499
 30
5.4
 10
-10.2
 20
1.2491397351303002e-15
 30
5.05
 10
-10.112737586012866
 20
-1.3313671606445279
 30
5.05
 10
-9.517870669188579
 20
-1.253051445312497
 30
5.4
 10
-9.6
 20
1.175660927181459e-15
 30
5.4
 10
-10.112737586012866
 20
-1.3313671606445279
 30
5.05
 10
-9.852443428148495
 20
-2.639954260045712
 30
5.05
 10
-9.272887932375056
 20
-2.4846628329841995
 30
5.4
 10
-9.517870669188579
 20
-1.253051445312497
 30
5.4
 10
-9.852443428148495
 20
-2.639954260045712
 30
5.05
 10
-9.423571231615124
 20
-3.9033710101239145
 30
5.05
 10
-8.869243512108353
 20
-3.6737609507048608
 30
5.4
 10
-9.272887932375056
 20
-2.4846628329841995
 30
5.4
 10
-9.423571231615124
 20
-3.9033710101239145
 30
5.05
 10
-8.833459118601276
 20
-5.099999999999997
 30
5.05
 10
-8.313843876330612
 20
-4.799999999999997
 30
5.4
 10
-8.869243512108353
 20
-3.6737609507048608
 30
5.4
 10
-8.833459118601276
 20
-5.099999999999997
 30
5.05
 10
-8.092204070970599
 20
-6.20936657588895
 30
5.05
 10
-7.616192066795858
 20
-5.844109718483718
 30
5.4
 10
-8.313843876330612
 20
-4.799999999999997
 30
5.4
 10
-8.092204070970599
 20
-6.20936657588895
 30
5.05
 10
-7.212489168102788
 20
-7.21248916810278
 30
5.05
 10
-6.78822509939086
 20
-6.788225099390853
 30
5.4
 10
-7.616192066795858
 20
-5.844109718483718
 30
5.4
 10
-7.212489168102788
 20
-7.21248916810278
 30
5.05
 10
-6.209366575888953
 20
-8.092204070970595
 30
5.05
 10
-5.84410971848372
 20
-7.616192066795855
 30
5.4
 10
-6.78822509939086
 20
-6.788225099390853
 30
5.4
 10
-6.209366575888953
 20
-8.092204070970595
 30
5.05
 10
-5.100000000000004
 20
-8.83345911860127
 30
5.05
 10
-4.800000000000004
 20
-8.313843876330608
 30
5.4
 10
-5.84410971848372
 20
-7.616192066795855
 30
5.4
 10
-5.100000000000004
 20
-8.83345911860127
 30
5.05
 10
-3.9033710101239127
 20
-9.423571231615124
 30
5.05
 10
-3.673760950704859
 20
-8.869243512108353
 30
5.4
 10
-4.800000000000004
 20
-8.313843876330608
 30
5.4
 10
-3.9033710101239127
 20
-9.423571231615124
 30
5.05
 10
-2.63995426004571
 20
-9.852443428148495
 30
5.05
 10
-2.4846628329841978
 20
-9.272887932375056
 30
5.4
 10
-3.673760950704859
 20
-8.869243512108353
 30
5.4
 10
-2.63995426004571
 20
-9.852443428148495
 30
5.05
 10
-1.3313671606445265
 20
-10.112737586012866
 30
5.05
 10
-1.2530514453124957
 20
-9.517870669188579
 30
5.4
 10
-2.4846628329841978
 20
-9.272887932375056
 30
5.4
 10
-1.3313671606445265
 20
-10.112737586012866
 30
5.05
 10
-1.87370960269545e-15
 20
-10.2
 30
5.05
 10
-1.7634913907721885e-15
 20
-9.6
 30
5.4
 10
-1.2530514453124957
 20
-9.517870669188579
 30
5.4
 10
-1.87370960269545e-15
 20
-10.2
 30
5.05
 10
1.3313671606445228
 20
-10.112737586012866
 30
5.05
 10
1.2530514453124921
 20
-9.51787066918858
 30
5.4
 10
-1.7634913907721885e-15
 20
-9.6
 30
5.4
 10
1.3313671606445228
 20
-10.112737586012866
 30
5.05
 10
2.6399542600457067
 20
-9.852443428148497
 30
5.05
 10
2.4846628329841947
 20
-9.272887932375056
 30
5.4
 10
1.2530514453124921
 20
-9.51787066918858
 30
5.4
 10
2.6399542600457067
 20
-9.852443428148497
 30
5.05
 10
3.903371010123909
 20
-9.423571231615126
 30
5.05
 10
3.673760950704856
 20
-8.869243512108355
 30
5.4
 10
2.4846628329841947
 20
-9.272887932375056
 30
5.4
 10
3.903371010123909
 20
-9.423571231615126
 30
5.05
 10
5.1000000000000005
 20
-8.833459118601272
 30
5.05
 10
4.800000000000001
 20
-8.31384387633061
 30
5.4
 10
3.673760950704856
 20
-8.869243512108355
 30
5.4
 10
5.1000000000000005
 20
-8.833459118601272
 30
5.05
 10
6.209366575888942
 20
-8.092204070970604
 30
5.05
 10
5.84410971848371
 20
-7.616192066795863
 30
5.4
 10
4.800000000000001
 20
-8.31384387633061
 30
5.4
 10
6.209366575888942
 20
-8.092204070970604
 30
5.05
 10
7.212489168102782
 20
-7.212489168102786
 30
5.05
 10
6.788225099390854
 20
-6.788225099390858
 30
5.4
 10
5.84410971848371
 20
-7.616192066795863
 30
5.4
 10
7.212489168102782
 20
-7.212489168102786
 30
5.05
 10
8.092204070970595
 20
-6.209366575888953
 30
5.05
 10
7.616192066795855
 20
-5.84410971848372
 30
5.4
 10
6.788225099390854
 20
-6.788225099390858
 30
5.4
 10
8.092204070970595
 20
-6.209366575888953
 30
5.05
 10
8.83345911860127
 20
-5.100000000000004
 30
5.05
 10
8.313843876330608
 20
-4.800000000000004
 30
5.4
 10
7.616192066795855
 20
-5.84410971848372
 30
5.4
 10
8.83345911860127
 20
-5.100000000000004
 30
5.05
 10
9.423571231615124
 20
-3.903371010123913
 30
5.05
 10
8.869243512108353
 20
-3.6737609507048594
 30
5.4
 10
8.313843876330608
 20
-4.800000000000004
 30
5.4
 10
9.423571231615124
 20
-3.903371010123913
 30
5.05
 10
9.852443428148494
 20
-2.63995426004572
 30
5.05
 10
9.272887932375053
 20
-2.484662832984207
 30
5.4
 10
8.869243512108353
 20
-3.6737609507048594
 30
5.4
 10
9.852443428148494
 20
-2.63995426004572
 30
5.05
 10
10.112737586012866
 20
-1.331367160644527
 30
5.05
 10
9.517870669188579
 20
-1.2530514453124961
 30
5.4
 10
9.272887932375053
 20
-2.484662832984207
 30
5.4
 10
10.112737586012866
 20
-1.331367160644527
 30
5.05
 10
10.2
 20
0.0
 30
5.05
 10
9.6
 20
0.0
 30
5.4
 10
9.517870669188579
 20
-1.2530514453124961
 30
5.4
 10
9.6
 20
0.0
 30
5.4
 10
9.517870669188579
 20
1.253051445312495
 30
5.4
 10
10.112737586012866
 20
1.3313671606445259
 30
5.75
 10
10.2
 20
0.0
 30
5.75
 10
9.517870669188579
 20
1.253051445312495
 30
5.4
 10
9.272887932375056
 20
2.484662832984199
 30
5.4
 10
9.852443428148495
 20
2.6399542600457115
 30
5.75
 10
10.112737586012866
 20
1.3313671606445259
 30
5.75
 10
9.272887932375056
 20
2.484662832984199
 30
5.4
 10
8.869243512108353
 20
3.6737609507048616
 30
5.4
 10
9.423571231615124
 20
3.9033710101239154
 30
5.75
 10
9.852443428148495
 20
2.6399542600457115
 30
5.75
 10
8.869243512108353
 20
3.6737609507048616
 30
5.4
 10
8.313843876330612
 20
4.799999999999999
 30
5.4
 10
8.833459118601274
 20
5.099999999999999
 30
5.75
 10
9.423571231615124
 20
3.9033710101239154
 30
5.75
 10
8.313843876330612
 20
4.799999999999999
 30
5.4
 10
7.616192066795858
 20
5.844109718483718
 30
5.4
 10
8.092204070970599
 20
6.20936657588895
 30
5.75
 10
8.833459118601274
 20
5.099999999999999
 30
5.75
 10
7.616192066795858
 20
5.844109718483718
 30
5.4
 10
6.788225099390856
 20
6.788225099390855
 30
5.4
 10
7.212489168102785
 20
7.212489168102784
 30
5.75
 10
8.092204070970599
 20
6.20936657588895
 30
5.75
 10
6.788225099390856
 20
6.788225099390855
 30
5.4
 10
5.844109718483718
 20
7.616192066795858
 30
5.4
 10
6.20936657588895
 20
8.092204070970599
 30
5.75
 10
7.212489168102785
 20
7.212489168102784
 30
5.75
 10
5.844109718483718
 20
7.616192066795858
 30
5.4
 10
4.800000000000001
 20
8.31384387633061
 30
5.4
 10
5.1000000000000005
 20
8.833459118601272
 30
5.75
 10
6.20936657588895
 20
8.092204070970599
 30
5.75
 10
4.800000000000001
 20
8.31384387633061
 30
5.4
 10
3.673760950704862
 20
8.869243512108353
 30
5.4
 10
3.903371010123916
 20
9.423571231615124
 30
5.75
 10
5.1000000000000005
 20
8.833459118601272
 30
5.75
 10
3.673760950704862
 20
8.869243512108353
 30
5.4
 10
2.484662832984199
 20
9.272887932375056
 30
5.4
 10
2.6399542600457115
 20
9.852443428148495
 30
5.75
 10
3.903371010123916
 20
9.423571231615124
 30
5.75
 10
2.484662832984199
 20
9.272887932375056
 30
5.4
 10
1.2530514453124963
 20
9.517870669188579
 30
5.4
 10
1.3313671606445274
 20
10.112737586012866
 30
5.75
 10
2.6399542600457115
 20
9.852443428148495
 30
5.75
 10
1.2530514453124963
 20
9.517870669188579
 30
5.4
 10
5.878304635907295e-16
 20
9.6
 30
5.4
 10
6.245698675651501e-16
 20
10.2
 30
5.75
 10
1.3313671606445274
 20
10.112737586012866
 30
5.75
 10
5.878304635907295e-16
 20
9.6
 30
5.4
 10
-1.2530514453124952
 20
9.517870669188579
 30
5.4
 10
-1.3313671606445263
 20
10.112737586012866
 30
5.75
 10
6.245698675651501e-16
 20
10.2
 30
5.75
 10
-1.2530514453124952
 20
9.517870669188579
 30
5.4
 10
-2.4846628329841978
 20
9.272887932375056
 30
5.4
 10
-2.63995426004571
 20
9.852443428148495
 30
5.75
 10
-1.3313671606445263
 20
10.112737586012866
 30
5.75
 10
-2.4846628329841978
 20
9.272887932375056
 30
5.4
 10
-3.673760950704859
 20
8.869243512108353
 30
5.4
 10
-3.9033710101239127
 20
9.423571231615124
 30
5.75
 10
-2.63995426004571
 20
9.852443428148495
 30
5.75
 10
-3.673760950704859
 20
8.869243512108353
 30
5.4
 10
-4.799999999999998
 20
8.313843876330612
 30
5.4
 10
-5.099999999999997
 20
8.833459118601274
 30
5.75
 10
-3.9033710101239127
 20
9.423571231615124
 30
5.75
 10
-4.799999999999998
 20
8.313843876330612
 30
5.4
 10
-5.844109718483718
 20
7.616192066795858
 30
5.4
 10
-6.20936657588895
 20
8.092204070970599
 30
5.75
 10
-5.099999999999997
 20
8.833459118601274
 30
5.75
 10
-5.844109718483718
 20
7.616192066795858
 30
5.4
 10
-6.788225099390855
 20
6.788225099390856
 30
5.4
 10
-7.212489168102784
 20
7.212489168102785
 30
5.75
 10
-6.20936657588895
 20
8.092204070970599
 30
5.75
 10
-6.788225099390855
 20
6.788225099390856
 30
5.4
 10
-7.616192066795856
 20
5.84410971848372
 30
5.4
 10
-8.092204070970597
 20
6.209366575888953
 30
5.75
 10
-7.212489168102784
 20
7.212489168102785
 30
5.75
 10
-7.616192066795856
 20
5.84410971848372
 30
5.4
 10
-8.313843876330612
 20
4.799999999999999
 30
5.4
 10
-8.833459118601274
 20
5.099999999999999
 30
5.75
 10
-8.092204070970597
 20
6.209366575888953
 30
5.75
 10
-8.313843876330612
 20
4.799999999999999
 30
5.4
 10
-8.869243512108353
 20
3.673760950704863
 30
5.4
 10
-9.423571231615124
 20
3.9033710101239167
 30
5.75
 10
-8.833459118601274
 20
5.099999999999999
 30
5.75
 10
-8.869243512108353
 20
3.673760950704863
 30
5.4
 10
-9.272887932375054
 20
2.4846628329842018
 30
5.4
 10
-9.852443428148495
 20
2.639954260045714
 30
5.75
 10
-9.423571231615124
 20
3.9033710101239167
 30
5.75
 10
-9.272887932375054
 20
2.4846628329842018
 30
5.4
 10
-9.517870669188579
 20
1.253051445312499
 30
5.4
 10
-10.112737586012866
 20
1.3313671606445303
 30
5.75
 10
-9.852443428148495
 20
2.639954260045714
 30
5.75
 10
-9.517870669188579
 20
1.253051445312499
 30
5.4
 10
-9.6
 20
1.175660927181459e-15
 30
5.4
 10
-10.2
 20
1.2491397351303002e-15
 30
5.75
 10
-10.112737586012866
 20
1.3313671606445303
 30
5.75
 10
-9.6
 20
1.175660927181459e-15
 30
5.4
 10
-9.517870669188579
 20
-1.253051445312497
 30
5.4
 10
-10.112737586012866
 20
-1.3313671606445279
 30
5.75
 10
-10.2
 20
1.2491397351303002e-15
 30
5.75
 10
-9.517870669188579
 20
-1.253051445312497
 30
5.4
 10
-9.272887932375056
 20
-2.4846628329841995
 30
5.4
 10
-9.852443428148495
 20
-2.639954260045712
 30
5.75
 10
-10.112737586012866
 20
-1.3313671606445279
 30
5.75
 10
-9.272887932375056
 20
-2.4846628329841995
 30
5.4
 10
-8.869243512108353
 20
-3.6737609507048608
 30
5.4
 10
-9.423571231615124
 20
-3.9033710101239145
 30
5.75
 10
-9.852443428148495
 20
-2.639954260045712
 30
5.75
 10
-8.869243512108353
 20
-3.6737609507048608
 30
5.4
 10
-8.313843876330612
 20
-4.799999999999997
 30
5.4
 10
-8.833459118601276
 20
-5.099999999999997
 30
5.75
 10
-9.423571231615124
 20
-3.9033710101239145
 30
5.75
 10
-8.313843876330612
 20
-4.799999999999997
 30
5.4
 10
-7.616192066795858
 20
-5.844109718483718
 30
5.4
 10
-8.092204070970599
 20
-6.20936657588895
 30
5.75
 10
-8.833459118601276
 20
-5.099999999999997
 30
5.75
 10
-7.616192066795858
 20
-5.844109718483718
 30
5.4
 10
-6.78822509939086
 20
-6.788225099390853
 30
5.4
 10
-7.212489168102788
 20
-7.21248916810278
 30
5.75
 10
-8.092204070970599
 20
-6.20936657588895
 30
5.75
 10
-6.78822509939086
 20
-6.788225099390853
 30
5.4
 10
-5.84410971848372
 20
-7.616192066795855
 30
5.4
 10
-6.209366575888953
 20
-8.092204070970595
 30
5.75
 10
-7.212489168102788
 20
-7.21248916810278
 30
5.75
 10
-5.84410971848372
 20
-7.616192066795855
 30
5.4
 10
-4.800000000000004
 20
-8.313843876330608
 30
5.4
 10
-5.100000000000004
 20
-8.83345911860127
 30
5.75
 10
-6.209366575888953
 20
-8.092204070970595
 30
5.75
 10
-4.800000000000004
 20
-8.313843876330608
 30
5.4
 10
-3.673760950704859
 20
-8.869243512108353
 30
5.4
 10
-3.9033710101239127
 20
-9.423571231615124
 30
5.75
 10
-5.100000000000004
 20
-8.83345911860127
 30
5.75
 10
-3.673760950704859
 20
-8.869243512108353
 30
5.4
 10
-2.4846628329841978
 20
-9.272887932375056
 30
5.4
 10
-2.63995426004571
 20
-9.852443428148495
 30
5.75
 10
-3.9033710101239127
 20
-9.423571231615124
 30
5.75
 10
-2.4846628329841978
 20
-9.272887932375056
 30
5.4
 10
-1.2530514453124957
 20
-9.517870669188579
 30
5.4
 10
-1.3313671606445265
 20
-10.112737586012866
 30
5.75
 10
-2.63995426004571
 20
-9.852443428148495
 30
5.75
 10
-1.2530514453124957
 20
-9.517870669188579
 30
5.4
 10
-1.7634913907721885e-15
 20
-9.6
 30
5.4
 10
-1.87370960269545e-15
 20
-10.2
 30
5.75
 10
-1.3313671606445265
 20
-10.112737586012866
 30
5.75
 10
-1.7634913907721885e-15
 20
-9.6
 30
5.4
 10
1.2530514453124921
 20
-9.51787066918858
 30
5.4
 10
1.3313671606445228
 20
-10.112737586012866
 30
5.75
 10
-1.87370960269545e-15
 20
-10.2
 30
5.75
 10
1.2530514453124921
 20
-9.51787066918858
 30
5.4
 10
2.4846628329841947
 20
-9.272887932375056
 30
5.4
 10
2.6399542600457067
 20
-9.852443428148497
 30
5.75
 10
1.3313671606445228
 20
-10.112737586012866
 30
5.75
 10
2.4846628329841947
 20
-9.272887932375056
 30
5.4
 10
3.673760950704856
 20
-8.869243512108355
 30
5.4
 10
3.903371010123909
 20
-9.423571231615126
 30
5.75
 10
2.6399542600457067
 20
-9.852443428148497
 30
5.75
 10
3.673760950704856
 20
-8.869243512108355
 30
5.4
 10
4.800000000000001
 20
-8.31384387633061
 30
5.4
 10
5.1000000000000005
 20
-8.833459118601272
 30
5.75
 10
3.903371010123909
 20
-9.423571231615126
 30
5.75
 10
4.800000000000001
 20
-8.31384387633061
 30
5.4
 10
5.84410971848371
 20
-7.616192066795863
 30
5.4
 10
6.209366575888942
 20
-8.092204070970604
 30
5.75
 10
5.1000000000000005
 20
-8.833459118601272
 30
5.75
 10
5.84410971848371
 20
-7.616192066795863
 30
5.4
 10
6.788225099390854
 20
-6.788225099390858
 30
5.4
 10
7.212489168102782
 20
-7.212489168102786
 30
5.75
 10
6.209366575888942
 20
-8.092204070970604
 30
5.75
 10
6.788225099390854
 20
-6.788225099390858
 30
5.4
 10
7.616192066795855
 20
-5.84410971848372
 30
5.4
 10
8.092204070970595
 20
-6.209366575888953
 30
5.75
 10
7.212489168102782
 20
-7.212489168102786
 30
5.75
 10
7.616192066795855
 20
-5.84410971848372
 30
5.4
 10
8.313843876330608
 20
-4.800000000000004
 30
5.4
 10
8.83345911860127
 20
-5.100000000000004
 30
5.75
 10
8.092204070970595
 20
-6.209366575888953
 30
5.75
 10
8.313843876330608
 20
-4.800000000000004
 30
5.4
 10
8.869243512108353
 20
-3.6737609507048594
 30
5.4
 10
9.423571231615124
 20
-3.903371010123913
 30
5.75
 10
8.83345911860127
 20
-5.100000000000004
 30
5.75
 10
8.869243512108353
 20
-3.6737609507048594
 30
5.4
 10
9.272887932375053
 20
-2.484662832984207
 30
5.4
 10
9.852443428148494
 20
-2.63995426004572
 30
5.75
 10
9.423571231615124
 20
-3.903371010123913
 30
5.75
 10
9.272887932375053
 20
-2.484662832984207
 30
5.4
 10
9.517870669188579
 20
-1.2530514453124961
 30
5.4
 10
10.112737586012866
 20
-1.331367160644527
 30
5.75
 10
9.852443428148494
 20
-2.63995426004572
 30
5.75
 10
9.517870669188579
 20
-1.2530514453124961
 30
5.4
 10
9.6
 20
0.0
 30
5.4
 10
10.2
 20
0.0
 30
5.75
 10
10.112737586012866
 20
-1.331367160644527
 30
5.75
 93
1152
 90
3
 90
0
 90
1
 90
2
 90
3
 90
0
 90
2
 90
3
 90
3
 90
4
 90
5
 90
6
 90
3
 90
4
 90
6
 90
7
 90
3
 90
8
 90
9
 90
10
 90
3
 90
8
 90
10
 90
11
 90
3
 90
12
 90
13
 90
14
 90
3
 90
12
 90
14
 90
15
 90
3
 90
16
 90
17
 90
18
 90
3
 90
16
 90
18
 90
19
 90
3
 90
20
 90
21
 90
22
 90
3
 90
20
 90
22
 90
23
 90
3
 90
24
 90
25
 90
26
 90
3
 90
24
 90
26
 90
27
 90
3
 90
28
 90
29
 90
30
 90
3
 90
28
 90
30
 90
31
 90
3
 90
32
 90
33
 90
34
 90
3
 90
32
 90
34
 90
35
 90
3
 90
36
 90
37
 90
38
 90
3
 90
36
 90
38
 90
39
 90
3
 90
40
 90
41
 90
42
 90
3
 90
40
 90
42
 90
43
 90
3
 90
44
 90
45
 90
46
 90
3
 90
44
 90
46
 90
47
 90
3
 90
48
 90
49
 90
50
 90
3
 90
48
 90
50
 90
51
 90
3
 90
52
 90
53
 90
54
 90
3
 90
52
 90
54
 90
55
 90
3
 90
56
 90
57
 90
58
 90
3
 90
56
 90
58
 90
59
 90
3
 90
60
 90
61
 90
62
 90
3
 90
60
 90
62
 90
63
 90
3
 90
64
 90
65
 90
66
 90
3
 90
64
 90
66
 90
67
 90
3
 90
68
 90
69
 90
70
 90
3
 90
68
 90
70
 90
71
 90
3
 90
72
 90
73
 90
74
 90
3
 90
72
 90
74
 90
75
 90
3
 90
76
 90
77
 90
78
 90
3
 90
76
 90
78
 90
79
 90
3
 90
80
 90
81
 90
82
 90
3
 90
80
 90
82
 90
83
 90
3
 90
84
 90
85
 90
86
 90
3
 90
84
 90
86
 90
87
 90
3
 90
88
 90
89
 90
90
 90
3
 90
88
 90
90
 90
91
 90
3
 90
92
 90
93
 90
94
 90
3
 90
92
 90
94
 90
95
 90
3
 90
96
 90
97
 90
98
 90
3
 90
96
 90
98
 90
99
 90
3
 90
100
 90
101
 90
102
 90
3
 90
100
 90
102
 90
103
 90
3
 90
104
 90
105
 90
106
 90
3
 90
104
 90
106
 90
107
 90
3
 90
108
 90
109
 90
110
 90
3
 90
108
 90
110
 90
111
 90
3
 90
112
 90
113
 90
114
 90
3
 90
112
 90
114
 90
115
 90
3
 90
116
 90
117
 90
118
 90
3
 90
116
 90
118
 90
119
 90
3
 90
120
 90
121
 90
122
 90
3
 90
120
 90
122
 90
123
 90
3
 90
124
 90
125
 90
126
 90
3
 90
124
 90
126
 90
127
 90
3
 90
128
 90
129
 90
130
 90
3
 90
128
 90
130
 90
131
 90
3
 90
132
 90
133
 90
134
 90
3
 90
132
 90
134
 90
135
 90
3
 90
136
 90
137
 90
138
 90
3
 90
136
 90
138
 90
139
 90
3
 90
140
 90
141
 90
142
 90
3
 90
140
 90
142
 90
143
 90
3
 90
144
 90
145
 90
146
 90
3
 90
144
 90
146
 90
147
 90
3
 90
148
 90
149
 90
150
 90
3
 90
148
 90
150
 90
151
 90
3
 90
152
 90
153
 90
154
 90
3
 90
152
 90
154
 90
155
 90
3
 90
156
 90
157
 90
158
 90
3
 90
156
 90
158
 90
159
 90
3
 90
160
 90
161
 90
162
 90
3
 90
160
 90
162
 90
163
 90
3
 90
164
 90
165
 90
166
 90
3
 90
164
 90
166
 90
167
 90
3
 90
168
 90
169
 90
170
 90
3
 90
168
 90
170
 90
171
 90
3
 90
172
 90
173
 90
174
 90
3
 90
172
 90
174
 90
175
 90
3
 90
176
 90
177
 90
178
 90
3
 90
176
 90
178
 90
179
 90
3
 90
180
 90
181
 90
182
 90
3
 90
180
 90
182
 90
183
 90
3
 90
184
 90
185
 90
186
 90
3
 90
184
 90
186
 90
187
 90
3
 90
188
 90
189
 90
190
 90
3
 90
188
 90
190
 90
191
 90
3
 90
192
 90
193
 90
194
 90
3
 90
192
 90
194
 90
195
 90
3
 90
196
 90
197
 90
198
 90
3
 90
196
 90
198
 90
199
 90
3
 90
200
 90
201
 90
202
 90
3
 90
200
 90
202
 90
203
 90
3
 90
204
 90
205
 90
206
 90
3
 90
204
 90
206
 90
207
 90
3
 90
208
 90
209
 90
210
 90
3
 90
208
 90
210
 90
211
 90
3
 90
212
 90
213
 90
214
 90
3
 90
212
 90
214
 90
215
 90
3
 90
216
 90
217
 90
218
 90
3
 90
216
 90
218
 90
219
 90
3
 90
220
 90
221
 90
222
 90
3
 90
220
 90
222
 90
223
 90
3
 90
224
 90
225
 90
226
 90
3
 90
224
 90
226
 90
227
 90
3
 90
228
 90
229
 90
230
 90
3
 90
228
 90
230
 90
231
 90
3
 90
232
 90
233
 90
234
 90
3
 90
232
 90
234
 90
235
 90
3
 90
236
 90
237
 90
238
 90
3
 90
236
 90
238
 90
239
 90
3
 90
240
 90
241
 90
242
 90
3
 90
240
 90
242
 90
243
 90
3
 90
244
 90
245
 90
246
 90
3
 90
244
 90
246
 90
247
 90
3
 90
248
 90
249
 90
250
 90
3
 90
248
 90
250
 90
251
 90
3
 90
252
 90
253
 90
254
 90
3
 90
252
 90
254
 90
255
 90
3
 90
256
 90
257
 90
258
 90
3
 90
256
 90
258
 90
259
 90
3
 90
260
 90
261
 90
262
 90
3
 90
260
 90
262
 90
263
 90
3
 90
264
 90
265
 90
266
 90
3
 90
264
 90
266
 90
267
 90
3
 90
268
 90
269
 90
270
 90
3
 90
268
 90
270
 90
271
 90
3
 90
272
 90
273
 90
274
 90
3
 90
272
 90
274
 90
275
 90
3
 90
276
 90
277
 90
278
 90
3
 90
276
 90
278
 90
279
 90
3
 90
280
 90
281
 90
282
 90
3
 90
280
 90
282
 90
283
 90
3
 90
284
 90
285
 90
286
 90
3
 90
284
 90
286
 90
287
 90
3
 90
288
 90
289
 90
290
 90
3
 90
288
 90
290
 90
291
 90
3
 90
292
 90
293
 90
294
 90
3
 90
292
 90
294
 90
295
 90
3
 90
296
 90
297
 90
298
 90
3
 90
296
 90
298
 90
299
 90
3
 90
300
 90
301
 90
302
 90
3
 90
300
 90
302
 90
303
 90
3
 90
304
 90
305
 90
306
 90
3
 90
304
 90
306
 90
307
 90
3
 90
308
 90
309
 90
310
 90
3
 90
308
 90
310
 90
311
 90
3
 90
312
 90
313
 90
314
 90
3
 90
312
 90
314
 90
315
 90
3
 90
316
 90
317
 90
318
 90
3
 90
316
 90
318
 90
319
 90
3
 90
320
 90
321
 90
322
 90
3
 90
320
 90
322
 90
323
 90
3
 90
324
 90
325
 90
326
 90
3
 90
324
 90
326
 90
327
 90
3
 90
328
 90
329
 90
330
 90
3
 90
328
 90
330
 90
331
 90
3
 90
332
 90
333
 90
334
 90
3
 90
332
 90
334
 90
335
 90
3
 90
336
 90
337
 90
338
 90
3
 90
336
 90
338
 90
339
 90
3
 90
340
 90
341
 90
342
 90
3
 90
340
 90
342
 90
343
 90
3
 90
344
 90
345
 90
346
 90
3
 90
344
 90
346
 90
347
 90
3
 90
348
 90
349
 90
350
 90
3
 90
348
 90
350
 90
351
 90
3
 90
352
 90
353
 90
354
 90
3
 90
352
 90
354
 90
355
 90
3
 90
356
 90
357
 90
358
 90
3
 90
356
 90
358
 90
359
 90
3
 90
360
 90
361
 90
362
 90
3
 90
360
 90
362
 90
363
 90
3
 90
364
 90
365
 90
366
 90
3
 90
364
 90
366
 90
367
 90
3
 90
368
 90
369
 90
370
 90
3
 90
368
 90
370
 90
371
 90
3
 90
372
 90
373
 90
374
 90
3
 90
372
 90
374
 90
375
 90
3
 90
376
 90
377
 90
378
 90
3
 90
376
 90
378
 90
379
 90
3
 90
380
 90
381
 90
382
 90
3
 90
380
 90
382
 90
383
 90
3
 90
384
 90
385
 90
386
 90
3
 90
384
 90
386
 90
387
 90
3
 90
388
 90
389
 90
390
 90
3
 90
388
 90
390
 90
391
 90
3
 90
392
 90
393
 90
394
 90
3
 90
392
 90
394
 90
395
 90
3
 90
396
 90
397
 90
398
 90
3
 90
396
 90
398
 90
399
 90
3
 90
400
 90
401
 90
402
 90
3
 90
400
 90
402
 90
403
 90
3
 90
404
 90
405
 90
406
 90
3
 90
404
 90
406
 90
407
 90
3
 90
408
 90
409
 90
410
 90
3
 90
408
 90
410
 90
411
 90
3
 90
412
 90
413
 90
414
 90
3
 90
412
 90
414
 90
415
 90
3
 90
416
 90
417
 90
418
 90
3
 90
416
 90
418
 90
419
 90
3
 90
420
 90
421
 90
422
 90
3
 90
420
 90
422
 90
423
 90
3
 90
424
 90
425
 90
426
 90
3
 90
424
 90
426
 90
427
 90
3
 90
428
 90
429
 90
430
 90
3
 90
428
 90
430
 90
431
 90
3
 90
432
 90
433
 90
434
 90
3
 90
432
 90
434
 90
435
 90
3
 90
436
 90
437
 90
438
 90
3
 90
436
 90
438
 90
439
 90
3
 90
440
 90
441
 90
442
 90
3
 90
440
 90
442
 90
443
 90
3
 90
444
 90
445
 90
446
 90
3
 90
444
 90
446
 90
447
 90
3
 90
448
 90
449
 90
450
 90
3
 90
448
 90
450
 90
451
 90
3
 90
452
 90
453
 90
454
 90
3
 90
452
 90
454
 90
455
 90
3
 90
456
 90
457
 90
458
 90
3
 90
456
 90
458
 90
459
 90
3
 90
460
 90
461
 90
462
 90
3
 90
460
 90
462
 90
463
 90
3
 90
464
 90
465
 90
466
 90
3
 90
464
 90
466
 90
467
 90
3
 90
468
 90
469
 90
470
 90
3
 90
468
 90
470
 90
471
 90
3
 90
472
 90
473
 90
474
 90
3
 90
472
 90
474
 90
475
 90
3
 90
476
 90
477
 90
478
 90
3
 90
476
 90
478
 90
479
 90
3
 90
480
 90
481
 90
482
 90
3
 90
480
 90
482
 90
483
 90
3
 90
484
 90
485
 90
486
 90
3
 90
484
 90
486
 90
487
 90
3
 90
488
 90
489
 90
490
 90
3
 90
488
 90
490
 90
491
 90
3
 90
492
 90
493
 90
494
 90
3
 90
492
 90
494
 90
495
 90
3
 90
496
 90
497
 90
498
 90
3
 90
496
 90
498
 90
499
 90
3
 90
500
 90
501
 90
502
 90
3
 90
500
 90
502
 90
503
 90
3
 90
504
 90
505
 90
506
 90
3
 90
504
 90
506
 90
507
 90
3
 90
508
 90
509
 90
510
 90
3
 90
508
 90
510
 90
511
 90
3
 90
512
 90
513
 90
514
 90
3
 90
512
 90
514
 90
515
 90
3
 90
516
 90
517
 90
518
 90
3
 90
516
 90
518
 90
519
 90
3
 90
520
 90
521
 90
522
 90
3
 90
520
 90
522
 90
523
 90
3
 90
524
 90
525
 90
526
 90
3
 90
524
 90
526
 90
527
 90
3
 90
528
 90
529
 90
530
 90
3
 90
528
 90
530
 90
531
 90
3
 90
532
 90
533
 90
534
 90
3
 90
532
 90
534
 90
535
 90
3
 90
536
 90
537
 90
538
 90
3
 90
536
 90
538
 90
539
 90
3
 90
540
 90
541
 90
542
 90
3
 90
540
 90
542
 90
543
 90
3
 90
544
 90
545
 90
546
 90
3
 90
544
 90
546
 90
547
 90
3
 90
548
 90
549
 90
550
 90
3
 90
548
 90
550
 90
551
 90
3
 90
552
 90
553
 90
554
 90
3
 90
552
 90
554
 90
555
 90
3
 90
556
 90
557
 90
558
 90
3
 90
556
 90
558
 90
559
 90
3
 90
560
 90
561
 90
562
 90
3
 90
560
 90
562
 90
563
 90
3
 90
564
 90
565
 90
566
 90
3
 90
564
 90
566
 90
567
 90
3
 90
568
 90
569
 90
570
 90
3
 90
568
 90
570
 90
571
 90
3
 90
572
 90
573
 90
574
 90
3
 90
572
 90
574
 90
575
 94
0
 95
0
 90
0
  0
MESH
  5
9A
330
17
100
AcDbEntity
  8
M-PORTHOLES
100
AcDbSubDMesh
 71
2
 72
0
 91
0
 92
1280
 10
10.73871500692704
 20
6.199999999999999
 30
9.25
 10
11.662594539438325
 20
6.582683432365089
 30
9.25
 10
11.73871500692704
 20
6.199999999999999
 30
9.25
 10
10.73871500692704
 20
6.199999999999999
 30
9.25
 10
11.445821788113587
 20
6.907106781186547
 30
9.25
 10
11.662594539438325
 20
6.582683432365089
 30
9.25
 10
10.73871500692704
 20
6.199999999999999
 30
9.25
 10
11.121398439292129
 20
7.123879532511286
 30
9.25
 10
11.445821788113587
 20
6.907106781186547
 30
9.25
 10
10.73871500692704
 20
6.199999999999999
 30
9.25
 10
10.73871500692704
 20
7.199999999999999
 30
9.25
 10
11.121398439292129
 20
7.123879532511286
 30
9.25
 10
10.73871500692704
 20
6.199999999999999
 30
9.25
 10
10.35603157456195
 20
7.123879532511286
 30
9.25
 10
10.73871500692704
 20
7.199999999999999
 30
9.25
 10
10.73871500692704
 20
6.199999999999999
 30
9.25
 10
10.031608225740491
 20
6.907106781186547
 30
9.25
 10
10.35603157456195
 20
7.123879532511286
 30
9.25
 10
10.73871500692704
 20
6.199999999999999
 30
9.25
 10
9.814835474415753
 20
6.582683432365089
 30
9.25
 10
10.031608225740491
 20
6.907106781186547
 30
9.25
 10
10.73871500692704
 20
6.199999999999999
 30
9.25
 10
9.73871500692704
 20
6.199999999999999
 30
9.25
 10
9.814835474415753
 20
6.582683432365089
 30
9.25
 10
10.73871500692704
 20
6.199999999999999
 30
9.25
 10
9.814835474415753
 20
5.81731656763491
 30
9.25
 10
9.73871500692704
 20
6.199999999999999
 30
9.25
 10
10.73871500692704
 20
6.199999999999999
 30
9.25
 10
10.031608225740491
 20
5.492893218813451
 30
9.25
 10
9.814835474415753
 20
5.81731656763491
 30
9.25
 10
10.73871500692704
 20
6.199999999999999
 30
9.25
 10
10.35603157456195
 20
5.276120467488713
 30
9.25
 10
10.031608225740491
 20
5.492893218813451
 30
9.25
 10
10.73871500692704
 20
6.199999999999999
 30
9.25
 10
10.73871500692704
 20
5.199999999999999
 30
9.25
 10
10.35603157456195
 20
5.276120467488713
 30
9.25
 10
10.73871500692704
 20
6.199999999999999
 30
9.25
 10
11.121398439292129
 20
5.276120467488712
 30
9.25
 10
10.73871500692704
 20
5.199999999999999
 30
9.25
 10
10.73871500692704
 20
6.199999999999999
 30
9.25
 10
11.445821788113587
 20
5.492893218813451
 30
9.25
 10
11.121398439292129
 20
5.276120467488712
 30
9.25
 10
10.73871500692704
 20
6.199999999999999
 30
9.25
 10
11.662594539438325
 20
5.817316567634909
 30
9.25
 10
11.445821788113587
 20
5.492893218813451
 30
9.25
 10
10.73871500692704
 20
6.199999999999999
 30
9.25
 10
11.73871500692704
 20
6.199999999999999
 30
9.25
 10
11.662594539438325
 20
5.817316567634909
 30
9.25
 10
11.73871500692704
 20
6.199999999999999
 30
9.25
 10
11.662594539438325
 20
6.582683432365089
 30
9.25
 10
11.662594539438325
 20
6.582683432365089
 30
7.25
 10
11.73871500692704
 20
6.199999999999999
 30
7.25
 10
11.662594539438325
 20
6.582683432365089
 30
9.25
 10
11.445821788113587
 20
6.907106781186547
 30
9.25
 10
11.445821788113587
 20
6.907106781186547
 30
7.25
 10
11.662594539438325
 20
6.582683432365089
 30
7.25
 10
11.445821788113587
 20
6.907106781186547
 30
9.25
 10
11.121398439292129
 20
7.123879532511286
 30
9.25
 10
11.121398439292129
 20
7.123879532511286
 30
7.25
 10
11.445821788113587
 20
6.907106781186547
 30
7.25
 10
11.121398439292129
 20
7.123879532511286
 30
9.25
 10
10.73871500692704
 20
7.199999999999999
 30
9.25
 10
10.73871500692704
 20
7.199999999999999
 30
7.25
 10
11.121398439292129
 20
7.123879532511286
 30
7.25
 10
10.73871500692704
 20
7.199999999999999
 30
9.25
 10
10.35603157456195
 20
7.123879532511286
 30
9.25
 10
10.35603157456195
 20
7.123879532511286
 30
7.25
 10
10.73871500692704
 20
7.199999999999999
 30
7.25
 10
10.35603157456195
 20
7.123879532511286
 30
9.25
 10
10.031608225740491
 20
6.907106781186547
 30
9.25
 10
10.031608225740491
 20
6.907106781186547
 30
7.25
 10
10.35603157456195
 20
7.123879532511286
 30
7.25
 10
10.031608225740491
 20
6.907106781186547
 30
9.25
 10
9.814835474415753
 20
6.582683432365089
 30
9.25
 10
9.814835474415753
 20
6.582683432365089
 30
7.25
 10
10.031608225740491
 20
6.907106781186547
 30
7.25
 10
9.814835474415753
 20
6.582683432365089
 30
9.25
 10
9.73871500692704
 20
6.199999999999999
 30
9.25
 10
9.73871500692704
 20
6.199999999999999
 30
7.25
 10
9.814835474415753
 20
6.582683432365089
 30
7.25
 10
9.73871500692704
 20
6.199999999999999
 30
9.25
 10
9.814835474415753
 20
5.81731656763491
 30
9.25
 10
9.814835474415753
 20
5.81731656763491
 30
7.25
 10
9.73871500692704
 20
6.199999999999999
 30
7.25
 10
9.814835474415753
 20
5.81731656763491
 30
9.25
 10
10.031608225740491
 20
5.492893218813451
 30
9.25
 10
10.031608225740491
 20
5.492893218813451
 30
7.25
 10
9.814835474415753
 20
5.81731656763491
 30
7.25
 10
10.031608225740491
 20
5.492893218813451
 30
9.25
 10
10.35603157456195
 20
5.276120467488713
 30
9.25
 10
10.35603157456195
 20
5.276120467488713
 30
7.25
 10
10.031608225740491
 20
5.492893218813451
 30
7.25
 10
10.35603157456195
 20
5.276120467488713
 30
9.25
 10
10.73871500692704
 20
5.199999999999999
 30
9.25
 10
10.73871500692704
 20
5.199999999999999
 30
7.25
 10
10.35603157456195
 20
5.276120467488713
 30
7.25
 10
10.73871500692704
 20
5.199999999999999
 30
9.25
 10
11.121398439292129
 20
5.276120467488712
 30
9.25
 10
11.121398439292129
 20
5.276120467488712
 30
7.25
 10
10.73871500692704
 20
5.199999999999999
 30
7.25
 10
11.121398439292129
 20
5.276120467488712
 30
9.25
 10
11.445821788113587
 20
5.492893218813451
 30
9.25
 10
11.445821788113587
 20
5.492893218813451
 30
7.25
 10
11.121398439292129
 20
5.276120467488712
 30
7.25
 10
11.445821788113587
 20
5.492893218813451
 30
9.25
 10
11.662594539438325
 20
5.817316567634909
 30
9.25
 10
11.662594539438325
 20
5.817316567634909
 30
7.25
 10
11.445821788113587
 20
5.492893218813451
 30
7.25
 10
11.662594539438325
 20
5.817316567634909
 30
9.25
 10
11.73871500692704
 20
6.199999999999999
 30
9.25
 10
11.73871500692704
 20
6.199999999999999
 30
7.25
 10
11.662594539438325
 20
5.817316567634909
 30
7.25
 10
11.73871500692704
 20
6.199999999999999
 30
7.25
 10
11.662594539438325
 20
6.582683432365089
 30
7.25
 10
10.73871500692704
 20
6.199999999999999
 30
7.25
 10
11.662594539438325
 20
6.582683432365089
 30
7.25
 10
11.445821788113587
 20
6.907106781186547
 30
7.25
 10
10.73871500692704
 20
6.199999999999999
 30
7.25
 10
11.445821788113587
 20
6.907106781186547
 30
7.25
 10
11.121398439292129
 20
7.123879532511286
 30
7.25
 10
10.73871500692704
 20
6.199999999999999
 30
7.25
 10
11.121398439292129
 20
7.123879532511286
 30
7.25
 10
10.73871500692704
 20
7.199999999999999
 30
7.25
 10
10.73871500692704
 20
6.199999999999999
 30
7.25
 10
10.73871500692704
 20
7.199999999999999
 30
7.25
 10
10.35603157456195
 20
7.123879532511286
 30
7.25
 10
10.73871500692704
 20
6.199999999999999
 30
7.25
 10
10.35603157456195
 20
7.123879532511286
 30
7.25
 10
10.031608225740491
 20
6.907106781186547
 30
7.25
 10
10.73871500692704
 20
6.199999999999999
 30
7.25
 10
10.031608225740491
 20
6.907106781186547
 30
7.25
 10
9.814835474415753
 20
6.582683432365089
 30
7.25
 10
10.73871500692704
 20
6.199999999999999
 30
7.25
 10
9.814835474415753
 20
6.582683432365089
 30
7.25
 10
9.73871500692704
 20
6.199999999999999
 30
7.25
 10
10.73871500692704
 20
6.199999999999999
 30
7.25
 10
9.73871500692704
 20
6.199999999999999
 30
7.25
 10
9.814835474415753
 20
5.81731656763491
 30
7.25
 10
10.73871500692704
 20
6.199999999999999
 30
7.25
 10
9.814835474415753
 20
5.81731656763491
 30
7.25
 10
10.031608225740491
 20
5.492893218813451
 30
7.25
 10
10.73871500692704
 20
6.199999999999999
 30
7.25
 10
10.031608225740491
 20
5.492893218813451
 30
7.25
 10
10.35603157456195
 20
5.276120467488713
 30
7.25
 10
10.73871500692704
 20
6.199999999999999
 30
7.25
 10
10.35603157456195
 20
5.276120467488713
 30
7.25
 10
10.73871500692704
 20
5.199999999999999
 30
7.25
 10
10.73871500692704
 20
6.199999999999999
 30
7.25
 10
10.73871500692704
 20
5.199999999999999
 30
7.25
 10
11.121398439292129
 20
5.276120467488712
 30
7.25
 10
10.73871500692704
 20
6.199999999999999
 30
7.25
 10
11.121398439292129
 20
5.276120467488712
 30
7.25
 10
11.445821788113587
 20
5.492893218813451
 30
7.25
 10
10.73871500692704
 20
6.199999999999999
 30
7.25
 10
11.445821788113587
 20
5.492893218813451
 30
7.25
 10
11.662594539438325
 20
5.817316567634909
 30
7.25
 10
10.73871500692704
 20
6.199999999999999
 30
7.25
 10
11.662594539438325
 20
5.817316567634909
 30
7.25
 10
11.73871500692704
 20
6.199999999999999
 30
7.25
 10
10.73871500692704
 20
6.199999999999999
 30
7.25
 10
3.209356159271257
 20
11.977480245984447
 30
9.25
 10
4.133235691782544
 20
12.360163678349537
 30
9.25
 10
4.209356159271257
 20
11.977480245984447
 30
9.25
 10
3.209356159271257
 20
11.977480245984447
 30
9.25
 10
3.9164629404578046
 20
12.684587027170995
 30
9.25
 10
4.133235691782544
 20
12.360163678349537
 30
9.25
 10
3.209356159271257
 20
11.977480245984447
 30
9.25
 10
3.592039591636347
 20
12.901359778495733
 30
9.25
 10
3.9164629404578046
 20
12.684587027170995
 30
9.25
 10
3.209356159271257
 20
11.977480245984447
 30
9.25
 10
3.209356159271257
 20
12.977480245984447
 30
9.25
 10
3.592039591636347
 20
12.901359778495733
 30
9.25
 10
3.209356159271257
 20
11.977480245984447
 30
9.25
 10
2.8266727269061676
 20
12.901359778495733
 30
9.25
 10
3.209356159271257
 20
12.977480245984447
 30
9.25
 10
3.209356159271257
 20
11.977480245984447
 30
9.25
 10
2.5022493780847097
 20
12.684587027170995
 30
9.25
 10
2.8266727269061676
 20
12.901359778495733
 30
9.25
 10
3.209356159271257
 20
11.977480245984447
 30
9.25
 10
2.28547662675997
 20
12.360163678349537
 30
9.25
 10
2.5022493780847097
 20
12.684587027170995
 30
9.25
 10
3.209356159271257
 20
11.977480245984447
 30
9.25
 10
2.209356159271257
 20
11.977480245984447
 30
9.25
 10
2.28547662675997
 20
12.360163678349537
 30
9.25
 10
3.209356159271257
 20
11.977480245984447
 30
9.25
 10
2.28547662675997
 20
11.594796813619357
 30
9.25
 10
2.209356159271257
 20
11.977480245984447
 30
9.25
 10
3.209356159271257
 20
11.977480245984447
 30
9.25
 10
2.5022493780847093
 20
11.270373464797899
 30
9.25
 10
2.28547662675997
 20
11.594796813619357
 30
9.25
 10
3.209356159271257
 20
11.977480245984447
 30
9.25
 10
2.8266727269061667
 20
11.05360071347316
 30
9.25
 10
2.5022493780847093
 20
11.270373464797899
 30
9.25
 10
3.209356159271257
 20
11.977480245984447
 30
9.25
 10
3.209356159271257
 20
10.977480245984447
 30
9.25
 10
2.8266727269061667
 20
11.05360071347316
 30
9.25
 10
3.209356159271257
 20
11.977480245984447
 30
9.25
 10
3.5920395916363472
 20
11.05360071347316
 30
9.25
 10
3.209356159271257
 20
10.977480245984447
 30
9.25
 10
3.209356159271257
 20
11.977480245984447
 30
9.25
 10
3.9164629404578046
 20
11.270373464797899
 30
9.25
 10
3.5920395916363472
 20
11.05360071347316
 30
9.25
 10
3.209356159271257
 20
11.977480245984447
 30
9.25
 10
4.133235691782543
 20
11.594796813619357
 30
9.25
 10
3.9164629404578046
 20
11.270373464797899
 30
9.25
 10
3.209356159271257
 20
11.977480245984447
 30
9.25
 10
4.209356159271257
 20
11.977480245984447
 30
9.25
 10
4.133235691782543
 20
11.594796813619357
 30
9.25
 10
4.209356159271257
 20
11.977480245984447
 30
9.25
 10
4.133235691782544
 20
12.360163678349537
 30
9.25
 10
4.133235691782544
 20
12.360163678349537
 30
7.25
 10
4.209356159271257
 20
11.977480245984447
 30
7.25
 10
4.133235691782544
 20
12.360163678349537
 30
9.25
 10
3.9164629404578046
 20
12.684587027170995
 30
9.25
 10
3.9164629404578046
 20
12.684587027170995
 30
7.25
 10
4.133235691782544
 20
12.360163678349537
 30
7.25
 10
3.9164629404578046
 20
12.684587027170995
 30
9.25
 10
3.592039591636347
 20
12.901359778495733
 30
9.25
 10
3.592039591636347
 20
12.901359778495733
 30
7.25
 10
3.9164629404578046
 20
12.684587027170995
 30
7.25
 10
3.592039591636347
 20
12.901359778495733
 30
9.25
 10
3.209356159271257
 20
12.977480245984447
 30
9.25
 10
3.209356159271257
 20
12.977480245984447
 30
7.25
 10
3.592039591636347
 20
12.901359778495733
 30
7.25
 10
3.209356159271257
 20
12.977480245984447
 30
9.25
 10
2.8266727269061676
 20
12.901359778495733
 30
9.25
 10
2.8266727269061676
 20
12.901359778495733
 30
7.25
 10
3.209356159271257
 20
12.977480245984447
 30
7.25
 10
2.8266727269061676
 20
12.901359778495733
 30
9.25
 10
2.5022493780847097
 20
12.684587027170995
 30
9.25
 10
2.5022493780847097
 20
12.684587027170995
 30
7.25
 10
2.8266727269061676
 20
12.901359778495733
 30
7.25
 10
2.5022493780847097
 20
12.684587027170995
 30
9.25
 10
2.28547662675997
 20
12.360163678349537
 30
9.25
 10
2.28547662675997
 20
12.360163678349537
 30
7.25
 10
2.5022493780847097
 20
12.684587027170995
 30
7.25
 10
2.28547662675997
 20
12.360163678349537
 30
9.25
 10
2.209356159271257
 20
11.977480245984447
 30
9.25
 10
2.209356159271257
 20
11.977480245984447
 30
7.25
 10
2.28547662675997
 20
12.360163678349537
 30
7.25
 10
2.209356159271257
 20
11.977480245984447
 30
9.25
 10
2.28547662675997
 20
11.594796813619357
 30
9.25
 10
2.28547662675997
 20
11.594796813619357
 30
7.25
 10
2.209356159271257
 20
11.977480245984447
 30
7.25
 10
2.28547662675997
 20
11.594796813619357
 30
9.25
 10
2.5022493780847093
 20
11.270373464797899
 30
9.25
 10
2.5022493780847093
 20
11.270373464797899
 30
7.25
 10
2.28547662675997
 20
11.594796813619357
 30
7.25
 10
2.5022493780847093
 20
11.270373464797899
 30
9.25
 10
2.8266727269061667
 20
11.05360071347316
 30
9.25
 10
2.8266727269061667
 20
11.05360071347316
 30
7.25
 10
2.5022493780847093
 20
11.270373464797899
 30
7.25
 10
2.8266727269061667
 20
11.05360071347316
 30
9.25
 10
3.209356159271257
 20
10.977480245984447
 30
9.25
 10
3.209356159271257
 20
10.977480245984447
 30
7.25
 10
2.8266727269061667
 20
11.05360071347316
 30
7.25
 10
3.209356159271257
 20
10.977480245984447
 30
9.25
 10
3.5920395916363472
 20
11.05360071347316
 30
9.25
 10
3.5920395916363472
 20
11.05360071347316
 30
7.25
 10
3.209356159271257
 20
10.977480245984447
 30
7.25
 10
3.5920395916363472
 20
11.05360071347316
 30
9.25
 10
3.9164629404578046
 20
11.270373464797899
 30
9.25
 10
3.9164629404578046
 20
11.270373464797899
 30
7.25
 10
3.5920395916363472
 20
11.05360071347316
 30
7.25
 10
3.9164629404578046
 20
11.270373464797899
 30
9.25
 10
4.133235691782543
 20
11.594796813619357
 30
9.25
 10
4.133235691782543
 20
11.594796813619357
 30
7.25
 10
3.9164629404578046
 20
11.270373464797899
 30
7.25
 10
4.133235691782543
 20
11.594796813619357
 30
9.25
 10
4.209356159271257
 20
11.977480245984447
 30
9.25
 10
4.209356159271257
 20
11.977480245984447
 30
7.25
 10
4.133235691782543
 20
11.594796813619357
 30
7.25
 10
4.209356159271257
 20
11.977480245984447
 30
7.25
 10
4.133235691782544
 20
12.360163678349537
 30
7.25
 10
3.209356159271257
 20
11.977480245984447
 30
7.25
 10
4.133235691782544
 20
12.360163678349537
 30
7.25
 10
3.9164629404578046
 20
12.684587027170995
 30
7.25
 10
3.209356159271257
 20
11.977480245984447
 30
7.25
 10
3.9164629404578046
 20
12.684587027170995
 30
7.25
 10
3.592039591636347
 20
12.901359778495733
 30
7.25
 10
3.209356159271257
 20
11.977480245984447
 30
7.25
 10
3.592039591636347
 20
12.901359778495733
 30
7.25
 10
3.209356159271257
 20
12.977480245984447
 30
7.25
 10
3.209356159271257
 20
11.977480245984447
 30
7.25
 10
3.209356159271257
 20
12.977480245984447
 30
7.25
 10
2.8266727269061676
 20
12.901359778495733
 30
7.25
 10
3.209356159271257
 20
11.977480245984447
 30
7.25
 10
2.8266727269061676
 20
12.901359778495733
 30
7.25
 10
2.5022493780847097
 20
12.684587027170995
 30
7.25
 10
3.209356159271257
 20
11.977480245984447
 30
7.25
 10
2.5022493780847097
 20
12.684587027170995
 30
7.25
 10
2.28547662675997
 20
12.360163678349537
 30
7.25
 10
3.209356159271257
 20
11.977480245984447
 30
7.25
 10
2.28547662675997
 20
12.360163678349537
 30
7.25
 10
2.209356159271257
 20
11.977480245984447
 30
7.25
 10
3.209356159271257
 20
11.977480245984447
 30
7.25
 10
2.209356159271257
 20
11.977480245984447
 30
7.25
 10
2.28547662675997
 20
11.594796813619357
 30
7.25
 10
3.209356159271257
 20
11.977480245984447
 30
7.25
 10
2.28547662675997
 20
11.594796813619357
 30
7.25
 10
2.5022493780847093
 20
11.270373464797899
 30
7.25
 10
3.209356159271257
 20
11.977480245984447
 30
7.25
 10
2.5022493780847093
 20
11.270373464797899
 30
7.25
 10
2.8266727269061667
 20
11.05360071347316
 30
7.25
 10
3.209356159271257
 20
11.977480245984447
 30
7.25
 10
2.8266727269061667
 20
11.05360071347316
 30
7.25
 10
3.209356159271257
 20
10.977480245984447
 30
7.25
 10
3.209356159271257
 20
11.977480245984447
 30
7.25
 10
3.209356159271257
 20
10.977480245984447
 30
7.25
 10
3.5920395916363472
 20
11.05360071347316
 30
7.25
 10
3.209356159271257
 20
11.977480245984447
 30
7.25
 10
3.5920395916363472
 20
11.05360071347316
 30
7.25
 10
3.9164629404578046
 20
11.270373464797899
 30
7.25
 10
3.209356159271257
 20
11.977480245984447
 30
7.25
 10
3.9164629404578046
 20
11.270373464797899
 30
7.25
 10
4.133235691782543
 20
11.594796813619357
 30
7.25
 10
3.209356159271257
 20
11.977480245984447
 30
7.25
 10
4.133235691782543
 20
11.594796813619357
 30
7.25
 10
4.209356159271257
 20
11.977480245984447
 30
7.25
 10
3.209356159271257
 20
11.977480245984447
 30
7.25
 10
-6.1999999999999975
 20
10.73871500692704
 30
9.25
 10
-5.2761204674887106
 20
11.121398439292129
 30
9.25
 10
-5.1999999999999975
 20
10.73871500692704
 30
9.25
 10
-6.1999999999999975
 20
10.73871500692704
 30
9.25
 10
-5.49289321881345
 20
11.445821788113587
 30
9.25
 10
-5.2761204674887106
 20
11.121398439292129
 30
9.25
 10
-6.1999999999999975
 20
10.73871500692704
 30
9.25
 10
-5.817316567634908
 20
11.662594539438325
 30
9.25
 10
-5.49289321881345
 20
11.445821788113587
 30
9.25
 10
-6.1999999999999975
 20
10.73871500692704
 30
9.25
 10
-6.1999999999999975
 20
11.73871500692704
 30
9.25
 10
-5.817316567634908
 20
11.662594539438325
 30
9.25
 10
-6.1999999999999975
 20
10.73871500692704
 30
9.25
 10
-6.582683432365087
 20
11.662594539438325
 30
9.25
 10
-6.1999999999999975
 20
11.73871500692704
 30
9.25
 10
-6.1999999999999975
 20
10.73871500692704
 30
9.25
 10
-6.907106781186545
 20
11.445821788113587
 30
9.25
 10
-6.582683432365087
 20
11.662594539438325
 30
9.25
 10
-6.1999999999999975
 20
10.73871500692704
 30
9.25
 10
-7.1238795325112845
 20
11.121398439292129
 30
9.25
 10
-6.907106781186545
 20
11.445821788113587
 30
9.25
 10
-6.1999999999999975
 20
10.73871500692704
 30
9.25
 10
-7.1999999999999975
 20
10.73871500692704
 30
9.25
 10
-7.1238795325112845
 20
11.121398439292129
 30
9.25
 10
-6.1999999999999975
 20
10.73871500692704
 30
9.25
 10
-7.1238795325112845
 20
10.35603157456195
 30
9.25
 10
-7.1999999999999975
 20
10.73871500692704
 30
9.25
 10
-6.1999999999999975
 20
10.73871500692704
 30
9.25
 10
-6.907106781186545
 20
10.031608225740491
 30
9.25
 10
-7.1238795325112845
 20
10.35603157456195
 30
9.25
 10
-6.1999999999999975
 20
10.73871500692704
 30
9.25
 10
-6.582683432365088
 20
9.814835474415753
 30
9.25
 10
-6.907106781186545
 20
10.031608225740491
 30
9.25
 10
-6.1999999999999975
 20
10.73871500692704
 30
9.25
 10
-6.1999999999999975
 20
9.73871500692704
 30
9.25
 10
-6.582683432365088
 20
9.814835474415753
 30
9.25
 10
-6.1999999999999975
 20
10.73871500692704
 30
9.25
 10
-5.817316567634908
 20
9.814835474415753
 30
9.25
 10
-6.1999999999999975
 20
9.73871500692704
 30
9.25
 10
-6.1999999999999975
 20
10.73871500692704
 30
9.25
 10
-5.4928932188134505
 20
10.031608225740491
 30
9.25
 10
-5.817316567634908
 20
9.814835474415753
 30
9.25
 10
-6.1999999999999975
 20
10.73871500692704
 30
9.25
 10
-5.276120467488711
 20
10.35603157456195
 30
9.25
 10
-5.4928932188134505
 20
10.031608225740491
 30
9.25
 10
-6.1999999999999975
 20
10.73871500692704
 30
9.25
 10
-5.1999999999999975
 20
10.73871500692704
 30
9.25
 10
-5.276120467488711
 20
10.35603157456195
 30
9.25
 10
-5.1999999999999975
 20
10.73871500692704
 30
9.25
 10
-5.2761204674887106
 20
11.121398439292129
 30
9.25
 10
-5.2761204674887106
 20
11.121398439292129
 30
7.25
 10
-5.1999999999999975
 20
10.73871500692704
 30
7.25
 10
-5.2761204674887106
 20
11.121398439292129
 30
9.25
 10
-5.49289321881345
 20
11.445821788113587
 30
9.25
 10
-5.49289321881345
 20
11.445821788113587
 30
7.25
 10
-5.2761204674887106
 20
11.121398439292129
 30
7.25
 10
-5.49289321881345
 20
11.445821788113587
 30
9.25
 10
-5.817316567634908
 20
11.662594539438325
 30
9.25
 10
-5.817316567634908
 20
11.662594539438325
 30
7.25
 10
-5.49289321881345
 20
11.445821788113587
 30
7.25
 10
-5.817316567634908
 20
11.662594539438325
 30
9.25
 10
-6.1999999999999975
 20
11.73871500692704
 30
9.25
 10
-6.1999999999999975
 20
11.73871500692704
 30
7.25
 10
-5.817316567634908
 20
11.662594539438325
 30
7.25
 10
-6.1999999999999975
 20
11.73871500692704
 30
9.25
 10
-6.582683432365087
 20
11.662594539438325
 30
9.25
 10
-6.582683432365087
 20
11.662594539438325
 30
7.25
 10
-6.1999999999999975
 20
11.73871500692704
 30
7.25
 10
-6.582683432365087
 20
11.662594539438325
 30
9.25
 10
-6.907106781186545
 20
11.445821788113587
 30
9.25
 10
-6.907106781186545
 20
11.445821788113587
 30
7.25
 10
-6.582683432365087
 20
11.662594539438325
 30
7.25
 10
-6.907106781186545
 20
11.445821788113587
 30
9.25
 10
-7.1238795325112845
 20
11.121398439292129
 30
9.25
 10
-7.1238795325112845
 20
11.121398439292129
 30
7.25
 10
-6.907106781186545
 20
11.445821788113587
 30
7.25
 10
-7.1238795325112845
 20
11.121398439292129
 30
9.25
 10
-7.1999999999999975
 20
10.73871500692704
 30
9.25
 10
-7.1999999999999975
 20
10.73871500692704
 30
7.25
 10
-7.1238795325112845
 20
11.121398439292129
 30
7.25
 10
-7.1999999999999975
 20
10.73871500692704
 30
9.25
 10
-7.1238795325112845
 20
10.35603157456195
 30
9.25
 10
-7.1238795325112845
 20
10.35603157456195
 30
7.25
 10
-7.1999999999999975
 20
10.73871500692704
 30
7.25
 10
-7.1238795325112845
 20
10.35603157456195
 30
9.25
 10
-6.907106781186545
 20
10.031608225740491
 30
9.25
 10
-6.907106781186545
 20
10.031608225740491
 30
7.25
 10
-7.1238795325112845
 20
10.35603157456195
 30
7.25
 10
-6.907106781186545
 20
10.031608225740491
 30
9.25
 10
-6.582683432365088
 20
9.814835474415753
 30
9.25
 10
-6.582683432365088
 20
9.814835474415753
 30
7.25
 10
-6.907106781186545
 20
10.031608225740491
 30
7.25
 10
-6.582683432365088
 20
9.814835474415753
 30
9.25
 10
-6.1999999999999975
 20
9.73871500692704
 30
9.25
 10
-6.1999999999999975
 20
9.73871500692704
 30
7.25
 10
-6.582683432365088
 20
9.814835474415753
 30
7.25
 10
-6.1999999999999975
 20
9.73871500692704
 30
9.25
 10
-5.817316567634908
 20
9.814835474415753
 30
9.25
 10
-5.817316567634908
 20
9.814835474415753
 30
7.25
 10
-6.1999999999999975
 20
9.73871500692704
 30
7.25
 10
-5.817316567634908
 20
9.814835474415753
 30
9.25
 10
-5.4928932188134505
 20
10.031608225740491
 30
9.25
 10
-5.4928932188134505
 20
10.031608225740491
 30
7.25
 10
-5.817316567634908
 20
9.814835474415753
 30
7.25
 10
-5.4928932188134505
 20
10.031608225740491
 30
9.25
 10
-5.276120467488711
 20
10.35603157456195
 30
9.25
 10
-5.276120467488711
 20
10.35603157456195
 30
7.25
 10
-5.4928932188134505
 20
10.031608225740491
 30
7.25
 10
-5.276120467488711
 20
10.35603157456195
 30
9.25
 10
-5.1999999999999975
 20
10.73871500692704
 30
9.25
 10
-5.1999999999999975
 20
10.73871500692704
 30
7.25
 10
-5.276120467488711
 20
10.35603157456195
 30
7.25
 10
-5.1999999999999975
 20
10.73871500692704
 30
7.25
 10
-5.2761204674887106
 20
11.121398439292129
 30
7.25
 10
-6.1999999999999975
 20
10.73871500692704
 30
7.25
 10
-5.2761204674887106
 20
11.121398439292129
 30
7.25
 10
-5.49289321881345
 20
11.445821788113587
 30
7.25
 10
-6.1999999999999975
 20
10.73871500692704
 30
7.25
 10
-5.49289321881345
 20
11.445821788113587
 30
7.25
 10
-5.817316567634908
 20
11.662594539438325
 30
7.25
 10
-6.1999999999999975
 20
10.73871500692704
 30
7.25
 10
-5.817316567634908
 20
11.662594539438325
 30
7.25
 10
-6.1999999999999975
 20
11.73871500692704
 30
7.25
 10
-6.1999999999999975
 20
10.73871500692704
 30
7.25
 10
-6.1999999999999975
 20
11.73871500692704
 30
7.25
 10
-6.582683432365087
 20
11.662594539438325
 30
7.25
 10
-6.1999999999999975
 20
10.73871500692704
 30
7.25
 10
-6.582683432365087
 20
11.662594539438325
 30
7.25
 10
-6.907106781186545
 20
11.445821788113587
 30
7.25
 10
-6.1999999999999975
 20
10.73871500692704
 30
7.25
 10
-6.907106781186545
 20
11.445821788113587
 30
7.25
 10
-7.1238795325112845
 20
11.121398439292129
 30
7.25
 10
-6.1999999999999975
 20
10.73871500692704
 30
7.25
 10
-7.1238795325112845
 20
11.121398439292129
 30
7.25
 10
-7.1999999999999975
 20
10.73871500692704
 30
7.25
 10
-6.1999999999999975
 20
10.73871500692704
 30
7.25
 10
-7.1999999999999975
 20
10.73871500692704
 30
7.25
 10
-7.1238795325112845
 20
10.35603157456195
 30
7.25
 10
-6.1999999999999975
 20
10.73871500692704
 30
7.25
 10
-7.1238795325112845
 20
10.35603157456195
 30
7.25
 10
-6.907106781186545
 20
10.031608225740491
 30
7.25
 10
-6.1999999999999975
 20
10.73871500692704
 30
7.25
 10
-6.907106781186545
 20
10.031608225740491
 30
7.25
 10
-6.582683432365088
 20
9.814835474415753
 30
7.25
 10
-6.1999999999999975
 20
10.73871500692704
 30
7.25
 10
-6.582683432365088
 20
9.814835474415753
 30
7.25
 10
-6.1999999999999975
 20
9.73871500692704
 30
7.25
 10
-6.1999999999999975
 20
10.73871500692704
 30
7.25
 10
-6.1999999999999975
 20
9.73871500692704
 30
7.25
 10
-5.817316567634908
 20
9.814835474415753
 30
7.25
 10
-6.1999999999999975
 20
10.73871500692704
 30
7.25
 10
-5.817316567634908
 20
9.814835474415753
 30
7.25
 10
-5.4928932188134505
 20
10.031608225740491
 30
7.25
 10
-6.1999999999999975
 20
10.73871500692704
 30
7.25
 10
-5.4928932188134505
 20
10.031608225740491
 30
7.25
 10
-5.276120467488711
 20
10.35603157456195
 30
7.25
 10
-6.1999999999999975
 20
10.73871500692704
 30
7.25
 10
-5.276120467488711
 20
10.35603157456195
 30
7.25
 10
-5.1999999999999975
 20
10.73871500692704
 30
7.25
 10
-6.1999999999999975
 20
10.73871500692704
 30
7.25
 10
-11.977480245984445
 20
3.2093561592712607
 30
9.25
 10
-11.053600713473159
 20
3.5920395916363503
 30
9.25
 10
-10.977480245984445
 20
3.2093561592712607
 30
9.25
 10
-11.977480245984445
 20
3.2093561592712607
 30
9.25
 10
-11.270373464797897
 20
3.916462940457808
 30
9.25
 10
-11.053600713473159
 20
3.5920395916363503
 30
9.25
 10
-11.977480245984445
 20
3.2093561592712607
 30
9.25
 10
-11.594796813619356
 20
4.133235691782548
 30
9.25
 10
-11.270373464797897
 20
3.916462940457808
 30
9.25
 10
-11.977480245984445
 20
3.2093561592712607
 30
9.25
 10
-11.977480245984445
 20
4.209356159271261
 30
9.25
 10
-11.594796813619356
 20
4.133235691782548
 30
9.25
 10
-11.977480245984445
 20
3.2093561592712607
 30
9.25
 10
-12.360163678349535
 20
4.133235691782548
 30
9.25
 10
-11.977480245984445
 20
4.209356159271261
 30
9.25
 10
-11.977480245984445
 20
3.2093561592712607
 30
9.25
 10
-12.684587027170993
 20
3.916462940457808
 30
9.25
 10
-12.360163678349535
 20
4.133235691782548
 30
9.25
 10
-11.977480245984445
 20
3.2093561592712607
 30
9.25
 10
-12.901359778495731
 20
3.592039591636351
 30
9.25
 10
-12.684587027170993
 20
3.916462940457808
 30
9.25
 10
-11.977480245984445
 20
3.2093561592712607
 30
9.25
 10
-12.977480245984445
 20
3.2093561592712607
 30
9.25
 10
-12.901359778495731
 20
3.592039591636351
 30
9.25
 10
-11.977480245984445
 20
3.2093561592712607
 30
9.25
 10
-12.901359778495731
 20
2.826672726906171
 30
9.25
 10
-12.977480245984445
 20
3.2093561592712607
 30
9.25
 10
-11.977480245984445
 20
3.2093561592712607
 30
9.25
 10
-12.684587027170993
 20
2.5022493780847133
 30
9.25
 10
-12.901359778495731
 20
2.826672726906171
 30
9.25
 10
-11.977480245984445
 20
3.2093561592712607
 30
9.25
 10
-12.360163678349535
 20
2.285476626759974
 30
9.25
 10
-12.684587027170993
 20
2.5022493780847133
 30
9.25
 10
-11.977480245984445
 20
3.2093561592712607
 30
9.25
 10
-11.977480245984445
 20
2.2093561592712607
 30
9.25
 10
-12.360163678349535
 20
2.285476626759974
 30
9.25
 10
-11.977480245984445
 20
3.2093561592712607
 30
9.25
 10
-11.594796813619356
 20
2.285476626759974
 30
9.25
 10
-11.977480245984445
 20
2.2093561592712607
 30
9.25
 10
-11.977480245984445
 20
3.2093561592712607
 30
9.25
 10
-11.270373464797897
 20
2.502249378084713
 30
9.25
 10
-11.594796813619356
 20
2.285476626759974
 30
9.25
 10
-11.977480245984445
 20
3.2093561592712607
 30
9.25
 10
-11.053600713473159
 20
2.82667272690617
 30
9.25
 10
-11.270373464797897
 20
2.502249378084713
 30
9.25
 10
-11.977480245984445
 20
3.2093561592712607
 30
9.25
 10
-10.977480245984445
 20
3.2093561592712607
 30
9.25
 10
-11.053600713473159
 20
2.82667272690617
 30
9.25
 10
-10.977480245984445
 20
3.2093561592712607
 30
9.25
 10
-11.053600713473159
 20
3.5920395916363503
 30
9.25
 10
-11.053600713473159
 20
3.5920395916363503
 30
7.25
 10
-10.977480245984445
 20
3.2093561592712607
 30
7.25
 10
-11.053600713473159
 20
3.5920395916363503
 30
9.25
 10
-11.270373464797897
 20
3.916462940457808
 30
9.25
 10
-11.270373464797897
 20
3.916462940457808
 30
7.25
 10
-11.053600713473159
 20
3.5920395916363503
 30
7.25
 10
-11.270373464797897
 20
3.916462940457808
 30
9.25
 10
-11.594796813619356
 20
4.133235691782548
 30
9.25
 10
-11.594796813619356
 20
4.133235691782548
 30
7.25
 10
-11.270373464797897
 20
3.916462940457808
 30
7.25
 10
-11.594796813619356
 20
4.133235691782548
 30
9.25
 10
-11.977480245984445
 20
4.209356159271261
 30
9.25
 10
-11.977480245984445
 20
4.209356159271261
 30
7.25
 10
-11.594796813619356
 20
4.133235691782548
 30
7.25
 10
-11.977480245984445
 20
4.209356159271261
 30
9.25
 10
-12.360163678349535
 20
4.133235691782548
 30
9.25
 10
-12.360163678349535
 20
4.133235691782548
 30
7.25
 10
-11.977480245984445
 20
4.209356159271261
 30
7.25
 10
-12.360163678349535
 20
4.133235691782548
 30
9.25
 10
-12.684587027170993
 20
3.916462940457808
 30
9.25
 10
-12.684587027170993
 20
3.916462940457808
 30
7.25
 10
-12.360163678349535
 20
4.133235691782548
 30
7.25
 10
-12.684587027170993
 20
3.916462940457808
 30
9.25
 10
-12.901359778495731
 20
3.592039591636351
 30
9.25
 10
-12.901359778495731
 20
3.592039591636351
 30
7.25
 10
-12.684587027170993
 20
3.916462940457808
 30
7.25
 10
-12.901359778495731
 20
3.592039591636351
 30
9.25
 10
-12.977480245984445
 20
3.2093561592712607
 30
9.25
 10
-12.977480245984445
 20
3.2093561592712607
 30
7.25
 10
-12.901359778495731
 20
3.592039591636351
 30
7.25
 10
-12.977480245984445
 20
3.2093561592712607
 30
9.25
 10
-12.901359778495731
 20
2.826672726906171
 30
9.25
 10
-12.901359778495731
 20
2.826672726906171
 30
7.25
 10
-12.977480245984445
 20
3.2093561592712607
 30
7.25
 10
-12.901359778495731
 20
2.826672726906171
 30
9.25
 10
-12.684587027170993
 20
2.5022493780847133
 30
9.25
 10
-12.684587027170993
 20
2.5022493780847133
 30
7.25
 10
-12.901359778495731
 20
2.826672726906171
 30
7.25
 10
-12.684587027170993
 20
2.5022493780847133
 30
9.25
 10
-12.360163678349535
 20
2.285476626759974
 30
9.25
 10
-12.360163678349535
 20
2.285476626759974
 30
7.25
 10
-12.684587027170993
 20
2.5022493780847133
 30
7.25
 10
-12.360163678349535
 20
2.285476626759974
 30
9.25
 10
-11.977480245984445
 20
2.2093561592712607
 30
9.25
 10
-11.977480245984445
 20
2.2093561592712607
 30
7.25
 10
-12.360163678349535
 20
2.285476626759974
 30
7.25
 10
-11.977480245984445
 20
2.2093561592712607
 30
9.25
 10
-11.594796813619356
 20
2.285476626759974
 30
9.25
 10
-11.594796813619356
 20
2.285476626759974
 30
7.25
 10
-11.977480245984445
 20
2.2093561592712607
 30
7.25
 10
-11.594796813619356
 20
2.285476626759974
 30
9.25
 10
-11.270373464797897
 20
2.502249378084713
 30
9.25
 10
-11.270373464797897
 20
2.502249378084713
 30
7.25
 10
-11.594796813619356
 20
2.285476626759974
 30
7.25
 10
-11.270373464797897
 20
2.502249378084713
 30
9.25
 10
-11.053600713473159
 20
2.82667272690617
 30
9.25
 10
-11.053600713473159
 20
2.82667272690617
 30
7.25
 10
-11.270373464797897
 20
2.502249378084713
 30
7.25
 10
-11.053600713473159
 20
2.82667272690617
 30
9.25
 10
-10.977480245984445
 20
3.2093561592712607
 30
9.25
 10
-10.977480245984445
 20
3.2093561592712607
 30
7.25
 10
-11.053600713473159
 20
2.82667272690617
 30
7.25
 10
-10.977480245984445
 20
3.2093561592712607
 30
7.25
 10
-11.053600713473159
 20
3.5920395916363503
 30
7.25
 10
-11.977480245984445
 20
3.2093561592712607
 30
7.25
 10
-11.053600713473159
 20
3.5920395916363503
 30
7.25
 10
-11.270373464797897
 20
3.916462940457808
 30
7.25
 10
-11.977480245984445
 20
3.2093561592712607
 30
7.25
 10
-11.270373464797897
 20
3.916462940457808
 30
7.25
 10
-11.594796813619356
 20
4.133235691782548
 30
7.25
 10
-11.977480245984445
 20
3.2093561592712607
 30
7.25
 10
-11.594796813619356
 20
4.133235691782548
 30
7.25
 10
-11.977480245984445
 20
4.209356159271261
 30
7.25
 10
-11.977480245984445
 20
3.2093561592712607
 30
7.25
 10
-11.977480245984445
 20
4.209356159271261
 30
7.25
 10
-12.360163678349535
 20
4.133235691782548
 30
7.25
 10
-11.977480245984445
 20
3.2093561592712607
 30
7.25
 10
-12.360163678349535
 20
4.133235691782548
 30
7.25
 10
-12.684587027170993
 20
3.916462940457808
 30
7.25
 10
-11.977480245984445
 20
3.2093561592712607
 30
7.25
 10
-12.684587027170993
 20
3.916462940457808
 30
7.25
 10
-12.901359778495731
 20
3.592039591636351
 30
7.25
 10
-11.977480245984445
 20
3.2093561592712607
 30
7.25
 10
-12.901359778495731
 20
3.592039591636351
 30
7.25
 10
-12.977480245984445
 20
3.2093561592712607
 30
7.25
 10
-11.977480245984445
 20
3.2093561592712607
 30
7.25
 10
-12.977480245984445
 20
3.2093561592712607
 30
7.25
 10
-12.901359778495731
 20
2.826672726906171
 30
7.25
 10
-11.977480245984445
 20
3.2093561592712607
 30
7.25
 10
-12.901359778495731
 20
2.826672726906171
 30
7.25
 10
-12.684587027170993
 20
2.5022493780847133
 30
7.25
 10
-11.977480245984445
 20
3.2093561592712607
 30
7.25
 10
-12.684587027170993
 20
2.5022493780847133
 30
7.25
 10
-12.360163678349535
 20
2.285476626759974
 30
7.25
 10
-11.977480245984445
 20
3.2093561592712607
 30
7.25
 10
-12.360163678349535
 20
2.285476626759974
 30
7.25
 10
-11.977480245984445
 20
2.2093561592712607
 30
7.25
 10
-11.977480245984445
 20
3.2093561592712607
 30
7.25
 10
-11.977480245984445
 20
2.2093561592712607
 30
7.25
 10
-11.594796813619356
 20
2.285476626759974
 30
7.25
 10
-11.977480245984445
 20
3.2093561592712607
 30
7.25
 10
-11.594796813619356
 20
2.285476626759974
 30
7.25
 10
-11.270373464797897
 20
2.502249378084713
 30
7.25
 10
-11.977480245984445
 20
3.2093561592712607
 30
7.25
 10
-11.270373464797897
 20
2.502249378084713
 30
7.25
 10
-11.053600713473159
 20
2.82667272690617
 30
7.25
 10
-11.977480245984445
 20
3.2093561592712607
 30
7.25
 10
-11.053600713473159
 20
2.82667272690617
 30
7.25
 10
-10.977480245984445
 20
3.2093561592712607
 30
7.25
 10
-11.977480245984445
 20
3.2093561592712607
 30
7.25
 10
-11.977480245984447
 20
-3.209356159271258
 30
9.25
 10
-11.05360071347316
 20
-2.8266727269061684
 30
9.25
 10
-10.977480245984447
 20
-3.209356159271258
 30
9.25
 10
-11.977480245984447
 20
-3.209356159271258
 30
9.25
 10
-11.270373464797899
 20
-2.5022493780847106
 30
9.25
 10
-11.05360071347316
 20
-2.8266727269061684
 30
9.25
 10
-11.977480245984447
 20
-3.209356159271258
 30
9.25
 10
-11.594796813619357
 20
-2.285476626759971
 30
9.25
 10
-11.270373464797899
 20
-2.5022493780847106
 30
9.25
 10
-11.977480245984447
 20
-3.209356159271258
 30
9.25
 10
-11.977480245984447
 20
-2.209356159271258
 30
9.25
 10
-11.594796813619357
 20
-2.285476626759971
 30
9.25
 10
-11.977480245984447
 20
-3.209356159271258
 30
9.25
 10
-12.360163678349537
 20
-2.285476626759971
 30
9.25
 10
-11.977480245984447
 20
-2.209356159271258
 30
9.25
 10
-11.977480245984447
 20
-3.209356159271258
 30
9.25
 10
-12.684587027170995
 20
-2.5022493780847106
 30
9.25
 10
-12.360163678349537
 20
-2.285476626759971
 30
9.25
 10
-11.977480245984447
 20
-3.209356159271258
 30
9.25
 10
-12.901359778495733
 20
-2.826672726906168
 30
9.25
 10
-12.684587027170995
 20
-2.5022493780847106
 30
9.25
 10
-11.977480245984447
 20
-3.209356159271258
 30
9.25
 10
-12.977480245984447
 20
-3.209356159271258
 30
9.25
 10
-12.901359778495733
 20
-2.826672726906168
 30
9.25
 10
-11.977480245984447
 20
-3.209356159271258
 30
9.25
 10
-12.901359778495733
 20
-3.5920395916363477
 30
9.25
 10
-12.977480245984447
 20
-3.209356159271258
 30
9.25
 10
-11.977480245984447
 20
-3.209356159271258
 30
9.25
 10
-12.684587027170995
 20
-3.9164629404578055
 30
9.25
 10
-12.901359778495733
 20
-3.5920395916363477
 30
9.25
 10
-11.977480245984447
 20
-3.209356159271258
 30
9.25
 10
-12.360163678349537
 20
-4.133235691782545
 30
9.25
 10
-12.684587027170995
 20
-3.9164629404578055
 30
9.25
 10
-11.977480245984447
 20
-3.209356159271258
 30
9.25
 10
-11.977480245984447
 20
-4.209356159271258
 30
9.25
 10
-12.360163678349537
 20
-4.133235691782545
 30
9.25
 10
-11.977480245984447
 20
-3.209356159271258
 30
9.25
 10
-11.594796813619357
 20
-4.133235691782545
 30
9.25
 10
-11.977480245984447
 20
-4.209356159271258
 30
9.25
 10
-11.977480245984447
 20
-3.209356159271258
 30
9.25
 10
-11.270373464797899
 20
-3.916462940457806
 30
9.25
 10
-11.594796813619357
 20
-4.133235691782545
 30
9.25
 10
-11.977480245984447
 20
-3.209356159271258
 30
9.25
 10
-11.05360071347316
 20
-3.5920395916363486
 30
9.25
 10
-11.270373464797899
 20
-3.916462940457806
 30
9.25
 10
-11.977480245984447
 20
-3.209356159271258
 30
9.25
 10
-10.977480245984447
 20
-3.209356159271258
 30
9.25
 10
-11.05360071347316
 20
-3.5920395916363486
 30
9.25
 10
-10.977480245984447
 20
-3.209356159271258
 30
9.25
 10
-11.05360071347316
 20
-2.8266727269061684
 30
9.25
 10
-11.05360071347316
 20
-2.8266727269061684
 30
7.25
 10
-10.977480245984447
 20
-3.209356159271258
 30
7.25
 10
-11.05360071347316
 20
-2.8266727269061684
 30
9.25
 10
-11.270373464797899
 20
-2.5022493780847106
 30
9.25
 10
-11.270373464797899
 20
-2.5022493780847106
 30
7.25
 10
-11.05360071347316
 20
-2.8266727269061684
 30
7.25
 10
-11.270373464797899
 20
-2.5022493780847106
 30
9.25
 10
-11.594796813619357
 20
-2.285476626759971
 30
9.25
 10
-11.594796813619357
 20
-2.285476626759971
 30
7.25
 10
-11.270373464797899
 20
-2.5022493780847106
 30
7.25
 10
-11.594796813619357
 20
-2.285476626759971
 30
9.25
 10
-11.977480245984447
 20
-2.209356159271258
 30
9.25
 10
-11.977480245984447
 20
-2.209356159271258
 30
7.25
 10
-11.594796813619357
 20
-2.285476626759971
 30
7.25
 10
-11.977480245984447
 20
-2.209356159271258
 30
9.25
 10
-12.360163678349537
 20
-2.285476626759971
 30
9.25
 10
-12.360163678349537
 20
-2.285476626759971
 30
7.25
 10
-11.977480245984447
 20
-2.209356159271258
 30
7.25
 10
-12.360163678349537
 20
-2.285476626759971
 30
9.25
 10
-12.684587027170995
 20
-2.5022493780847106
 30
9.25
 10
-12.684587027170995
 20
-2.5022493780847106
 30
7.25
 10
-12.360163678349537
 20
-2.285476626759971
 30
7.25
 10
-12.684587027170995
 20
-2.5022493780847106
 30
9.25
 10
-12.901359778495733
 20
-2.826672726906168
 30
9.25
 10
-12.901359778495733
 20
-2.826672726906168
 30
7.25
 10
-12.684587027170995
 20
-2.5022493780847106
 30
7.25
 10
-12.901359778495733
 20
-2.826672726906168
 30
9.25
 10
-12.977480245984447
 20
-3.209356159271258
 30
9.25
 10
-12.977480245984447
 20
-3.209356159271258
 30
7.25
 10
-12.901359778495733
 20
-2.826672726906168
 30
7.25
 10
-12.977480245984447
 20
-3.209356159271258
 30
9.25
 10
-12.901359778495733
 20
-3.5920395916363477
 30
9.25
 10
-12.901359778495733
 20
-3.5920395916363477
 30
7.25
 10
-12.977480245984447
 20
-3.209356159271258
 30
7.25
 10
-12.901359778495733
 20
-3.5920395916363477
 30
9.25
 10
-12.684587027170995
 20
-3.9164629404578055
 30
9.25
 10
-12.684587027170995
 20
-3.9164629404578055
 30
7.25
 10
-12.901359778495733
 20
-3.5920395916363477
 30
7.25
 10
-12.684587027170995
 20
-3.9164629404578055
 30
9.25
 10
-12.360163678349537
 20
-4.133235691782545
 30
9.25
 10
-12.360163678349537
 20
-4.133235691782545
 30
7.25
 10
-12.684587027170995
 20
-3.9164629404578055
 30
7.25
 10
-12.360163678349537
 20
-4.133235691782545
 30
9.25
 10
-11.977480245984447
 20
-4.209356159271258
 30
9.25
 10
-11.977480245984447
 20
-4.209356159271258
 30
7.25
 10
-12.360163678349537
 20
-4.133235691782545
 30
7.25
 10
-11.977480245984447
 20
-4.209356159271258
 30
9.25
 10
-11.594796813619357
 20
-4.133235691782545
 30
9.25
 10
-11.594796813619357
 20
-4.133235691782545
 30
7.25
 10
-11.977480245984447
 20
-4.209356159271258
 30
7.25
 10
-11.594796813619357
 20
-4.133235691782545
 30
9.25
 10
-11.270373464797899
 20
-3.916462940457806
 30
9.25
 10
-11.270373464797899
 20
-3.916462940457806
 30
7.25
 10
-11.594796813619357
 20
-4.133235691782545
 30
7.25
 10
-11.270373464797899
 20
-3.916462940457806
 30
9.25
 10
-11.05360071347316
 20
-3.5920395916363486
 30
9.25
 10
-11.05360071347316
 20
-3.5920395916363486
 30
7.25
 10
-11.270373464797899
 20
-3.916462940457806
 30
7.25
 10
-11.05360071347316
 20
-3.5920395916363486
 30
9.25
 10
-10.977480245984447
 20
-3.209356159271258
 30
9.25
 10
-10.977480245984447
 20
-3.209356159271258
 30
7.25
 10
-11.05360071347316
 20
-3.5920395916363486
 30
7.25
 10
-10.977480245984447
 20
-3.209356159271258
 30
7.25
 10
-11.05360071347316
 20
-2.8266727269061684
 30
7.25
 10
-11.977480245984447
 20
-3.209356159271258
 30
7.25
 10
-11.05360071347316
 20
-2.8266727269061684
 30
7.25
 10
-11.270373464797899
 20
-2.5022493780847106
 30
7.25
 10
-11.977480245984447
 20
-3.209356159271258
 30
7.25
 10
-11.270373464797899
 20
-2.5022493780847106
 30
7.25
 10
-11.594796813619357
 20
-2.285476626759971
 30
7.25
 10
-11.977480245984447
 20
-3.209356159271258
 30
7.25
 10
-11.594796813619357
 20
-2.285476626759971
 30
7.25
 10
-11.977480245984447
 20
-2.209356159271258
 30
7.25
 10
-11.977480245984447
 20
-3.209356159271258
 30
7.25
 10
-11.977480245984447
 20
-2.209356159271258
 30
7.25
 10
-12.360163678349537
 20
-2.285476626759971
 30
7.25
 10
-11.977480245984447
 20
-3.209356159271258
 30
7.25
 10
-12.360163678349537
 20
-2.285476626759971
 30
7.25
 10
-12.684587027170995
 20
-2.5022493780847106
 30
7.25
 10
-11.977480245984447
 20
-3.209356159271258
 30
7.25
 10
-12.684587027170995
 20
-2.5022493780847106
 30
7.25
 10
-12.901359778495733
 20
-2.826672726906168
 30
7.25
 10
-11.977480245984447
 20
-3.209356159271258
 30
7.25
 10
-12.901359778495733
 20
-2.826672726906168
 30
7.25
 10
-12.977480245984447
 20
-3.209356159271258
 30
7.25
 10
-11.977480245984447
 20
-3.209356159271258
 30
7.25
 10
-12.977480245984447
 20
-3.209356159271258
 30
7.25
 10
-12.901359778495733
 20
-3.5920395916363477
 30
7.25
 10
-11.977480245984447
 20
-3.209356159271258
 30
7.25
 10
-12.901359778495733
 20
-3.5920395916363477
 30
7.25
 10
-12.684587027170995
 20
-3.9164629404578055
 30
7.25
 10
-11.977480245984447
 20
-3.209356159271258
 30
7.25
 10
-12.684587027170995
 20
-3.9164629404578055
 30
7.25
 10
-12.360163678349537
 20
-4.133235691782545
 30
7.25
 10
-11.977480245984447
 20
-3.209356159271258
 30
7.25
 10
-12.360163678349537
 20
-4.133235691782545
 30
7.25
 10
-11.977480245984447
 20
-4.209356159271258
 30
7.25
 10
-11.977480245984447
 20
-3.209356159271258
 30
7.25
 10
-11.977480245984447
 20
-4.209356159271258
 30
7.25
 10
-11.594796813619357
 20
-4.133235691782545
 30
7.25
 10
-11.977480245984447
 20
-3.209356159271258
 30
7.25
 10
-11.594796813619357
 20
-4.133235691782545
 30
7.25
 10
-11.270373464797899
 20
-3.916462940457806
 30
7.25
 10
-11.977480245984447
 20
-3.209356159271258
 30
7.25
 10
-11.270373464797899
 20
-3.916462940457806
 30
7.25
 10
-11.05360071347316
 20
-3.5920395916363486
 30
7.25
 10
-11.977480245984447
 20
-3.209356159271258
 30
7.25
 10
-11.05360071347316
 20
-3.5920395916363486
 30
7.25
 10
-10.977480245984447
 20
-3.209356159271258
 30
7.25
 10
-11.977480245984447
 20
-3.209356159271258
 30
7.25
 10
-6.2000000000000055
 20
-10.738715006927036
 30
9.25
 10
-5.2761204674887185
 20
-10.356031574561946
 30
9.25
 10
-5.2000000000000055
 20
-10.738715006927036
 30
9.25
 10
-6.2000000000000055
 20
-10.738715006927036
 30
9.25
 10
-5.492893218813458
 20
-10.031608225740488
 30
9.25
 10
-5.2761204674887185
 20
-10.356031574561946
 30
9.25
 10
-6.2000000000000055
 20
-10.738715006927036
 30
9.25
 10
-5.817316567634916
 20
-9.81483547441575
 30
9.25
 10
-5.492893218813458
 20
-10.031608225740488
 30
9.25
 10
-6.2000000000000055
 20
-10.738715006927036
 30
9.25
 10
-6.2000000000000055
 20
-9.738715006927036
 30
9.25
 10
-5.817316567634916
 20
-9.81483547441575
 30
9.25
 10
-6.2000000000000055
 20
-10.738715006927036
 30
9.25
 10
-6.582683432365095
 20
-9.81483547441575
 30
9.25
 10
-6.2000000000000055
 20
-9.738715006927036
 30
9.25
 10
-6.2000000000000055
 20
-10.738715006927036
 30
9.25
 10
-6.9071067811865525
 20
-10.031608225740488
 30
9.25
 10
-6.582683432365095
 20
-9.81483547441575
 30
9.25
 10
-6.2000000000000055
 20
-10.738715006927036
 30
9.25
 10
-7.1238795325112925
 20
-10.356031574561946
 30
9.25
 10
-6.9071067811865525
 20
-10.031608225740488
 30
9.25
 10
-6.2000000000000055
 20
-10.738715006927036
 30
9.25
 10
-7.2000000000000055
 20
-10.738715006927036
 30
9.25
 10
-7.1238795325112925
 20
-10.356031574561946
 30
9.25
 10
-6.2000000000000055
 20
-10.738715006927036
 30
9.25
 10
-7.1238795325112925
 20
-11.121398439292125
 30
9.25
 10
-7.2000000000000055
 20
-10.738715006927036
 30
9.25
 10
-6.2000000000000055
 20
-10.738715006927036
 30
9.25
 10
-6.907106781186553
 20
-11.445821788113584
 30
9.25
 10
-7.1238795325112925
 20
-11.121398439292125
 30
9.25
 10
-6.2000000000000055
 20
-10.738715006927036
 30
9.25
 10
-6.582683432365096
 20
-11.662594539438322
 30
9.25
 10
-6.907106781186553
 20
-11.445821788113584
 30
9.25
 10
-6.2000000000000055
 20
-10.738715006927036
 30
9.25
 10
-6.2000000000000055
 20
-11.738715006927036
 30
9.25
 10
-6.582683432365096
 20
-11.662594539438322
 30
9.25
 10
-6.2000000000000055
 20
-10.738715006927036
 30
9.25
 10
-5.817316567634916
 20
-11.662594539438322
 30
9.25
 10
-6.2000000000000055
 20
-11.738715006927036
 30
9.25
 10
-6.2000000000000055
 20
-10.738715006927036
 30
9.25
 10
-5.4928932188134585
 20
-11.445821788113584
 30
9.25
 10
-5.817316567634916
 20
-11.662594539438322
 30
9.25
 10
-6.2000000000000055
 20
-10.738715006927036
 30
9.25
 10
-5.2761204674887185
 20
-11.121398439292125
 30
9.25
 10
-5.4928932188134585
 20
-11.445821788113584
 30
9.25
 10
-6.2000000000000055
 20
-10.738715006927036
 30
9.25
 10
-5.2000000000000055
 20
-10.738715006927036
 30
9.25
 10
-5.2761204674887185
 20
-11.121398439292125
 30
9.25
 10
-5.2000000000000055
 20
-10.738715006927036
 30
9.25
 10
-5.2761204674887185
 20
-10.356031574561946
 30
9.25
 10
-5.2761204674887185
 20
-10.356031574561946
 30
7.25
 10
-5.2000000000000055
 20
-10.738715006927036
 30
7.25
 10
-5.2761204674887185
 20
-10.356031574561946
 30
9.25
 10
-5.492893218813458
 20
-10.031608225740488
 30
9.25
 10
-5.492893218813458
 20
-10.031608225740488
 30
7.25
 10
-5.2761204674887185
 20
-10.356031574561946
 30
7.25
 10
-5.492893218813458
 20
-10.031608225740488
 30
9.25
 10
-5.817316567634916
 20
-9.81483547441575
 30
9.25
 10
-5.817316567634916
 20
-9.81483547441575
 30
7.25
 10
-5.492893218813458
 20
-10.031608225740488
 30
7.25
 10
-5.817316567634916
 20
-9.81483547441575
 30
9.25
 10
-6.2000000000000055
 20
-9.738715006927036
 30
9.25
 10
-6.2000000000000055
 20
-9.738715006927036
 30
7.25
 10
-5.817316567634916
 20
-9.81483547441575
 30
7.25
 10
-6.2000000000000055
 20
-9.738715006927036
 30
9.25
 10
-6.582683432365095
 20
-9.81483547441575
 30
9.25
 10
-6.582683432365095
 20
-9.81483547441575
 30
7.25
 10
-6.2000000000000055
 20
-9.738715006927036
 30
7.25
 10
-6.582683432365095
 20
-9.81483547441575
 30
9.25
 10
-6.9071067811865525
 20
-10.031608225740488
 30
9.25
 10
-6.9071067811865525
 20
-10.031608225740488
 30
7.25
 10
-6.582683432365095
 20
-9.81483547441575
 30
7.25
 10
-6.9071067811865525
 20
-10.031608225740488
 30
9.25
 10
-7.1238795325112925
 20
-10.356031574561946
 30
9.25
 10
-7.1238795325112925
 20
-10.356031574561946
 30
7.25
 10
-6.9071067811865525
 20
-10.031608225740488
 30
7.25
 10
-7.1238795325112925
 20
-10.356031574561946
 30
9.25
 10
-7.2000000000000055
 20
-10.738715006927036
 30
9.25
 10
-7.2000000000000055
 20
-10.738715006927036
 30
7.25
 10
-7.1238795325112925
 20
-10.356031574561946
 30
7.25
 10
-7.2000000000000055
 20
-10.738715006927036
 30
9.25
 10
-7.1238795325112925
 20
-11.121398439292125
 30
9.25
 10
-7.1238795325112925
 20
-11.121398439292125
 30
7.25
 10
-7.2000000000000055
 20
-10.738715006927036
 30
7.25
 10
-7.1238795325112925
 20
-11.121398439292125
 30
9.25
 10
-6.907106781186553
 20
-11.445821788113584
 30
9.25
 10
-6.907106781186553
 20
-11.445821788113584
 30
7.25
 10
-7.1238795325112925
 20
-11.121398439292125
 30
7.25
 10
-6.907106781186553
 20
-11.445821788113584
 30
9.25
 10
-6.582683432365096
 20
-11.662594539438322
 30
9.25
 10
-6.582683432365096
 20
-11.662594539438322
 30
7.25
 10
-6.907106781186553
 20
-11.445821788113584
 30
7.25
 10
-6.582683432365096
 20
-11.662594539438322
 30
9.25
 10
-6.2000000000000055
 20
-11.738715006927036
 30
9.25
 10
-6.2000000000000055
 20
-11.738715006927036
 30
7.25
 10
-6.582683432365096
 20
-11.662594539438322
 30
7.25
 10
-6.2000000000000055
 20
-11.738715006927036
 30
9.25
 10
-5.817316567634916
 20
-11.662594539438322
 30
9.25
 10
-5.817316567634916
 20
-11.662594539438322
 30
7.25
 10
-6.2000000000000055
 20
-11.738715006927036
 30
7.25
 10
-5.817316567634916
 20
-11.662594539438322
 30
9.25
 10
-5.4928932188134585
 20
-11.445821788113584
 30
9.25
 10
-5.4928932188134585
 20
-11.445821788113584
 30
7.25
 10
-5.817316567634916
 20
-11.662594539438322
 30
7.25
 10
-5.4928932188134585
 20
-11.445821788113584
 30
9.25
 10
-5.2761204674887185
 20
-11.121398439292125
 30
9.25
 10
-5.2761204674887185
 20
-11.121398439292125
 30
7.25
 10
-5.4928932188134585
 20
-11.445821788113584
 30
7.25
 10
-5.2761204674887185
 20
-11.121398439292125
 30
9.25
 10
-5.2000000000000055
 20
-10.738715006927036
 30
9.25
 10
-5.2000000000000055
 20
-10.738715006927036
 30
7.25
 10
-5.2761204674887185
 20
-11.121398439292125
 30
7.25
 10
-5.2000000000000055
 20
-10.738715006927036
 30
7.25
 10
-5.2761204674887185
 20
-10.356031574561946
 30
7.25
 10
-6.2000000000000055
 20
-10.738715006927036
 30
7.25
 10
-5.2761204674887185
 20
-10.356031574561946
 30
7.25
 10
-5.492893218813458
 20
-10.031608225740488
 30
7.25
 10
-6.2000000000000055
 20
-10.738715006927036
 30
7.25
 10
-5.492893218813458
 20
-10.031608225740488
 30
7.25
 10
-5.817316567634916
 20
-9.81483547441575
 30
7.25
 10
-6.2000000000000055
 20
-10.738715006927036
 30
7.25
 10
-5.817316567634916
 20
-9.81483547441575
 30
7.25
 10
-6.2000000000000055
 20
-9.738715006927036
 30
7.25
 10
-6.2000000000000055
 20
-10.738715006927036
 30
7.25
 10
-6.2000000000000055
 20
-9.738715006927036
 30
7.25
 10
-6.582683432365095
 20
-9.81483547441575
 30
7.25
 10
-6.2000000000000055
 20
-10.738715006927036
 30
7.25
 10
-6.582683432365095
 20
-9.81483547441575
 30
7.25
 10
-6.9071067811865525
 20
-10.031608225740488
 30
7.25
 10
-6.2000000000000055
 20
-10.738715006927036
 30
7.25
 10
-6.9071067811865525
 20
-10.031608225740488
 30
7.25
 10
-7.1238795325112925
 20
-10.356031574561946
 30
7.25
 10
-6.2000000000000055
 20
-10.738715006927036
 30
7.25
 10
-7.1238795325112925
 20
-10.356031574561946
 30
7.25
 10
-7.2000000000000055
 20
-10.738715006927036
 30
7.25
 10
-6.2000000000000055
 20
-10.738715006927036
 30
7.25
 10
-7.2000000000000055
 20
-10.738715006927036
 30
7.25
 10
-7.1238795325112925
 20
-11.121398439292125
 30
7.25
 10
-6.2000000000000055
 20
-10.738715006927036
 30
7.25
 10
-7.1238795325112925
 20
-11.121398439292125
 30
7.25
 10
-6.907106781186553
 20
-11.445821788113584
 30
7.25
 10
-6.2000000000000055
 20
-10.738715006927036
 30
7.25
 10
-6.907106781186553
 20
-11.445821788113584
 30
7.25
 10
-6.582683432365096
 20
-11.662594539438322
 30
7.25
 10
-6.2000000000000055
 20
-10.738715006927036
 30
7.25
 10
-6.582683432365096
 20
-11.662594539438322
 30
7.25
 10
-6.2000000000000055
 20
-11.738715006927036
 30
7.25
 10
-6.2000000000000055
 20
-10.738715006927036
 30
7.25
 10
-6.2000000000000055
 20
-11.738715006927036
 30
7.25
 10
-5.817316567634916
 20
-11.662594539438322
 30
7.25
 10
-6.2000000000000055
 20
-10.738715006927036
 30
7.25
 10
-5.817316567634916
 20
-11.662594539438322
 30
7.25
 10
-5.4928932188134585
 20
-11.445821788113584
 30
7.25
 10
-6.2000000000000055
 20
-10.738715006927036
 30
7.25
 10
-5.4928932188134585
 20
-11.445821788113584
 30
7.25
 10
-5.2761204674887185
 20
-11.121398439292125
 30
7.25
 10
-6.2000000000000055
 20
-10.738715006927036
 30
7.25
 10
-5.2761204674887185
 20
-11.121398439292125
 30
7.25
 10
-5.2000000000000055
 20
-10.738715006927036
 30
7.25
 10
-6.2000000000000055
 20
-10.738715006927036
 30
7.25
 10
3.209356159271252
 20
-11.977480245984449
 30
9.25
 10
4.133235691782539
 20
-11.594796813619359
 30
9.25
 10
4.209356159271252
 20
-11.977480245984449
 30
9.25
 10
3.209356159271252
 20
-11.977480245984449
 30
9.25
 10
3.9164629404577993
 20
-11.2703734647979
 30
9.25
 10
4.133235691782539
 20
-11.594796813619359
 30
9.25
 10
3.209356159271252
 20
-11.977480245984449
 30
9.25
 10
3.5920395916363415
 20
-11.053600713473163
 30
9.25
 10
3.9164629404577993
 20
-11.2703734647979
 30
9.25
 10
3.209356159271252
 20
-11.977480245984449
 30
9.25
 10
3.209356159271252
 20
-10.977480245984449
 30
9.25
 10
3.5920395916363415
 20
-11.053600713473163
 30
9.25
 10
3.209356159271252
 20
-11.977480245984449
 30
9.25
 10
2.8266727269061622
 20
-11.053600713473163
 30
9.25
 10
3.209356159271252
 20
-10.977480245984449
 30
9.25
 10
3.209356159271252
 20
-11.977480245984449
 30
9.25
 10
2.5022493780847044
 20
-11.2703734647979
 30
9.25
 10
2.8266727269061622
 20
-11.053600713473163
 30
9.25
 10
3.209356159271252
 20
-11.977480245984449
 30
9.25
 10
2.285476626759965
 20
-11.594796813619359
 30
9.25
 10
2.5022493780847044
 20
-11.2703734647979
 30
9.25
 10
3.209356159271252
 20
-11.977480245984449
 30
9.25
 10
2.209356159271252
 20
-11.977480245984449
 30
9.25
 10
2.285476626759965
 20
-11.594796813619359
 30
9.25
 10
3.209356159271252
 20
-11.977480245984449
 30
9.25
 10
2.285476626759965
 20
-12.360163678349538
 30
9.25
 10
2.209356159271252
 20
-11.977480245984449
 30
9.25
 10
3.209356159271252
 20
-11.977480245984449
 30
9.25
 10
2.502249378084704
 20
-12.684587027170997
 30
9.25
 10
2.285476626759965
 20
-12.360163678349538
 30
9.25
 10
3.209356159271252
 20
-11.977480245984449
 30
9.25
 10
2.8266727269061613
 20
-12.901359778495735
 30
9.25
 10
2.502249378084704
 20
-12.684587027170997
 30
9.25
 10
3.209356159271252
 20
-11.977480245984449
 30
9.25
 10
3.209356159271252
 20
-12.977480245984449
 30
9.25
 10
2.8266727269061613
 20
-12.901359778495735
 30
9.25
 10
3.209356159271252
 20
-11.977480245984449
 30
9.25
 10
3.592039591636342
 20
-12.901359778495735
 30
9.25
 10
3.209356159271252
 20
-12.977480245984449
 30
9.25
 10
3.209356159271252
 20
-11.977480245984449
 30
9.25
 10
3.9164629404577993
 20
-12.684587027170997
 30
9.25
 10
3.592039591636342
 20
-12.901359778495735
 30
9.25
 10
3.209356159271252
 20
-11.977480245984449
 30
9.25
 10
4.133235691782538
 20
-12.360163678349538
 30
9.25
 10
3.9164629404577993
 20
-12.684587027170997
 30
9.25
 10
3.209356159271252
 20
-11.977480245984449
 30
9.25
 10
4.209356159271252
 20
-11.977480245984449
 30
9.25
 10
4.133235691782538
 20
-12.360163678349538
 30
9.25
 10
4.209356159271252
 20
-11.977480245984449
 30
9.25
 10
4.133235691782539
 20
-11.594796813619359
 30
9.25
 10
4.133235691782539
 20
-11.594796813619359
 30
7.25
 10
4.209356159271252
 20
-11.977480245984449
 30
7.25
 10
4.133235691782539
 20
-11.594796813619359
 30
9.25
 10
3.9164629404577993
 20
-11.2703734647979
 30
9.25
 10
3.9164629404577993
 20
-11.2703734647979
 30
7.25
 10
4.133235691782539
 20
-11.594796813619359
 30
7.25
 10
3.9164629404577993
 20
-11.2703734647979
 30
9.25
 10
3.5920395916363415
 20
-11.053600713473163
 30
9.25
 10
3.5920395916363415
 20
-11.053600713473163
 30
7.25
 10
3.9164629404577993
 20
-11.2703734647979
 30
7.25
 10
3.5920395916363415
 20
-11.053600713473163
 30
9.25
 10
3.209356159271252
 20
-10.977480245984449
 30
9.25
 10
3.209356159271252
 20
-10.977480245984449
 30
7.25
 10
3.5920395916363415
 20
-11.053600713473163
 30
7.25
 10
3.209356159271252
 20
-10.977480245984449
 30
9.25
 10
2.8266727269061622
 20
-11.053600713473163
 30
9.25
 10
2.8266727269061622
 20
-11.053600713473163
 30
7.25
 10
3.209356159271252
 20
-10.977480245984449
 30
7.25
 10
2.8266727269061622
 20
-11.053600713473163
 30
9.25
 10
2.5022493780847044
 20
-11.2703734647979
 30
9.25
 10
2.5022493780847044
 20
-11.2703734647979
 30
7.25
 10
2.8266727269061622
 20
-11.053600713473163
 30
7.25
 10
2.5022493780847044
 20
-11.2703734647979
 30
9.25
 10
2.285476626759965
 20
-11.594796813619359
 30
9.25
 10
2.285476626759965
 20
-11.594796813619359
 30
7.25
 10
2.5022493780847044
 20
-11.2703734647979
 30
7.25
 10
2.285476626759965
 20
-11.594796813619359
 30
9.25
 10
2.209356159271252
 20
-11.977480245984449
 30
9.25
 10
2.209356159271252
 20
-11.977480245984449
 30
7.25
 10
2.285476626759965
 20
-11.594796813619359
 30
7.25
 10
2.209356159271252
 20
-11.977480245984449
 30
9.25
 10
2.285476626759965
 20
-12.360163678349538
 30
9.25
 10
2.285476626759965
 20
-12.360163678349538
 30
7.25
 10
2.209356159271252
 20
-11.977480245984449
 30
7.25
 10
2.285476626759965
 20
-12.360163678349538
 30
9.25
 10
2.502249378084704
 20
-12.684587027170997
 30
9.25
 10
2.502249378084704
 20
-12.684587027170997
 30
7.25
 10
2.285476626759965
 20
-12.360163678349538
 30
7.25
 10
2.502249378084704
 20
-12.684587027170997
 30
9.25
 10
2.8266727269061613
 20
-12.901359778495735
 30
9.25
 10
2.8266727269061613
 20
-12.901359778495735
 30
7.25
 10
2.502249378084704
 20
-12.684587027170997
 30
7.25
 10
2.8266727269061613
 20
-12.901359778495735
 30
9.25
 10
3.209356159271252
 20
-12.977480245984449
 30
9.25
 10
3.209356159271252
 20
-12.977480245984449
 30
7.25
 10
2.8266727269061613
 20
-12.901359778495735
 30
7.25
 10
3.209356159271252
 20
-12.977480245984449
 30
9.25
 10
3.592039591636342
 20
-12.901359778495735
 30
9.25
 10
3.592039591636342
 20
-12.901359778495735
 30
7.25
 10
3.209356159271252
 20
-12.977480245984449
 30
7.25
 10
3.592039591636342
 20
-12.901359778495735
 30
9.25
 10
3.9164629404577993
 20
-12.684587027170997
 30
9.25
 10
3.9164629404577993
 20
-12.684587027170997
 30
7.25
 10
3.592039591636342
 20
-12.901359778495735
 30
7.25
 10
3.9164629404577993
 20
-12.684587027170997
 30
9.25
 10
4.133235691782538
 20
-12.360163678349538
 30
9.25
 10
4.133235691782538
 20
-12.360163678349538
 30
7.25
 10
3.9164629404577993
 20
-12.684587027170997
 30
7.25
 10
4.133235691782538
 20
-12.360163678349538
 30
9.25
 10
4.209356159271252
 20
-11.977480245984449
 30
9.25
 10
4.209356159271252
 20
-11.977480245984449
 30
7.25
 10
4.133235691782538
 20
-12.360163678349538
 30
7.25
 10
4.209356159271252
 20
-11.977480245984449
 30
7.25
 10
4.133235691782539
 20
-11.594796813619359
 30
7.25
 10
3.209356159271252
 20
-11.977480245984449
 30
7.25
 10
4.133235691782539
 20
-11.594796813619359
 30
7.25
 10
3.9164629404577993
 20
-11.2703734647979
 30
7.25
 10
3.209356159271252
 20
-11.977480245984449
 30
7.25
 10
3.9164629404577993
 20
-11.2703734647979
 30
7.25
 10
3.5920395916363415
 20
-11.053600713473163
 30
7.25
 10
3.209356159271252
 20
-11.977480245984449
 30
7.25
 10
3.5920395916363415
 20
-11.053600713473163
 30
7.25
 10
3.209356159271252
 20
-10.977480245984449
 30
7.25
 10
3.209356159271252
 20
-11.977480245984449
 30
7.25
 10
3.209356159271252
 20
-10.977480245984449
 30
7.25
 10
2.8266727269061622
 20
-11.053600713473163
 30
7.25
 10
3.209356159271252
 20
-11.977480245984449
 30
7.25
 10
2.8266727269061622
 20
-11.053600713473163
 30
7.25
 10
2.5022493780847044
 20
-11.2703734647979
 30
7.25
 10
3.209356159271252
 20
-11.977480245984449
 30
7.25
 10
2.5022493780847044
 20
-11.2703734647979
 30
7.25
 10
2.285476626759965
 20
-11.594796813619359
 30
7.25
 10
3.209356159271252
 20
-11.977480245984449
 30
7.25
 10
2.285476626759965
 20
-11.594796813619359
 30
7.25
 10
2.209356159271252
 20
-11.977480245984449
 30
7.25
 10
3.209356159271252
 20
-11.977480245984449
 30
7.25
 10
2.209356159271252
 20
-11.977480245984449
 30
7.25
 10
2.285476626759965
 20
-12.360163678349538
 30
7.25
 10
3.209356159271252
 20
-11.977480245984449
 30
7.25
 10
2.285476626759965
 20
-12.360163678349538
 30
7.25
 10
2.502249378084704
 20
-12.684587027170997
 30
7.25
 10
3.209356159271252
 20
-11.977480245984449
 30
7.25
 10
2.502249378084704
 20
-12.684587027170997
 30
7.25
 10
2.8266727269061613
 20
-12.901359778495735
 30
7.25
 10
3.209356159271252
 20
-11.977480245984449
 30
7.25
 10
2.8266727269061613
 20
-12.901359778495735
 30
7.25
 10
3.209356159271252
 20
-12.977480245984449
 30
7.25
 10
3.209356159271252
 20
-11.977480245984449
 30
7.25
 10
3.209356159271252
 20
-12.977480245984449
 30
7.25
 10
3.592039591636342
 20
-12.901359778495735
 30
7.25
 10
3.209356159271252
 20
-11.977480245984449
 30
7.25
 10
3.592039591636342
 20
-12.901359778495735
 30
7.25
 10
3.9164629404577993
 20
-12.684587027170997
 30
7.25
 10
3.209356159271252
 20
-11.977480245984449
 30
7.25
 10
3.9164629404577993
 20
-12.684587027170997
 30
7.25
 10
4.133235691782538
 20
-12.360163678349538
 30
7.25
 10
3.209356159271252
 20
-11.977480245984449
 30
7.25
 10
4.133235691782538
 20
-12.360163678349538
 30
7.25
 10
4.209356159271252
 20
-11.977480245984449
 30
7.25
 10
3.209356159271252
 20
-11.977480245984449
 30
7.25
 10
10.738715006927036
 20
-6.2000000000000055
 30
9.25
 10
11.662594539438322
 20
-5.817316567634916
 30
9.25
 10
11.738715006927036
 20
-6.2000000000000055
 30
9.25
 10
10.738715006927036
 20
-6.2000000000000055
 30
9.25
 10
11.445821788113584
 20
-5.4928932188134585
 30
9.25
 10
11.662594539438322
 20
-5.817316567634916
 30
9.25
 10
10.738715006927036
 20
-6.2000000000000055
 30
9.25
 10
11.121398439292125
 20
-5.2761204674887185
 30
9.25
 10
11.445821788113584
 20
-5.4928932188134585
 30
9.25
 10
10.738715006927036
 20
-6.2000000000000055
 30
9.25
 10
10.738715006927036
 20
-5.2000000000000055
 30
9.25
 10
11.121398439292125
 20
-5.2761204674887185
 30
9.25
 10
10.738715006927036
 20
-6.2000000000000055
 30
9.25
 10
10.356031574561946
 20
-5.2761204674887185
 30
9.25
 10
10.738715006927036
 20
-5.2000000000000055
 30
9.25
 10
10.738715006927036
 20
-6.2000000000000055
 30
9.25
 10
10.031608225740488
 20
-5.492893218813458
 30
9.25
 10
10.356031574561946
 20
-5.2761204674887185
 30
9.25
 10
10.738715006927036
 20
-6.2000000000000055
 30
9.25
 10
9.81483547441575
 20
-5.817316567634916
 30
9.25
 10
10.031608225740488
 20
-5.492893218813458
 30
9.25
 10
10.738715006927036
 20
-6.2000000000000055
 30
9.25
 10
9.738715006927036
 20
-6.2000000000000055
 30
9.25
 10
9.81483547441575
 20
-5.817316567634916
 30
9.25
 10
10.738715006927036
 20
-6.2000000000000055
 30
9.25
 10
9.81483547441575
 20
-6.582683432365095
 30
9.25
 10
9.738715006927036
 20
-6.2000000000000055
 30
9.25
 10
10.738715006927036
 20
-6.2000000000000055
 30
9.25
 10
10.031608225740488
 20
-6.9071067811865525
 30
9.25
 10
9.81483547441575
 20
-6.582683432365095
 30
9.25
 10
10.738715006927036
 20
-6.2000000000000055
 30
9.25
 10
10.356031574561946
 20
-7.1238795325112925
 30
9.25
 10
10.031608225740488
 20
-6.9071067811865525
 30
9.25
 10
10.738715006927036
 20
-6.2000000000000055
 30
9.25
 10
10.738715006927036
 20
-7.2000000000000055
 30
9.25
 10
10.356031574561946
 20
-7.1238795325112925
 30
9.25
 10
10.738715006927036
 20
-6.2000000000000055
 30
9.25
 10
11.121398439292125
 20
-7.1238795325112925
 30
9.25
 10
10.738715006927036
 20
-7.2000000000000055
 30
9.25
 10
10.738715006927036
 20
-6.2000000000000055
 30
9.25
 10
11.445821788113584
 20
-6.907106781186553
 30
9.25
 10
11.121398439292125
 20
-7.1238795325112925
 30
9.25
 10
10.738715006927036
 20
-6.2000000000000055
 30
9.25
 10
11.662594539438322
 20
-6.582683432365096
 30
9.25
 10
11.445821788113584
 20
-6.907106781186553
 30
9.25
 10
10.738715006927036
 20
-6.2000000000000055
 30
9.25
 10
11.738715006927036
 20
-6.2000000000000055
 30
9.25
 10
11.662594539438322
 20
-6.582683432365096
 30
9.25
 10
11.738715006927036
 20
-6.2000000000000055
 30
9.25
 10
11.662594539438322
 20
-5.817316567634916
 30
9.25
 10
11.662594539438322
 20
-5.817316567634916
 30
7.25
 10
11.738715006927036
 20
-6.2000000000000055
 30
7.25
 10
11.662594539438322
 20
-5.817316567634916
 30
9.25
 10
11.445821788113584
 20
-5.4928932188134585
 30
9.25
 10
11.445821788113584
 20
-5.4928932188134585
 30
7.25
 10
11.662594539438322
 20
-5.817316567634916
 30
7.25
 10
11.445821788113584
 20
-5.4928932188134585
 30
9.25
 10
11.121398439292125
 20
-5.2761204674887185
 30
9.25
 10
11.121398439292125
 20
-5.2761204674887185
 30
7.25
 10
11.445821788113584
 20
-5.4928932188134585
 30
7.25
 10
11.121398439292125
 20
-5.2761204674887185
 30
9.25
 10
10.738715006927036
 20
-5.2000000000000055
 30
9.25
 10
10.738715006927036
 20
-5.2000000000000055
 30
7.25
 10
11.121398439292125
 20
-5.2761204674887185
 30
7.25
 10
10.738715006927036
 20
-5.2000000000000055
 30
9.25
 10
10.356031574561946
 20
-5.2761204674887185
 30
9.25
 10
10.356031574561946
 20
-5.2761204674887185
 30
7.25
 10
10.738715006927036
 20
-5.2000000000000055
 30
7.25
 10
10.356031574561946
 20
-5.2761204674887185
 30
9.25
 10
10.031608225740488
 20
-5.492893218813458
 30
9.25
 10
10.031608225740488
 20
-5.492893218813458
 30
7.25
 10
10.356031574561946
 20
-5.2761204674887185
 30
7.25
 10
10.031608225740488
 20
-5.492893218813458
 30
9.25
 10
9.81483547441575
 20
-5.817316567634916
 30
9.25
 10
9.81483547441575
 20
-5.817316567634916
 30
7.25
 10
10.031608225740488
 20
-5.492893218813458
 30
7.25
 10
9.81483547441575
 20
-5.817316567634916
 30
9.25
 10
9.738715006927036
 20
-6.2000000000000055
 30
9.25
 10
9.738715006927036
 20
-6.2000000000000055
 30
7.25
 10
9.81483547441575
 20
-5.817316567634916
 30
7.25
 10
9.738715006927036
 20
-6.2000000000000055
 30
9.25
 10
9.81483547441575
 20
-6.582683432365095
 30
9.25
 10
9.81483547441575
 20
-6.582683432365095
 30
7.25
 10
9.738715006927036
 20
-6.2000000000000055
 30
7.25
 10
9.81483547441575
 20
-6.582683432365095
 30
9.25
 10
10.031608225740488
 20
-6.9071067811865525
 30
9.25
 10
10.031608225740488
 20
-6.9071067811865525
 30
7.25
 10
9.81483547441575
 20
-6.582683432365095
 30
7.25
 10
10.031608225740488
 20
-6.9071067811865525
 30
9.25
 10
10.356031574561946
 20
-7.1238795325112925
 30
9.25
 10
10.356031574561946
 20
-7.1238795325112925
 30
7.25
 10
10.031608225740488
 20
-6.9071067811865525
 30
7.25
 10
10.356031574561946
 20
-7.1238795325112925
 30
9.25
 10
10.738715006927036
 20
-7.2000000000000055
 30
9.25
 10
10.738715006927036
 20
-7.2000000000000055
 30
7.25
 10
10.356031574561946
 20
-7.1238795325112925
 30
7.25
 10
10.738715006927036
 20
-7.2000000000000055
 30
9.25
 10
11.121398439292125
 20
-7.1238795325112925
 30
9.25
 10
11.121398439292125
 20
-7.1238795325112925
 30
7.25
 10
10.738715006927036
 20
-7.2000000000000055
 30
7.25
 10
11.121398439292125
 20
-7.1238795325112925
 30
9.25
 10
11.445821788113584
 20
-6.907106781186553
 30
9.25
 10
11.445821788113584
 20
-6.907106781186553
 30
7.25
 10
11.121398439292125
 20
-7.1238795325112925
 30
7.25
 10
11.445821788113584
 20
-6.907106781186553
 30
9.25
 10
11.662594539438322
 20
-6.582683432365096
 30
9.25
 10
11.662594539438322
 20
-6.582683432365096
 30
7.25
 10
11.445821788113584
 20
-6.907106781186553
 30
7.25
 10
11.662594539438322
 20
-6.582683432365096
 30
9.25
 10
11.738715006927036
 20
-6.2000000000000055
 30
9.25
 10
11.738715006927036
 20
-6.2000000000000055
 30
7.25
 10
11.662594539438322
 20
-6.582683432365096
 30
7.25
 10
11.738715006927036
 20
-6.2000000000000055
 30
7.25
 10
11.662594539438322
 20
-5.817316567634916
 30
7.25
 10
10.738715006927036
 20
-6.2000000000000055
 30
7.25
 10
11.662594539438322
 20
-5.817316567634916
 30
7.25
 10
11.445821788113584
 20
-5.4928932188134585
 30
7.25
 10
10.738715006927036
 20
-6.2000000000000055
 30
7.25
 10
11.445821788113584
 20
-5.4928932188134585
 30
7.25
 10
11.121398439292125
 20
-5.2761204674887185
 30
7.25
 10
10.738715006927036
 20
-6.2000000000000055
 30
7.25
 10
11.121398439292125
 20
-5.2761204674887185
 30
7.25
 10
10.738715006927036
 20
-5.2000000000000055
 30
7.25
 10
10.738715006927036
 20
-6.2000000000000055
 30
7.25
 10
10.738715006927036
 20
-5.2000000000000055
 30
7.25
 10
10.356031574561946
 20
-5.2761204674887185
 30
7.25
 10
10.738715006927036
 20
-6.2000000000000055
 30
7.25
 10
10.356031574561946
 20
-5.2761204674887185
 30
7.25
 10
10.031608225740488
 20
-5.492893218813458
 30
7.25
 10
10.738715006927036
 20
-6.2000000000000055
 30
7.25
 10
10.031608225740488
 20
-5.492893218813458
 30
7.25
 10
9.81483547441575
 20
-5.817316567634916
 30
7.25
 10
10.738715006927036
 20
-6.2000000000000055
 30
7.25
 10
9.81483547441575
 20
-5.817316567634916
 30
7.25
 10
9.738715006927036
 20
-6.2000000000000055
 30
7.25
 10
10.738715006927036
 20
-6.2000000000000055
 30
7.25
 10
9.738715006927036
 20
-6.2000000000000055
 30
7.25
 10
9.81483547441575
 20
-6.582683432365095
 30
7.25
 10
10.738715006927036
 20
-6.2000000000000055
 30
7.25
 10
9.81483547441575
 20
-6.582683432365095
 30
7.25
 10
10.031608225740488
 20
-6.9071067811865525
 30
7.25
 10
10.738715006927036
 20
-6.2000000000000055
 30
7.25
 10
10.031608225740488
 20
-6.9071067811865525
 30
7.25
 10
10.356031574561946
 20
-7.1238795325112925
 30
7.25
 10
10.738715006927036
 20
-6.2000000000000055
 30
7.25
 10
10.356031574561946
 20
-7.1238795325112925
 30
7.25
 10
10.738715006927036
 20
-7.2000000000000055
 30
7.25
 10
10.738715006927036
 20
-6.2000000000000055
 30
7.25
 10
10.738715006927036
 20
-7.2000000000000055
 30
7.25
 10
11.121398439292125
 20
-7.1238795325112925
 30
7.25
 10
10.738715006927036
 20
-6.2000000000000055
 30
7.25
 10
11.121398439292125
 20
-7.1238795325112925
 30
7.25
 10
11.445821788113584
 20
-6.907106781186553
 30
7.25
 10
10.738715006927036
 20
-6.2000000000000055
 30
7.25
 10
11.445821788113584
 20
-6.907106781186553
 30
7.25
 10
11.662594539438322
 20
-6.582683432365096
 30
7.25
 10
10.738715006927036
 20
-6.2000000000000055
 30
7.25
 10
11.662594539438322
 20
-6.582683432365096
 30
7.25
 10
11.738715006927036
 20
-6.2000000000000055
 30
7.25
 10
10.738715006927036
 20
-6.2000000000000055
 30
7.25
 93
2048
 90
3
 90
0
 90
1
 90
2
 90
3
 90
3
 90
4
 90
5
 90
3
 90
6
 90
7
 90
8
 90
3
 90
9
 90
10
 90
11
 90
3
 90
12
 90
13
 90
14
 90
3
 90
15
 90
16
 90
17
 90
3
 90
18
 90
19
 90
20
 90
3
 90
21
 90
22
 90
23
 90
3
 90
24
 90
25
 90
26
 90
3
 90
27
 90
28
 90
29
 90
3
 90
30
 90
31
 90
32
 90
3
 90
33
 90
34
 90
35
 90
3
 90
36
 90
37
 90
38
 90
3
 90
39
 90
40
 90
41
 90
3
 90
42
 90
43
 90
44
 90
3
 90
45
 90
46
 90
47
 90
3
 90
48
 90
49
 90
50
 90
3
 90
48
 90
50
 90
51
 90
3
 90
52
 90
53
 90
54
 90
3
 90
52
 90
54
 90
55
 90
3
 90
56
 90
57
 90
58
 90
3
 90
56
 90
58
 90
59
 90
3
 90
60
 90
61
 90
62
 90
3
 90
60
 90
62
 90
63
 90
3
 90
64
 90
65
 90
66
 90
3
 90
64
 90
66
 90
67
 90
3
 90
68
 90
69
 90
70
 90
3
 90
68
 90
70
 90
71
 90
3
 90
72
 90
73
 90
74
 90
3
 90
72
 90
74
 90
75
 90
3
 90
76
 90
77
 90
78
 90
3
 90
76
 90
78
 90
79
 90
3
 90
80
 90
81
 90
82
 90
3
 90
80
 90
82
 90
83
 90
3
 90
84
 90
85
 90
86
 90
3
 90
84
 90
86
 90
87
 90
3
 90
88
 90
89
 90
90
 90
3
 90
88
 90
90
 90
91
 90
3
 90
92
 90
93
 90
94
 90
3
 90
92
 90
94
 90
95
 90
3
 90
96
 90
97
 90
98
 90
3
 90
96
 90
98
 90
99
 90
3
 90
100
 90
101
 90
102
 90
3
 90
100
 90
102
 90
103
 90
3
 90
104
 90
105
 90
106
 90
3
 90
104
 90
106
 90
107
 90
3
 90
108
 90
109
 90
110
 90
3
 90
108
 90
110
 90
111
 90
3
 90
112
 90
113
 90
114
 90
3
 90
115
 90
116
 90
117
 90
3
 90
118
 90
119
 90
120
 90
3
 90
121
 90
122
 90
123
 90
3
 90
124
 90
125
 90
126
 90
3
 90
127
 90
128
 90
129
 90
3
 90
130
 90
131
 90
132
 90
3
 90
133
 90
134
 90
135
 90
3
 90
136
 90
137
 90
138
 90
3
 90
139
 90
140
 90
141
 90
3
 90
142
 90
143
 90
144
 90
3
 90
145
 90
146
 90
147
 90
3
 90
148
 90
149
 90
150
 90
3
 90
151
 90
152
 90
153
 90
3
 90
154
 90
155
 90
156
 90
3
 90
157
 90
158
 90
159
 90
3
 90
160
 90
161
 90
162
 90
3
 90
163
 90
164
 90
165
 90
3
 90
166
 90
167
 90
168
 90
3
 90
169
 90
170
 90
171
 90
3
 90
172
 90
173
 90
174
 90
3
 90
175
 90
176
 90
177
 90
3
 90
178
 90
179
 90
180
 90
3
 90
181
 90
182
 90
183
 90
3
 90
184
 90
185
 90
186
 90
3
 90
187
 90
188
 90
189
 90
3
 90
190
 90
191
 90
192
 90
3
 90
193
 90
194
 90
195
 90
3
 90
196
 90
197
 90
198
 90
3
 90
199
 90
200
 90
201
 90
3
 90
202
 90
203
 90
204
 90
3
 90
205
 90
206
 90
207
 90
3
 90
208
 90
209
 90
210
 90
3
 90
208
 90
210
 90
211
 90
3
 90
212
 90
213
 90
214
 90
3
 90
212
 90
214
 90
215
 90
3
 90
216
 90
217
 90
218
 90
3
 90
216
 90
218
 90
219
 90
3
 90
220
 90
221
 90
222
 90
3
 90
220
 90
222
 90
223
 90
3
 90
224
 90
225
 90
226
 90
3
 90
224
 90
226
 90
227
 90
3
 90
228
 90
229
 90
230
 90
3
 90
228
 90
230
 90
231
 90
3
 90
232
 90
233
 90
234
 90
3
 90
232
 90
234
 90
235
 90
3
 90
236
 90
237
 90
238
 90
3
 90
236
 90
238
 90
239
 90
3
 90
240
 90
241
 90
242
 90
3
 90
240
 90
242
 90
243
 90
3
 90
244
 90
245
 90
246
 90
3
 90
244
 90
246
 90
247
 90
3
 90
248
 90
249
 90
250
 90
3
 90
248
 90
250
 90
251
 90
3
 90
252
 90
253
 90
254
 90
3
 90
252
 90
254
 90
255
 90
3
 90
256
 90
257
 90
258
 90
3
 90
256
 90
258
 90
259
 90
3
 90
260
 90
261
 90
262
 90
3
 90
260
 90
262
 90
263
 90
3
 90
264
 90
265
 90
266
 90
3
 90
264
 90
266
 90
267
 90
3
 90
268
 90
269
 90
270
 90
3
 90
268
 90
270
 90
271
 90
3
 90
272
 90
273
 90
274
 90
3
 90
275
 90
276
 90
277
 90
3
 90
278
 90
279
 90
280
 90
3
 90
281
 90
282
 90
283
 90
3
 90
284
 90
285
 90
286
 90
3
 90
287
 90
288
 90
289
 90
3
 90
290
 90
291
 90
292
 90
3
 90
293
 90
294
 90
295
 90
3
 90
296
 90
297
 90
298
 90
3
 90
299
 90
300
 90
301
 90
3
 90
302
 90
303
 90
304
 90
3
 90
305
 90
306
 90
307
 90
3
 90
308
 90
309
 90
310
 90
3
 90
311
 90
312
 90
313
 90
3
 90
314
 90
315
 90
316
 90
3
 90
317
 90
318
 90
319
 90
3
 90
320
 90
321
 90
322
 90
3
 90
323
 90
324
 90
325
 90
3
 90
326
 90
327
 90
328
 90
3
 90
329
 90
330
 90
331
 90
3
 90
332
 90
333
 90
334
 90
3
 90
335
 90
336
 90
337
 90
3
 90
338
 90
339
 90
340
 90
3
 90
341
 90
342
 90
343
 90
3
 90
344
 90
345
 90
346
 90
3
 90
347
 90
348
 90
349
 90
3
 90
350
 90
351
 90
352
 90
3
 90
353
 90
354
 90
355
 90
3
 90
356
 90
357
 90
358
 90
3
 90
359
 90
360
 90
361
 90
3
 90
362
 90
363
 90
364
 90
3
 90
365
 90
366
 90
367
 90
3
 90
368
 90
369
 90
370
 90
3
 90
368
 90
370
 90
371
 90
3
 90
372
 90
373
 90
374
 90
3
 90
372
 90
374
 90
375
 90
3
 90
376
 90
377
 90
378
 90
3
 90
376
 90
378
 90
379
 90
3
 90
380
 90
381
 90
382
 90
3
 90
380
 90
382
 90
383
 90
3
 90
384
 90
385
 90
386
 90
3
 90
384
 90
386
 90
387
 90
3
 90
388
 90
389
 90
390
 90
3
 90
388
 90
390
 90
391
 90
3
 90
392
 90
393
 90
394
 90
3
 90
392
 90
394
 90
395
 90
3
 90
396
 90
397
 90
398
 90
3
 90
396
 90
398
 90
399
 90
3
 90
400
 90
401
 90
402
 90
3
 90
400
 90
402
 90
403
 90
3
 90
404
 90
405
 90
406
 90
3
 90
404
 90
406
 90
407
 90
3
 90
408
 90
409
 90
410
 90
3
 90
408
 90
410
 90
411
 90
3
 90
412
 90
413
 90
414
 90
3
 90
412
 90
414
 90
415
 90
3
 90
416
 90
417
 90
418
 90
3
 90
416
 90
418
 90
419
 90
3
 90
420
 90
421
 90
422
 90
3
 90
420
 90
422
 90
423
 90
3
 90
424
 90
425
 90
426
 90
3
 90
424
 90
426
 90
427
 90
3
 90
428
 90
429
 90
430
 90
3
 90
428
 90
430
 90
431
 90
3
 90
432
 90
433
 90
434
 90
3
 90
435
 90
436
 90
437
 90
3
 90
438
 90
439
 90
440
 90
3
 90
441
 90
442
 90
443
 90
3
 90
444
 90
445
 90
446
 90
3
 90
447
 90
448
 90
449
 90
3
 90
450
 90
451
 90
452
 90
3
 90
453
 90
454
 90
455
 90
3
 90
456
 90
457
 90
458
 90
3
 90
459
 90
460
 90
461
 90
3
 90
462
 90
463
 90
464
 90
3
 90
465
 90
466
 90
467
 90
3
 90
468
 90
469
 90
470
 90
3
 90
471
 90
472
 90
473
 90
3
 90
474
 90
475
 90
476
 90
3
 90
477
 90
478
 90
479
 90
3
 90
480
 90
481
 90
482
 90
3
 90
483
 90
484
 90
485
 90
3
 90
486
 90
487
 90
488
 90
3
 90
489
 90
490
 90
491
 90
3
 90
492
 90
493
 90
494
 90
3
 90
495
 90
496
 90
497
 90
3
 90
498
 90
499
 90
500
 90
3
 90
501
 90
502
 90
503
 90
3
 90
504
 90
505
 90
506
 90
3
 90
507
 90
508
 90
509
 90
3
 90
510
 90
511
 90
512
 90
3
 90
513
 90
514
 90
515
 90
3
 90
516
 90
517
 90
518
 90
3
 90
519
 90
520
 90
521
 90
3
 90
522
 90
523
 90
524
 90
3
 90
525
 90
526
 90
527
 90
3
 90
528
 90
529
 90
530
 90
3
 90
528
 90
530
 90
531
 90
3
 90
532
 90
533
 90
534
 90
3
 90
532
 90
534
 90
535
 90
3
 90
536
 90
537
 90
538
 90
3
 90
536
 90
538
 90
539
 90
3
 90
540
 90
541
 90
542
 90
3
 90
540
 90
542
 90
543
 90
3
 90
544
 90
545
 90
546
 90
3
 90
544
 90
546
 90
547
 90
3
 90
548
 90
549
 90
550
 90
3
 90
548
 90
550
 90
551
 90
3
 90
552
 90
553
 90
554
 90
3
 90
552
 90
554
 90
555
 90
3
 90
556
 90
557
 90
558
 90
3
 90
556
 90
558
 90
559
 90
3
 90
560
 90
561
 90
562
 90
3
 90
560
 90
562
 90
563
 90
3
 90
564
 90
565
 90
566
 90
3
 90
564
 90
566
 90
567
 90
3
 90
568
 90
569
 90
570
 90
3
 90
568
 90
570
 90
571
 90
3
 90
572
 90
573
 90
574
 90
3
 90
572
 90
574
 90
575
 90
3
 90
576
 90
577
 90
578
 90
3
 90
576
 90
578
 90
579
 90
3
 90
580
 90
581
 90
582
 90
3
 90
580
 90
582
 90
583
 90
3
 90
584
 90
585
 90
586
 90
3
 90
584
 90
586
 90
587
 90
3
 90
588
 90
589
 90
590
 90
3
 90
588
 90
590
 90
591
 90
3
 90
592
 90
593
 90
594
 90
3
 90
595
 90
596
 90
597
 90
3
 90
598
 90
599
 90
600
 90
3
 90
601
 90
602
 90
603
 90
3
 90
604
 90
605
 90
606
 90
3
 90
607
 90
608
 90
609
 90
3
 90
610
 90
611
 90
612
 90
3
 90
613
 90
614
 90
615
 90
3
 90
616
 90
617
 90
618
 90
3
 90
619
 90
620
 90
621
 90
3
 90
622
 90
623
 90
624
 90
3
 90
625
 90
626
 90
627
 90
3
 90
628
 90
629
 90
630
 90
3
 90
631
 90
632
 90
633
 90
3
 90
634
 90
635
 90
636
 90
3
 90
637
 90
638
 90
639
 90
3
 90
640
 90
641
 90
642
 90
3
 90
643
 90
644
 90
645
 90
3
 90
646
 90
647
 90
648
 90
3
 90
649
 90
650
 90
651
 90
3
 90
652
 90
653
 90
654
 90
3
 90
655
 90
656
 90
657
 90
3
 90
658
 90
659
 90
660
 90
3
 90
661
 90
662
 90
663
 90
3
 90
664
 90
665
 90
666
 90
3
 90
667
 90
668
 90
669
 90
3
 90
670
 90
671
 90
672
 90
3
 90
673
 90
674
 90
675
 90
3
 90
676
 90
677
 90
678
 90
3
 90
679
 90
680
 90
681
 90
3
 90
682
 90
683
 90
684
 90
3
 90
685
 90
686
 90
687
 90
3
 90
688
 90
689
 90
690
 90
3
 90
688
 90
690
 90
691
 90
3
 90
692
 90
693
 90
694
 90
3
 90
692
 90
694
 90
695
 90
3
 90
696
 90
697
 90
698
 90
3
 90
696
 90
698
 90
699
 90
3
 90
700
 90
701
 90
702
 90
3
 90
700
 90
702
 90
703
 90
3
 90
704
 90
705
 90
706
 90
3
 90
704
 90
706
 90
707
 90
3
 90
708
 90
709
 90
710
 90
3
 90
708
 90
710
 90
711
 90
3
 90
712
 90
713
 90
714
 90
3
 90
712
 90
714
 90
715
 90
3
 90
716
 90
717
 90
718
 90
3
 90
716
 90
718
 90
719
 90
3
 90
720
 90
721
 90
722
 90
3
 90
720
 90
722
 90
723
 90
3
 90
724
 90
725
 90
726
 90
3
 90
724
 90
726
 90
727
 90
3
 90
728
 90
729
 90
730
 90
3
 90
728
 90
730
 90
731
 90
3
 90
732
 90
733
 90
734
 90
3
 90
732
 90
734
 90
735
 90
3
 90
736
 90
737
 90
738
 90
3
 90
736
 90
738
 90
739
 90
3
 90
740
 90
741
 90
742
 90
3
 90
740
 90
742
 90
743
 90
3
 90
744
 90
745
 90
746
 90
3
 90
744
 90
746
 90
747
 90
3
 90
748
 90
749
 90
750
 90
3
 90
748
 90
750
 90
751
 90
3
 90
752
 90
753
 90
754
 90
3
 90
755
 90
756
 90
757
 90
3
 90
758
 90
759
 90
760
 90
3
 90
761
 90
762
 90
763
 90
3
 90
764
 90
765
 90
766
 90
3
 90
767
 90
768
 90
769
 90
3
 90
770
 90
771
 90
772
 90
3
 90
773
 90
774
 90
775
 90
3
 90
776
 90
777
 90
778
 90
3
 90
779
 90
780
 90
781
 90
3
 90
782
 90
783
 90
784
 90
3
 90
785
 90
786
 90
787
 90
3
 90
788
 90
789
 90
790
 90
3
 90
791
 90
792
 90
793
 90
3
 90
794
 90
795
 90
796
 90
3
 90
797
 90
798
 90
799
 90
3
 90
800
 90
801
 90
802
 90
3
 90
803
 90
804
 90
805
 90
3
 90
806
 90
807
 90
808
 90
3
 90
809
 90
810
 90
811
 90
3
 90
812
 90
813
 90
814
 90
3
 90
815
 90
816
 90
817
 90
3
 90
818
 90
819
 90
820
 90
3
 90
821
 90
822
 90
823
 90
3
 90
824
 90
825
 90
826
 90
3
 90
827
 90
828
 90
829
 90
3
 90
830
 90
831
 90
832
 90
3
 90
833
 90
834
 90
835
 90
3
 90
836
 90
837
 90
838
 90
3
 90
839
 90
840
 90
841
 90
3
 90
842
 90
843
 90
844
 90
3
 90
845
 90
846
 90
847
 90
3
 90
848
 90
849
 90
850
 90
3
 90
848
 90
850
 90
851
 90
3
 90
852
 90
853
 90
854
 90
3
 90
852
 90
854
 90
855
 90
3
 90
856
 90
857
 90
858
 90
3
 90
856
 90
858
 90
859
 90
3
 90
860
 90
861
 90
862
 90
3
 90
860
 90
862
 90
863
 90
3
 90
864
 90
865
 90
866
 90
3
 90
864
 90
866
 90
867
 90
3
 90
868
 90
869
 90
870
 90
3
 90
868
 90
870
 90
871
 90
3
 90
872
 90
873
 90
874
 90
3
 90
872
 90
874
 90
875
 90
3
 90
876
 90
877
 90
878
 90
3
 90
876
 90
878
 90
879
 90
3
 90
880
 90
881
 90
882
 90
3
 90
880
 90
882
 90
883
 90
3
 90
884
 90
885
 90
886
 90
3
 90
884
 90
886
 90
887
 90
3
 90
888
 90
889
 90
890
 90
3
 90
888
 90
890
 90
891
 90
3
 90
892
 90
893
 90
894
 90
3
 90
892
 90
894
 90
895
 90
3
 90
896
 90
897
 90
898
 90
3
 90
896
 90
898
 90
899
 90
3
 90
900
 90
901
 90
902
 90
3
 90
900
 90
902
 90
903
 90
3
 90
904
 90
905
 90
906
 90
3
 90
904
 90
906
 90
907
 90
3
 90
908
 90
909
 90
910
 90
3
 90
908
 90
910
 90
911
 90
3
 90
912
 90
913
 90
914
 90
3
 90
915
 90
916
 90
917
 90
3
 90
918
 90
919
 90
920
 90
3
 90
921
 90
922
 90
923
 90
3
 90
924
 90
925
 90
926
 90
3
 90
927
 90
928
 90
929
 90
3
 90
930
 90
931
 90
932
 90
3
 90
933
 90
934
 90
935
 90
3
 90
936
 90
937
 90
938
 90
3
 90
939
 90
940
 90
941
 90
3
 90
942
 90
943
 90
944
 90
3
 90
945
 90
946
 90
947
 90
3
 90
948
 90
949
 90
950
 90
3
 90
951
 90
952
 90
953
 90
3
 90
954
 90
955
 90
956
 90
3
 90
957
 90
958
 90
959
 90
3
 90
960
 90
961
 90
962
 90
3
 90
963
 90
964
 90
965
 90
3
 90
966
 90
967
 90
968
 90
3
 90
969
 90
970
 90
971
 90
3
 90
972
 90
973
 90
974
 90
3
 90
975
 90
976
 90
977
 90
3
 90
978
 90
979
 90
980
 90
3
 90
981
 90
982
 90
983
 90
3
 90
984
 90
985
 90
986
 90
3
 90
987
 90
988
 90
989
 90
3
 90
990
 90
991
 90
992
 90
3
 90
993
 90
994
 90
995
 90
3
 90
996
 90
997
 90
998
 90
3
 90
999
 90
1000
 90
1001
 90
3
 90
1002
 90
1003
 90
1004
 90
3
 90
1005
 90
1006
 90
1007
 90
3
 90
1008
 90
1009
 90
1010
 90
3
 90
1008
 90
1010
 90
1011
 90
3
 90
1012
 90
1013
 90
1014
 90
3
 90
1012
 90
1014
 90
1015
 90
3
 90
1016
 90
1017
 90
1018
 90
3
 90
1016
 90
1018
 90
1019
 90
3
 90
1020
 90
1021
 90
1022
 90
3
 90
1020
 90
1022
 90
1023
 90
3
 90
1024
 90
1025
 90
1026
 90
3
 90
1024
 90
1026
 90
1027
 90
3
 90
1028
 90
1029
 90
1030
 90
3
 90
1028
 90
1030
 90
1031
 90
3
 90
1032
 90
1033
 90
1034
 90
3
 90
1032
 90
1034
 90
1035
 90
3
 90
1036
 90
1037
 90
1038
 90
3
 90
1036
 90
1038
 90
1039
 90
3
 90
1040
 90
1041
 90
1042
 90
3
 90
1040
 90
1042
 90
1043
 90
3
 90
1044
 90
1045
 90
1046
 90
3
 90
1044
 90
1046
 90
1047
 90
3
 90
1048
 90
1049
 90
1050
 90
3
 90
1048
 90
1050
 90
1051
 90
3
 90
1052
 90
1053
 90
1054
 90
3
 90
1052
 90
1054
 90
1055
 90
3
 90
1056
 90
1057
 90
1058
 90
3
 90
1056
 90
1058
 90
1059
 90
3
 90
1060
 90
1061
 90
1062
 90
3
 90
1060
 90
1062
 90
1063
 90
3
 90
1064
 90
1065
 90
1066
 90
3
 90
1064
 90
1066
 90
1067
 90
3
 90
1068
 90
1069
 90
1070
 90
3
 90
1068
 90
1070
 90
1071
 90
3
 90
1072
 90
1073
 90
1074
 90
3
 90
1075
 90
1076
 90
1077
 90
3
 90
1078
 90
1079
 90
1080
 90
3
 90
1081
 90
1082
 90
1083
 90
3
 90
1084
 90
1085
 90
1086
 90
3
 90
1087
 90
1088
 90
1089
 90
3
 90
1090
 90
1091
 90
1092
 90
3
 90
1093
 90
1094
 90
1095
 90
3
 90
1096
 90
1097
 90
1098
 90
3
 90
1099
 90
1100
 90
1101
 90
3
 90
1102
 90
1103
 90
1104
 90
3
 90
1105
 90
1106
 90
1107
 90
3
 90
1108
 90
1109
 90
1110
 90
3
 90
1111
 90
1112
 90
1113
 90
3
 90
1114
 90
1115
 90
1116
 90
3
 90
1117
 90
1118
 90
1119
 90
3
 90
1120
 90
1121
 90
1122
 90
3
 90
1123
 90
1124
 90
1125
 90
3
 90
1126
 90
1127
 90
1128
 90
3
 90
1129
 90
1130
 90
1131
 90
3
 90
1132
 90
1133
 90
1134
 90
3
 90
1135
 90
1136
 90
1137
 90
3
 90
1138
 90
1139
 90
1140
 90
3
 90
1141
 90
1142
 90
1143
 90
3
 90
1144
 90
1145
 90
1146
 90
3
 90
1147
 90
1148
 90
1149
 90
3
 90
1150
 90
1151
 90
1152
 90
3
 90
1153
 90
1154
 90
1155
 90
3
 90
1156
 90
1157
 90
1158
 90
3
 90
1159
 90
1160
 90
1161
 90
3
 90
1162
 90
1163
 90
1164
 90
3
 90
1165
 90
1166
 90
1167
 90
3
 90
1168
 90
1169
 90
1170
 90
3
 90
1168
 90
1170
 90
1171
 90
3
 90
1172
 90
1173
 90
1174
 90
3
 90
1172
 90
1174
 90
1175
 90
3
 90
1176
 90
1177
 90
1178
 90
3
 90
1176
 90
1178
 90
1179
 90
3
 90
1180
 90
1181
 90
1182
 90
3
 90
1180
 90
1182
 90
1183
 90
3
 90
1184
 90
1185
 90
1186
 90
3
 90
1184
 90
1186
 90
1187
 90
3
 90
1188
 90
1189
 90
1190
 90
3
 90
1188
 90
1190
 90
1191
 90
3
 90
1192
 90
1193
 90
1194
 90
3
 90
1192
 90
1194
 90
1195
 90
3
 90
1196
 90
1197
 90
1198
 90
3
 90
1196
 90
1198
 90
1199
 90
3
 90
1200
 90
1201
 90
1202
 90
3
 90
1200
 90
1202
 90
1203
 90
3
 90
1204
 90
1205
 90
1206
 90
3
 90
1204
 90
1206
 90
1207
 90
3
 90
1208
 90
1209
 90
1210
 90
3
 90
1208
 90
1210
 90
1211
 90
3
 90
1212
 90
1213
 90
1214
 90
3
 90
1212
 90
1214
 90
1215
 90
3
 90
1216
 90
1217
 90
1218
 90
3
 90
1216
 90
1218
 90
1219
 90
3
 90
1220
 90
1221
 90
1222
 90
3
 90
1220
 90
1222
 90
1223
 90
3
 90
1224
 90
1225
 90
1226
 90
3
 90
1224
 90
1226
 90
1227
 90
3
 90
1228
 90
1229
 90
1230
 90
3
 90
1228
 90
1230
 90
1231
 90
3
 90
1232
 90
1233
 90
1234
 90
3
 90
1235
 90
1236
 90
1237
 90
3
 90
1238
 90
1239
 90
1240
 90
3
 90
1241
 90
1242
 90
1243
 90
3
 90
1244
 90
1245
 90
1246
 90
3
 90
1247
 90
1248
 90
1249
 90
3
 90
1250
 90
1251
 90
1252
 90
3
 90
1253
 90
1254
 90
1255
 90
3
 90
1256
 90
1257
 90
1258
 90
3
 90
1259
 90
1260
 90
1261
 90
3
 90
1262
 90
1263
 90
1264
 90
3
 90
1265
 90
1266
 90
1267
 90
3
 90
1268
 90
1269
 90
1270
 90
3
 90
1271
 90
1272
 90
1273
 90
3
 90
1274
 90
1275
 90
1276
 90
3
 90
1277
 90
1278
 90
1279
 94
0
 95
0
 90
0
  0
MESH
  5
9C
330
17
100
AcDbEntity
  8
M-LEGS
100
AcDbSubDMesh
 71
2
 72
0
 91
0
 92
432
 10
-0.3499999999999994
 20
10.016666666666666
 30
4.05
 10
0.3500000000000006
 20
10.016666666666666
 30
4.05
 10
0.3500000000000006
 20
8.65
 30
4.05
 10
-0.3499999999999994
 20
8.65
 30
4.05
 10
-0.3499999999999994
 20
8.65
 30
4.8
 10
0.3500000000000006
 20
8.65
 30
4.8
 10
0.3500000000000006
 20
10.016666666666666
 30
4.8
 10
-0.3499999999999994
 20
10.016666666666666
 30
4.8
 10
-0.3499999999999994
 20
8.65
 30
4.05
 10
0.3500000000000006
 20
8.65
 30
4.05
 10
0.3500000000000006
 20
8.65
 30
4.8
 10
-0.3499999999999994
 20
8.65
 30
4.8
 10
0.3500000000000006
 20
8.65
 30
4.05
 10
0.3500000000000006
 20
10.016666666666666
 30
4.05
 10
0.3500000000000006
 20
10.016666666666666
 30
4.8
 10
0.3500000000000006
 20
8.65
 30
4.8
 10
0.3500000000000006
 20
10.016666666666666
 30
4.05
 10
-0.3499999999999994
 20
10.016666666666666
 30
4.05
 10
-0.3499999999999994
 20
10.016666666666666
 30
4.8
 10
0.3500000000000006
 20
10.016666666666666
 30
4.8
 10
-0.3499999999999994
 20
10.016666666666666
 30
4.05
 10
-0.3499999999999994
 20
8.65
 30
4.05
 10
-0.3499999999999994
 20
8.65
 30
4.8
 10
-0.3499999999999994
 20
10.016666666666666
 30
4.8
 10
-0.34999999999999937
 20
10.683333333333334
 30
3.3
 10
0.3500000000000006
 20
10.683333333333334
 30
3.3
 10
0.3500000000000006
 20
9.316666666666666
 30
3.3
 10
-0.34999999999999937
 20
9.316666666666666
 30
3.3
 10
-0.34999999999999937
 20
9.316666666666666
 30
4.05
 10
0.3500000000000006
 20
9.316666666666666
 30
4.05
 10
0.3500000000000006
 20
10.683333333333334
 30
4.05
 10
-0.34999999999999937
 20
10.683333333333334
 30
4.05
 10
-0.34999999999999937
 20
9.316666666666666
 30
3.3
 10
0.3500000000000006
 20
9.316666666666666
 30
3.3
 10
0.3500000000000006
 20
9.316666666666666
 30
4.05
 10
-0.34999999999999937
 20
9.316666666666666
 30
4.05
 10
0.3500000000000006
 20
9.316666666666666
 30
3.3
 10
0.3500000000000006
 20
10.683333333333334
 30
3.3
 10
0.3500000000000006
 20
10.683333333333334
 30
4.05
 10
0.3500000000000006
 20
9.316666666666666
 30
4.05
 10
0.3500000000000006
 20
10.683333333333334
 30
3.3
 10
-0.34999999999999937
 20
10.683333333333334
 30
3.3
 10
-0.34999999999999937
 20
10.683333333333334
 30
4.05
 10
0.3500000000000006
 20
10.683333333333334
 30
4.05
 10
-0.34999999999999937
 20
10.683333333333334
 30
3.3
 10
-0.34999999999999937
 20
9.316666666666666
 30
3.3
 10
-0.34999999999999937
 20
9.316666666666666
 30
4.05
 10
-0.34999999999999937
 20
10.683333333333334
 30
4.05
 10
-0.34999999999999937
 20
11.35
 30
2.55
 10
0.35000000000000064
 20
11.35
 30
2.55
 10
0.35000000000000064
 20
9.983333333333334
 30
2.55
 10
-0.34999999999999937
 20
9.983333333333334
 30
2.55
 10
-0.34999999999999937
 20
9.983333333333334
 30
3.3
 10
0.35000000000000064
 20
9.983333333333334
 30
3.3
 10
0.35000000000000064
 20
11.35
 30
3.3
 10
-0.34999999999999937
 20
11.35
 30
3.3
 10
-0.34999999999999937
 20
9.983333333333334
 30
2.55
 10
0.35000000000000064
 20
9.983333333333334
 30
2.55
 10
0.35000000000000064
 20
9.983333333333334
 30
3.3
 10
-0.34999999999999937
 20
9.983333333333334
 30
3.3
 10
0.35000000000000064
 20
9.983333333333334
 30
2.55
 10
0.35000000000000064
 20
11.35
 30
2.55
 10
0.35000000000000064
 20
11.35
 30
3.3
 10
0.35000000000000064
 20
9.983333333333334
 30
3.3
 10
0.35000000000000064
 20
11.35
 30
2.55
 10
-0.34999999999999937
 20
11.35
 30
2.55
 10
-0.34999999999999937
 20
11.35
 30
3.3
 10
0.35000000000000064
 20
11.35
 30
3.3
 10
-0.34999999999999937
 20
11.35
 30
2.55
 10
-0.34999999999999937
 20
9.983333333333334
 30
2.55
 10
-0.34999999999999937
 20
9.983333333333334
 30
3.3
 10
-0.34999999999999937
 20
11.35
 30
3.3
 10
-0.3499999999999993
 20
12.016666666666666
 30
1.7999999999999998
 10
0.3500000000000007
 20
12.016666666666666
 30
1.7999999999999998
 10
0.3500000000000007
 20
10.65
 30
1.7999999999999998
 10
-0.3499999999999993
 20
10.65
 30
1.7999999999999998
 10
-0.3499999999999993
 20
10.65
 30
2.55
 10
0.3500000000000007
 20
10.65
 30
2.55
 10
0.3500000000000007
 20
12.016666666666666
 30
2.55
 10
-0.3499999999999993
 20
12.016666666666666
 30
2.55
 10
-0.3499999999999993
 20
10.65
 30
1.7999999999999998
 10
0.3500000000000007
 20
10.65
 30
1.7999999999999998
 10
0.3500000000000007
 20
10.65
 30
2.55
 10
-0.3499999999999993
 20
10.65
 30
2.55
 10
0.3500000000000007
 20
10.65
 30
1.7999999999999998
 10
0.3500000000000007
 20
12.016666666666666
 30
1.7999999999999998
 10
0.3500000000000007
 20
12.016666666666666
 30
2.55
 10
0.3500000000000007
 20
10.65
 30
2.55
 10
0.3500000000000007
 20
12.016666666666666
 30
1.7999999999999998
 10
-0.3499999999999993
 20
12.016666666666666
 30
1.7999999999999998
 10
-0.3499999999999993
 20
12.016666666666666
 30
2.55
 10
0.3500000000000007
 20
12.016666666666666
 30
2.55
 10
-0.3499999999999993
 20
12.016666666666666
 30
1.7999999999999998
 10
-0.3499999999999993
 20
10.65
 30
1.7999999999999998
 10
-0.3499999999999993
 20
10.65
 30
2.55
 10
-0.3499999999999993
 20
12.016666666666666
 30
2.55
 10
-0.34999999999999926
 20
12.683333333333334
 30
1.0499999999999998
 10
0.35000000000000075
 20
12.683333333333334
 30
1.0499999999999998
 10
0.35000000000000075
 20
11.316666666666666
 30
1.0499999999999998
 10
-0.34999999999999926
 20
11.316666666666666
 30
1.0499999999999998
 10
-0.34999999999999926
 20
11.316666666666666
 30
1.7999999999999998
 10
0.35000000000000075
 20
11.316666666666666
 30
1.7999999999999998
 10
0.35000000000000075
 20
12.683333333333334
 30
1.7999999999999998
 10
-0.34999999999999926
 20
12.683333333333334
 30
1.7999999999999998
 10
-0.34999999999999926
 20
11.316666666666666
 30
1.0499999999999998
 10
0.35000000000000075
 20
11.316666666666666
 30
1.0499999999999998
 10
0.35000000000000075
 20
11.316666666666666
 30
1.7999999999999998
 10
-0.34999999999999926
 20
11.316666666666666
 30
1.7999999999999998
 10
0.35000000000000075
 20
11.316666666666666
 30
1.0499999999999998
 10
0.35000000000000075
 20
12.683333333333334
 30
1.0499999999999998
 10
0.35000000000000075
 20
12.683333333333334
 30
1.7999999999999998
 10
0.35000000000000075
 20
11.316666666666666
 30
1.7999999999999998
 10
0.35000000000000075
 20
12.683333333333334
 30
1.0499999999999998
 10
-0.34999999999999926
 20
12.683333333333334
 30
1.0499999999999998
 10
-0.34999999999999926
 20
12.683333333333334
 30
1.7999999999999998
 10
0.35000000000000075
 20
12.683333333333334
 30
1.7999999999999998
 10
-0.34999999999999926
 20
12.683333333333334
 30
1.0499999999999998
 10
-0.34999999999999926
 20
11.316666666666666
 30
1.0499999999999998
 10
-0.34999999999999926
 20
11.316666666666666
 30
1.7999999999999998
 10
-0.34999999999999926
 20
12.683333333333334
 30
1.7999999999999998
 10
-0.3499999999999992
 20
13.35
 30
0.2999999999999998
 10
0.35000000000000075
 20
13.35
 30
0.2999999999999998
 10
0.35000000000000075
 20
11.983333333333334
 30
0.2999999999999998
 10
-0.3499999999999992
 20
11.983333333333334
 30
0.2999999999999998
 10
-0.3499999999999992
 20
11.983333333333334
 30
1.0499999999999998
 10
0.35000000000000075
 20
11.983333333333334
 30
1.0499999999999998
 10
0.35000000000000075
 20
13.35
 30
1.0499999999999998
 10
-0.3499999999999992
 20
13.35
 30
1.0499999999999998
 10
-0.3499999999999992
 20
11.983333333333334
 30
0.2999999999999998
 10
0.35000000000000075
 20
11.983333333333334
 30
0.2999999999999998
 10
0.35000000000000075
 20
11.983333333333334
 30
1.0499999999999998
 10
-0.3499999999999992
 20
11.983333333333334
 30
1.0499999999999998
 10
0.35000000000000075
 20
11.983333333333334
 30
0.2999999999999998
 10
0.35000000000000075
 20
13.35
 30
0.2999999999999998
 10
0.35000000000000075
 20
13.35
 30
1.0499999999999998
 10
0.35000000000000075
 20
11.983333333333334
 30
1.0499999999999998
 10
0.35000000000000075
 20
13.35
 30
0.2999999999999998
 10
-0.3499999999999992
 20
13.35
 30
0.2999999999999998
 10
-0.3499999999999992
 20
13.35
 30
1.0499999999999998
 10
0.35000000000000075
 20
13.35
 30
1.0499999999999998
 10
-0.3499999999999992
 20
13.35
 30
0.2999999999999998
 10
-0.3499999999999992
 20
11.983333333333334
 30
0.2999999999999998
 10
-0.3499999999999992
 20
11.983333333333334
 30
1.0499999999999998
 10
-0.3499999999999992
 20
13.35
 30
1.0499999999999998
 10
-8.721578903249572
 20
-4.150000000000001
 30
4.05
 10
-7.4442286340599475
 20
-4.150000000000001
 30
4.05
 10
-7.4442286340599475
 20
-5.183333333333334
 30
4.05
 10
-8.721578903249572
 20
-5.183333333333334
 30
4.05
 10
-8.721578903249572
 20
-5.183333333333334
 30
4.8
 10
-7.4442286340599475
 20
-5.183333333333334
 30
4.8
 10
-7.4442286340599475
 20
-4.150000000000001
 30
4.8
 10
-8.721578903249572
 20
-4.150000000000001
 30
4.8
 10
-8.721578903249572
 20
-5.183333333333334
 30
4.05
 10
-7.4442286340599475
 20
-5.183333333333334
 30
4.05
 10
-7.4442286340599475
 20
-5.183333333333334
 30
4.8
 10
-8.721578903249572
 20
-5.183333333333334
 30
4.8
 10
-7.4442286340599475
 20
-5.183333333333334
 30
4.05
 10
-7.4442286340599475
 20
-4.150000000000001
 30
4.05
 10
-7.4442286340599475
 20
-4.150000000000001
 30
4.8
 10
-7.4442286340599475
 20
-5.183333333333334
 30
4.8
 10
-7.4442286340599475
 20
-4.150000000000001
 30
4.05
 10
-8.721578903249572
 20
-4.150000000000001
 30
4.05
 10
-8.721578903249572
 20
-4.150000000000001
 30
4.8
 10
-7.4442286340599475
 20
-4.150000000000001
 30
4.8
 10
-8.721578903249572
 20
-4.150000000000001
 30
4.05
 10
-8.721578903249572
 20
-5.183333333333334
 30
4.05
 10
-8.721578903249572
 20
-5.183333333333334
 30
4.8
 10
-8.721578903249572
 20
-4.150000000000001
 30
4.8
 10
-9.298929172439198
 20
-4.483333333333334
 30
3.3
 10
-8.021578903249573
 20
-4.483333333333334
 30
3.3
 10
-8.021578903249573
 20
-5.5166666666666675
 30
3.3
 10
-9.298929172439198
 20
-5.5166666666666675
 30
3.3
 10
-9.298929172439198
 20
-5.5166666666666675
 30
4.05
 10
-8.021578903249573
 20
-5.5166666666666675
 30
4.05
 10
-8.021578903249573
 20
-4.483333333333334
 30
4.05
 10
-9.298929172439198
 20
-4.483333333333334
 30
4.05
 10
-9.298929172439198
 20
-5.5166666666666675
 30
3.3
 10
-8.021578903249573
 20
-5.5166666666666675
 30
3.3
 10
-8.021578903249573
 20
-5.5166666666666675
 30
4.05
 10
-9.298929172439198
 20
-5.5166666666666675
 30
4.05
 10
-8.021578903249573
 20
-5.5166666666666675
 30
3.3
 10
-8.021578903249573
 20
-4.483333333333334
 30
3.3
 10
-8.021578903249573
 20
-4.483333333333334
 30
4.05
 10
-8.021578903249573
 20
-5.5166666666666675
 30
4.05
 10
-8.021578903249573
 20
-4.483333333333334
 30
3.3
 10
-9.298929172439198
 20
-4.483333333333334
 30
3.3
 10
-9.298929172439198
 20
-4.483333333333334
 30
4.05
 10
-8.021578903249573
 20
-4.483333333333334
 30
4.05
 10
-9.298929172439198
 20
-4.483333333333334
 30
3.3
 10
-9.298929172439198
 20
-5.5166666666666675
 30
3.3
 10
-9.298929172439198
 20
-5.5166666666666675
 30
4.05
 10
-9.298929172439198
 20
-4.483333333333334
 30
4.05
 10
-9.876279441628824
 20
-4.816666666666668
 30
2.55
 10
-8.598929172439199
 20
-4.816666666666668
 30
2.55
 10
-8.598929172439199
 20
-5.850000000000001
 30
2.55
 10
-9.876279441628824
 20
-5.850000000000001
 30
2.55
 10
-9.876279441628824
 20
-5.850000000000001
 30
3.3
 10
-8.598929172439199
 20
-5.850000000000001
 30
3.3
 10
-8.598929172439199
 20
-4.816666666666668
 30
3.3
 10
-9.876279441628824
 20
-4.816666666666668
 30
3.3
 10
-9.876279441628824
 20
-5.850000000000001
 30
2.55
 10
-8.598929172439199
 20
-5.850000000000001
 30
2.55
 10
-8.598929172439199
 20
-5.850000000000001
 30
3.3
 10
-9.876279441628824
 20
-5.850000000000001
 30
3.3
 10
-8.598929172439199
 20
-5.850000000000001
 30
2.55
 10
-8.598929172439199
 20
-4.816666666666668
 30
2.55
 10
-8.598929172439199
 20
-4.816666666666668
 30
3.3
 10
-8.598929172439199
 20
-5.850000000000001
 30
3.3
 10
-8.598929172439199
 20
-4.816666666666668
 30
2.55
 10
-9.876279441628824
 20
-4.816666666666668
 30
2.55
 10
-9.876279441628824
 20
-4.816666666666668
 30
3.3
 10
-8.598929172439199
 20
-4.816666666666668
 30
3.3
 10
-9.876279441628824
 20
-4.816666666666668
 30
2.55
 10
-9.876279441628824
 20
-5.850000000000001
 30
2.55
 10
-9.876279441628824
 20
-5.850000000000001
 30
3.3
 10
-9.876279441628824
 20
-4.816666666666668
 30
3.3
 10
-10.453629710818449
 20
-5.150000000000002
 30
1.7999999999999998
 10
-9.176279441628825
 20
-5.150000000000002
 30
1.7999999999999998
 10
-9.176279441628825
 20
-6.1833333333333345
 30
1.7999999999999998
 10
-10.453629710818449
 20
-6.1833333333333345
 30
1.7999999999999998
 10
-10.453629710818449
 20
-6.1833333333333345
 30
2.55
 10
-9.176279441628825
 20
-6.1833333333333345
 30
2.55
 10
-9.176279441628825
 20
-5.150000000000002
 30
2.55
 10
-10.453629710818449
 20
-5.150000000000002
 30
2.55
 10
-10.453629710818449
 20
-6.1833333333333345
 30
1.7999999999999998
 10
-9.176279441628825
 20
-6.1833333333333345
 30
1.7999999999999998
 10
-9.176279441628825
 20
-6.1833333333333345
 30
2.55
 10
-10.453629710818449
 20
-6.1833333333333345
 30
2.55
 10
-9.176279441628825
 20
-6.1833333333333345
 30
1.7999999999999998
 10
-9.176279441628825
 20
-5.150000000000002
 30
1.7999999999999998
 10
-9.176279441628825
 20
-5.150000000000002
 30
2.55
 10
-9.176279441628825
 20
-6.1833333333333345
 30
2.55
 10
-9.176279441628825
 20
-5.150000000000002
 30
1.7999999999999998
 10
-10.453629710818449
 20
-5.150000000000002
 30
1.7999999999999998
 10
-10.453629710818449
 20
-5.150000000000002
 30
2.55
 10
-9.176279441628825
 20
-5.150000000000002
 30
2.55
 10
-10.453629710818449
 20
-5.150000000000002
 30
1.7999999999999998
 10
-10.453629710818449
 20
-6.1833333333333345
 30
1.7999999999999998
 10
-10.453629710818449
 20
-6.1833333333333345
 30
2.55
 10
-10.453629710818449
 20
-5.150000000000002
 30
2.55
 10
-11.030979980008075
 20
-5.483333333333335
 30
1.0499999999999998
 10
-9.75362971081845
 20
-5.483333333333335
 30
1.0499999999999998
 10
-9.75362971081845
 20
-6.5166666666666675
 30
1.0499999999999998
 10
-11.030979980008075
 20
-6.5166666666666675
 30
1.0499999999999998
 10
-11.030979980008075
 20
-6.5166666666666675
 30
1.7999999999999998
 10
-9.75362971081845
 20
-6.5166666666666675
 30
1.7999999999999998
 10
-9.75362971081845
 20
-5.483333333333335
 30
1.7999999999999998
 10
-11.030979980008075
 20
-5.483333333333335
 30
1.7999999999999998
 10
-11.030979980008075
 20
-6.5166666666666675
 30
1.0499999999999998
 10
-9.75362971081845
 20
-6.5166666666666675
 30
1.0499999999999998
 10
-9.75362971081845
 20
-6.5166666666666675
 30
1.7999999999999998
 10
-11.030979980008075
 20
-6.5166666666666675
 30
1.7999999999999998
 10
-9.75362971081845
 20
-6.5166666666666675
 30
1.0499999999999998
 10
-9.75362971081845
 20
-5.483333333333335
 30
1.0499999999999998
 10
-9.75362971081845
 20
-5.483333333333335
 30
1.7999999999999998
 10
-9.75362971081845
 20
-6.5166666666666675
 30
1.7999999999999998
 10
-9.75362971081845
 20
-5.483333333333335
 30
1.0499999999999998
 10
-11.030979980008075
 20
-5.483333333333335
 30
1.0499999999999998
 10
-11.030979980008075
 20
-5.483333333333335
 30
1.7999999999999998
 10
-9.75362971081845
 20
-5.483333333333335
 30
1.7999999999999998
 10
-11.030979980008075
 20
-5.483333333333335
 30
1.0499999999999998
 10
-11.030979980008075
 20
-6.5166666666666675
 30
1.0499999999999998
 10
-11.030979980008075
 20
-6.5166666666666675
 30
1.7999999999999998
 10
-11.030979980008075
 20
-5.483333333333335
 30
1.7999999999999998
 10
-11.608330249197701
 20
-5.816666666666668
 30
0.2999999999999998
 10
-10.330979980008076
 20
-5.816666666666668
 30
0.2999999999999998
 10
-10.330979980008076
 20
-6.850000000000001
 30
0.2999999999999998
 10
-11.608330249197701
 20
-6.850000000000001
 30
0.2999999999999998
 10
-11.608330249197701
 20
-6.850000000000001
 30
1.0499999999999998
 10
-10.330979980008076
 20
-6.850000000000001
 30
1.0499999999999998
 10
-10.330979980008076
 20
-5.816666666666668
 30
1.0499999999999998
 10
-11.608330249197701
 20
-5.816666666666668
 30
1.0499999999999998
 10
-11.608330249197701
 20
-6.850000000000001
 30
0.2999999999999998
 10
-10.330979980008076
 20
-6.850000000000001
 30
0.2999999999999998
 10
-10.330979980008076
 20
-6.850000000000001
 30
1.0499999999999998
 10
-11.608330249197701
 20
-6.850000000000001
 30
1.0499999999999998
 10
-10.330979980008076
 20
-6.850000000000001
 30
0.2999999999999998
 10
-10.330979980008076
 20
-5.816666666666668
 30
0.2999999999999998
 10
-10.330979980008076
 20
-5.816666666666668
 30
1.0499999999999998
 10
-10.330979980008076
 20
-6.850000000000001
 30
1.0499999999999998
 10
-10.330979980008076
 20
-5.816666666666668
 30
0.2999999999999998
 10
-11.608330249197701
 20
-5.816666666666668
 30
0.2999999999999998
 10
-11.608330249197701
 20
-5.816666666666668
 30
1.0499999999999998
 10
-10.330979980008076
 20
-5.816666666666668
 30
1.0499999999999998
 10
-11.608330249197701
 20
-5.816666666666668
 30
0.2999999999999998
 10
-11.608330249197701
 20
-6.850000000000001
 30
0.2999999999999998
 10
-11.608330249197701
 20
-6.850000000000001
 30
1.0499999999999998
 10
-11.608330249197701
 20
-5.816666666666668
 30
1.0499999999999998
 10
7.444228634059946
 20
-4.150000000000004
 30
4.05
 10
8.72157890324957
 20
-4.150000000000004
 30
4.05
 10
8.72157890324957
 20
-5.183333333333337
 30
4.05
 10
7.444228634059946
 20
-5.183333333333337
 30
4.05
 10
7.444228634059946
 20
-5.183333333333337
 30
4.8
 10
8.72157890324957
 20
-5.183333333333337
 30
4.8
 10
8.72157890324957
 20
-4.150000000000004
 30
4.8
 10
7.444228634059946
 20
-4.150000000000004
 30
4.8
 10
7.444228634059946
 20
-5.183333333333337
 30
4.05
 10
8.72157890324957
 20
-5.183333333333337
 30
4.05
 10
8.72157890324957
 20
-5.183333333333337
 30
4.8
 10
7.444228634059946
 20
-5.183333333333337
 30
4.8
 10
8.72157890324957
 20
-5.183333333333337
 30
4.05
 10
8.72157890324957
 20
-4.150000000000004
 30
4.05
 10
8.72157890324957
 20
-4.150000000000004
 30
4.8
 10
8.72157890324957
 20
-5.183333333333337
 30
4.8
 10
8.72157890324957
 20
-4.150000000000004
 30
4.05
 10
7.444228634059946
 20
-4.150000000000004
 30
4.05
 10
7.444228634059946
 20
-4.150000000000004
 30
4.8
 10
8.72157890324957
 20
-4.150000000000004
 30
4.8
 10
7.444228634059946
 20
-4.150000000000004
 30
4.05
 10
7.444228634059946
 20
-5.183333333333337
 30
4.05
 10
7.444228634059946
 20
-5.183333333333337
 30
4.8
 10
7.444228634059946
 20
-4.150000000000004
 30
4.8
 10
8.021578903249571
 20
-4.483333333333338
 30
3.3
 10
9.298929172439196
 20
-4.483333333333338
 30
3.3
 10
9.298929172439196
 20
-5.51666666666667
 30
3.3
 10
8.021578903249571
 20
-5.51666666666667
 30
3.3
 10
8.021578903249571
 20
-5.51666666666667
 30
4.05
 10
9.298929172439196
 20
-5.51666666666667
 30
4.05
 10
9.298929172439196
 20
-4.483333333333338
 30
4.05
 10
8.021578903249571
 20
-4.483333333333338
 30
4.05
 10
8.021578903249571
 20
-5.51666666666667
 30
3.3
 10
9.298929172439196
 20
-5.51666666666667
 30
3.3
 10
9.298929172439196
 20
-5.51666666666667
 30
4.05
 10
8.021578903249571
 20
-5.51666666666667
 30
4.05
 10
9.298929172439196
 20
-5.51666666666667
 30
3.3
 10
9.298929172439196
 20
-4.483333333333338
 30
3.3
 10
9.298929172439196
 20
-4.483333333333338
 30
4.05
 10
9.298929172439196
 20
-5.51666666666667
 30
4.05
 10
9.298929172439196
 20
-4.483333333333338
 30
3.3
 10
8.021578903249571
 20
-4.483333333333338
 30
3.3
 10
8.021578903249571
 20
-4.483333333333338
 30
4.05
 10
9.298929172439196
 20
-4.483333333333338
 30
4.05
 10
8.021578903249571
 20
-4.483333333333338
 30
3.3
 10
8.021578903249571
 20
-5.51666666666667
 30
3.3
 10
8.021578903249571
 20
-5.51666666666667
 30
4.05
 10
8.021578903249571
 20
-4.483333333333338
 30
4.05
 10
8.598929172439197
 20
-4.816666666666671
 30
2.55
 10
9.87627944162882
 20
-4.816666666666671
 30
2.55
 10
9.87627944162882
 20
-5.850000000000004
 30
2.55
 10
8.598929172439197
 20
-5.850000000000004
 30
2.55
 10
8.598929172439197
 20
-5.850000000000004
 30
3.3
 10
9.87627944162882
 20
-5.850000000000004
 30
3.3
 10
9.87627944162882
 20
-4.816666666666671
 30
3.3
 10
8.598929172439197
 20
-4.816666666666671
 30
3.3
 10
8.598929172439197
 20
-5.850000000000004
 30
2.55
 10
9.87627944162882
 20
-5.850000000000004
 30
2.55
 10
9.87627944162882
 20
-5.850000000000004
 30
3.3
 10
8.598929172439197
 20
-5.850000000000004
 30
3.3
 10
9.87627944162882
 20
-5.850000000000004
 30
2.55
 10
9.87627944162882
 20
-4.816666666666671
 30
2.55
 10
9.87627944162882
 20
-4.816666666666671
 30
3.3
 10
9.87627944162882
 20
-5.850000000000004
 30
3.3
 10
9.87627944162882
 20
-4.816666666666671
 30
2.55
 10
8.598929172439197
 20
-4.816666666666671
 30
2.55
 10
8.598929172439197
 20
-4.816666666666671
 30
3.3
 10
9.87627944162882
 20
-4.816666666666671
 30
3.3
 10
8.598929172439197
 20
-4.816666666666671
 30
2.55
 10
8.598929172439197
 20
-5.850000000000004
 30
2.55
 10
8.598929172439197
 20
-5.850000000000004
 30
3.3
 10
8.598929172439197
 20
-4.816666666666671
 30
3.3
 10
9.176279441628822
 20
-5.150000000000005
 30
1.7999999999999998
 10
10.453629710818447
 20
-5.150000000000005
 30
1.7999999999999998
 10
10.453629710818447
 20
-6.183333333333337
 30
1.7999999999999998
 10
9.176279441628822
 20
-6.183333333333337
 30
1.7999999999999998
 10
9.176279441628822
 20
-6.183333333333337
 30
2.55
 10
10.453629710818447
 20
-6.183333333333337
 30
2.55
 10
10.453629710818447
 20
-5.150000000000005
 30
2.55
 10
9.176279441628822
 20
-5.150000000000005
 30
2.55
 10
9.176279441628822
 20
-6.183333333333337
 30
1.7999999999999998
 10
10.453629710818447
 20
-6.183333333333337
 30
1.7999999999999998
 10
10.453629710818447
 20
-6.183333333333337
 30
2.55
 10
9.176279441628822
 20
-6.183333333333337
 30
2.55
 10
10.453629710818447
 20
-6.183333333333337
 30
1.7999999999999998
 10
10.453629710818447
 20
-5.150000000000005
 30
1.7999999999999998
 10
10.453629710818447
 20
-5.150000000000005
 30
2.55
 10
10.453629710818447
 20
-6.183333333333337
 30
2.55
 10
10.453629710818447
 20
-5.150000000000005
 30
1.7999999999999998
 10
9.176279441628822
 20
-5.150000000000005
 30
1.7999999999999998
 10
9.176279441628822
 20
-5.150000000000005
 30
2.55
 10
10.453629710818447
 20
-5.150000000000005
 30
2.55
 10
9.176279441628822
 20
-5.150000000000005
 30
1.7999999999999998
 10
9.176279441628822
 20
-6.183333333333337
 30
1.7999999999999998
 10
9.176279441628822
 20
-6.183333333333337
 30
2.55
 10
9.176279441628822
 20
-5.150000000000005
 30
2.55
 10
9.753629710818448
 20
-5.483333333333338
 30
1.0499999999999998
 10
11.030979980008071
 20
-5.483333333333338
 30
1.0499999999999998
 10
11.030979980008071
 20
-6.516666666666671
 30
1.0499999999999998
 10
9.753629710818448
 20
-6.516666666666671
 30
1.0499999999999998
 10
9.753629710818448
 20
-6.516666666666671
 30
1.7999999999999998
 10
11.030979980008071
 20
-6.516666666666671
 30
1.7999999999999998
 10
11.030979980008071
 20
-5.483333333333338
 30
1.7999999999999998
 10
9.753629710818448
 20
-5.483333333333338
 30
1.7999999999999998
 10
9.753629710818448
 20
-6.516666666666671
 30
1.0499999999999998
 10
11.030979980008071
 20
-6.516666666666671
 30
1.0499999999999998
 10
11.030979980008071
 20
-6.516666666666671
 30
1.7999999999999998
 10
9.753629710818448
 20
-6.516666666666671
 30
1.7999999999999998
 10
11.030979980008071
 20
-6.516666666666671
 30
1.0499999999999998
 10
11.030979980008071
 20
-5.483333333333338
 30
1.0499999999999998
 10
11.030979980008071
 20
-5.483333333333338
 30
1.7999999999999998
 10
11.030979980008071
 20
-6.516666666666671
 30
1.7999999999999998
 10
11.030979980008071
 20
-5.483333333333338
 30
1.0499999999999998
 10
9.753629710818448
 20
-5.483333333333338
 30
1.0499999999999998
 10
9.753629710818448
 20
-5.483333333333338
 30
1.7999999999999998
 10
11.030979980008071
 20
-5.483333333333338
 30
1.7999999999999998
 10
9.753629710818448
 20
-5.483333333333338
 30
1.0499999999999998
 10
9.753629710818448
 20
-6.516666666666671
 30
1.0499999999999998
 10
9.753629710818448
 20
-6.516666666666671
 30
1.7999999999999998
 10
9.753629710818448
 20
-5.483333333333338
 30
1.7999999999999998
 10
10.330979980008072
 20
-5.816666666666672
 30
0.2999999999999998
 10
11.608330249197698
 20
-5.816666666666672
 30
0.2999999999999998
 10
11.608330249197698
 20
-6.850000000000005
 30
0.2999999999999998
 10
10.330979980008072
 20
-6.850000000000005
 30
0.2999999999999998
 10
10.330979980008072
 20
-6.850000000000005
 30
1.0499999999999998
 10
11.608330249197698
 20
-6.850000000000005
 30
1.0499999999999998
 10
11.608330249197698
 20
-5.816666666666672
 30
1.0499999999999998
 10
10.330979980008072
 20
-5.816666666666672
 30
1.0499999999999998
 10
10.330979980008072
 20
-6.850000000000005
 30
0.2999999999999998
 10
11.608330249197698
 20
-6.850000000000005
 30
0.2999999999999998
 10
11.608330249197698
 20
-6.850000000000005
 30
1.0499999999999998
 10
10.330979980008072
 20
-6.850000000000005
 30
1.0499999999999998
 10
11.608330249197698
 20
-6.850000000000005
 30
0.2999999999999998
 10
11.608330249197698
 20
-5.816666666666672
 30
0.2999999999999998
 10
11.608330249197698
 20
-5.816666666666672
 30
1.0499999999999998
 10
11.608330249197698
 20
-6.850000000000005
 30
1.0499999999999998
 10
11.608330249197698
 20
-5.816666666666672
 30
0.2999999999999998
 10
10.330979980008072
 20
-5.816666666666672
 30
0.2999999999999998
 10
10.330979980008072
 20
-5.816666666666672
 30
1.0499999999999998
 10
11.608330249197698
 20
-5.816666666666672
 30
1.0499999999999998
 10
10.330979980008072
 20
-5.816666666666672
 30
0.2999999999999998
 10
10.330979980008072
 20
-6.850000000000005
 30
0.2999999999999998
 10
10.330979980008072
 20
-6.850000000000005
 30
1.0499999999999998
 10
10.330979980008072
 20
-5.816666666666672
 30
1.0499999999999998
 93
864
 90
3
 90
0
 90
1
 90
2
 90
3
 90
0
 90
2
 90
3
 90
3
 90
4
 90
5
 90
6
 90
3
 90
4
 90
6
 90
7
 90
3
 90
8
 90
9
 90
10
 90
3
 90
8
 90
10
 90
11
 90
3
 90
12
 90
13
 90
14
 90
3
 90
12
 90
14
 90
15
 90
3
 90
16
 90
17
 90
18
 90
3
 90
16
 90
18
 90
19
 90
3
 90
20
 90
21
 90
22
 90
3
 90
20
 90
22
 90
23
 90
3
 90
24
 90
25
 90
26
 90
3
 90
24
 90
26
 90
27
 90
3
 90
28
 90
29
 90
30
 90
3
 90
28
 90
30
 90
31
 90
3
 90
32
 90
33
 90
34
 90
3
 90
32
 90
34
 90
35
 90
3
 90
36
 90
37
 90
38
 90
3
 90
36
 90
38
 90
39
 90
3
 90
40
 90
41
 90
42
 90
3
 90
40
 90
42
 90
43
 90
3
 90
44
 90
45
 90
46
 90
3
 90
44
 90
46
 90
47
 90
3
 90
48
 90
49
 90
50
 90
3
 90
48
 90
50
 90
51
 90
3
 90
52
 90
53
 90
54
 90
3
 90
52
 90
54
 90
55
 90
3
 90
56
 90
57
 90
58
 90
3
 90
56
 90
58
 90
59
 90
3
 90
60
 90
61
 90
62
 90
3
 90
60
 90
62
 90
63
 90
3
 90
64
 90
65
 90
66
 90
3
 90
64
 90
66
 90
67
 90
3
 90
68
 90
69
 90
70
 90
3
 90
68
 90
70
 90
71
 90
3
 90
72
 90
73
 90
74
 90
3
 90
72
 90
74
 90
75
 90
3
 90
76
 90
77
 90
78
 90
3
 90
76
 90
78
 90
79
 90
3
 90
80
 90
81
 90
82
 90
3
 90
80
 90
82
 90
83
 90
3
 90
84
 90
85
 90
86
 90
3
 90
84
 90
86
 90
87
 90
3
 90
88
 90
89
 90
90
 90
3
 90
88
 90
90
 90
91
 90
3
 90
92
 90
93
 90
94
 90
3
 90
92
 90
94
 90
95
 90
3
 90
96
 90
97
 90
98
 90
3
 90
96
 90
98
 90
99
 90
3
 90
100
 90
101
 90
102
 90
3
 90
100
 90
102
 90
103
 90
3
 90
104
 90
105
 90
106
 90
3
 90
104
 90
106
 90
107
 90
3
 90
108
 90
109
 90
110
 90
3
 90
108
 90
110
 90
111
 90
3
 90
112
 90
113
 90
114
 90
3
 90
112
 90
114
 90
115
 90
3
 90
116
 90
117
 90
118
 90
3
 90
116
 90
118
 90
119
 90
3
 90
120
 90
121
 90
122
 90
3
 90
120
 90
122
 90
123
 90
3
 90
124
 90
125
 90
126
 90
3
 90
124
 90
126
 90
127
 90
3
 90
128
 90
129
 90
130
 90
3
 90
128
 90
130
 90
131
 90
3
 90
132
 90
133
 90
134
 90
3
 90
132
 90
134
 90
135
 90
3
 90
136
 90
137
 90
138
 90
3
 90
136
 90
138
 90
139
 90
3
 90
140
 90
141
 90
142
 90
3
 90
140
 90
142
 90
143
 90
3
 90
144
 90
145
 90
146
 90
3
 90
144
 90
146
 90
147
 90
3
 90
148
 90
149
 90
150
 90
3
 90
148
 90
150
 90
151
 90
3
 90
152
 90
153
 90
154
 90
3
 90
152
 90
154
 90
155
 90
3
 90
156
 90
157
 90
158
 90
3
 90
156
 90
158
 90
159
 90
3
 90
160
 90
161
 90
162
 90
3
 90
160
 90
162
 90
163
 90
3
 90
164
 90
165
 90
166
 90
3
 90
164
 90
166
 90
167
 90
3
 90
168
 90
169
 90
170
 90
3
 90
168
 90
170
 90
171
 90
3
 90
172
 90
173
 90
174
 90
3
 90
172
 90
174
 90
175
 90
3
 90
176
 90
177
 90
178
 90
3
 90
176
 90
178
 90
179
 90
3
 90
180
 90
181
 90
182
 90
3
 90
180
 90
182
 90
183
 90
3
 90
184
 90
185
 90
186
 90
3
 90
184
 90
186
 90
187
 90
3
 90
188
 90
189
 90
190
 90
3
 90
188
 90
190
 90
191
 90
3
 90
192
 90
193
 90
194
 90
3
 90
192
 90
194
 90
195
 90
3
 90
196
 90
197
 90
198
 90
3
 90
196
 90
198
 90
199
 90
3
 90
200
 90
201
 90
202
 90
3
 90
200
 90
202
 90
203
 90
3
 90
204
 90
205
 90
206
 90
3
 90
204
 90
206
 90
207
 90
3
 90
208
 90
209
 90
210
 90
3
 90
208
 90
210
 90
211
 90
3
 90
212
 90
213
 90
214
 90
3
 90
212
 90
214
 90
215
 90
3
 90
216
 90
217
 90
218
 90
3
 90
216
 90
218
 90
219
 90
3
 90
220
 90
221
 90
222
 90
3
 90
220
 90
222
 90
223
 90
3
 90
224
 90
225
 90
226
 90
3
 90
224
 90
226
 90
227
 90
3
 90
228
 90
229
 90
230
 90
3
 90
228
 90
230
 90
231
 90
3
 90
232
 90
233
 90
234
 90
3
 90
232
 90
234
 90
235
 90
3
 90
236
 90
237
 90
238
 90
3
 90
236
 90
238
 90
239
 90
3
 90
240
 90
241
 90
242
 90
3
 90
240
 90
242
 90
243
 90
3
 90
244
 90
245
 90
246
 90
3
 90
244
 90
246
 90
247
 90
3
 90
248
 90
249
 90
250
 90
3
 90
248
 90
250
 90
251
 90
3
 90
252
 90
253
 90
254
 90
3
 90
252
 90
254
 90
255
 90
3
 90
256
 90
257
 90
258
 90
3
 90
256
 90
258
 90
259
 90
3
 90
260
 90
261
 90
262
 90
3
 90
260
 90
262
 90
263
 90
3
 90
264
 90
265
 90
266
 90
3
 90
264
 90
266
 90
267
 90
3
 90
268
 90
269
 90
270
 90
3
 90
268
 90
270
 90
271
 90
3
 90
272
 90
273
 90
274
 90
3
 90
272
 90
274
 90
275
 90
3
 90
276
 90
277
 90
278
 90
3
 90
276
 90
278
 90
279
 90
3
 90
280
 90
281
 90
282
 90
3
 90
280
 90
282
 90
283
 90
3
 90
284
 90
285
 90
286
 90
3
 90
284
 90
286
 90
287
 90
3
 90
288
 90
289
 90
290
 90
3
 90
288
 90
290
 90
291
 90
3
 90
292
 90
293
 90
294
 90
3
 90
292
 90
294
 90
295
 90
3
 90
296
 90
297
 90
298
 90
3
 90
296
 90
298
 90
299
 90
3
 90
300
 90
301
 90
302
 90
3
 90
300
 90
302
 90
303
 90
3
 90
304
 90
305
 90
306
 90
3
 90
304
 90
306
 90
307
 90
3
 90
308
 90
309
 90
310
 90
3
 90
308
 90
310
 90
311
 90
3
 90
312
 90
313
 90
314
 90
3
 90
312
 90
314
 90
315
 90
3
 90
316
 90
317
 90
318
 90
3
 90
316
 90
318
 90
319
 90
3
 90
320
 90
321
 90
322
 90
3
 90
320
 90
322
 90
323
 90
3
 90
324
 90
325
 90
326
 90
3
 90
324
 90
326
 90
327
 90
3
 90
328
 90
329
 90
330
 90
3
 90
328
 90
330
 90
331
 90
3
 90
332
 90
333
 90
334
 90
3
 90
332
 90
334
 90
335
 90
3
 90
336
 90
337
 90
338
 90
3
 90
336
 90
338
 90
339
 90
3
 90
340
 90
341
 90
342
 90
3
 90
340
 90
342
 90
343
 90
3
 90
344
 90
345
 90
346
 90
3
 90
344
 90
346
 90
347
 90
3
 90
348
 90
349
 90
350
 90
3
 90
348
 90
350
 90
351
 90
3
 90
352
 90
353
 90
354
 90
3
 90
352
 90
354
 90
355
 90
3
 90
356
 90
357
 90
358
 90
3
 90
356
 90
358
 90
359
 90
3
 90
360
 90
361
 90
362
 90
3
 90
360
 90
362
 90
363
 90
3
 90
364
 90
365
 90
366
 90
3
 90
364
 90
366
 90
367
 90
3
 90
368
 90
369
 90
370
 90
3
 90
368
 90
370
 90
371
 90
3
 90
372
 90
373
 90
374
 90
3
 90
372
 90
374
 90
375
 90
3
 90
376
 90
377
 90
378
 90
3
 90
376
 90
378
 90
379
 90
3
 90
380
 90
381
 90
382
 90
3
 90
380
 90
382
 90
383
 90
3
 90
384
 90
385
 90
386
 90
3
 90
384
 90
386
 90
387
 90
3
 90
388
 90
389
 90
390
 90
3
 90
388
 90
390
 90
391
 90
3
 90
392
 90
393
 90
394
 90
3
 90
392
 90
394
 90
395
 90
3
 90
396
 90
397
 90
398
 90
3
 90
396
 90
398
 90
399
 90
3
 90
400
 90
401
 90
402
 90
3
 90
400
 90
402
 90
403
 90
3
 90
404
 90
405
 90
406
 90
3
 90
404
 90
406
 90
407
 90
3
 90
408
 90
409
 90
410
 90
3
 90
408
 90
410
 90
411
 90
3
 90
412
 90
413
 90
414
 90
3
 90
412
 90
414
 90
415
 90
3
 90
416
 90
417
 90
418
 90
3
 90
416
 90
418
 90
419
 90
3
 90
420
 90
421
 90
422
 90
3
 90
420
 90
422
 90
423
 90
3
 90
424
 90
425
 90
426
 90
3
 90
424
 90
426
 90
427
 90
3
 90
428
 90
429
 90
430
 90
3
 90
428
 90
430
 90
431
 94
0
 95
0
 90
0
  0
MESH
  5
9E
330
17
100
AcDbEntity
  8
M-FEET
100
AcDbSubDMesh
 71
2
 72
0
 91
0
 92
480
 10
7.960204194457795e-16
 20
13.0
 30
0.35
 10
1.2010433922646737
 20
13.497488462074617
 30
0.35
 10
1.300000000000001
 20
13.0
 30
0.35
 10
7.960204194457795e-16
 20
13.0
 30
0.35
 10
0.9192388155425126
 20
13.919238815542512
 30
0.35
 10
1.2010433922646737
 20
13.497488462074617
 30
0.35
 10
7.960204194457795e-16
 20
13.0
 30
0.35
 10
0.4974884620746176
 20
14.201043392264673
 30
0.35
 10
0.9192388155425126
 20
13.919238815542512
 30
0.35
 10
7.960204194457795e-16
 20
13.0
 30
0.35
 10
8.756224613903576e-16
 20
14.3
 30
0.35
 10
0.4974884620746176
 20
14.201043392264673
 30
0.35
 10
7.960204194457795e-16
 20
13.0
 30
0.35
 10
-0.4974884620746159
 20
14.201043392264673
 30
0.35
 10
8.756224613903576e-16
 20
14.3
 30
0.35
 10
7.960204194457795e-16
 20
13.0
 30
0.35
 10
-0.919238815542511
 20
13.919238815542512
 30
0.35
 10
-0.4974884620746159
 20
14.201043392264673
 30
0.35
 10
7.960204194457795e-16
 20
13.0
 30
0.35
 10
-1.201043392264672
 20
13.497488462074617
 30
0.35
 10
-0.919238815542511
 20
13.919238815542512
 30
0.35
 10
7.960204194457795e-16
 20
13.0
 30
0.35
 10
-1.2999999999999992
 20
13.0
 30
0.35
 10
-1.201043392264672
 20
13.497488462074617
 30
0.35
 10
7.960204194457795e-16
 20
13.0
 30
0.35
 10
-1.2010433922646722
 20
12.502511537925383
 30
0.35
 10
-1.2999999999999992
 20
13.0
 30
0.35
 10
7.960204194457795e-16
 20
13.0
 30
0.35
 10
-0.9192388155425112
 20
12.080761184457488
 30
0.35
 10
-1.2010433922646722
 20
12.502511537925383
 30
0.35
 10
7.960204194457795e-16
 20
13.0
 30
0.35
 10
-0.49748846207461667
 20
11.798956607735327
 30
0.35
 10
-0.9192388155425112
 20
12.080761184457488
 30
0.35
 10
7.960204194457795e-16
 20
13.0
 30
0.35
 10
5.572142936120456e-16
 20
11.7
 30
0.35
 10
-0.49748846207461667
 20
11.798956607735327
 30
0.35
 10
7.960204194457795e-16
 20
13.0
 30
0.35
 10
0.4974884620746178
 20
11.798956607735327
 30
0.35
 10
5.572142936120456e-16
 20
11.7
 30
0.35
 10
7.960204194457795e-16
 20
13.0
 30
0.35
 10
0.9192388155425124
 20
12.080761184457488
 30
0.35
 10
0.4974884620746178
 20
11.798956607735327
 30
0.35
 10
7.960204194457795e-16
 20
13.0
 30
0.35
 10
1.2010433922646735
 20
12.502511537925383
 30
0.35
 10
0.9192388155425124
 20
12.080761184457488
 30
0.35
 10
7.960204194457795e-16
 20
13.0
 30
0.35
 10
1.300000000000001
 20
13.0
 30
0.35
 10
1.2010433922646735
 20
12.502511537925383
 30
0.35
 10
1.300000000000001
 20
13.0
 30
0.35
 10
1.2010433922646737
 20
13.497488462074617
 30
0.35
 10
1.2010433922646737
 20
13.497488462074617
 30
0.0
 10
1.300000000000001
 20
13.0
 30
0.0
 10
1.2010433922646737
 20
13.497488462074617
 30
0.35
 10
0.9192388155425126
 20
13.919238815542512
 30
0.35
 10
0.9192388155425126
 20
13.919238815542512
 30
0.0
 10
1.2010433922646737
 20
13.497488462074617
 30
0.0
 10
0.9192388155425126
 20
13.919238815542512
 30
0.35
 10
0.4974884620746176
 20
14.201043392264673
 30
0.35
 10
0.4974884620746176
 20
14.201043392264673
 30
0.0
 10
0.9192388155425126
 20
13.919238815542512
 30
0.0
 10
0.4974884620746176
 20
14.201043392264673
 30
0.35
 10
8.756224613903576e-16
 20
14.3
 30
0.35
 10
8.756224613903576e-16
 20
14.3
 30
0.0
 10
0.4974884620746176
 20
14.201043392264673
 30
0.0
 10
8.756224613903576e-16
 20
14.3
 30
0.35
 10
-0.4974884620746159
 20
14.201043392264673
 30
0.35
 10
-0.4974884620746159
 20
14.201043392264673
 30
0.0
 10
8.756224613903576e-16
 20
14.3
 30
0.0
 10
-0.4974884620746159
 20
14.201043392264673
 30
0.35
 10
-0.919238815542511
 20
13.919238815542512
 30
0.35
 10
-0.919238815542511
 20
13.919238815542512
 30
0.0
 10
-0.4974884620746159
 20
14.201043392264673
 30
0.0
 10
-0.919238815542511
 20
13.919238815542512
 30
0.35
 10
-1.201043392264672
 20
13.497488462074617
 30
0.35
 10
-1.201043392264672
 20
13.497488462074617
 30
0.0
 10
-0.919238815542511
 20
13.919238815542512
 30
0.0
 10
-1.201043392264672
 20
13.497488462074617
 30
0.35
 10
-1.2999999999999992
 20
13.0
 30
0.35
 10
-1.2999999999999992
 20
13.0
 30
0.0
 10
-1.201043392264672
 20
13.497488462074617
 30
0.0
 10
-1.2999999999999992
 20
13.0
 30
0.35
 10
-1.2010433922646722
 20
12.502511537925383
 30
0.35
 10
-1.2010433922646722
 20
12.502511537925383
 30
0.0
 10
-1.2999999999999992
 20
13.0
 30
0.0
 10
-1.2010433922646722
 20
12.502511537925383
 30
0.35
 10
-0.9192388155425112
 20
12.080761184457488
 30
0.35
 10
-0.9192388155425112
 20
12.080761184457488
 30
0.0
 10
-1.2010433922646722
 20
12.502511537925383
 30
0.0
 10
-0.9192388155425112
 20
12.080761184457488
 30
0.35
 10
-0.49748846207461667
 20
11.798956607735327
 30
0.35
 10
-0.49748846207461667
 20
11.798956607735327
 30
0.0
 10
-0.9192388155425112
 20
12.080761184457488
 30
0.0
 10
-0.49748846207461667
 20
11.798956607735327
 30
0.35
 10
5.572142936120456e-16
 20
11.7
 30
0.35
 10
5.572142936120456e-16
 20
11.7
 30
0.0
 10
-0.49748846207461667
 20
11.798956607735327
 30
0.0
 10
5.572142936120456e-16
 20
11.7
 30
0.35
 10
0.4974884620746178
 20
11.798956607735327
 30
0.35
 10
0.4974884620746178
 20
11.798956607735327
 30
0.0
 10
5.572142936120456e-16
 20
11.7
 30
0.0
 10
0.4974884620746178
 20
11.798956607735327
 30
0.35
 10
0.9192388155425124
 20
12.080761184457488
 30
0.35
 10
0.9192388155425124
 20
12.080761184457488
 30
0.0
 10
0.4974884620746178
 20
11.798956607735327
 30
0.0
 10
0.9192388155425124
 20
12.080761184457488
 30
0.35
 10
1.2010433922646735
 20
12.502511537925383
 30
0.35
 10
1.2010433922646735
 20
12.502511537925383
 30
0.0
 10
0.9192388155425124
 20
12.080761184457488
 30
0.0
 10
1.2010433922646735
 20
12.502511537925383
 30
0.35
 10
1.300000000000001
 20
13.0
 30
0.35
 10
1.300000000000001
 20
13.0
 30
0.0
 10
1.2010433922646735
 20
12.502511537925383
 30
0.0
 10
1.300000000000001
 20
13.0
 30
0.0
 10
1.2010433922646737
 20
13.497488462074617
 30
0.0
 10
7.960204194457795e-16
 20
13.0
 30
0.0
 10
1.2010433922646737
 20
13.497488462074617
 30
0.0
 10
0.9192388155425126
 20
13.919238815542512
 30
0.0
 10
7.960204194457795e-16
 20
13.0
 30
0.0
 10
0.9192388155425126
 20
13.919238815542512
 30
0.0
 10
0.4974884620746176
 20
14.201043392264673
 30
0.0
 10
7.960204194457795e-16
 20
13.0
 30
0.0
 10
0.4974884620746176
 20
14.201043392264673
 30
0.0
 10
8.756224613903576e-16
 20
14.3
 30
0.0
 10
7.960204194457795e-16
 20
13.0
 30
0.0
 10
8.756224613903576e-16
 20
14.3
 30
0.0
 10
-0.4974884620746159
 20
14.201043392264673
 30
0.0
 10
7.960204194457795e-16
 20
13.0
 30
0.0
 10
-0.4974884620746159
 20
14.201043392264673
 30
0.0
 10
-0.919238815542511
 20
13.919238815542512
 30
0.0
 10
7.960204194457795e-16
 20
13.0
 30
0.0
 10
-0.919238815542511
 20
13.919238815542512
 30
0.0
 10
-1.201043392264672
 20
13.497488462074617
 30
0.0
 10
7.960204194457795e-16
 20
13.0
 30
0.0
 10
-1.201043392264672
 20
13.497488462074617
 30
0.0
 10
-1.2999999999999992
 20
13.0
 30
0.0
 10
7.960204194457795e-16
 20
13.0
 30
0.0
 10
-1.2999999999999992
 20
13.0
 30
0.0
 10
-1.2010433922646722
 20
12.502511537925383
 30
0.0
 10
7.960204194457795e-16
 20
13.0
 30
0.0
 10
-1.2010433922646722
 20
12.502511537925383
 30
0.0
 10
-0.9192388155425112
 20
12.080761184457488
 30
0.0
 10
7.960204194457795e-16
 20
13.0
 30
0.0
 10
-0.9192388155425112
 20
12.080761184457488
 30
0.0
 10
-0.49748846207461667
 20
11.798956607735327
 30
0.0
 10
7.960204194457795e-16
 20
13.0
 30
0.0
 10
-0.49748846207461667
 20
11.798956607735327
 30
0.0
 10
5.572142936120456e-16
 20
11.7
 30
0.0
 10
7.960204194457795e-16
 20
13.0
 30
0.0
 10
5.572142936120456e-16
 20
11.7
 30
0.0
 10
0.4974884620746178
 20
11.798956607735327
 30
0.0
 10
7.960204194457795e-16
 20
13.0
 30
0.0
 10
0.4974884620746178
 20
11.798956607735327
 30
0.0
 10
0.9192388155425124
 20
12.080761184457488
 30
0.0
 10
7.960204194457795e-16
 20
13.0
 30
0.0
 10
0.9192388155425124
 20
12.080761184457488
 30
0.0
 10
1.2010433922646735
 20
12.502511537925383
 30
0.0
 10
7.960204194457795e-16
 20
13.0
 30
0.0
 10
1.2010433922646735
 20
12.502511537925383
 30
0.0
 10
1.300000000000001
 20
13.0
 30
0.0
 10
7.960204194457795e-16
 20
13.0
 30
0.0
 10
-11.258330249197702
 20
-6.500000000000002
 30
0.35
 10
-10.057286856933029
 20
-6.002511537925385
 30
0.35
 10
-9.9583302491977
 20
-6.500000000000002
 30
0.35
 10
-11.258330249197702
 20
-6.500000000000002
 30
0.35
 10
-10.33909143365519
 20
-5.58076118445749
 30
0.35
 10
-10.057286856933029
 20
-6.002511537925385
 30
0.35
 10
-11.258330249197702
 20
-6.500000000000002
 30
0.35
 10
-10.760841787123084
 20
-5.298956607735329
 30
0.35
 10
-10.33909143365519
 20
-5.58076118445749
 30
0.35
 10
-11.258330249197702
 20
-6.500000000000002
 30
0.35
 10
-11.258330249197702
 20
-5.200000000000002
 30
0.35
 10
-10.760841787123084
 20
-5.298956607735329
 30
0.35
 10
-11.258330249197702
 20
-6.500000000000002
 30
0.35
 10
-11.755818711272319
 20
-5.298956607735329
 30
0.35
 10
-11.258330249197702
 20
-5.200000000000002
 30
0.35
 10
-11.258330249197702
 20
-6.500000000000002
 30
0.35
 10
-12.177569064740213
 20
-5.58076118445749
 30
0.35
 10
-11.755818711272319
 20
-5.298956607735329
 30
0.35
 10
-11.258330249197702
 20
-6.500000000000002
 30
0.35
 10
-12.459373641462374
 20
-6.002511537925385
 30
0.35
 10
-12.177569064740213
 20
-5.58076118445749
 30
0.35
 10
-11.258330249197702
 20
-6.500000000000002
 30
0.35
 10
-12.558330249197702
 20
-6.500000000000002
 30
0.35
 10
-12.459373641462374
 20
-6.002511537925385
 30
0.35
 10
-11.258330249197702
 20
-6.500000000000002
 30
0.35
 10
-12.459373641462374
 20
-6.997488462074618
 30
0.35
 10
-12.558330249197702
 20
-6.500000000000002
 30
0.35
 10
-11.258330249197702
 20
-6.500000000000002
 30
0.35
 10
-12.177569064740213
 20
-7.4192388155425135
 30
0.35
 10
-12.459373641462374
 20
-6.997488462074618
 30
0.35
 10
-11.258330249197702
 20
-6.500000000000002
 30
0.35
 10
-11.755818711272319
 20
-7.701043392264674
 30
0.35
 10
-12.177569064740213
 20
-7.4192388155425135
 30
0.35
 10
-11.258330249197702
 20
-6.500000000000002
 30
0.35
 10
-11.258330249197702
 20
-7.800000000000002
 30
0.35
 10
-11.755818711272319
 20
-7.701043392264674
 30
0.35
 10
-11.258330249197702
 20
-6.500000000000002
 30
0.35
 10
-10.760841787123084
 20
-7.701043392264674
 30
0.35
 10
-11.258330249197702
 20
-7.800000000000002
 30
0.35
 10
-11.258330249197702
 20
-6.500000000000002
 30
0.35
 10
-10.33909143365519
 20
-7.4192388155425135
 30
0.35
 10
-10.760841787123084
 20
-7.701043392264674
 30
0.35
 10
-11.258330249197702
 20
-6.500000000000002
 30
0.35
 10
-10.057286856933029
 20
-6.997488462074619
 30
0.35
 10
-10.33909143365519
 20
-7.4192388155425135
 30
0.35
 10
-11.258330249197702
 20
-6.500000000000002
 30
0.35
 10
-9.9583302491977
 20
-6.500000000000002
 30
0.35
 10
-10.057286856933029
 20
-6.997488462074619
 30
0.35
 10
-9.9583302491977
 20
-6.500000000000002
 30
0.35
 10
-10.057286856933029
 20
-6.002511537925385
 30
0.35
 10
-10.057286856933029
 20
-6.002511537925385
 30
0.0
 10
-9.9583302491977
 20
-6.500000000000002
 30
0.0
 10
-10.057286856933029
 20
-6.002511537925385
 30
0.35
 10
-10.33909143365519
 20
-5.58076118445749
 30
0.35
 10
-10.33909143365519
 20
-5.58076118445749
 30
0.0
 10
-10.057286856933029
 20
-6.002511537925385
 30
0.0
 10
-10.33909143365519
 20
-5.58076118445749
 30
0.35
 10
-10.760841787123084
 20
-5.298956607735329
 30
0.35
 10
-10.760841787123084
 20
-5.298956607735329
 30
0.0
 10
-10.33909143365519
 20
-5.58076118445749
 30
0.0
 10
-10.760841787123084
 20
-5.298956607735329
 30
0.35
 10
-11.258330249197702
 20
-5.200000000000002
 30
0.35
 10
-11.258330249197702
 20
-5.200000000000002
 30
0.0
 10
-10.760841787123084
 20
-5.298956607735329
 30
0.0
 10
-11.258330249197702
 20
-5.200000000000002
 30
0.35
 10
-11.755818711272319
 20
-5.298956607735329
 30
0.35
 10
-11.755818711272319
 20
-5.298956607735329
 30
0.0
 10
-11.258330249197702
 20
-5.200000000000002
 30
0.0
 10
-11.755818711272319
 20
-5.298956607735329
 30
0.35
 10
-12.177569064740213
 20
-5.58076118445749
 30
0.35
 10
-12.177569064740213
 20
-5.58076118445749
 30
0.0
 10
-11.755818711272319
 20
-5.298956607735329
 30
0.0
 10
-12.177569064740213
 20
-5.58076118445749
 30
0.35
 10
-12.459373641462374
 20
-6.002511537925385
 30
0.35
 10
-12.459373641462374
 20
-6.002511537925385
 30
0.0
 10
-12.177569064740213
 20
-5.58076118445749
 30
0.0
 10
-12.459373641462374
 20
-6.002511537925385
 30
0.35
 10
-12.558330249197702
 20
-6.500000000000002
 30
0.35
 10
-12.558330249197702
 20
-6.500000000000002
 30
0.0
 10
-12.459373641462374
 20
-6.002511537925385
 30
0.0
 10
-12.558330249197702
 20
-6.500000000000002
 30
0.35
 10
-12.459373641462374
 20
-6.997488462074618
 30
0.35
 10
-12.459373641462374
 20
-6.997488462074618
 30
0.0
 10
-12.558330249197702
 20
-6.500000000000002
 30
0.0
 10
-12.459373641462374
 20
-6.997488462074618
 30
0.35
 10
-12.177569064740213
 20
-7.4192388155425135
 30
0.35
 10
-12.177569064740213
 20
-7.4192388155425135
 30
0.0
 10
-12.459373641462374
 20
-6.997488462074618
 30
0.0
 10
-12.177569064740213
 20
-7.4192388155425135
 30
0.35
 10
-11.755818711272319
 20
-7.701043392264674
 30
0.35
 10
-11.755818711272319
 20
-7.701043392264674
 30
0.0
 10
-12.177569064740213
 20
-7.4192388155425135
 30
0.0
 10
-11.755818711272319
 20
-7.701043392264674
 30
0.35
 10
-11.258330249197702
 20
-7.800000000000002
 30
0.35
 10
-11.258330249197702
 20
-7.800000000000002
 30
0.0
 10
-11.755818711272319
 20
-7.701043392264674
 30
0.0
 10
-11.258330249197702
 20
-7.800000000000002
 30
0.35
 10
-10.760841787123084
 20
-7.701043392264674
 30
0.35
 10
-10.760841787123084
 20
-7.701043392264674
 30
0.0
 10
-11.258330249197702
 20
-7.800000000000002
 30
0.0
 10
-10.760841787123084
 20
-7.701043392264674
 30
0.35
 10
-10.33909143365519
 20
-7.4192388155425135
 30
0.35
 10
-10.33909143365519
 20
-7.4192388155425135
 30
0.0
 10
-10.760841787123084
 20
-7.701043392264674
 30
0.0
 10
-10.33909143365519
 20
-7.4192388155425135
 30
0.35
 10
-10.057286856933029
 20
-6.997488462074619
 30
0.35
 10
-10.057286856933029
 20
-6.997488462074619
 30
0.0
 10
-10.33909143365519
 20
-7.4192388155425135
 30
0.0
 10
-10.057286856933029
 20
-6.997488462074619
 30
0.35
 10
-9.9583302491977
 20
-6.500000000000002
 30
0.35
 10
-9.9583302491977
 20
-6.500000000000002
 30
0.0
 10
-10.057286856933029
 20
-6.997488462074619
 30
0.0
 10
-9.9583302491977
 20
-6.500000000000002
 30
0.0
 10
-10.057286856933029
 20
-6.002511537925385
 30
0.0
 10
-11.258330249197702
 20
-6.500000000000002
 30
0.0
 10
-10.057286856933029
 20
-6.002511537925385
 30
0.0
 10
-10.33909143365519
 20
-5.58076118445749
 30
0.0
 10
-11.258330249197702
 20
-6.500000000000002
 30
0.0
 10
-10.33909143365519
 20
-5.58076118445749
 30
0.0
 10
-10.760841787123084
 20
-5.298956607735329
 30
0.0
 10
-11.258330249197702
 20
-6.500000000000002
 30
0.0
 10
-10.760841787123084
 20
-5.298956607735329
 30
0.0
 10
-11.258330249197702
 20
-5.200000000000002
 30
0.0
 10
-11.258330249197702
 20
-6.500000000000002
 30
0.0
 10
-11.258330249197702
 20
-5.200000000000002
 30
0.0
 10
-11.755818711272319
 20
-5.298956607735329
 30
0.0
 10
-11.258330249197702
 20
-6.500000000000002
 30
0.0
 10
-11.755818711272319
 20
-5.298956607735329
 30
0.0
 10
-12.177569064740213
 20
-5.58076118445749
 30
0.0
 10
-11.258330249197702
 20
-6.500000000000002
 30
0.0
 10
-12.177569064740213
 20
-5.58076118445749
 30
0.0
 10
-12.459373641462374
 20
-6.002511537925385
 30
0.0
 10
-11.258330249197702
 20
-6.500000000000002
 30
0.0
 10
-12.459373641462374
 20
-6.002511537925385
 30
0.0
 10
-12.558330249197702
 20
-6.500000000000002
 30
0.0
 10
-11.258330249197702
 20
-6.500000000000002
 30
0.0
 10
-12.558330249197702
 20
-6.500000000000002
 30
0.0
 10
-12.459373641462374
 20
-6.997488462074618
 30
0.0
 10
-11.258330249197702
 20
-6.500000000000002
 30
0.0
 10
-12.459373641462374
 20
-6.997488462074618
 30
0.0
 10
-12.177569064740213
 20
-7.4192388155425135
 30
0.0
 10
-11.258330249197702
 20
-6.500000000000002
 30
0.0
 10
-12.177569064740213
 20
-7.4192388155425135
 30
0.0
 10
-11.755818711272319
 20
-7.701043392264674
 30
0.0
 10
-11.258330249197702
 20
-6.500000000000002
 30
0.0
 10
-11.755818711272319
 20
-7.701043392264674
 30
0.0
 10
-11.258330249197702
 20
-7.800000000000002
 30
0.0
 10
-11.258330249197702
 20
-6.500000000000002
 30
0.0
 10
-11.258330249197702
 20
-7.800000000000002
 30
0.0
 10
-10.760841787123084
 20
-7.701043392264674
 30
0.0
 10
-11.258330249197702
 20
-6.500000000000002
 30
0.0
 10
-10.760841787123084
 20
-7.701043392264674
 30
0.0
 10
-10.33909143365519
 20
-7.4192388155425135
 30
0.0
 10
-11.258330249197702
 20
-6.500000000000002
 30
0.0
 10
-10.33909143365519
 20
-7.4192388155425135
 30
0.0
 10
-10.057286856933029
 20
-6.997488462074619
 30
0.0
 10
-11.258330249197702
 20
-6.500000000000002
 30
0.0
 10
-10.057286856933029
 20
-6.997488462074619
 30
0.0
 10
-9.9583302491977
 20
-6.500000000000002
 30
0.0
 10
-11.258330249197702
 20
-6.500000000000002
 30
0.0
 10
11.258330249197698
 20
-6.500000000000005
 30
0.35
 10
12.45937364146237
 20
-6.002511537925389
 30
0.35
 10
12.558330249197699
 20
-6.500000000000005
 30
0.35
 10
11.258330249197698
 20
-6.500000000000005
 30
0.35
 10
12.17756906474021
 20
-5.580761184457494
 30
0.35
 10
12.45937364146237
 20
-6.002511537925389
 30
0.35
 10
11.258330249197698
 20
-6.500000000000005
 30
0.35
 10
11.755818711272315
 20
-5.298956607735333
 30
0.35
 10
12.17756906474021
 20
-5.580761184457494
 30
0.35
 10
11.258330249197698
 20
-6.500000000000005
 30
0.35
 10
11.258330249197698
 20
-5.2000000000000055
 30
0.35
 10
11.755818711272315
 20
-5.298956607735333
 30
0.35
 10
11.258330249197698
 20
-6.500000000000005
 30
0.35
 10
10.76084178712308
 20
-5.298956607735333
 30
0.35
 10
11.258330249197698
 20
-5.2000000000000055
 30
0.35
 10
11.258330249197698
 20
-6.500000000000005
 30
0.35
 10
10.339091433655186
 20
-5.580761184457494
 30
0.35
 10
10.76084178712308
 20
-5.298956607735333
 30
0.35
 10
11.258330249197698
 20
-6.500000000000005
 30
0.35
 10
10.057286856933025
 20
-6.002511537925389
 30
0.35
 10
10.339091433655186
 20
-5.580761184457494
 30
0.35
 10
11.258330249197698
 20
-6.500000000000005
 30
0.35
 10
9.958330249197697
 20
-6.500000000000005
 30
0.35
 10
10.057286856933025
 20
-6.002511537925389
 30
0.35
 10
11.258330249197698
 20
-6.500000000000005
 30
0.35
 10
10.057286856933025
 20
-6.997488462074622
 30
0.35
 10
9.958330249197697
 20
-6.500000000000005
 30
0.35
 10
11.258330249197698
 20
-6.500000000000005
 30
0.35
 10
10.339091433655186
 20
-7.419238815542517
 30
0.35
 10
10.057286856933025
 20
-6.997488462074622
 30
0.35
 10
11.258330249197698
 20
-6.500000000000005
 30
0.35
 10
10.76084178712308
 20
-7.701043392264678
 30
0.35
 10
10.339091433655186
 20
-7.419238815542517
 30
0.35
 10
11.258330249197698
 20
-6.500000000000005
 30
0.35
 10
11.258330249197698
 20
-7.800000000000005
 30
0.35
 10
10.76084178712308
 20
-7.701043392264678
 30
0.35
 10
11.258330249197698
 20
-6.500000000000005
 30
0.35
 10
11.755818711272315
 20
-7.701043392264678
 30
0.35
 10
11.258330249197698
 20
-7.800000000000005
 30
0.35
 10
11.258330249197698
 20
-6.500000000000005
 30
0.35
 10
12.17756906474021
 20
-7.419238815542517
 30
0.35
 10
11.755818711272315
 20
-7.701043392264678
 30
0.35
 10
11.258330249197698
 20
-6.500000000000005
 30
0.35
 10
12.45937364146237
 20
-6.997488462074623
 30
0.35
 10
12.17756906474021
 20
-7.419238815542517
 30
0.35
 10
11.258330249197698
 20
-6.500000000000005
 30
0.35
 10
12.558330249197699
 20
-6.500000000000005
 30
0.35
 10
12.45937364146237
 20
-6.997488462074623
 30
0.35
 10
12.558330249197699
 20
-6.500000000000005
 30
0.35
 10
12.45937364146237
 20
-6.002511537925389
 30
0.35
 10
12.45937364146237
 20
-6.002511537925389
 30
0.0
 10
12.558330249197699
 20
-6.500000000000005
 30
0.0
 10
12.45937364146237
 20
-6.002511537925389
 30
0.35
 10
12.17756906474021
 20
-5.580761184457494
 30
0.35
 10
12.17756906474021
 20
-5.580761184457494
 30
0.0
 10
12.45937364146237
 20
-6.002511537925389
 30
0.0
 10
12.17756906474021
 20
-5.580761184457494
 30
0.35
 10
11.755818711272315
 20
-5.298956607735333
 30
0.35
 10
11.755818711272315
 20
-5.298956607735333
 30
0.0
 10
12.17756906474021
 20
-5.580761184457494
 30
0.0
 10
11.755818711272315
 20
-5.298956607735333
 30
0.35
 10
11.258330249197698
 20
-5.2000000000000055
 30
0.35
 10
11.258330249197698
 20
-5.2000000000000055
 30
0.0
 10
11.755818711272315
 20
-5.298956607735333
 30
0.0
 10
11.258330249197698
 20
-5.2000000000000055
 30
0.35
 10
10.76084178712308
 20
-5.298956607735333
 30
0.35
 10
10.76084178712308
 20
-5.298956607735333
 30
0.0
 10
11.258330249197698
 20
-5.2000000000000055
 30
0.0
 10
10.76084178712308
 20
-5.298956607735333
 30
0.35
 10
10.339091433655186
 20
-5.580761184457494
 30
0.35
 10
10.339091433655186
 20
-5.580761184457494
 30
0.0
 10
10.76084178712308
 20
-5.298956607735333
 30
0.0
 10
10.339091433655186
 20
-5.580761184457494
 30
0.35
 10
10.057286856933025
 20
-6.002511537925389
 30
0.35
 10
10.057286856933025
 20
-6.002511537925389
 30
0.0
 10
10.339091433655186
 20
-5.580761184457494
 30
0.0
 10
10.057286856933025
 20
-6.002511537925389
 30
0.35
 10
9.958330249197697
 20
-6.500000000000005
 30
0.35
 10
9.958330249197697
 20
-6.500000000000005
 30
0.0
 10
10.057286856933025
 20
-6.002511537925389
 30
0.0
 10
9.958330249197697
 20
-6.500000000000005
 30
0.35
 10
10.057286856933025
 20
-6.997488462074622
 30
0.35
 10
10.057286856933025
 20
-6.997488462074622
 30
0.0
 10
9.958330249197697
 20
-6.500000000000005
 30
0.0
 10
10.057286856933025
 20
-6.997488462074622
 30
0.35
 10
10.339091433655186
 20
-7.419238815542517
 30
0.35
 10
10.339091433655186
 20
-7.419238815542517
 30
0.0
 10
10.057286856933025
 20
-6.997488462074622
 30
0.0
 10
10.339091433655186
 20
-7.419238815542517
 30
0.35
 10
10.76084178712308
 20
-7.701043392264678
 30
0.35
 10
10.76084178712308
 20
-7.701043392264678
 30
0.0
 10
10.339091433655186
 20
-7.419238815542517
 30
0.0
 10
10.76084178712308
 20
-7.701043392264678
 30
0.35
 10
11.258330249197698
 20
-7.800000000000005
 30
0.35
 10
11.258330249197698
 20
-7.800000000000005
 30
0.0
 10
10.76084178712308
 20
-7.701043392264678
 30
0.0
 10
11.258330249197698
 20
-7.800000000000005
 30
0.35
 10
11.755818711272315
 20
-7.701043392264678
 30
0.35
 10
11.755818711272315
 20
-7.701043392264678
 30
0.0
 10
11.258330249197698
 20
-7.800000000000005
 30
0.0
 10
11.755818711272315
 20
-7.701043392264678
 30
0.35
 10
12.17756906474021
 20
-7.419238815542517
 30
0.35
 10
12.17756906474021
 20
-7.419238815542517
 30
0.0
 10
11.755818711272315
 20
-7.701043392264678
 30
0.0
 10
12.17756906474021
 20
-7.419238815542517
 30
0.35
 10
12.45937364146237
 20
-6.997488462074623
 30
0.35
 10
12.45937364146237
 20
-6.997488462074623
 30
0.0
 10
12.17756906474021
 20
-7.419238815542517
 30
0.0
 10
12.45937364146237
 20
-6.997488462074623
 30
0.35
 10
12.558330249197699
 20
-6.500000000000005
 30
0.35
 10
12.558330249197699
 20
-6.500000000000005
 30
0.0
 10
12.45937364146237
 20
-6.997488462074623
 30
0.0
 10
12.558330249197699
 20
-6.500000000000005
 30
0.0
 10
12.45937364146237
 20
-6.002511537925389
 30
0.0
 10
11.258330249197698
 20
-6.500000000000005
 30
0.0
 10
12.45937364146237
 20
-6.002511537925389
 30
0.0
 10
12.17756906474021
 20
-5.580761184457494
 30
0.0
 10
11.258330249197698
 20
-6.500000000000005
 30
0.0
 10
12.17756906474021
 20
-5.580761184457494
 30
0.0
 10
11.755818711272315
 20
-5.298956607735333
 30
0.0
 10
11.258330249197698
 20
-6.500000000000005
 30
0.0
 10
11.755818711272315
 20
-5.298956607735333
 30
0.0
 10
11.258330249197698
 20
-5.2000000000000055
 30
0.0
 10
11.258330249197698
 20
-6.500000000000005
 30
0.0
 10
11.258330249197698
 20
-5.2000000000000055
 30
0.0
 10
10.76084178712308
 20
-5.298956607735333
 30
0.0
 10
11.258330249197698
 20
-6.500000000000005
 30
0.0
 10
10.76084178712308
 20
-5.298956607735333
 30
0.0
 10
10.339091433655186
 20
-5.580761184457494
 30
0.0
 10
11.258330249197698
 20
-6.500000000000005
 30
0.0
 10
10.339091433655186
 20
-5.580761184457494
 30
0.0
 10
10.057286856933025
 20
-6.002511537925389
 30
0.0
 10
11.258330249197698
 20
-6.500000000000005
 30
0.0
 10
10.057286856933025
 20
-6.002511537925389
 30
0.0
 10
9.958330249197697
 20
-6.500000000000005
 30
0.0
 10
11.258330249197698
 20
-6.500000000000005
 30
0.0
 10
9.958330249197697
 20
-6.500000000000005
 30
0.0
 10
10.057286856933025
 20
-6.997488462074622
 30
0.0
 10
11.258330249197698
 20
-6.500000000000005
 30
0.0
 10
10.057286856933025
 20
-6.997488462074622
 30
0.0
 10
10.339091433655186
 20
-7.419238815542517
 30
0.0
 10
11.258330249197698
 20
-6.500000000000005
 30
0.0
 10
10.339091433655186
 20
-7.419238815542517
 30
0.0
 10
10.76084178712308
 20
-7.701043392264678
 30
0.0
 10
11.258330249197698
 20
-6.500000000000005
 30
0.0
 10
10.76084178712308
 20
-7.701043392264678
 30
0.0
 10
11.258330249197698
 20
-7.800000000000005
 30
0.0
 10
11.258330249197698
 20
-6.500000000000005
 30
0.0
 10
11.258330249197698
 20
-7.800000000000005
 30
0.0
 10
11.755818711272315
 20
-7.701043392264678
 30
0.0
 10
11.258330249197698
 20
-6.500000000000005
 30
0.0
 10
11.755818711272315
 20
-7.701043392264678
 30
0.0
 10
12.17756906474021
 20
-7.419238815542517
 30
0.0
 10
11.258330249197698
 20
-6.500000000000005
 30
0.0
 10
12.17756906474021
 20
-7.419238815542517
 30
0.0
 10
12.45937364146237
 20
-6.997488462074623
 30
0.0
 10
11.258330249197698
 20
-6.500000000000005
 30
0.0
 10
12.45937364146237
 20
-6.997488462074623
 30
0.0
 10
12.558330249197699
 20
-6.500000000000005
 30
0.0
 10
11.258330249197698
 20
-6.500000000000005
 30
0.0
 93
768
 90
3
 90
0
 90
1
 90
2
 90
3
 90
3
 90
4
 90
5
 90
3
 90
6
 90
7
 90
8
 90
3
 90
9
 90
10
 90
11
 90
3
 90
12
 90
13
 90
14
 90
3
 90
15
 90
16
 90
17
 90
3
 90
18
 90
19
 90
20
 90
3
 90
21
 90
22
 90
23
 90
3
 90
24
 90
25
 90
26
 90
3
 90
27
 90
28
 90
29
 90
3
 90
30
 90
31
 90
32
 90
3
 90
33
 90
34
 90
35
 90
3
 90
36
 90
37
 90
38
 90
3
 90
39
 90
40
 90
41
 90
3
 90
42
 90
43
 90
44
 90
3
 90
45
 90
46
 90
47
 90
3
 90
48
 90
49
 90
50
 90
3
 90
48
 90
50
 90
51
 90
3
 90
52
 90
53
 90
54
 90
3
 90
52
 90
54
 90
55
 90
3
 90
56
 90
57
 90
58
 90
3
 90
56
 90
58
 90
59
 90
3
 90
60
 90
61
 90
62
 90
3
 90
60
 90
62
 90
63
 90
3
 90
64
 90
65
 90
66
 90
3
 90
64
 90
66
 90
67
 90
3
 90
68
 90
69
 90
70
 90
3
 90
68
 90
70
 90
71
 90
3
 90
72
 90
73
 90
74
 90
3
 90
72
 90
74
 90
75
 90
3
 90
76
 90
77
 90
78
 90
3
 90
76
 90
78
 90
79
 90
3
 90
80
 90
81
 90
82
 90
3
 90
80
 90
82
 90
83
 90
3
 90
84
 90
85
 90
86
 90
3
 90
84
 90
86
 90
87
 90
3
 90
88
 90
89
 90
90
 90
3
 90
88
 90
90
 90
91
 90
3
 90
92
 90
93
 90
94
 90
3
 90
92
 90
94
 90
95
 90
3
 90
96
 90
97
 90
98
 90
3
 90
96
 90
98
 90
99
 90
3
 90
100
 90
101
 90
102
 90
3
 90
100
 90
102
 90
103
 90
3
 90
104
 90
105
 90
106
 90
3
 90
104
 90
106
 90
107
 90
3
 90
108
 90
109
 90
110
 90
3
 90
108
 90
110
 90
111
 90
3
 90
112
 90
113
 90
114
 90
3
 90
115
 90
116
 90
117
 90
3
 90
118
 90
119
 90
120
 90
3
 90
121
 90
122
 90
123
 90
3
 90
124
 90
125
 90
126
 90
3
 90
127
 90
128
 90
129
 90
3
 90
130
 90
131
 90
132
 90
3
 90
133
 90
134
 90
135
 90
3
 90
136
 90
137
 90
138
 90
3
 90
139
 90
140
 90
141
 90
3
 90
142
 90
143
 90
144
 90
3
 90
145
 90
146
 90
147
 90
3
 90
148
 90
149
 90
150
 90
3
 90
151
 90
152
 90
153
 90
3
 90
154
 90
155
 90
156
 90
3
 90
157
 90
158
 90
159
 90
3
 90
160
 90
161
 90
162
 90
3
 90
163
 90
164
 90
165
 90
3
 90
166
 90
167
 90
168
 90
3
 90
169
 90
170
 90
171
 90
3
 90
172
 90
173
 90
174
 90
3
 90
175
 90
176
 90
177
 90
3
 90
178
 90
179
 90
180
 90
3
 90
181
 90
182
 90
183
 90
3
 90
184
 90
185
 90
186
 90
3
 90
187
 90
188
 90
189
 90
3
 90
190
 90
191
 90
192
 90
3
 90
193
 90
194
 90
195
 90
3
 90
196
 90
197
 90
198
 90
3
 90
199
 90
200
 90
201
 90
3
 90
202
 90
203
 90
204
 90
3
 90
205
 90
206
 90
207
 90
3
 90
208
 90
209
 90
210
 90
3
 90
208
 90
210
 90
211
 90
3
 90
212
 90
213
 90
214
 90
3
 90
212
 90
214
 90
215
 90
3
 90
216
 90
217
 90
218
 90
3
 90
216
 90
218
 90
219
 90
3
 90
220
 90
221
 90
222
 90
3
 90
220
 90
222
 90
223
 90
3
 90
224
 90
225
 90
226
 90
3
 90
224
 90
226
 90
227
 90
3
 90
228
 90
229
 90
230
 90
3
 90
228
 90
230
 90
231
 90
3
 90
232
 90
233
 90
234
 90
3
 90
232
 90
234
 90
235
 90
3
 90
236
 90
237
 90
238
 90
3
 90
236
 90
238
 90
239
 90
3
 90
240
 90
241
 90
242
 90
3
 90
240
 90
242
 90
243
 90
3
 90
244
 90
245
 90
246
 90
3
 90
244
 90
246
 90
247
 90
3
 90
248
 90
249
 90
250
 90
3
 90
248
 90
250
 90
251
 90
3
 90
252
 90
253
 90
254
 90
3
 90
252
 90
254
 90
255
 90
3
 90
256
 90
257
 90
258
 90
3
 90
256
 90
258
 90
259
 90
3
 90
260
 90
261
 90
262
 90
3
 90
260
 90
262
 90
263
 90
3
 90
264
 90
265
 90
266
 90
3
 90
264
 90
266
 90
267
 90
3
 90
268
 90
269
 90
270
 90
3
 90
268
 90
270
 90
271
 90
3
 90
272
 90
273
 90
274
 90
3
 90
275
 90
276
 90
277
 90
3
 90
278
 90
279
 90
280
 90
3
 90
281
 90
282
 90
283
 90
3
 90
284
 90
285
 90
286
 90
3
 90
287
 90
288
 90
289
 90
3
 90
290
 90
291
 90
292
 90
3
 90
293
 90
294
 90
295
 90
3
 90
296
 90
297
 90
298
 90
3
 90
299
 90
300
 90
301
 90
3
 90
302
 90
303
 90
304
 90
3
 90
305
 90
306
 90
307
 90
3
 90
308
 90
309
 90
310
 90
3
 90
311
 90
312
 90
313
 90
3
 90
314
 90
315
 90
316
 90
3
 90
317
 90
318
 90
319
 90
3
 90
320
 90
321
 90
322
 90
3
 90
323
 90
324
 90
325
 90
3
 90
326
 90
327
 90
328
 90
3
 90
329
 90
330
 90
331
 90
3
 90
332
 90
333
 90
334
 90
3
 90
335
 90
336
 90
337
 90
3
 90
338
 90
339
 90
340
 90
3
 90
341
 90
342
 90
343
 90
3
 90
344
 90
345
 90
346
 90
3
 90
347
 90
348
 90
349
 90
3
 90
350
 90
351
 90
352
 90
3
 90
353
 90
354
 90
355
 90
3
 90
356
 90
357
 90
358
 90
3
 90
359
 90
360
 90
361
 90
3
 90
362
 90
363
 90
364
 90
3
 90
365
 90
366
 90
367
 90
3
 90
368
 90
369
 90
370
 90
3
 90
368
 90
370
 90
371
 90
3
 90
372
 90
373
 90
374
 90
3
 90
372
 90
374
 90
375
 90
3
 90
376
 90
377
 90
378
 90
3
 90
376
 90
378
 90
379
 90
3
 90
380
 90
381
 90
382
 90
3
 90
380
 90
382
 90
383
 90
3
 90
384
 90
385
 90
386
 90
3
 90
384
 90
386
 90
387
 90
3
 90
388
 90
389
 90
390
 90
3
 90
388
 90
390
 90
391
 90
3
 90
392
 90
393
 90
394
 90
3
 90
392
 90
394
 90
395
 90
3
 90
396
 90
397
 90
398
 90
3
 90
396
 90
398
 90
399
 90
3
 90
400
 90
401
 90
402
 90
3
 90
400
 90
402
 90
403
 90
3
 90
404
 90
405
 90
406
 90
3
 90
404
 90
406
 90
407
 90
3
 90
408
 90
409
 90
410
 90
3
 90
408
 90
410
 90
411
 90
3
 90
412
 90
413
 90
414
 90
3
 90
412
 90
414
 90
415
 90
3
 90
416
 90
417
 90
418
 90
3
 90
416
 90
418
 90
419
 90
3
 90
420
 90
421
 90
422
 90
3
 90
420
 90
422
 90
423
 90
3
 90
424
 90
425
 90
426
 90
3
 90
424
 90
426
 90
427
 90
3
 90
428
 90
429
 90
430
 90
3
 90
428
 90
430
 90
431
 90
3
 90
432
 90
433
 90
434
 90
3
 90
435
 90
436
 90
437
 90
3
 90
438
 90
439
 90
440
 90
3
 90
441
 90
442
 90
443
 90
3
 90
444
 90
445
 90
446
 90
3
 90
447
 90
448
 90
449
 90
3
 90
450
 90
451
 90
452
 90
3
 90
453
 90
454
 90
455
 90
3
 90
456
 90
457
 90
458
 90
3
 90
459
 90
460
 90
461
 90
3
 90
462
 90
463
 90
464
 90
3
 90
465
 90
466
 90
467
 90
3
 90
468
 90
469
 90
470
 90
3
 90
471
 90
472
 90
473
 90
3
 90
474
 90
475
 90
476
 90
3
 90
477
 90
478
 90
479
 94
0
 95
0
 90
0
  0
MESH
  5
A0
330
17
100
AcDbEntity
  8
M-RAMP
100
AcDbSubDMesh
 71
2
 72
0
 91
0
 92
192
 10
-2.0
 20
-5.5
 30
3.9375
 10
2.0
 20
-5.5
 30
3.9375
 10
2.0
 20
-7.25
 30
3.9375
 10
-2.0
 20
-7.25
 30
3.9375
 10
-2.0
 20
-7.25
 30
4.75
 10
2.0
 20
-7.25
 30
4.75
 10
2.0
 20
-5.5
 30
4.75
 10
-2.0
 20
-5.5
 30
4.75
 10
-2.0
 20
-7.25
 30
3.9375
 10
2.0
 20
-7.25
 30
3.9375
 10
2.0
 20
-7.25
 30
4.75
 10
-2.0
 20
-7.25
 30
4.75
 10
2.0
 20
-7.25
 30
3.9375
 10
2.0
 20
-5.5
 30
3.9375
 10
2.0
 20
-5.5
 30
4.75
 10
2.0
 20
-7.25
 30
4.75
 10
2.0
 20
-5.5
 30
3.9375
 10
-2.0
 20
-5.5
 30
3.9375
 10
-2.0
 20
-5.5
 30
4.75
 10
2.0
 20
-5.5
 30
4.75
 10
-2.0
 20
-5.5
 30
3.9375
 10
-2.0
 20
-7.25
 30
3.9375
 10
-2.0
 20
-7.25
 30
4.75
 10
-2.0
 20
-5.5
 30
4.75
 10
-2.0
 20
-7.25
 30
3.375
 10
2.0
 20
-7.25
 30
3.375
 10
2.0
 20
-9.0
 30
3.375
 10
-2.0
 20
-9.0
 30
3.375
 10
-2.0
 20
-9.0
 30
4.1875
 10
2.0
 20
-9.0
 30
4.1875
 10
2.0
 20
-7.25
 30
4.1875
 10
-2.0
 20
-7.25
 30
4.1875
 10
-2.0
 20
-9.0
 30
3.375
 10
2.0
 20
-9.0
 30
3.375
 10
2.0
 20
-9.0
 30
4.1875
 10
-2.0
 20
-9.0
 30
4.1875
 10
2.0
 20
-9.0
 30
3.375
 10
2.0
 20
-7.25
 30
3.375
 10
2.0
 20
-7.25
 30
4.1875
 10
2.0
 20
-9.0
 30
4.1875
 10
2.0
 20
-7.25
 30
3.375
 10
-2.0
 20
-7.25
 30
3.375
 10
-2.0
 20
-7.25
 30
4.1875
 10
2.0
 20
-7.25
 30
4.1875
 10
-2.0
 20
-7.25
 30
3.375
 10
-2.0
 20
-9.0
 30
3.375
 10
-2.0
 20
-9.0
 30
4.1875
 10
-2.0
 20
-7.25
 30
4.1875
 10
-2.0
 20
-9.0
 30
2.8125
 10
2.0
 20
-9.0
 30
2.8125
 10
2.0
 20
-10.75
 30
2.8125
 10
-2.0
 20
-10.75
 30
2.8125
 10
-2.0
 20
-10.75
 30
3.625
 10
2.0
 20
-10.75
 30
3.625
 10
2.0
 20
-9.0
 30
3.625
 10
-2.0
 20
-9.0
 30
3.625
 10
-2.0
 20
-10.75
 30
2.8125
 10
2.0
 20
-10.75
 30
2.8125
 10
2.0
 20
-10.75
 30
3.625
 10
-2.0
 20
-10.75
 30
3.625
 10
2.0
 20
-10.75
 30
2.8125
 10
2.0
 20
-9.0
 30
2.8125
 10
2.0
 20
-9.0
 30
3.625
 10
2.0
 20
-10.75
 30
3.625
 10
2.0
 20
-9.0
 30
2.8125
 10
-2.0
 20
-9.0
 30
2.8125
 10
-2.0
 20
-9.0
 30
3.625
 10
2.0
 20
-9.0
 30
3.625
 10
-2.0
 20
-9.0
 30
2.8125
 10
-2.0
 20
-10.75
 30
2.8125
 10
-2.0
 20
-10.75
 30
3.625
 10
-2.0
 20
-9.0
 30
3.625
 10
-2.0
 20
-10.75
 30
2.25
 10
2.0
 20
-10.75
 30
2.25
 10
2.0
 20
-12.5
 30
2.25
 10
-2.0
 20
-12.5
 30
2.25
 10
-2.0
 20
-12.5
 30
3.0625
 10
2.0
 20
-12.5
 30
3.0625
 10
2.0
 20
-10.75
 30
3.0625
 10
-2.0
 20
-10.75
 30
3.0625
 10
-2.0
 20
-12.5
 30
2.25
 10
2.0
 20
-12.5
 30
2.25
 10
2.0
 20
-12.5
 30
3.0625
 10
-2.0
 20
-12.5
 30
3.0625
 10
2.0
 20
-12.5
 30
2.25
 10
2.0
 20
-10.75
 30
2.25
 10
2.0
 20
-10.75
 30
3.0625
 10
2.0
 20
-12.5
 30
3.0625
 10
2.0
 20
-10.75
 30
2.25
 10
-2.0
 20
-10.75
 30
2.25
 10
-2.0
 20
-10.75
 30
3.0625
 10
2.0
 20
-10.75
 30
3.0625
 10
-2.0
 20
-10.75
 30
2.25
 10
-2.0
 20
-12.5
 30
2.25
 10
-2.0
 20
-12.5
 30
3.0625
 10
-2.0
 20
-10.75
 30
3.0625
 10
-2.0
 20
-12.5
 30
1.6875
 10
2.0
 20
-12.5
 30
1.6875
 10
2.0
 20
-14.25
 30
1.6875
 10
-2.0
 20
-14.25
 30
1.6875
 10
-2.0
 20
-14.25
 30
2.5
 10
2.0
 20
-14.25
 30
2.5
 10
2.0
 20
-12.5
 30
2.5
 10
-2.0
 20
-12.5
 30
2.5
 10
-2.0
 20
-14.25
 30
1.6875
 10
2.0
 20
-14.25
 30
1.6875
 10
2.0
 20
-14.25
 30
2.5
 10
-2.0
 20
-14.25
 30
2.5
 10
2.0
 20
-14.25
 30
1.6875
 10
2.0
 20
-12.5
 30
1.6875
 10
2.0
 20
-12.5
 30
2.5
 10
2.0
 20
-14.25
 30
2.5
 10
2.0
 20
-12.5
 30
1.6875
 10
-2.0
 20
-12.5
 30
1.6875
 10
-2.0
 20
-12.5
 30
2.5
 10
2.0
 20
-12.5
 30
2.5
 10
-2.0
 20
-12.5
 30
1.6875
 10
-2.0
 20
-14.25
 30
1.6875
 10
-2.0
 20
-14.25
 30
2.5
 10
-2.0
 20
-12.5
 30
2.5
 10
-2.0
 20
-14.25
 30
1.125
 10
2.0
 20
-14.25
 30
1.125
 10
2.0
 20
-16.0
 30
1.125
 10
-2.0
 20
-16.0
 30
1.125
 10
-2.0
 20
-16.0
 30
1.9375
 10
2.0
 20
-16.0
 30
1.9375
 10
2.0
 20
-14.25
 30
1.9375
 10
-2.0
 20
-14.25
 30
1.9375
 10
-2.0
 20
-16.0
 30
1.125
 10
2.0
 20
-16.0
 30
1.125
 10
2.0
 20
-16.0
 30
1.9375
 10
-2.0
 20
-16.0
 30
1.9375
 10
2.0
 20
-16.0
 30
1.125
 10
2.0
 20
-14.25
 30
1.125
 10
2.0
 20
-14.25
 30
1.9375
 10
2.0
 20
-16.0
 30
1.9375
 10
2.0
 20
-14.25
 30
1.125
 10
-2.0
 20
-14.25
 30
1.125
 10
-2.0
 20
-14.25
 30
1.9375
 10
2.0
 20
-14.25
 30
1.9375
 10
-2.0
 20
-14.25
 30
1.125
 10
-2.0
 20
-16.0
 30
1.125
 10
-2.0
 20
-16.0
 30
1.9375
 10
-2.0
 20
-14.25
 30
1.9375
 10
-2.0
 20
-16.0
 30
0.5625
 10
2.0
 20
-16.0
 30
0.5625
 10
2.0
 20
-17.75
 30
0.5625
 10
-2.0
 20
-17.75
 30
0.5625
 10
-2.0
 20
-17.75
 30
1.375
 10
2.0
 20
-17.75
 30
1.375
 10
2.0
 20
-16.0
 30
1.375
 10
-2.0
 20
-16.0
 30
1.375
 10
-2.0
 20
-17.75
 30
0.5625
 10
2.0
 20
-17.75
 30
0.5625
 10
2.0
 20
-17.75
 30
1.375
 10
-2.0
 20
-17.75
 30
1.375
 10
2.0
 20
-17.75
 30
0.5625
 10
2.0
 20
-16.0
 30
0.5625
 10
2.0
 20
-16.0
 30
1.375
 10
2.0
 20
-17.75
 30
1.375
 10
2.0
 20
-16.0
 30
0.5625
 10
-2.0
 20
-16.0
 30
0.5625
 10
-2.0
 20
-16.0
 30
1.375
 10
2.0
 20
-16.0
 30
1.375
 10
-2.0
 20
-16.0
 30
0.5625
 10
-2.0
 20
-17.75
 30
0.5625
 10
-2.0
 20
-17.75
 30
1.375
 10
-2.0
 20
-16.0
 30
1.375
 10
-2.0
 20
-17.75
 30
0.0
 10
2.0
 20
-17.75
 30
0.0
 10
2.0
 20
-19.5
 30
0.0
 10
-2.0
 20
-19.5
 30
0.0
 10
-2.0
 20
-19.5
 30
0.8125
 10
2.0
 20
-19.5
 30
0.8125
 10
2.0
 20
-17.75
 30
0.8125
 10
-2.0
 20
-17.75
 30
0.8125
 10
-2.0
 20
-19.5
 30
0.0
 10
2.0
 20
-19.5
 30
0.0
 10
2.0
 20
-19.5
 30
0.8125
 10
-2.0
 20
-19.5
 30
0.8125
 10
2.0
 20
-19.5
 30
0.0
 10
2.0
 20
-17.75
 30
0.0
 10
2.0
 20
-17.75
 30
0.8125
 10
2.0
 20
-19.5
 30
0.8125
 10
2.0
 20
-17.75
 30
0.0
 10
-2.0
 20
-17.75
 30
0.0
 10
-2.0
 20
-17.75
 30
0.8125
 10
2.0
 20
-17.75
 30
0.8125
 10
-2.0
 20
-17.75
 30
0.0
 10
-2.0
 20
-19.5
 30
0.0
 10
-2.0
 20
-19.5
 30
0.8125
 10
-2.0
 20
-17.75
 30
0.8125
 93
384
 90
3
 90
0
 90
1
 90
2
 90
3
 90
0
 90
2
 90
3
 90
3
 90
4
 90
5
 90
6
 90
3
 90
4
 90
6
 90
7
 90
3
 90
8
 90
9
 90
10
 90
3
 90
8
 90
10
 90
11
 90
3
 90
12
 90
13
 90
14
 90
3
 90
12
 90
14
 90
15
 90
3
 90
16
 90
17
 90
18
 90
3
 90
16
 90
18
 90
19
 90
3
 90
20
 90
21
 90
22
 90
3
 90
20
 90
22
 90
23
 90
3
 90
24
 90
25
 90
26
 90
3
 90
24
 90
26
 90
27
 90
3
 90
28
 90
29
 90
30
 90
3
 90
28
 90
30
 90
31
 90
3
 90
32
 90
33
 90
34
 90
3
 90
32
 90
34
 90
35
 90
3
 90
36
 90
37
 90
38
 90
3
 90
36
 90
38
 90
39
 90
3
 90
40
 90
41
 90
42
 90
3
 90
40
 90
42
 90
43
 90
3
 90
44
 90
45
 90
46
 90
3
 90
44
 90
46
 90
47
 90
3
 90
48
 90
49
 90
50
 90
3
 90
48
 90
50
 90
51
 90
3
 90
52
 90
53
 90
54
 90
3
 90
52
 90
54
 90
55
 90
3
 90
56
 90
57
 90
58
 90
3
 90
56
 90
58
 90
59
 90
3
 90
60
 90
61
 90
62
 90
3
 90
60
 90
62
 90
63
 90
3
 90
64
 90
65
 90
66
 90
3
 90
64
 90
66
 90
67
 90
3
 90
68
 90
69
 90
70
 90
3
 90
68
 90
70
 90
71
 90
3
 90
72
 90
73
 90
74
 90
3
 90
72
 90
74
 90
75
 90
3
 90
76
 90
77
 90
78
 90
3
 90
76
 90
78
 90
79
 90
3
 90
80
 90
81
 90
82
 90
3
 90
80
 90
82
 90
83
 90
3
 90
84
 90
85
 90
86
 90
3
 90
84
 90
86
 90
87
 90
3
 90
88
 90
89
 90
90
 90
3
 90
88
 90
90
 90
91
 90
3
 90
92
 90
93
 90
94
 90
3
 90
92
 90
94
 90
95
 90
3
 90
96
 90
97
 90
98
 90
3
 90
96
 90
98
 90
99
 90
3
 90
100
 90
101
 90
102
 90
3
 90
100
 90
102
 90
103
 90
3
 90
104
 90
105
 90
106
 90
3
 90
104
 90
106
 90
107
 90
3
 90
108
 90
109
 90
110
 90
3
 90
108
 90
110
 90
111
 90
3
 90
112
 90
113
 90
114
 90
3
 90
112
 90
114
 90
115
 90
3
 90
116
 90
117
 90
118
 90
3
 90
116
 90
118
 90
119
 90
3
 90
120
 90
121
 90
122
 90
3
 90
120
 90
122
 90
123
 90
3
 90
124
 90
125
 90
126
 90
3
 90
124
 90
126
 90
127
 90
3
 90
128
 90
129
 90
130
 90
3
 90
128
 90
130
 90
131
 90
3
 90
132
 90
133
 90
134
 90
3
 90
132
 90
134
 90
135
 90
3
 90
136
 90
137
 90
138
 90
3
 90
136
 90
138
 90
139
 90
3
 90
140
 90
141
 90
142
 90
3
 90
140
 90
142
 90
143
 90
3
 90
144
 90
145
 90
146
 90
3
 90
144
 90
146
 90
147
 90
3
 90
148
 90
149
 90
150
 90
3
 90
148
 90
150
 90
151
 90
3
 90
152
 90
153
 90
154
 90
3
 90
152
 90
154
 90
155
 90
3
 90
156
 90
157
 90
158
 90
3
 90
156
 90
158
 90
159
 90
3
 90
160
 90
161
 90
162
 90
3
 90
160
 90
162
 90
163
 90
3
 90
164
 90
165
 90
166
 90
3
 90
164
 90
166
 90
167
 90
3
 90
168
 90
169
 90
170
 90
3
 90
168
 90
170
 90
171
 90
3
 90
172
 90
173
 90
174
 90
3
 90
172
 90
174
 90
175
 90
3
 90
176
 90
177
 90
178
 90
3
 90
176
 90
178
 90
179
 90
3
 90
180
 90
181
 90
182
 90
3
 90
180
 90
182
 90
183
 90
3
 90
184
 90
185
 90
186
 90
3
 90
184
 90
186
 90
187
 90
3
 90
188
 90
189
 90
190
 90
3
 90
188
 90
190
 90
191
 94
0
 95
0
 90
0
  0
MESH
  5
A2
330
17
100
AcDbEntity
  8
M-HATCH
100
AcDbSubDMesh
 71
2
 72
0
 91
0
 92
24
 10
-1.6
 20
-5.4
 30
4.45
 10
1.6
 20
-5.4
 30
4.45
 10
1.6
 20
-6.2
 30
4.45
 10
-1.6
 20
-6.2
 30
4.45
 10
-1.6
 20
-6.2
 30
4.55
 10
1.6
 20
-6.2
 30
4.55
 10
1.6
 20
-5.4
 30
4.55
 10
-1.6
 20
-5.4
 30
4.55
 10
-1.6
 20
-6.2
 30
4.45
 10
1.6
 20
-6.2
 30
4.45
 10
1.6
 20
-6.2
 30
4.55
 10
-1.6
 20
-6.2
 30
4.55
 10
1.6
 20
-6.2
 30
4.45
 10
1.6
 20
-5.4
 30
4.45
 10
1.6
 20
-5.4
 30
4.55
 10
1.6
 20
-6.2
 30
4.55
 10
1.6
 20
-5.4
 30
4.45
 10
-1.6
 20
-5.4
 30
4.45
 10
-1.6
 20
-5.4
 30
4.55
 10
1.6
 20
-5.4
 30
4.55
 10
-1.6
 20
-5.4
 30
4.45
 10
-1.6
 20
-6.2
 30
4.45
 10
-1.6
 20
-6.2
 30
4.55
 10
-1.6
 20
-5.4
 30
4.55
 93
48
 90
3
 90
0
 90
1
 90
2
 90
3
 90
0
 90
2
 90
3
 90
3
 90
4
 90
5
 90
6
 90
3
 90
4
 90
6
 90
7
 90
3
 90
8
 90
9
 90
10
 90
3
 90
8
 90
10
 90
11
 90
3
 90
12
 90
13
 90
14
 90
3
 90
12
 90
14
 90
15
 90
3
 90
16
 90
17
 90
18
 90
3
 90
16
 90
18
 90
19
 90
3
 90
20
 90
21
 90
22
 90
3
 90
20
 90
22
 90
23
 94
0
 95
0
 90
0
  0
MESH
  5
A4
330
17
100
AcDbEntity
  8
M-ANTENNA
100
AcDbSubDMesh
 71
2
 72
0
 91
0
 92
152
 10
0.0
 20
0.0
 30
22.0
 10
0.08485281374238571
 20
0.0848528137423857
 30
22.0
 10
0.12
 20
0.0
 30
22.0
 10
0.0
 20
0.0
 30
22.0
 10
7.347880794884118e-18
 20
0.12
 30
22.0
 10
0.08485281374238571
 20
0.0848528137423857
 30
22.0
 10
0.0
 20
0.0
 30
22.0
 10
-0.0848528137423857
 20
0.08485281374238571
 30
22.0
 10
7.347880794884118e-18
 20
0.12
 30
22.0
 10
0.0
 20
0.0
 30
22.0
 10
-0.12
 20
1.4695761589768237e-17
 30
22.0
 10
-0.0848528137423857
 20
0.08485281374238571
 30
22.0
 10
0.0
 20
0.0
 30
22.0
 10
-0.08485281374238572
 20
-0.0848528137423857
 30
22.0
 10
-0.12
 20
1.4695761589768237e-17
 30
22.0
 10
0.0
 20
0.0
 30
22.0
 10
-2.2043642384652355e-17
 20
-0.12
 30
22.0
 10
-0.08485281374238572
 20
-0.0848528137423857
 30
22.0
 10
0.0
 20
0.0
 30
22.0
 10
0.08485281374238568
 20
-0.08485281374238572
 30
22.0
 10
-2.2043642384652355e-17
 20
-0.12
 30
22.0
 10
0.0
 20
0.0
 30
22.0
 10
0.12
 20
0.0
 30
22.0
 10
0.08485281374238568
 20
-0.08485281374238572
 30
22.0
 10
0.12
 20
0.0
 30
22.0
 10
0.08485281374238571
 20
0.0848528137423857
 30
22.0
 10
0.08485281374238571
 20
0.0848528137423857
 30
19.0
 10
0.12
 20
0.0
 30
19.0
 10
0.08485281374238571
 20
0.0848528137423857
 30
22.0
 10
7.347880794884118e-18
 20
0.12
 30
22.0
 10
7.347880794884118e-18
 20
0.12
 30
19.0
 10
0.08485281374238571
 20
0.0848528137423857
 30
19.0
 10
7.347880794884118e-18
 20
0.12
 30
22.0
 10
-0.0848528137423857
 20
0.08485281374238571
 30
22.0
 10
-0.0848528137423857
 20
0.08485281374238571
 30
19.0
 10
7.347880794884118e-18
 20
0.12
 30
19.0
 10
-0.0848528137423857
 20
0.08485281374238571
 30
22.0
 10
-0.12
 20
1.4695761589768237e-17
 30
22.0
 10
-0.12
 20
1.4695761589768237e-17
 30
19.0
 10
-0.0848528137423857
 20
0.08485281374238571
 30
19.0
 10
-0.12
 20
1.4695761589768237e-17
 30
22.0
 10
-0.08485281374238572
 20
-0.0848528137423857
 30
22.0
 10
-0.08485281374238572
 20
-0.0848528137423857
 30
19.0
 10
-0.12
 20
1.4695761589768237e-17
 30
19.0
 10
-0.08485281374238572
 20
-0.0848528137423857
 30
22.0
 10
-2.2043642384652355e-17
 20
-0.12
 30
22.0
 10
-2.2043642384652355e-17
 20
-0.12
 30
19.0
 10
-0.08485281374238572
 20
-0.0848528137423857
 30
19.0
 10
-2.2043642384652355e-17
 20
-0.12
 30
22.0
 10
0.08485281374238568
 20
-0.08485281374238572
 30
22.0
 10
0.08485281374238568
 20
-0.08485281374238572
 30
19.0
 10
-2.2043642384652355e-17
 20
-0.12
 30
19.0
 10
0.08485281374238568
 20
-0.08485281374238572
 30
22.0
 10
0.12
 20
0.0
 30
22.0
 10
0.12
 20
0.0
 30
19.0
 10
0.08485281374238568
 20
-0.08485281374238572
 30
19.0
 10
0.12
 20
0.0
 30
19.0
 10
0.08485281374238571
 20
0.0848528137423857
 30
19.0
 10
0.0
 20
0.0
 30
19.0
 10
0.08485281374238571
 20
0.0848528137423857
 30
19.0
 10
7.347880794884118e-18
 20
0.12
 30
19.0
 10
0.0
 20
0.0
 30
19.0
 10
7.347880794884118e-18
 20
0.12
 30
19.0
 10
-0.0848528137423857
 20
0.08485281374238571
 30
19.0
 10
0.0
 20
0.0
 30
19.0
 10
-0.0848528137423857
 20
0.08485281374238571
 30
19.0
 10
-0.12
 20
1.4695761589768237e-17
 30
19.0
 10
0.0
 20
0.0
 30
19.0
 10
-0.12
 20
1.4695761589768237e-17
 30
19.0
 10
-0.08485281374238572
 20
-0.0848528137423857
 30
19.0
 10
0.0
 20
0.0
 30
19.0
 10
-0.08485281374238572
 20
-0.0848528137423857
 30
19.0
 10
-2.2043642384652355e-17
 20
-0.12
 30
19.0
 10
0.0
 20
0.0
 30
19.0
 10
-2.2043642384652355e-17
 20
-0.12
 30
19.0
 10
0.08485281374238568
 20
-0.08485281374238572
 30
19.0
 10
0.0
 20
0.0
 30
19.0
 10
0.08485281374238568
 20
-0.08485281374238572
 30
19.0
 10
0.12
 20
0.0
 30
19.0
 10
0.0
 20
0.0
 30
19.0
 10
0.0
 20
0.0
 30
22.6
 10
0.43301270189221935
 20
0.24999999999999997
 30
22.0
 10
0.5
 20
0.0
 30
22.0
 10
0.0
 20
0.0
 30
22.6
 10
0.25000000000000006
 20
0.4330127018922193
 30
22.0
 10
0.43301270189221935
 20
0.24999999999999997
 30
22.0
 10
0.0
 20
0.0
 30
22.6
 10
3.061616997868383e-17
 20
0.5
 30
22.0
 10
0.25000000000000006
 20
0.4330127018922193
 30
22.0
 10
0.0
 20
0.0
 30
22.6
 10
-0.2499999999999999
 20
0.43301270189221935
 30
22.0
 10
3.061616997868383e-17
 20
0.5
 30
22.0
 10
0.0
 20
0.0
 30
22.6
 10
-0.43301270189221935
 20
0.24999999999999997
 30
22.0
 10
-0.2499999999999999
 20
0.43301270189221935
 30
22.0
 10
0.0
 20
0.0
 30
22.6
 10
-0.5
 20
6.123233995736766e-17
 30
22.0
 10
-0.43301270189221935
 20
0.24999999999999997
 30
22.0
 10
0.0
 20
0.0
 30
22.6
 10
-0.4330127018922194
 20
-0.24999999999999986
 30
22.0
 10
-0.5
 20
6.123233995736766e-17
 30
22.0
 10
0.0
 20
0.0
 30
22.6
 10
-0.2500000000000002
 20
-0.4330127018922192
 30
22.0
 10
-0.4330127018922194
 20
-0.24999999999999986
 30
22.0
 10
0.0
 20
0.0
 30
22.6
 10
-9.184850993605148e-17
 20
-0.5
 30
22.0
 10
-0.2500000000000002
 20
-0.4330127018922192
 30
22.0
 10
0.0
 20
0.0
 30
22.6
 10
0.25000000000000006
 20
-0.4330127018922193
 30
22.0
 10
-9.184850993605148e-17
 20
-0.5
 30
22.0
 10
0.0
 20
0.0
 30
22.6
 10
0.4330127018922192
 20
-0.2500000000000002
 30
22.0
 10
0.25000000000000006
 20
-0.4330127018922193
 30
22.0
 10
0.0
 20
0.0
 30
22.6
 10
0.5
 20
0.0
 30
22.0
 10
0.4330127018922192
 20
-0.2500000000000002
 30
22.0
 10
0.5
 20
0.0
 30
22.0
 10
0.43301270189221935
 20
0.24999999999999997
 30
22.0
 10
0.0
 20
0.0
 30
21.4
 10
0.43301270189221935
 20
0.24999999999999997
 30
22.0
 10
0.25000000000000006
 20
0.4330127018922193
 30
22.0
 10
0.0
 20
0.0
 30
21.4
 10
0.25000000000000006
 20
0.4330127018922193
 30
22.0
 10
3.061616997868383e-17
 20
0.5
 30
22.0
 10
0.0
 20
0.0
 30
21.4
 10
3.061616997868383e-17
 20
0.5
 30
22.0
 10
-0.2499999999999999
 20
0.43301270189221935
 30
22.0
 10
0.0
 20
0.0
 30
21.4
 10
-0.2499999999999999
 20
0.43301270189221935
 30
22.0
 10
-0.43301270189221935
 20
0.24999999999999997
 30
22.0
 10
0.0
 20
0.0
 30
21.4
 10
-0.43301270189221935
 20
0.24999999999999997
 30
22.0
 10
-0.5
 20
6.123233995736766e-17
 30
22.0
 10
0.0
 20
0.0
 30
21.4
 10
-0.5
 20
6.123233995736766e-17
 30
22.0
 10
-0.4330127018922194
 20
-0.24999999999999986
 30
22.0
 10
0.0
 20
0.0
 30
21.4
 10
-0.4330127018922194
 20
-0.24999999999999986
 30
22.0
 10
-0.2500000000000002
 20
-0.4330127018922192
 30
22.0
 10
0.0
 20
0.0
 30
21.4
 10
-0.2500000000000002
 20
-0.4330127018922192
 30
22.0
 10
-9.184850993605148e-17
 20
-0.5
 30
22.0
 10
0.0
 20
0.0
 30
21.4
 10
-9.184850993605148e-17
 20
-0.5
 30
22.0
 10
0.25000000000000006
 20
-0.4330127018922193
 30
22.0
 10
0.0
 20
0.0
 30
21.4
 10
0.25000000000000006
 20
-0.4330127018922193
 30
22.0
 10
0.4330127018922192
 20
-0.2500000000000002
 30
22.0
 10
0.0
 20
0.0
 30
21.4
 10
0.4330127018922192
 20
-0.2500000000000002
 30
22.0
 10
0.5
 20
0.0
 30
22.0
 10
0.0
 20
0.0
 30
21.4
 93
224
 90
3
 90
0
 90
1
 90
2
 90
3
 90
3
 90
4
 90
5
 90
3
 90
6
 90
7
 90
8
 90
3
 90
9
 90
10
 90
11
 90
3
 90
12
 90
13
 90
14
 90
3
 90
15
 90
16
 90
17
 90
3
 90
18
 90
19
 90
20
 90
3
 90
21
 90
22
 90
23
 90
3
 90
24
 90
25
 90
26
 90
3
 90
24
 90
26
 90
27
 90
3
 90
28
 90
29
 90
30
 90
3
 90
28
 90
30
 90
31
 90
3
 90
32
 90
33
 90
34
 90
3
 90
32
 90
34
 90
35
 90
3
 90
36
 90
37
 90
38
 90
3
 90
36
 90
38
 90
39
 90
3
 90
40
 90
41
 90
42
 90
3
 90
40
 90
42
 90
43
 90
3
 90
44
 90
45
 90
46
 90
3
 90
44
 90
46
 90
47
 90
3
 90
48
 90
49
 90
50
 90
3
 90
48
 90
50
 90
51
 90
3
 90
52
 90
53
 90
54
 90
3
 90
52
 90
54
 90
55
 90
3
 90
56
 90
57
 90
58
 90
3
 90
59
 90
60
 90
61
 90
3
 90
62
 90
63
 90
64
 90
3
 90
65
 90
66
 90
67
 90
3
 90
68
 90
69
 90
70
 90
3
 90
71
 90
72
 90
73
 90
3
 90
74
 90
75
 90
76
 90
3
 90
77
 90
78
 90
79
 90
3
 90
80
 90
81
 90
82
 90
3
 90
83
 90
84
 90
85
 90
3
 90
86
 90
87
 90
88
 90
3
 90
89
 90
90
 90
91
 90
3
 90
92
 90
93
 90
94
 90
3
 90
95
 90
96
 90
97
 90
3
 90
98
 90
99
 90
100
 90
3
 90
101
 90
102
 90
103
 90
3
 90
104
 90
105
 90
106
 90
3
 90
107
 90
108
 90
109
 90
3
 90
110
 90
111
 90
112
 90
3
 90
113
 90
114
 90
115
 90
3
 90
116
 90
117
 90
118
 90
3
 90
119
 90
120
 90
121
 90
3
 90
122
 90
123
 90
124
 90
3
 90
125
 90
126
 90
127
 90
3
 90
128
 90
129
 90
130
 90
3
 90
131
 90
132
 90
133
 90
3
 90
134
 90
135
 90
136
 90
3
 90
137
 90
138
 90
139
 90
3
 90
140
 90
141
 90
142
 90
3
 90
143
 90
144
 90
145
 90
3
 90
146
 90
147
 90
148
 90
3
 90
149
 90
150
 90
151
 94
0
 95
0
 90
0
  0
LWPOLYLINE
  5
A5
330
17
100
AcDbEntity
  8
A-WALL
100
AcDbPolyline
 90
32
 70
1
 43
0.5
 10
12.0
 20
0.0
 10
11.769423364838765
 20
2.341083864193539
 10
11.08655439013544
 20
4.592201188381077
 10
9.977635347630542
 20
6.666842796235226
 10
8.485281374238571
 20
8.48528137423857
 10
6.666842796235228
 20
9.977635347630542
 10
4.592201188381078
 20
11.08655439013544
 10
2.34108386419354
 20
11.769423364838765
 10
7.347880794884119e-16
 20
12.0
 10
-2.3410838641935383
 20
11.769423364838765
 10
-4.592201188381077
 20
11.08655439013544
 10
-6.6668427962352235
 20
9.977635347630546
 10
-8.48528137423857
 20
8.485281374238571
 10
-9.977635347630544
 20
6.666842796235226
 10
-11.08655439013544
 20
4.592201188381079
 10
-11.769423364838765
 20
2.341083864193543
 10
-12.0
 20
1.4695761589768238e-15
 10
-11.769423364838765
 20
-2.34108386419354
 10
-11.086554390135442
 20
-4.592201188381076
 10
-9.977635347630546
 20
-6.6668427962352235
 10
-8.485281374238571
 20
-8.48528137423857
 10
-6.666842796235226
 20
-9.977635347630542
 10
-4.592201188381084
 20
-11.086554390135438
 10
-2.341083864193544
 20
-11.769423364838763
 10
-2.204364238465236e-15
 20
-12.0
 10
2.3410838641935396
 20
-11.769423364838765
 10
4.59220118838108
 20
-11.08655439013544
 10
6.666842796235223
 20
-9.977635347630546
 10
8.485281374238568
 20
-8.485281374238571
 10
9.977635347630542
 20
-6.666842796235226
 10
11.086554390135438
 20
-4.592201188381084
 10
11.769423364838763
 20
-2.3410838641935445
  0
LWPOLYLINE
  5
A6
330
17
100
AcDbEntity
  8
A-DECK
100
AcDbPolyline
 90
4
 70
1
 10
-2.0
 20
-19.5
 10
2.0
 20
-19.5
 10
2.0
 20
-5.5
 10
-2.0
 20
-5.5
  0
LWPOLYLINE
  5
A7
330
17
100
AcDbEntity
  8
A-ROOF-OUTL
  6
DASHED
100
AcDbPolyline
 90
32
 70
1
 10
12.35
 20
0.0
 10
12.112698212979895
 20
2.409365476899184
 10
11.409912226514392
 20
4.726140389708859
 10
10.268649711936433
 20
6.861292377792087
 10
8.732768747653862
 20
8.73276874765386
 10
6.861292377792088
 20
10.268649711936433
 10
4.726140389708859
 20
11.409912226514392
 10
2.409365476899185
 20
12.112698212979895
 10
7.562193984734905e-16
 20
12.35
 10
-2.409365476899183
 20
12.112698212979895
 10
-4.726140389708858
 20
11.409912226514392
 10
-6.861292377792084
 20
10.268649711936437
 10
-8.73276874765386
 20
8.732768747653862
 10
-10.268649711936435
 20
6.861292377792087
 10
-11.409912226514392
 20
4.72614038970886
 10
-12.112698212979895
 20
2.4093654768991883
 10
-12.35
 20
1.512438796946981e-15
 10
-12.112698212979895
 20
-2.4093654768991852
 10
-11.409912226514392
 20
-4.726140389708857
 10
-10.268649711936437
 20
-6.861292377792084
 10
-8.732768747653864
 20
-8.73276874765386
 10
-6.861292377792087
 20
-10.268649711936433
 10
-4.726140389708865
 20
-11.409912226514388
 10
-2.409365476899189
 20
-12.112698212979893
 10
-2.2686581954204715e-15
 20
-12.35
 10
2.4093654768991843
 20
-12.112698212979895
 10
4.726140389708862
 20
-11.40991222651439
 10
6.861292377792083
 20
-10.268649711936437
 10
8.732768747653859
 20
-8.732768747653864
 10
10.268649711936433
 20
-6.861292377792087
 10
11.409912226514388
 20
-4.726140389708866
 10
12.112698212979893
 20
-2.4093654768991897
  0
LWPOLYLINE
  5
A8
330
17
100
AcDbEntity
  8
A-ROOF-OUTL
  6
DASHED
100
AcDbPolyline
 90
32
 70
1
 10
4.0
 20
0.0
 10
3.9231411216129217
 20
0.780361288064513
 10
3.695518130045147
 20
1.5307337294603591
 10
3.325878449210181
 20
2.2222809320784087
 10
2.8284271247461903
 20
2.82842712474619
 10
2.222280932078409
 20
3.325878449210181
 10
1.5307337294603593
 20
3.695518130045147
 10
0.7803612880645133
 20
3.9231411216129217
 10
2.4492935982947064e-16
 20
4.0
 10
-0.7803612880645128
 20
3.9231411216129217
 10
-1.530733729460359
 20
3.695518130045147
 10
-2.222280932078408
 20
3.325878449210182
 10
-2.82842712474619
 20
2.8284271247461903
 10
-3.3258784492101814
 20
2.2222809320784087
 10
-3.695518130045147
 20
1.5307337294603596
 10
-3.9231411216129217
 20
0.7803612880645144
 10
-4.0
 20
4.898587196589413e-16
 10
-3.9231411216129217
 20
-0.7803612880645134
 10
-3.6955181300451474
 20
-1.5307337294603587
 10
-3.325878449210182
 20
-2.222280932078408
 10
-2.8284271247461907
 20
-2.82842712474619
 10
-2.2222809320784087
 20
-3.325878449210181
 10
-1.5307337294603613
 20
-3.695518130045146
 10
-0.7803612880645147
 20
-3.9231411216129213
 10
-7.347880794884119e-16
 20
-4.0
 10
0.7803612880645132
 20
-3.9231411216129217
 10
1.53073372946036
 20
-3.6955181300451465
 10
2.2222809320784074
 20
-3.325878449210182
 10
2.8284271247461894
 20
-2.8284271247461907
 10
3.325878449210181
 20
-2.2222809320784087
 10
3.695518130045146
 20
-1.5307337294603616
 10
3.9231411216129213
 20
-0.7803612880645149
  0
LINE
  5
A9
330
17
100
AcDbEntity
  8
A-DOOR
100
AcDbLine
 10
-1.5
 20
-12.0
 30
0.0
 11
1.5
 21
-12.0
 31
0.0
  0
CIRCLE
  5
AA
330
17
100
AcDbEntity
  8
A-GLAZ
100
AcDbCircle
 10
10.392304845413264
 20
5.999999999999999
 30
0.0
 40
0.6
  0
CIRCLE
  5
AB
330
17
100
AcDbEntity
  8
A-GLAZ
100
AcDbCircle
 10
3.105828541230249
 20
11.59110991546882
 30
0.0
 40
0.6
  0
CIRCLE
  5
AC
330
17
100
AcDbEntity
  8
A-GLAZ
100
AcDbCircle
 10
-5.999999999999997
 20
10.392304845413264
 30
0.0
 40
0.6
  0
CIRCLE
  5
AD
330
17
100
AcDbEntity
  8
A-GLAZ
100
AcDbCircle
 10
-11.591109915468818
 20
3.1058285412302524
 30
0.0
 40
0.6
  0
CIRCLE
  5
AE
330
17
100
AcDbEntity
  8
A-GLAZ
100
AcDbCircle
 10
-11.59110991546882
 20
-3.1058285412302498
 30
0.0
 40
0.6
  0
CIRCLE
  5
AF
330
17
100
AcDbEntity
  8
A-GLAZ
100
AcDbCircle
 10
-6.000000000000005
 20
-10.39230484541326
 30
0.0
 40
0.6
  0
CIRCLE
  5
B0
330
17
100
AcDbEntity
  8
A-GLAZ
100
AcDbCircle
 10
3.1058285412302435
 20
-11.59110991546882
 30
0.0
 40
0.6
  0
CIRCLE
  5
B1
330
17
100
AcDbEntity
  8
A-GLAZ
100
AcDbCircle
 10
10.39230484541326
 20
-6.000000000000005
 30
0.0
 40
0.6
  0
TEXT
  5
B2
330
17
100
AcDbEntity
  8
A-ANNO
100
AcDbText
 10
0.0
 20
3.0
 30
0.0
 40
0.8
  1
BRIDGE / LIVING  200 SF
 72
1
 11
0.0
 21
3.0
 31
0.0
100
AcDbText
 73
2
  0
TEXT
  5
B3
330
17
100
AcDbEntity
  8
A-ANNO
100
AcDbText
 10
0.0
 20
9.0
 30
0.0
 40
0.8
  1
GALLEY  60 SF
 72
1
 11
0.0
 21
9.0
 31
0.0
100
AcDbText
 73
2
  0
TEXT
  5
B4
330
17
100
AcDbEntity
  8
A-ANNO
100
AcDbText
 10
-6.5
 20
-3.0
 30
0.0
 40
0.8
  1
BATH CORE  45 SF
 72
1
 11
-6.5
 21
-3.0
 31
0.0
100
AcDbText
 73
2
  0
TEXT
  5
B5
330
17
100
AcDbEntity
  8
A-ANNO
100
AcDbText
 10
7.5
 20
-3.0
 30
0.0
 40
0.8
  1
BUNK ALCOVE  55 SF
 72
1
 11
7.5
 21
-3.0
 31
0.0
100
AcDbText
 73
2
  0
TEXT
  5
B6
330
17
100
AcDbEntity
  8
A-ANNO
100
AcDbText
 10
0.0
 20
-9.5
 30
0.0
 40
0.8
  1
RIM SEATING (LOW CEILING)  40 SF
 72
1
 11
0.0
 21
-9.5
 31
0.0
100
AcDbText
 73
2
  0
TEXT
  5
B7
330
17
100
AcDbEntity
  8
A-ANNO
100
AcDbText
 10
0.0
 20
-13.0
 30
0.0
 40
0.8
  1
RAMP DN  0 SF
 72
1
 11
0.0
 21
-13.0
 31
0.0
100
AcDbText
 73
2
  0
LWPOLYLINE
  5
B8
330
17
100
AcDbEntity
  8
A-FURN
100
AcDbPolyline
 90
4
 70
1
 10
-5.0
 20
3.0
 10
-1.0
 20
3.0
 10
-1.0
 20
5.0
 10
-5.0
 20
5.0
  0
LWPOLYLINE
  5
B9
330
17
100
AcDbEntity
  8
A-FURN
100
AcDbPolyline
 90
4
 70
1
 10
-1.0
 20
0.5
 10
2.0
 20
0.5
 10
2.0
 20
3.5
 10
-1.0
 20
3.5
  0
LWPOLYLINE
  5
BA
330
17
100
AcDbEntity
  8
A-FURN
100
AcDbPolyline
 90
4
 70
1
 10
-4.0
 20
8.5
 10
4.0
 20
8.5
 10
4.0
 20
10.3
 10
-4.0
 20
10.3
  0
LWPOLYLINE
  5
BB
330
17
100
AcDbEntity
  8
A-FURN
100
AcDbPolyline
 90
4
 70
1
 10
-8.2
 20
-3.5
 10
-6.6
 20
-3.5
 10
-6.6
 20
-1.5
 10
-8.2
 20
-1.5
  0
LWPOLYLINE
  5
BC
330
17
100
AcDbEntity
  8
A-FURN
100
AcDbPolyline
 90
4
 70
1
 10
-6.0
 20
-5.8
 10
-3.0
 20
-5.8
 10
-3.0
 20
-2.8
 10
-6.0
 20
-2.8
  0
LWPOLYLINE
  5
BD
330
17
100
AcDbEntity
  8
A-FURN
100
AcDbPolyline
 90
4
 70
1
 10
5.0
 20
-6.0
 10
10.0
 20
-6.0
 10
10.0
 20
0.5
 10
5.0
 20
0.5
  0
MTEXT
  5
BE
330
17
100
AcDbEntity
  8
A-ANNO
100
AcDbMText
 10
-17.0
 20
28.0
 30
0.0
 40
0.9
 41
40.0
 71
1
  1
SAUCER POD (UFO) - TINY HOME CONCEPT\P24 ft diameter saucer on three legs, 6 ft ground clearance, 14 ft boarding ramp at the front\PGROSS 403 SF, HEIGHT 19 FT\PLOCAL ORIGIN AT PAD CENTRE; -Y FACES THE LANE; UNITS FEET
  0
ENDSEC
  0
SECTION
  2
OBJECTS
  0
DICTIONARY
  5
A
330
0
100
AcDbDictionary
281
1
  3
ACAD_COLOR
350
B
  3
ACAD_GROUP
350
C
  3
ACAD_LAYOUT
350
D
  3
ACAD_MATERIAL
350
E
  3
ACAD_MLEADERSTYLE
350
F
  3
ACAD_MLINESTYLE
350
10
  3
ACAD_PLOTSETTINGS
350
11
  3
ACAD_PLOTSTYLENAME
350
12
  3
ACAD_SCALELIST
350
14
  3
ACAD_TABLESTYLE
350
15
  3
ACAD_VISUALSTYLE
350
16
  3
EZDXF_META
350
2D
  0
DICTIONARY
  5
B
330
A
100
AcDbDictionary
281
1
  0
DICTIONARY
  5
C
330
A
100
AcDbDictionary
281
1
  0
DICTIONARY
  5
D
330
A
100
AcDbDictionary
281
1
  3
Model
350
1A
  3
Layout1
350
1E
  0
DICTIONARY
  5
E
330
A
100
AcDbDictionary
281
1
  3
ByBlock
350
1F
  3
ByLayer
350
20
  3
Global
350
21
  0
DICTIONARY
  5
F
330
A
100
AcDbDictionary
281
1
  3
Standard
350
2C
  0
DICTIONARY
  5
10
330
A
100
AcDbDictionary
281
1
  3
Standard
350
22
  0
DICTIONARY
  5
11
330
A
100
AcDbDictionary
281
1
  0
ACDBDICTIONARYWDFLT
  5
12
330
A
100
AcDbDictionary
281
1
  3
Normal
350
13
100
AcDbDictionaryWithDefault
340
13
  0
ACDBPLACEHOLDER
  5
13
330
12
  0
DICTIONARY
  5
14
330
A
100
AcDbDictionary
281
1
  0
DICTIONARY
  5
15
330
A
100
AcDbDictionary
281
1
  0
DICTIONARY
  5
16
330
A
100
AcDbDictionary
281
1
  3
2dWireframe
350
5A
  3
Basic
350
5B
  3
Brighten
350
5C
  3
ColorChange
350
5D
  3
Conceptual
350
5E
  3
Dim
350
5F
  3
EdgeColorOff
350
60
  3
Facepattern
350
61
  3
Flat
350
62
  3
FlatWithEdges
350
63
  3
Gouraud
350
64
  3
GouraudWithEdges
350
65
  3
Hidden
350
66
  3
JitterOff
350
67
  3
Linepattern
350
68
  3
Modeling
350
69
  3
OverhangOff
350
6A
  3
Realistic
350
6B
  3
Shaded
350
6C
  3
Shaded with edges
350
6D
  3
Shades of Gray
350
6E
  3
Sketchy
350
6F
  3
Thicken
350
70
  3
Wireframe
350
71
  3
X-Ray
350
72
  0
LAYOUT
  5
1A
330
D
100
AcDbPlotSettings
  1

  4
A3
  6

 40
7.5
 41
20.0
 42
7.5
 43
20.0
 44
420.0
 45
297.0
 46
0.0
 47
0.0
 48
0.0
 49
0.0
140
0.0
141
0.0
142
1.0
143
1.0
 70
1024
 72
1
 73
0
 74
5
  7

 75
16
 76
0
 77
2
 78
300
147
1.0
148
0.0
149
0.0
100
AcDbLayout
  1
Model
 70
1
 71
0
 10
0.0
 20
0.0
 11
420.0
 21
297.0
 12
0.0
 22
0.0
 32
0.0
 14
1e+20
 24
1e+20
 34
1e+20
 15
-1e+20
 25
-1e+20
 35
-1e+20
146
0.0
 13
0.0
 23
0.0
 33
0.0
 16
1.0
 26
0.0
 36
0.0
 17
0.0
 27
1.0
 37
0.0
 76
1
330
17
  0
LAYOUT
  5
1E
330
D
100
AcDbPlotSettings
  1

  4
A3
  6

 40
7.5
 41
20.0
 42
7.5
 43
20.0
 44
420.0
 45
297.0
 46
0.0
 47
0.0
 48
0.0
 49
0.0
140
0.0
141
0.0
142
1.0
143
1.0
 70
0
 72
1
 73
0
 74
5
  7

 75
16
 76
0
 77
2
 78
300
147
1.0
148
0.0
149
0.0
100
AcDbLayout
  1
Layout1
 70
1
 71
1
 10
0.0
 20
0.0
 11
420.0
 21
297.0
 12
0.0
 22
0.0
 32
0.0
 14
1e+20
 24
1e+20
 34
1e+20
 15
-1e+20
 25
-1e+20
 35
-1e+20
146
0.0
 13
0.0
 23
0.0
 33
0.0
 16
1.0
 26
0.0
 36
0.0
 17
0.0
 27
1.0
 37
0.0
 76
1
330
1B
  0
MATERIAL
  5
1F
102
{ACAD_REACTORS
330
E
102
}
330
E
100
AcDbMaterial
  1
ByBlock
  2

 70
0
 40
1.0
 71
1
 41
1.0
 91
-1023410177
 42
1.0
 72
1
  3

 73
1
 74
1
 75
1
 44
0.5
 73
0
 45
1.0
 46
1.0
 77
1
  4

 78
1
 79
1
170
1
 48
1.0
171
1
  6

172
1
173
1
174
1
140
1.0
141
1.0
175
1
  7

176
1
177
1
178
1
143
1.0
179
1
  8

270
1
271
1
272
1
145
1.0
146
1.0
273
1
  9

274
1
275
1
276
1
 42
1.0
 72
1
  3

 73
1
 74
1
 75
1
 94
63
  0
MATERIAL
  5
20
102
{ACAD_REACTORS
330
E
102
}
330
E
100
AcDbMaterial
  1
ByLayer
  2

 70
0
 40
1.0
 71
1
 41
1.0
 91
-1023410177
 42
1.0
 72
1
  3

 73
1
 74
1
 75
1
 44
0.5
 73
0
 45
1.0
 46
1.0
 77
1
  4

 78
1
 79
1
170
1
 48
1.0
171
1
  6

172
1
173
1
174
1
140
1.0
141
1.0
175
1
  7

176
1
177
1
178
1
143
1.0
179
1
  8

270
1
271
1
272
1
145
1.0
146
1.0
273
1
  9

274
1
275
1
276
1
 42
1.0
 72
1
  3

 73
1
 74
1
 75
1
 94
63
  0
MATERIAL
  5
21
102
{ACAD_REACTORS
330
E
102
}
330
E
100
AcDbMaterial
  1
Global
  2

 70
0
 40
1.0
 71
1
 41
1.0
 91
-1023410177
 42
1.0
 72
1
  3

 73
1
 74
1
 75
1
 44
0.5
 73
0
 45
1.0
 46
1.0
 77
1
  4

 78
1
 79
1
170
1
 48
1.0
171
1
  6

172
1
173
1
174
1
140
1.0
141
1.0
175
1
  7

176
1
177
1
178
1
143
1.0
179
1
  8

270
1
271
1
272
1
145
1.0
146
1.0
273
1
  9

274
1
275
1
276
1
 42
1.0
 72
1
  3

 73
1
 74
1
 75
1
 94
63
  0
MLINESTYLE
  5
22
102
{ACAD_REACTORS
330
10
102
}
330
10
100
AcDbMlineStyle
  2
Standard
 70
0
  3

 62
256
 51
90.0
 52
90.0
 71
2
 49
0.5
 62
256
  6
BYLAYER
 49
-0.5
 62
256
  6
BYLAYER
  0
MLEADERSTYLE
  5
2C
102
{ACAD_REACTORS
330
F
102
}
330
F
100
AcDbMLeaderStyle
179
2
170
2
171
1
172
0
 90
2
 40
0.0
 41
0.0
173
1
 91
-1056964608
 92
-2
290
1
 42
2.0
291
1
 43
8.0
  3
Standard
 44
4.0
300

342
29
174
1
175
1
176
0
178
1
 93
-1056964608
 45
4.0
292
0
297
0
 46
4.0
 94
-1056964608
 47
1.0
 49
1.0
140
1.0
294
1
141
0.0
177
0
142
1.0
295
0
296
0
143
3.75
271
0
272
9
273
9
  0
DICTIONARY
  5
2D
330
A
100
AcDbDictionary
280
1
281
1
  3
CREATED_BY_EZDXF
350
2E
  3
WRITTEN_BY_EZDXF
350
C1
  0
DICTIONARYVAR
  5
2E
330
2D
100
DictionaryVariables
280
0
  1
1.4.4 @ 2026-09-29T11:25:58.246767+00:00
  0
VISUALSTYLE
  5
5A
102
{ACAD_REACTORS
330
16
102
}
330
16
100
AcDbVisualStyle
  2
2dWireframe
 70
4
177
3
291
0
 70
58
 90
2
176
1
 90
2
176
1
 90
0
176
1
 90
0
176
1
 40
0.6
176
1
 40
30.0
176
1
 62
7
420
16777215
176
1
 90
1
176
1
 90
4
176
1
 62
7
176
1
 62
257
176
1
 90
1
176
1
 90
1
176
1
 40
1.0
176
1
 90
8
176
1
 62
7
176
1
 40
1.0
176
1
 90
1
176
1
 90
6
176
1
 90
2
176
1
 62
7
176
1
 90
5
176
1
 90
0
176
1
 90
0
176
1
290
0
176
1
 90
1
176
1
 40
0.0
176
1
 90
0
176
1
290
1
176
1
290
1
176
1
290
0
176
1
290
0
176
1
290
0
176
1
290
0
176
1
290
0
176
1
290
0
176
1
290
0
176
1
 90
50
176
1
 40
0.0
176
1
 40
1.0
176
1
 90
0
176
1
 62
18
420
0
176
1
 90
50
176
1
 90
3
176
1
 62
5
420
255
176
1
290
0
176
1
 90
50
176
1
 90
50
176
1
 90
50
176
1
290
0
176
1
 90
50
176
1
 62
256
176
0
 40
1.0
176
0
 90
2
176
1
  1
strokes_ogs.tif
176
1
290
0
176
1
 40
1.0
176
1
 40
1.0
176
1
  0
VISUALSTYLE
  5
5B
102
{ACAD_REACTORS
330
16
102
}
330
16
100
AcDbVisualStyle
  2
Basic
 70
7
177
3
291
1
 70
58
 90
2
176
1
 90
2
176
1
 90
0
176
1
 90
1
176
1
 40
0.6
176
1
 40
30.0
176
1
 62
7
420
16777215
176
1
 90
1
176
1
 90
4
176
1
 62
7
176
1
 62
257
176
1
 90
1
176
1
 90
1
176
1
 40
1.0
176
1
 90
8
176
1
 62
7
176
1
 40
1.0
176
1
 90
1
176
1
 90
6
176
1
 90
2
176
1
 62
7
176
1
 90
5
176
1
 90
0
176
1
 90
0
176
1
290
0
176
1
 90
1
176
1
 40
0.0
176
1
 90
0
176
1
290
0
176
1
290
1
176
1
290
1
176
1
290
0
176
1
290
0
176
1
290
0
176
1
290
0
176
1
290
0
176
1
290
0
176
1
 90
50
176
1
 40
0.0
176
1
 40
1.0
176
1
 90
0
176
1
 62
18
420
0
176
1
 90
50
176
1
 90
3
176
1
 62
5
420
255
176
1
290
0
176
1
 90
50
176
1
 90
50
176
1
 90
50
176
1
290
0
176
1
 90
50
176
1
 62
256
176
0
 40
1.0
176
0
 90
2
176
1
  1
strokes_ogs.tif
176
1
290
0
176
1
 40
1.0
176
1
 40
1.0
176
1
  0
VISUALSTYLE
  5
5C
102
{ACAD_REACTORS
330
16
102
}
330
16
100
AcDbVisualStyle
  2
Brighten
 70
12
177
3
291
1
 70
58
 90
2
176
1
 90
2
176
1
 90
0
176
1
 90
2
176
1
 40
0.6
176
1
 40
30.0
176
1
 62
7
420
16777215
176
1
 90
1
176
1
 90
4
176
1
 62
7
176
1
 62
257
176
1
 90
1
176
1
 90
1
176
1
 40
1.0
176
1
 90
8
176
1
 62
7
176
1
 40
1.0
176
1
 90
1
176
1
 90
6
176
1
 90
2
176
1
 62
7
176
1
 90
5
176
1
 90
0
176
1
 90
0
176
1
290
0
176
1
 90
1
176
1
 40
0.0
176
1
 90
0
176
1
290
0
176
1
290
1
176
1
290
1
176
1
290
0
176
1
290
0
176
1
290
0
176
1
290
0
176
1
290
0
176
1
290
0
176
1
 90
50
176
1
 40
0.0
176
1
 40
1.0
176
1
 90
0
176
1
 62
18
420
0
176
1
 90
50
176
1
 90
3
176
1
 62
5
420
255
176
1
290
0
176
1
 90
50
176
1
 90
50
176
1
 90
50
176
1
290
0
176
1
 90
50
176
1
 62
256
176
0
 40
1.0
176
0
 90
2
176
1
  1
strokes_ogs.tif
176
1
290
0
176
1
 40
1.0
176
1
 40
1.0
176
1
  0
VISUALSTYLE
  5
5D
102
{ACAD_REACTORS
330
16
102
}
330
16
100
AcDbVisualStyle
  2
ColorChange
 70
16
177
3
291
1
 70
58
 90
2
176
1
 90
2
176
1
 90
0
176
1
 90
2
176
1
 40
0.6
176
1
 40
30.0
176
1
 62
7
420
16777215
176
1
 90
1
176
1
 90
4
176
1
 62
7
176
1
 62
257
176
1
 90
1
176
1
 90
1
176
1
 40
1.0
176
1
 90
8
176
1
 62
7
176
1
 40
1.0
176
1
 90
1
176
1
 90
6
176
1
 90
2
176
1
 62
7
176
1
 90
5
176
1
 90
0
176
1
 90
0
176
1
290
0
176
1
 90
1
176
1
 40
0.0
176
1
 90
0
176
1
290
0
176
1
290
1
176
1
290
1
176
1
290
0
176
1
290
0
176
1
290
0
176
1
290
0
176
1
290
0
176
1
290
0
176
1
 90
50
176
1
 40
0.0
176
1
 40
1.0
176
1
 90
0
176
1
 62
18
420
0
176
1
 90
50
176
1
 90
3
176
1
 62
5
420
255
176
1
290
0
176
1
 90
50
176
1
 90
50
176
1
 90
50
176
1
290
0
176
1
 90
50
176
1
 62
256
176
0
 40
1.0
176
0
 90
2
176
1
  1
strokes_ogs.tif
176
1
290
0
176
1
 40
1.0
176
1
 40
1.0
176
1
  0
VISUALSTYLE
  5
5E
102
{ACAD_REACTORS
330
16
102
}
330
16
100
AcDbVisualStyle
  2
Conceptual
 70
9
177
3
291
0
 70
58
 90
2
176
1
 90
2
176
1
 90
0
176
1
 90
3
176
1
 40
0.6
176
1
 40
30.0
176
1
 62
7
420
16777215
176
1
 90
1
176
1
 90
4
176
1
 62
7
176
1
 62
257
176
1
 90
1
176
1
 90
1
176
1
 40
1.0
176
1
 90
8
176
1
 62
7
176
1
 40
1.0
176
1
 90
1
176
1
 90
6
176
1
 90
2
176
1
 62
7
176
1
 90
5
176
1
 90
0
176
1
 90
0
176
1
290
0
176
1
 90
1
176
1
 40
0.0
176
1
 90
0
176
1
290
0
176
1
290
1
176
1
290
1
176
1
290
0
176
1
290
0
176
1
290
0
176
1
290
0
176
1
290
0
176
1
290
0
176
1
 90
50
176
1
 40
0.0
176
1
 40
1.0
176
1
 90
0
176
1
 62
18
420
0
176
1
 90
50
176
1
 90
3
176
1
 62
5
420
255
176
1
290
0
176
1
 90
50
176
1
 90
50
176
1
 90
50
176
1
290
0
176
1
 90
50
176
1
 62
256
176
0
 40
1.0
176
0
 90
2
176
1
  1
strokes_ogs.tif
176
1
290
0
176
1
 40
1.0
176
1
 40
1.0
176
1
  0
VISUALSTYLE
  5
5F
102
{ACAD_REACTORS
330
16
102
}
330
16
100
AcDbVisualStyle
  2
Dim
 70
11
177
3
291
1
 70
58
 90
2
176
1
 90
2
176
1
 90
0
176
1
 90
2
176
1
 40
0.6
176
1
 40
30.0
176
1
 62
7
420
16777215
176
1
 90
1
176
1
 90
4
176
1
 62
7
176
1
 62
257
176
1
 90
1
176
1
 90
1
176
1
 40
1.0
176
1
 90
8
176
1
 62
7
176
1
 40
1.0
176
1
 90
1
176
1
 90
6
176
1
 90
2
176
1
 62
7
176
1
 90
5
176
1
 90
0
176
1
 90
0
176
1
290
0
176
1
 90
1
176
1
 40
0.0
176
1
 90
0
176
1
290
0
176
1
290
1
176
1
290
1
176
1
290
0
176
1
290
0
176
1
290
0
176
1
290
0
176
1
290
0
176
1
290
0
176
1
 90
50
176
1
 40
0.0
176
1
 40
1.0
176
1
 90
0
176
1
 62
18
420
0
176
1
 90
50
176
1
 90
3
176
1
 62
5
420
255
176
1
290
0
176
1
 90
50
176
1
 90
50
176
1
 90
50
176
1
290
0
176
1
 90
50
176
1
 62
256
176
0
 40
1.0
176
0
 90
2
176
1
  1
strokes_ogs.tif
176
1
290
0
176
1
 40
1.0
176
1
 40
1.0
176
1
  0
VISUALSTYLE
  5
60
102
{ACAD_REACTORS
330
16
102
}
330
16
100
AcDbVisualStyle
  2
EdgeColorOff
 70
22
177
3
291
1
 70
58
 90
2
176
1
 90
2
176
1
 90
0
176
1
 90
2
176
1
 40
0.6
176
1
 40
30.0
176
1
 62
7
420
16777215
176
1
 90
1
176
1
 90
4
176
1
 62
7
176
1
 62
257
176
1
 90
1
176
1
 90
1
176
1
 40
1.0
176
1
 90
8
176
1
 62
7
176
1
 40
1.0
176
1
 90
1
176
1
 90
6
176
1
 90
2
176
1
 62
7
176
1
 90
5
176
1
 90
0
176
1
 90
0
176
1
290
0
176
1
 90
1
176
1
 40
0.0
176
1
 90
0
176
1
290
0
176
1
290
1
176
1
290
1
176
1
290
0
176
1
290
0
176
1
290
0
176
1
290
0
176
1
290
0
176
1
290
0
176
1
 90
50
176
1
 40
0.0
176
1
 40
1.0
176
1
 90
0
176
1
 62
18
420
0
176
1
 90
50
176
1
 90
3
176
1
 62
5
420
255
176
1
290
0
176
1
 90
50
176
1
 90
50
176
1
 90
50
176
1
290
0
176
1
 90
50
176
1
 62
256
176
0
 40
1.0
176
0
 90
2
176
1
  1
strokes_ogs.tif
176
1
290
0
176
1
 40
1.0
176
1
 40
1.0
176
1
  0
VISUALSTYLE
  5
61
102
{ACAD_REACTORS
330
16
102
}
330
16
100
AcDbVisualStyle
  2
Facepattern
 70
15
177
3
291
1
 70
58
 90
2
176
1
 90
2
176
1
 90
0
176
1
 90
2
176
1
 40
0.6
176
1
 40
30.0
176
1
 62
7
420
16777215
176
1
 90
1
176
1
 90
4
176
1
 62
7
176
1
 62
257
176
1
 90
1
176
1
 90
1
176
1
 40
1.0
176
1
 90
8
176
1
 62
7
176
1
 40
1.0
176
1
 90
1
176
1
 90
6
176
1
 90
2
176
1
 62
7
176
1
 90
5
176
1
 90
0
176
1
 90
0
176
1
290
0
176
1
 90
1
176
1
 40
0.0
176
1
 90
0
176
1
290
0
176
1
290
1
176
1
290
1
176
1
290
0
176
1
290
0
176
1
290
0
176
1
290
0
176
1
290
0
176
1
290
0
176
1
 90
50
176
1
 40
0.0
176
1
 40
1.0
176
1
 90
0
176
1
 62
18
420
0
176
1
 90
50
176
1
 90
3
176
1
 62
5
420
255
176
1
290
0
176
1
 90
50
176
1
 90
50
176
1
 90
50
176
1
290
0
176
1
 90
50
176
1
 62
256
176
0
 40
1.0
176
0
 90
2
176
1
  1
strokes_ogs.tif
176
1
290
0
176
1
 40
1.0
176
1
 40
1.0
176
1
  0
VISUALSTYLE
  5
62
102
{ACAD_REACTORS
330
16
102
}
330
16
100
AcDbVisualStyle
  2
Flat
 70
0
177
3
291
1
 70
58
 90
2
176
1
 90
2
176
1
 90
0
176
1
 90
2
176
1
 40
0.6
176
1
 40
30.0
176
1
 62
7
420
16777215
176
1
 90
1
176
1
 90
4
176
1
 62
7
176
1
 62
257
176
1
 90
1
176
1
 90
1
176
1
 40
1.0
176
1
 90
8
176
1
 62
7
176
1
 40
1.0
176
1
 90
1
176
1
 90
6
176
1
 90
2
176
1
 62
7
176
1
 90
5
176
1
 90
0
176
1
 90
0
176
1
290
0
176
1
 90
1
176
1
 40
0.0
176
1
 90
0
176
1
290
0
176
1
290
1
176
1
290
1
176
1
290
0
176
1
290
0
176
1
290
0
176
1
290
0
176
1
290
0
176
1
290
0
176
1
 90
50
176
1
 40
0.0
176
1
 40
1.0
176
1
 90
0
176
1
 62
18
420
0
176
1
 90
50
176
1
 90
3
176
1
 62
5
420
255
176
1
290
0
176
1
 90
50
176
1
 90
50
176
1
 90
50
176
1
290
0
176
1
 90
50
176
1
 62
256
176
0
 40
1.0
176
0
 90
2
176
1
  1
strokes_ogs.tif
176
1
290
0
176
1
 40
1.0
176
1
 40
1.0
176
1
  0
VISUALSTYLE
  5
63
102
{ACAD_REACTORS
330
16
102
}
330
16
100
AcDbVisualStyle
  2
FlatWithEdges
 70
1
177
3
291
1
 70
58
 90
2
176
1
 90
2
176
1
 90
0
176
1
 90
2
176
1
 40
0.6
176
1
 40
30.0
176
1
 62
7
420
16777215
176
1
 90
1
176
1
 90
4
176
1
 62
7
176
1
 62
257
176
1
 90
1
176
1
 90
1
176
1
 40
1.0
176
1
 90
8
176
1
 62
7
176
1
 40
1.0
176
1
 90
1
176
1
 90
6
176
1
 90
2
176
1
 62
7
176
1
 90
5
176
1
 90
0
176
1
 90
0
176
1
290
0
176
1
 90
1
176
1
 40
0.0
176
1
 90
0
176
1
290
0
176
1
290
1
176
1
290
1
176
1
290
0
176
1
290
0
176
1
290
0
176
1
290
0
176
1
290
0
176
1
290
0
176
1
 90
50
176
1
 40
0.0
176
1
 40
1.0
176
1
 90
0
176
1
 62
18
420
0
176
1
 90
50
176
1
 90
3
176
1
 62
5
420
255
176
1
290
0
176
1
 90
50
176
1
 90
50
176
1
 90
50
176
1
290
0
176
1
 90
50
176
1
 62
256
176
0
 40
1.0
176
0
 90
2
176
1
  1
strokes_ogs.tif
176
1
290
0
176
1
 40
1.0
176
1
 40
1.0
176
1
  0
VISUALSTYLE
  5
64
102
{ACAD_REACTORS
330
16
102
}
330
16
100
AcDbVisualStyle
  2
Gouraud
 70
2
177
3
291
1
 70
58
 90
2
176
1
 90
2
176
1
 90
0
176
1
 90
2
176
1
 40
0.6
176
1
 40
30.0
176
1
 62
7
420
16777215
176
1
 90
1
176
1
 90
4
176
1
 62
7
176
1
 62
257
176
1
 90
1
176
1
 90
1
176
1
 40
1.0
176
1
 90
8
176
1
 62
7
176
1
 40
1.0
176
1
 90
1
176
1
 90
6
176
1
 90
2
176
1
 62
7
176
1
 90
5
176
1
 90
0
176
1
 90
0
176
1
290
0
176
1
 90
1
176
1
 40
0.0
176
1
 90
0
176
1
290
0
176
1
290
1
176
1
290
1
176
1
290
0
176
1
290
0
176
1
290
0
176
1
290
0
176
1
290
0
176
1
290
0
176
1
 90
50
176
1
 40
0.0
176
1
 40
1.0
176
1
 90
0
176
1
 62
18
420
0
176
1
 90
50
176
1
 90
3
176
1
 62
5
420
255
176
1
290
0
176
1
 90
50
176
1
 90
50
176
1
 90
50
176
1
290
0
176
1
 90
50
176
1
 62
256
176
0
 40
1.0
176
0
 90
2
176
1
  1
strokes_ogs.tif
176
1
290
0
176
1
 40
1.0
176
1
 40
1.0
176
1
  0
VISUALSTYLE
  5
65
102
{ACAD_REACTORS
330
16
102
}
330
16
100
AcDbVisualStyle
  2
GouraudWithEdges
 70
3
177
3
291
1
 70
58
 90
2
176
1
 90
2
176
1
 90
0
176
1
 90
2
176
1
 40
0.6
176
1
 40
30.0
176
1
 62
7
420
16777215
176
1
 90
1
176
1
 90
4
176
1
 62
7
176
1
 62
257
176
1
 90
1
176
1
 90
1
176
1
 40
1.0
176
1
 90
8
176
1
 62
7
176
1
 40
1.0
176
1
 90
1
176
1
 90
6
176
1
 90
2
176
1
 62
7
176
1
 90
5
176
1
 90
0
176
1
 90
0
176
1
290
0
176
1
 90
1
176
1
 40
0.0
176
1
 90
0
176
1
290
0
176
1
290
1
176
1
290
1
176
1
290
0
176
1
290
0
176
1
290
0
176
1
290
0
176
1
290
0
176
1
290
0
176
1
 90
50
176
1
 40
0.0
176
1
 40
1.0
176
1
 90
0
176
1
 62
18
420
0
176
1
 90
50
176
1
 90
3
176
1
 62
5
420
255
176
1
290
0
176
1
 90
50
176
1
 90
50
176
1
 90
50
176
1
290
0
176
1
 90
50
176
1
 62
256
176
0
 40
1.0
176
0
 90
2
176
1
  1
strokes_ogs.tif
176
1
290
0
176
1
 40
1.0
176
1
 40
1.0
176
1
  0
VISUALSTYLE
  5
66
102
{ACAD_REACTORS
330
16
102
}
330
16
100
AcDbVisualStyle
  2
Hidden
 70
6
177
3
291
0
 70
58
 90
2
176
1
 90
2
176
1
 90
0
176
1
 90
1
176
1
 40
0.6
176
1
 40
30.0
176
1
 62
7
420
16777215
176
1
 90
1
176
1
 90
4
176
1
 62
7
176
1
 62
257
176
1
 90
1
176
1
 90
1
176
1
 40
1.0
176
1
 90
8
176
1
 62
7
176
1
 40
1.0
176
1
 90
1
176
1
 90
6
176
1
 90
2
176
1
 62
7
176
1
 90
5
176
1
 90
0
176
1
 90
0
176
1
290
0
176
1
 90
1
176
1
 40
0.0
176
1
 90
0
176
1
290
0
176
1
290
1
176
1
290
1
176
1
290
0
176
1
290
0
176
1
290
0
176
1
290
0
176
1
290
0
176
1
290
0
176
1
 90
50
176
1
 40
0.0
176
1
 40
1.0
176
1
 90
0
176
1
 62
18
420
0
176
1
 90
50
176
1
 90
3
176
1
 62
5
420
255
176
1
290
0
176
1
 90
50
176
1
 90
50
176
1
 90
50
176
1
290
0
176
1
 90
50
176
1
 62
256
176
0
 40
1.0
176
0
 90
2
176
1
  1
strokes_ogs.tif
176
1
290
0
176
1
 40
1.0
176
1
 40
1.0
176
1
  0
VISUALSTYLE
  5
67
102
{ACAD_REACTORS
330
16
102
}
330
16
100
AcDbVisualStyle
  2
JitterOff
 70
20
177
3
291
1
 70
58
 90
2
176
1
 90
2
176
1
 90
0
176
1
 90
2
176
1
 40
0.6
176
1
 40
30.0
176
1
 62
7
420
16777215
176
1
 90
1
176
1
 90
4
176
1
 62
7
176
1
 62
257
176
1
 90
1
176
1
 90
1
176
1
 40
1.0
176
1
 90
8
176
1
 62
7
176
1
 40
1.0
176
1
 90
1
176
1
 90
6
176
1
 90
2
176
1
 62
7
176
1
 90
5
176
1
 90
0
176
1
 90
0
176
1
290
0
176
1
 90
1
176
1
 40
0.0
176
1
 90
0
176
1
290
0
176
1
290
1
176
1
290
1
176
1
290
0
176
1
290
0
176
1
290
0
176
1
290
0
176
1
290
0
176
1
290
0
176
1
 90
50
176
1
 40
0.0
176
1
 40
1.0
176
1
 90
0
176
1
 62
18
420
0
176
1
 90
50
176
1
 90
3
176
1
 62
5
420
255
176
1
290
0
176
1
 90
50
176
1
 90
50
176
1
 90
50
176
1
290
0
176
1
 90
50
176
1
 62
256
176
0
 40
1.0
176
0
 90
2
176
1
  1
strokes_ogs.tif
176
1
290
0
176
1
 40
1.0
176
1
 40
1.0
176
1
  0
VISUALSTYLE
  5
68
102
{ACAD_REACTORS
330
16
102
}
330
16
100
AcDbVisualStyle
  2
Linepattern
 70
14
177
3
291
1
 70
58
 90
2
176
1
 90
2
176
1
 90
0
176
1
 90
2
176
1
 40
0.6
176
1
 40
30.0
176
1
 62
7
420
16777215
176
1
 90
1
176
1
 90
4
176
1
 62
7
176
1
 62
257
176
1
 90
1
176
1
 90
1
176
1
 40
1.0
176
1
 90
8
176
1
 62
7
176
1
 40
1.0
176
1
 90
1
176
1
 90
6
176
1
 90
2
176
1
 62
7
176
1
 90
5
176
1
 90
0
176
1
 90
0
176
1
290
0
176
1
 90
1
176
1
 40
0.0
176
1
 90
0
176
1
290
0
176
1
290
1
176
1
290
1
176
1
290
0
176
1
290
0
176
1
290
0
176
1
290
0
176
1
290
0
176
1
290
0
176
1
 90
50
176
1
 40
0.0
176
1
 40
1.0
176
1
 90
0
176
1
 62
18
420
0
176
1
 90
50
176
1
 90
3
176
1
 62
5
420
255
176
1
290
0
176
1
 90
50
176
1
 90
50
176
1
 90
50
176
1
290
0
176
1
 90
50
176
1
 62
256
176
0
 40
1.0
176
0
 90
2
176
1
  1
strokes_ogs.tif
176
1
290
0
176
1
 40
1.0
176
1
 40
1.0
176
1
  0
VISUALSTYLE
  5
69
102
{ACAD_REACTORS
330
16
102
}
330
16
100
AcDbVisualStyle
  2
Modeling
 70
10
177
3
291
0
 70
58
 90
2
176
1
 90
2
176
1
 90
0
176
1
 90
2
176
1
 40
0.6
176
1
 40
30.0
176
1
 62
7
420
16777215
176
1
 90
1
176
1
 90
4
176
1
 62
7
176
1
 62
257
176
1
 90
1
176
1
 90
1
176
1
 40
1.0
176
1
 90
8
176
1
 62
7
176
1
 40
1.0
176
1
 90
1
176
1
 90
6
176
1
 90
2
176
1
 62
7
176
1
 90
5
176
1
 90
0
176
1
 90
0
176
1
290
0
176
1
 90
1
176
1
 40
0.0
176
1
 90
0
176
1
290
0
176
1
290
1
176
1
290
1
176
1
290
0
176
1
290
0
176
1
290
0
176
1
290
0
176
1
290
0
176
1
290
0
176
1
 90
50
176
1
 40
0.0
176
1
 40
1.0
176
1
 90
0
176
1
 62
18
420
0
176
1
 90
50
176
1
 90
3
176
1
 62
5
420
255
176
1
290
0
176
1
 90
50
176
1
 90
50
176
1
 90
50
176
1
290
0
176
1
 90
50
176
1
 62
256
176
0
 40
1.0
176
0
 90
2
176
1
  1
strokes_ogs.tif
176
1
290
0
176
1
 40
1.0
176
1
 40
1.0
176
1
  0
VISUALSTYLE
  5
6A
102
{ACAD_REACTORS
330
16
102
}
330
16
100
AcDbVisualStyle
  2
OverhangOff
 70
21
177
3
291
1
 70
58
 90
2
176
1
 90
2
176
1
 90
0
176
1
 90
2
176
1
 40
0.6
176
1
 40
30.0
176
1
 62
7
420
16777215
176
1
 90
1
176
1
 90
4
176
1
 62
7
176
1
 62
257
176
1
 90
1
176
1
 90
1
176
1
 40
1.0
176
1
 90
8
176
1
 62
7
176
1
 40
1.0
176
1
 90
1
176
1
 90
6
176
1
 90
2
176
1
 62
7
176
1
 90
5
176
1
 90
0
176
1
 90
0
176
1
290
0
176
1
 90
1
176
1
 40
0.0
176
1
 90
0
176
1
290
0
176
1
290
1
176
1
290
1
176
1
290
0
176
1
290
0
176
1
290
0
176
1
290
0
176
1
290
0
176
1
290
0
176
1
 90
50
176
1
 40
0.0
176
1
 40
1.0
176
1
 90
0
176
1
 62
18
420
0
176
1
 90
50
176
1
 90
3
176
1
 62
5
420
255
176
1
290
0
176
1
 90
50
176
1
 90
50
176
1
 90
50
176
1
290
0
176
1
 90
50
176
1
 62
256
176
0
 40
1.0
176
0
 90
2
176
1
  1
strokes_ogs.tif
176
1
290
0
176
1
 40
1.0
176
1
 40
1.0
176
1
  0
VISUALSTYLE
  5
6B
102
{ACAD_REACTORS
330
16
102
}
330
16
100
AcDbVisualStyle
  2
Realistic
 70
8
177
3
291
0
 70
58
 90
2
176
1
 90
2
176
1
 90
0
176
1
 90
2
176
1
 40
0.6
176
1
 40
30.0
176
1
 62
7
420
16777215
176
1
 90
1
176
1
 90
4
176
1
 62
7
176
1
 62
257
176
1
 90
1
176
1
 90
1
176
1
 40
1.0
176
1
 90
8
176
1
 62
7
176
1
 40
1.0
176
1
 90
1
176
1
 90
6
176
1
 90
2
176
1
 62
7
176
1
 90
5
176
1
 90
0
176
1
 90
0
176
1
290
0
176
1
 90
1
176
1
 40
0.0
176
1
 90
0
176
1
290
0
176
1
290
1
176
1
290
1
176
1
290
0
176
1
290
0
176
1
290
0
176
1
290
0
176
1
290
0
176
1
290
0
176
1
 90
50
176
1
 40
0.0
176
1
 40
1.0
176
1
 90
0
176
1
 62
18
420
0
176
1
 90
50
176
1
 90
3
176
1
 62
5
420
255
176
1
290
0
176
1
 90
50
176
1
 90
50
176
1
 90
50
176
1
290
0
176
1
 90
50
176
1
 62
256
176
0
 40
1.0
176
0
 90
2
176
1
  1
strokes_ogs.tif
176
1
290
0
176
1
 40
1.0
176
1
 40
1.0
176
1
  0
VISUALSTYLE
  5
6C
102
{ACAD_REACTORS
330
16
102
}
330
16
100
AcDbVisualStyle
  2
Shaded
 70
27
177
3
291
0
 70
58
 90
2
176
1
 90
2
176
1
 90
0
176
1
 90
2
176
1
 40
0.6
176
1
 40
30.0
176
1
 62
7
420
16777215
176
1
 90
1
176
1
 90
4
176
1
 62
7
176
1
 62
257
176
1
 90
1
176
1
 90
1
176
1
 40
1.0
176
1
 90
8
176
1
 62
7
176
1
 40
1.0
176
1
 90
1
176
1
 90
6
176
1
 90
2
176
1
 62
7
176
1
 90
5
176
1
 90
0
176
1
 90
0
176
1
290
0
176
1
 90
1
176
1
 40
0.0
176
1
 90
0
176
1
290
0
176
1
290
1
176
1
290
1
176
1
290
0
176
1
290
0
176
1
290
0
176
1
290
0
176
1
290
0
176
1
290
0
176
1
 90
50
176
1
 40
0.0
176
1
 40
1.0
176
1
 90
0
176
1
 62
18
420
0
176
1
 90
50
176
1
 90
3
176
1
 62
5
420
255
176
1
290
0
176
1
 90
50
176
1
 90
50
176
1
 90
50
176
1
290
0
176
1
 90
50
176
1
 62
256
176
0
 40
1.0
176
0
 90
2
176
1
  1
strokes_ogs.tif
176
1
290
0
176
1
 40
1.0
176
1
 40
1.0
176
1
  0
VISUALSTYLE
  5
6D
102
{ACAD_REACTORS
330
16
102
}
330
16
100
AcDbVisualStyle
  2
Shaded with edges
 70
26
177
3
291
0
 70
58
 90
2
176
1
 90
2
176
1
 90
0
176
1
 90
2
176
1
 40
0.6
176
1
 40
30.0
176
1
 62
7
420
16777215
176
1
 90
1
176
1
 90
4
176
1
 62
7
176
1
 62
257
176
1
 90
1
176
1
 90
1
176
1
 40
1.0
176
1
 90
8
176
1
 62
7
176
1
 40
1.0
176
1
 90
1
176
1
 90
6
176
1
 90
2
176
1
 62
7
176
1
 90
5
176
1
 90
0
176
1
 90
0
176
1
290
0
176
1
 90
1
176
1
 40
0.0
176
1
 90
0
176
1
290
0
176
1
290
1
176
1
290
1
176
1
290
0
176
1
290
0
176
1
290
0
176
1
290
0
176
1
290
0
176
1
290
0
176
1
 90
50
176
1
 40
0.0
176
1
 40
1.0
176
1
 90
0
176
1
 62
18
420
0
176
1
 90
50
176
1
 90
3
176
1
 62
5
420
255
176
1
290
0
176
1
 90
50
176
1
 90
50
176
1
 90
50
176
1
290
0
176
1
 90
50
176
1
 62
256
176
0
 40
1.0
176
0
 90
2
176
1
  1
strokes_ogs.tif
176
1
290
0
176
1
 40
1.0
176
1
 40
1.0
176
1
  0
VISUALSTYLE
  5
6E
102
{ACAD_REACTORS
330
16
102
}
330
16
100
AcDbVisualStyle
  2
Shades of Gray
 70
23
177
3
291
0
 70
58
 90
2
176
1
 90
2
176
1
 90
0
176
1
 90
2
176
1
 40
0.6
176
1
 40
30.0
176
1
 62
7
420
16777215
176
1
 90
1
176
1
 90
4
176
1
 62
7
176
1
 62
257
176
1
 90
1
176
1
 90
1
176
1
 40
1.0
176
1
 90
8
176
1
 62
7
176
1
 40
1.0
176
1
 90
1
176
1
 90
6
176
1
 90
2
176
1
 62
7
176
1
 90
5
176
1
 90
0
176
1
 90
0
176
1
290
0
176
1
 90
1
176
1
 40
0.0
176
1
 90
0
176
1
290
0
176
1
290
1
176
1
290
1
176
1
290
0
176
1
290
0
176
1
290
0
176
1
290
0
176
1
290
0
176
1
290
0
176
1
 90
50
176
1
 40
0.0
176
1
 40
1.0
176
1
 90
0
176
1
 62
18
420
0
176
1
 90
50
176
1
 90
3
176
1
 62
5
420
255
176
1
290
0
176
1
 90
50
176
1
 90
50
176
1
 90
50
176
1
290
0
176
1
 90
50
176
1
 62
256
176
0
 40
1.0
176
0
 90
2
176
1
  1
strokes_ogs.tif
176
1
290
0
176
1
 40
1.0
176
1
 40
1.0
176
1
  0
VISUALSTYLE
  5
6F
102
{ACAD_REACTORS
330
16
102
}
330
16
100
AcDbVisualStyle
  2
Sketchy
 70
24
177
3
291
0
 70
58
 90
2
176
1
 90
2
176
1
 90
0
176
1
 90
1
176
1
 40
0.6
176
1
 40
30.0
176
1
 62
7
420
16777215
176
1
 90
1
176
1
 90
4
176
1
 62
7
176
1
 62
257
176
1
 90
1
176
1
 90
1
176
1
 40
1.0
176
1
 90
8
176
1
 62
7
176
1
 40
1.0
176
1
 90
1
176
1
 90
6
176
1
 90
2
176
1
 62
7
176
1
 90
5
176
1
 90
0
176
1
 90
0
176
1
290
0
176
1
 90
1
176
1
 40
0.0
176
1
 90
0
176
1
290
0
176
1
290
1
176
1
290
1
176
1
290
0
176
1
290
0
176
1
290
0
176
1
290
0
176
1
290
0
176
1
290
0
176
1
 90
50
176
1
 40
0.0
176
1
 40
1.0
176
1
 90
0
176
1
 62
18
420
0
176
1
 90
50
176
1
 90
3
176
1
 62
5
420
255
176
1
290
0
176
1
 90
50
176
1
 90
50
176
1
 90
50
176
1
290
0
176
1
 90
50
176
1
 62
256
176
0
 40
1.0
176
0
 90
2
176
1
  1
strokes_ogs.tif
176
1
290
0
176
1
 40
1.0
176
1
 40
1.0
176
1
  0
VISUALSTYLE
  5
70
102
{ACAD_REACTORS
330
16
102
}
330
16
100
AcDbVisualStyle
  2
Thicken
 70
13
177
3
291
1
 70
58
 90
2
176
1
 90
2
176
1
 90
0
176
1
 90
2
176
1
 40
0.6
176
1
 40
30.0
176
1
 62
7
420
16777215
176
1
 90
1
176
1
 90
4
176
1
 62
7
176
1
 62
257
176
1
 90
1
176
1
 90
1
176
1
 40
1.0
176
1
 90
8
176
1
 62
7
176
1
 40
1.0
176
1
 90
1
176
1
 90
6
176
1
 90
2
176
1
 62
7
176
1
 90
5
176
1
 90
0
176
1
 90
0
176
1
290
0
176
1
 90
1
176
1
 40
0.0
176
1
 90
0
176
1
290
0
176
1
290
1
176
1
290
1
176
1
290
0
176
1
290
0
176
1
290
0
176
1
290
0
176
1
290
0
176
1
290
0
176
1
 90
50
176
1
 40
0.0
176
1
 40
1.0
176
1
 90
0
176
1
 62
18
420
0
176
1
 90
50
176
1
 90
3
176
1
 62
5
420
255
176
1
290
0
176
1
 90
50
176
1
 90
50
176
1
 90
50
176
1
290
0
176
1
 90
50
176
1
 62
256
176
0
 40
1.0
176
0
 90
2
176
1
  1
strokes_ogs.tif
176
1
290
0
176
1
 40
1.0
176
1
 40
1.0
176
1
  0
VISUALSTYLE
  5
71
102
{ACAD_REACTORS
330
16
102
}
330
16
100
AcDbVisualStyle
  2
Wireframe
 70
5
177
3
291
0
 70
58
 90
2
176
1
 90
2
176
1
 90
0
176
1
 90
0
176
1
 40
0.6
176
1
 40
30.0
176
1
 62
7
420
16777215
176
1
 90
1
176
1
 90
4
176
1
 62
7
176
1
 62
257
176
1
 90
1
176
1
 90
1
176
1
 40
1.0
176
1
 90
8
176
1
 62
7
176
1
 40
1.0
176
1
 90
1
176
1
 90
6
176
1
 90
2
176
1
 62
7
176
1
 90
5
176
1
 90
0
176
1
 90
0
176
1
290
0
176
1
 90
1
176
1
 40
0.0
176
1
 90
0
176
1
290
0
176
1
290
1
176
1
290
1
176
1
290
0
176
1
290
0
176
1
290
0
176
1
290
0
176
1
290
0
176
1
290
0
176
1
 90
50
176
1
 40
0.0
176
1
 40
1.0
176
1
 90
0
176
1
 62
18
420
0
176
1
 90
50
176
1
 90
3
176
1
 62
5
420
255
176
1
290
0
176
1
 90
50
176
1
 90
50
176
1
 90
50
176
1
290
0
176
1
 90
50
176
1
 62
256
176
0
 40
1.0
176
0
 90
2
176
1
  1
strokes_ogs.tif
176
1
290
0
176
1
 40
1.0
176
1
 40
1.0
176
1
  0
VISUALSTYLE
  5
72
102
{ACAD_REACTORS
330
16
102
}
330
16
100
AcDbVisualStyle
  2
X-Ray
 70
25
177
3
291
0
 70
58
 90
2
176
1
 90
2
176
1
 90
0
176
1
 90
2
176
1
 40
0.5
176
1
 40
30.0
176
1
 62
7
420
16777215
176
1
 90
1
176
1
 90
4
176
1
 62
7
176
1
 62
257
176
1
 90
1
176
1
 90
1
176
1
 40
1.0
176
1
 90
8
176
1
 62
7
176
1
 40
1.0
176
1
 90
1
176
1
 90
6
176
1
 90
2
176
1
 62
7
176
1
 90
5
176
1
 90
0
176
1
 90
0
176
1
290
0
176
1
 90
1
176
1
 40
0.0
176
1
 90
0
176
1
290
0
176
1
290
1
176
1
290
1
176
1
290
0
176
1
290
0
176
1
290
0
176
1
290
0
176
1
290
0
176
1
290
0
176
1
 90
50
176
1
 40
0.0
176
1
 40
1.0
176
1
 90
0
176
1
 62
18
420
0
176
1
 90
50
176
1
 90
3
176
1
 62
5
420
255
176
1
290
0
176
1
 90
50
176
1
 90
50
176
1
 90
50
176
1
290
0
176
1
 90
50
176
1
 62
256
176
0
 40
1.0
176
0
 90
2
176
1
  1
strokes_ogs.tif
176
1
290
0
176
1
 40
1.0
176
1
 40
1.0
176
1
  0
DICTIONARYVAR
  5
C1
330
2D
100
DictionaryVariables
280
0
  1
1.4.4 @ 2026-09-29T11:25:58.263753+00:00
  0
ENDSEC
  0
EOF
