  0
SECTION
  2
HEADER
  9
$ACADVER
  1
AC1032
  9
$ACADMAINTVER
 90
4
  9
$DWGCODEPAGE
  3
ANSI_1252
  9
$LASTSAVEDBY
  1
ezdxf
  9
$REQUIREDVERSIONS
160
0
  9
$INSBASE
 10
0.0
 20
0.0
 30
0.0
  9
$EXTMIN
 10
1e+20
 20
1e+20
 30
1e+20
  9
$EXTMAX
 10
-1e+20
 20
-1e+20
 30
-1e+20
  9
$LIMMIN
 10
0.0
 20
0.0
  9
$LIMMAX
 10
420.0
 20
297.0
  9
$ORTHOMODE
 70
0
  9
$REGENMODE
 70
1
  9
$FILLMODE
 70
1
  9
$QTEXTMODE
 70
0
  9
$MIRRTEXT
 70
1
  9
$LTSCALE
 40
1.0
  9
$ATTMODE
 70
1
  9
$TEXTSIZE
 40
2.5
  9
$TRACEWID
 40
1.0
  9
$TEXTSTYLE
  7
OpenSans
  9
$CLAYER
  8
0
  9
$CELTYPE
  6
ByLayer
  9
$CECOLOR
 62
256
  9
$CELTSCALE
 40
1.0
  9
$DISPSILH
 70
0
  9
$DIMSCALE
 40
1.0
  9
$DIMASZ
 40
0.175
  9
$DIMEXO
 40
0.125
  9
$DIMDLI
 40
3.75
  9
$DIMRND
 40
0.0
  9
$DIMDLE
 40
0.0
  9
$DIMEXE
 40
0.375
  9
$DIMTP
 40
0.0
  9
$DIMTM
 40
0.0
  9
$DIMTXT
 40
0.25
  9
$DIMCEN
 40
2.5
  9
$DIMTSZ
 40
0.0
  9
$DIMTOL
 70
0
  9
$DIMLIM
 70
0
  9
$DIMTIH
 70
0
  9
$DIMTOH
 70
0
  9
$DIMSE1
 70
0
  9
$DIMSE2
 70
0
  9
$DIMTAD
 70
1
  9
$DIMZIN
 70
12
  9
$DIMBLK
  1
ARCHTICK
  9
$DIMASO
 70
1
  9
$DIMSHO
 70
1
  9
$DIMPOST
  1

  9
$DIMAPOST
  1

  9
$DIMALT
 70
0
  9
$DIMALTD
 70
3
  9
$DIMALTF
 40
0.03937007874
  9
$DIMLFAC
 40
100.0
  9
$DIMTOFL
 70
1
  9
$DIMTVP
 40
0.0
  9
$DIMTIX
 70
0
  9
$DIMSOXD
 70
0
  9
$DIMSAH
 70
0
  9
$DIMBLK1
  1

  9
$DIMBLK2
  1

  9
$DIMSTYLE
  2
EZDXF
  9
$DIMCLRD
 70
0
  9
$DIMCLRE
 70
0
  9
$DIMCLRT
 70
0
  9
$DIMTFAC
 40
0.5
  9
$DIMGAP
 40
0.1
  9
$DIMJUST
 70
0
  9
$DIMSD1
 70
0
  9
$DIMSD2
 70
0
  9
$DIMTOLJ
 70
0
  9
$DIMTZIN
 70
8
  9
$DIMALTZ
 70
0
  9
$DIMALTTZ
 70
0
  9
$DIMUPT
 70
1
  9
$DIMDEC
 70
2
  9
$DIMTDEC
 70
2
  9
$DIMALTU
 70
2
  9
$DIMALTTD
 70
3
  9
$DIMTXSTY
  7
OpenSansCondensed-Light
  9
$DIMAUNIT
 70
0
  9
$DIMADEC
 70
2
  9
$DIMALTRND
 40
0.0
  9
$DIMAZIN
 70
3
  9
$DIMDSEP
 70
46
  9
$DIMATFIT
 70
3
  9
$DIMFRAC
 70
0
  9
$DIMLDRBLK
  1

  9
$DIMLUNIT
 70
2
  9
$DIMLWD
 70
-2
  9
$DIMLWE
 70
-2
  9
$DIMTMOVE
 70
2
  9
$DIMFXL
 40
1.0
  9
$DIMFXLON
 70
0
  9
$DIMJOGANG
 40
0.785398163397
  9
$DIMTFILL
 70
0
  9
$DIMTFILLCLR
 70
0
  9
$DIMARCSYM
 70
0
  9
$DIMLTYPE
  6

  9
$DIMLTEX1
  6

  9
$DIMLTEX2
  6

  9
$DIMTXTDIRECTION
 70
0
  9
$LUNITS
 70
2
  9
$LUPREC
 70
4
  9
$SKETCHINC
 40
1.0
  9
$FILLETRAD
 40
10.0
  9
$AUNITS
 70
0
  9
$AUPREC
 70
2
  9
$MENU
  1
.
  9
$ELEVATION
 40
0.0
  9
$PELEVATION
 40
0.0
  9
$THICKNESS
 40
0.0
  9
$LIMCHECK
 70
0
  9
$CHAMFERA
 40
0.0
  9
$CHAMFERB
 40
0.0
  9
$CHAMFERC
 40
0.0
  9
$CHAMFERD
 40
0.0
  9
$SKPOLY
 70
0
  9
$TDCREATE
 40
2461313.1765625
  9
$TDUCREATE
 40
2458532.153996898
  9
$TDUPDATE
 40
2461313.1765625
  9
$TDUUPDATE
 40
2458532.1544311
  9
$TDINDWG
 40
0.0
  9
$TDUSRTIMER
 40
0.0
  9
$USRTIMER
 70
1
  9
$ANGBASE
 50
0.0
  9
$ANGDIR
 70
0
  9
$PDMODE
 70
0
  9
$PDSIZE
 40
0.0
  9
$PLINEWID
 40
0.0
  9
$SPLFRAME
 70
0
  9
$SPLINETYPE
 70
6
  9
$SPLINESEGS
 70
8
  9
$HANDSEED
  5
4EF
  9
$SURFTAB1
 70
6
  9
$SURFTAB2
 70
6
  9
$SURFTYPE
 70
6
  9
$SURFU
 70
6
  9
$SURFV
 70
6
  9
$UCSBASE
  2

  9
$UCSNAME
  2

  9
$UCSORG
 10
0.0
 20
0.0
 30
0.0
  9
$UCSXDIR
 10
1.0
 20
0.0
 30
0.0
  9
$UCSYDIR
 10
0.0
 20
1.0
 30
0.0
  9
$UCSORTHOREF
  2

  9
$UCSORTHOVIEW
 70
0
  9
$UCSORGTOP
 10
0.0
 20
0.0
 30
0.0
  9
$UCSORGBOTTOM
 10
0.0
 20
0.0
 30
0.0
  9
$UCSORGLEFT
 10
0.0
 20
0.0
 30
0.0
  9
$UCSORGRIGHT
 10
0.0
 20
0.0
 30
0.0
  9
$UCSORGFRONT
 10
0.0
 20
0.0
 30
0.0
  9
$UCSORGBACK
 10
0.0
 20
0.0
 30
0.0
  9
$PUCSBASE
  2

  9
$PUCSNAME
  2

  9
$PUCSORG
 10
0.0
 20
0.0
 30
0.0
  9
$PUCSXDIR
 10
1.0
 20
0.0
 30
0.0
  9
$PUCSYDIR
 10
0.0
 20
1.0
 30
0.0
  9
$PUCSORTHOREF
  2

  9
$PUCSORTHOVIEW
 70
0
  9
$PUCSORGTOP
 10
0.0
 20
0.0
 30
0.0
  9
$PUCSORGBOTTOM
 10
0.0
 20
0.0
 30
0.0
  9
$PUCSORGLEFT
 10
0.0
 20
0.0
 30
0.0
  9
$PUCSORGRIGHT
 10
0.0
 20
0.0
 30
0.0
  9
$PUCSORGFRONT
 10
0.0
 20
0.0
 30
0.0
  9
$PUCSORGBACK
 10
0.0
 20
0.0
 30
0.0
  9
$USERI1
 70
0
  9
$USERI2
 70
0
  9
$USERI3
 70
0
  9
$USERI4
 70
0
  9
$USERI5
 70
0
  9
$USERR1
 40
0.0
  9
$USERR2
 40
0.0
  9
$USERR3
 40
0.0
  9
$USERR4
 40
0.0
  9
$USERR5
 40
0.0
  9
$WORLDVIEW
 70
1
  9
$SHADEDGE
 70
3
  9
$SHADEDIF
 70
70
  9
$TILEMODE
 70
1
  9
$MAXACTVP
 70
64
  9
$PINSBASE
 10
0.0
 20
0.0
 30
0.0
  9
$PLIMCHECK
 70
0
  9
$PEXTMIN
 10
1e+20
 20
1e+20
 30
1e+20
  9
$PEXTMAX
 10
-1e+20
 20
-1e+20
 30
-1e+20
  9
$PLIMMIN
 10
0.0
 20
0.0
  9
$PLIMMAX
 10
420.0
 20
297.0
  9
$UNITMODE
 70
0
  9
$VISRETAIN
 70
1
  9
$PLINEGEN
 70
0
  9
$PSLTSCALE
 70
1
  9
$TREEDEPTH
 70
3020
  9
$CMLSTYLE
  2
Standard
  9
$CMLJUST
 70
0
  9
$CMLSCALE
 40
20.0
  9
$PROXYGRAPHICS
 70
1
  9
$MEASUREMENT
 70
1
  9
$CELWEIGHT
370
-1
  9
$ENDCAPS
280
0
  9
$JOINSTYLE
280
0
  9
$LWDISPLAY
290
0
  9
$INSUNITS
 70
21
  9
$HYPERLINKBASE
  1

  9
$STYLESHEET
  1

  9
$XEDIT
290
1
  9
$CEPSNTYPE
380
0
  9
$PSTYLEMODE
290
1
  9
$FINGERPRINTGUID
  2
{4D41C536-1FE8-4273-8492-05D226AF19B4}
  9
$VERSIONGUID
  2
{32435BD3-F78D-46FE-9A66-E9F35DC0C1DC}
  9
$EXTNAMES
290
1
  9
$PSVPSCALE
 40
0.0
  9
$OLESTARTUP
290
0
  9
$SORTENTS
280
127
  9
$INDEXCTL
280
0
  9
$HIDETEXT
280
1
  9
$XCLIPFRAME
280
1
  9
$HALOGAP
280
0
  9
$OBSCOLOR
 70
257
  9
$OBSLTYPE
280
0
  9
$INTERSECTIONDISPLAY
280
0
  9
$INTERSECTIONCOLOR
 70
257
  9
$DIMASSOC
280
2
  9
$PROJECTNAME
  1

  9
$CAMERADISPLAY
290
0
  9
$LENSLENGTH
 40
50.0
  9
$CAMERAHEIGHT
 40
0.0
  9
$STEPSPERSEC
 40
24.0
  9
$STEPSIZE
 40
100.0
  9
$3DDWFPREC
 40
2.0
  9
$PSOLWIDTH
 40
0.005
  9
$PSOLHEIGHT
 40
0.08
  9
$LOFTANG1
 40
1.570796326795
  9
$LOFTANG2
 40
1.570796326795
  9
$LOFTMAG1
 40
0.0
  9
$LOFTMAG2
 40
0.0
  9
$LOFTPARAM
 70
7
  9
$LOFTNORMALS
280
1
  9
$LATITUDE
 40
37.795
  9
$LONGITUDE
 40
-122.394
  9
$NORTHDIRECTION
 40
0.0
  9
$TIMEZONE
 70
-8000
  9
$LIGHTGLYPHDISPLAY
280
1
  9
$TILEMODELIGHTSYNCH
280
1
  9
$CMATERIAL
347
20
  9
$SOLIDHIST
280
0
  9
$SHOWHIST
280
1
  9
$DWFFRAME
280
2
  9
$DGNFRAME
280
2
  9
$REALWORLDSCALE
290
1
  9
$INTERFERECOLOR
 62
256
  9
$CSHADOW
280
0
  9
$SHADOWPLANELOCATION
 40
0.0
  0
ENDSEC
  0
SECTION
  2
CLASSES
  0
CLASS
  1
ACDBDICTIONARYWDFLT
  2
AcDbDictionaryWithDefault
  3
ObjectDBX Classes
 90
0
 91
0
280
0
281
0
  0
CLASS
  1
SUN
  2
AcDbSun
  3
SCENEOE
 90
1153
 91
0
280
0
281
0
  0
CLASS
  1
VISUALSTYLE
  2
AcDbVisualStyle
  3
ObjectDBX Classes
 90
4095
 91
0
280
0
281
0
  0
CLASS
  1
MATERIAL
  2
AcDbMaterial
  3
ObjectDBX Classes
 90
1153
 91
0
280
0
281
0
  0
CLASS
  1
SCALE
  2
AcDbScale
  3
ObjectDBX Classes
 90
1153
 91
0
280
0
281
0
  0
CLASS
  1
TABLESTYLE
  2
AcDbTableStyle
  3
ObjectDBX Classes
 90
4095
 91
0
280
0
281
0
  0
CLASS
  1
MLEADERSTYLE
  2
AcDbMLeaderStyle
  3
ACDB_MLEADERSTYLE_CLASS
 90
4095
 91
0
280
0
281
0
  0
CLASS
  1
DICTIONARYVAR
  2
AcDbDictionaryVar
  3
ObjectDBX Classes
 90
0
 91
0
280
0
281
0
  0
CLASS
  1
CELLSTYLEMAP
  2
AcDbCellStyleMap
  3
ObjectDBX Classes
 90
1152
 91
0
280
0
281
0
  0
CLASS
  1
MENTALRAYRENDERSETTINGS
  2
AcDbMentalRayRenderSettings
  3
SCENEOE
 90
1024
 91
0
280
0
281
0
  0
CLASS
  1
ACDBDETAILVIEWSTYLE
  2
AcDbDetailViewStyle
  3
ObjectDBX Classes
 90
1025
 91
0
280
0
281
0
  0
CLASS
  1
ACDBSECTIONVIEWSTYLE
  2
AcDbSectionViewStyle
  3
ObjectDBX Classes
 90
1025
 91
0
280
0
281
0
  0
CLASS
  1
RASTERVARIABLES
  2
AcDbRasterVariables
  3
ISM
 90
0
 91
0
280
0
281
0
  0
CLASS
  1
LAYOUT
  2
AcDbLayout
  3
ObjectDBX Classes
 90
0
 91
0
280
0
281
0
  0
CLASS
  1
ACDBPLACEHOLDER
  2
AcDbPlaceHolder
  3
ObjectDBX Classes
 90
0
 91
0
280
0
281
0
  0
ENDSEC
  0
SECTION
  2
TABLES
  0
TABLE
  2
VPORT
  5
8
330
0
100
AcDbSymbolTable
 70
1
  0
VPORT
  5
23
330
8
100
AcDbSymbolTableRecord
100
AcDbViewportTableRecord
  2
*Active
 70
0
 10
0.0
 20
0.0
 11
1.0
 21
1.0
 12
0.0
 22
0.0
 13
0.0
 23
0.0
 14
0.5
 24
0.5
 15
0.5
 25
0.5
 16
0.0
 26
0.0
 36
1.0
 17
0.0
 27
0.0
 37
0.0
 40
1000.0
 41
1.34
 42
50.0
 43
0.0
 44
0.0
 50
0.0
 51
0.0
 71
0
 72
1000
 73
1
 74
3
 75
0
 76
0
 77
0
 78
0
281
0
 65
0
146
0.0
  0
ENDTAB
  0
TABLE
  2
LTYPE
  5
2
330
0
100
AcDbSymbolTable
 70
21
  0
LTYPE
  5
24
330
2
100
AcDbSymbolTableRecord
100
AcDbLinetypeTableRecord
  2
ByBlock
 70
0
  3

 72
65
 73
0
 40
0.0
  0
LTYPE
  5
25
330
2
100
AcDbSymbolTableRecord
100
AcDbLinetypeTableRecord
  2
ByLayer
 70
0
  3

 72
65
 73
0
 40
0.0
  0
LTYPE
  5
26
330
2
100
AcDbSymbolTableRecord
100
AcDbLinetypeTableRecord
  2
Continuous
 70
0
  3

 72
65
 73
0
 40
0.0
  0
LTYPE
  5
2F
330
2
100
AcDbSymbolTableRecord
100
AcDbLinetypeTableRecord
  2
CENTER
 70
0
  3
Center ____ _ ____ _ ____ _ ____ _ ____ _ ____
 72
65
 73
4
 40
5.08
 49
3.175
 74
0
 49
-0.635
 74
0
 49
0.635
 74
0
 49
-0.635
 74
0
  0
LTYPE
  5
30
330
2
100
AcDbSymbolTableRecord
100
AcDbLinetypeTableRecord
  2
CENTERX2
 70
0
  3
Center (2x) ________  __  ________  __  ________
 72
65
 73
4
 40
8.89
 49
6.35
 74
0
 49
-0.635
 74
0
 49
1.27
 74
0
 49
-0.635
 74
0
  0
LTYPE
  5
31
330
2
100
AcDbSymbolTableRecord
100
AcDbLinetypeTableRecord
  2
CENTER2
 70
0
  3
Center (.5x) ____ _ ____ _ ____ _ ____ _ ____
 72
65
 73
4
 40
2.54
 49
1.587
 74
0
 49
-0.318
 74
0
 49
0.318
 74
0
 49
-0.318
 74
0
  0
LTYPE
  5
32
330
2
100
AcDbSymbolTableRecord
100
AcDbLinetypeTableRecord
  2
DASHED
 70
0
  3
Dashed __ __ __ __ __ __ __ __ __ __ __ __ __ _
 72
65
 73
2
 40
1.524
 49
1.27
 74
0
 49
-0.254
 74
0
  0
LTYPE
  5
33
330
2
100
AcDbSymbolTableRecord
100
AcDbLinetypeTableRecord
  2
DASHEDX2
 70
0
  3
Dashed (2x) ____  ____  ____  ____  ____  ____
 72
65
 73
2
 40
3.048
 49
2.54
 74
0
 49
-0.508
 74
0
  0
LTYPE
  5
34
330
2
100
AcDbSymbolTableRecord
100
AcDbLinetypeTableRecord
  2
DASHED2
 70
0
  3
Dashed (.5x) _ _ _ _ _ _ _ _ _ _ _ _ _ _
 72
65
 73
2
 40
0.762
 49
0.635
 74
0
 49
-0.127
 74
0
  0
LTYPE
  5
35
330
2
100
AcDbSymbolTableRecord
100
AcDbLinetypeTableRecord
  2
PHANTOM
 70
0
  3
Phantom ______  __  __  ______  __  __  ______
 72
65
 73
6
 40
6.35
 49
3.175
 74
0
 49
-0.635
 74
0
 49
0.635
 74
0
 49
-0.635
 74
0
 49
0.635
 74
0
 49
-0.635
 74
0
  0
LTYPE
  5
36
330
2
100
AcDbSymbolTableRecord
100
AcDbLinetypeTableRecord
  2
PHANTOMX2
 70
0
  3
Phantom (2x)____________    ____    ____    ____________
 72
65
 73
6
 40
10.795
 49
6.35
 74
0
 49
-0.635
 74
0
 49
1.27
 74
0
 49
-0.635
 74
0
 49
1.27
 74
0
 49
-0.635
 74
0
  0
LTYPE
  5
37
330
2
100
AcDbSymbolTableRecord
100
AcDbLinetypeTableRecord
  2
PHANTOM2
 70
0
  3
Phantom (.5x) ___ _ _ ___ _ _ ___ _ _ ___ _ _ ___
 72
65
 73
6
 40
3.175
 49
1.587
 74
0
 49
-0.318
 74
0
 49
0.318
 74
0
 49
-0.318
 74
0
 49
0.318
 74
0
 49
-0.318
 74
0
  0
LTYPE
  5
38
330
2
100
AcDbSymbolTableRecord
100
AcDbLinetypeTableRecord
  2
DASHDOT
 70
0
  3
Dash dot __ . __ . __ . __ . __ . __ . __ . __
 72
65
 73
4
 40
3.556
 49
2.54
 74
0
 49
-0.508
 74
0
 49
0.0
 74
0
 49
-0.508
 74
0
  0
LTYPE
  5
39
330
2
100
AcDbSymbolTableRecord
100
AcDbLinetypeTableRecord
  2
DASHDOTX2
 70
0
  3
Dash dot (2x) ____  .  ____  .  ____  .  ____
 72
65
 73
4
 40
6.096
 49
5.08
 74
0
 49
-0.508
 74
0
 49
0.0
 74
0
 49
-0.508
 74
0
  0
LTYPE
  5
3A
330
2
100
AcDbSymbolTableRecord
100
AcDbLinetypeTableRecord
  2
DASHDOT2
 70
0
  3
Dash dot (.5x) _ . _ . _ . _ . _ . _ . _ . _
 72
65
 73
4
 40
1.778
 49
1.27
 74
0
 49
-0.254
 74
0
 49
0.0
 74
0
 49
-0.254
 74
0
  0
LTYPE
  5
3B
330
2
100
AcDbSymbolTableRecord
100
AcDbLinetypeTableRecord
  2
DOT
 70
0
  3
Dot .  .  .  .  .  .  .  .  .  .  .  .  .  .  .  .
 72
65
 73
2
 40
0.508
 49
0.0
 74
0
 49
-0.508
 74
0
  0
LTYPE
  5
3C
330
2
100
AcDbSymbolTableRecord
100
AcDbLinetypeTableRecord
  2
DOTX2
 70
0
  3
Dot (2x) .    .    .    .    .    .    .    . 
 72
65
 73
2
 40
1.016
 49
0.0
 74
0
 49
-1.016
 74
0
  0
LTYPE
  5
3D
330
2
100
AcDbSymbolTableRecord
100
AcDbLinetypeTableRecord
  2
DOT2
 70
0
  3
Dot (.5) . . . . . . . . . . . . . . . . . . . 
 72
65
 73
2
 40
0.254
 49
0.0
 74
0
 49
-0.254
 74
0
  0
LTYPE
  5
3E
330
2
100
AcDbSymbolTableRecord
100
AcDbLinetypeTableRecord
  2
DIVIDE
 70
0
  3
Divide __ . . __ . . __ . . __ . . __ . . __
 72
65
 73
6
 40
4.064
 49
2.54
 74
0
 49
-0.508
 74
0
 49
0.0
 74
0
 49
-0.508
 74
0
 49
0.0
 74
0
 49
-0.508
 74
0
  0
LTYPE
  5
3F
330
2
100
AcDbSymbolTableRecord
100
AcDbLinetypeTableRecord
  2
DIVIDEX2
 70
0
  3
Divide (2x) ____  . .  ____  . .  ____  . .  ____
 72
65
 73
6
 40
6.604
 49
5.08
 74
0
 49
-0.508
 74
0
 49
0.0
 74
0
 49
-0.508
 74
0
 49
0.0
 74
0
 49
-0.508
 74
0
  0
LTYPE
  5
40
330
2
100
AcDbSymbolTableRecord
100
AcDbLinetypeTableRecord
  2
DIVIDE2
 70
0
  3
Divide(.5x) _ . _ . _ . _ . _ . _ . _ . _
 72
65
 73
6
 40
2.032
 49
1.27
 74
0
 49
-0.254
 74
0
 49
0.0
 74
0
 49
-0.254
 74
0
 49
0.0
 74
0
 49
-0.254
 74
0
  0
ENDTAB
  0
TABLE
  2
LAYER
  5
1
330
0
100
AcDbSymbolTable
 70
12
  0
LAYER
  5
27
330
1
100
AcDbSymbolTableRecord
100
AcDbLayerTableRecord
  2
0
 70
0
 62
7
  6
Continuous
370
-3
390
13
347
21
  0
LAYER
  5
28
330
1
100
AcDbSymbolTableRecord
100
AcDbLayerTableRecord
  2
Defpoints
 70
0
 62
7
  6
Continuous
290
0
370
-3
390
13
347
21
  0
LAYER
  5
8A
330
1
100
AcDbSymbolTableRecord
100
AcDbLayerTableRecord
  2
C-GRAD-PAD
 70
0
 62
30
  6
Continuous
370
-3
390
13
347
21
  0
LAYER
  5
8B
330
1
100
AcDbSymbolTableRecord
100
AcDbLayerTableRecord
  2
C-GRAD-LIMIT
 70
0
 62
3
  6
Continuous
370
-3
390
13
347
21
  0
LAYER
  5
8C
330
1
100
AcDbSymbolTableRecord
100
AcDbLayerTableRecord
  2
C-GRAD-ANNO
 70
0
 62
2
  6
Continuous
370
-3
390
13
347
21
  0
LAYER
  5
8D
330
1
100
AcDbSymbolTableRecord
100
AcDbLayerTableRecord
  2
C-TOPO-GRAD-MINR
 70
0
 62
8
  6
Continuous
370
-3
390
13
347
21
  0
LAYER
  5
8E
330
1
100
AcDbSymbolTableRecord
100
AcDbLayerTableRecord
  2
C-TOPO-GRAD-MAJR
 70
0
 62
3
  6
Continuous
370
-3
390
13
347
21
  0
LAYER
  5
8F
330
1
100
AcDbSymbolTableRecord
100
AcDbLayerTableRecord
  2
L-PLNT-REMV
 70
0
 62
1
  6
Continuous
370
-3
390
13
347
21
  0
LAYER
  5
90
330
1
100
AcDbSymbolTableRecord
100
AcDbLayerTableRecord
  2
L-PLNT-KEEP
 70
0
 62
92
  6
Continuous
370
-3
390
13
347
21
  0
LAYER
  5
91
330
1
100
AcDbSymbolTableRecord
100
AcDbLayerTableRecord
  2
L-PLNT-ANNO
 70
0
 62
1
  6
Continuous
370
-3
390
13
347
21
  0
LAYER
  5
92
330
1
100
AcDbSymbolTableRecord
100
AcDbLayerTableRecord
  2
C-WATR-LAKE
 70
0
 62
5
  6
Continuous
370
-3
390
13
347
21
  0
LAYER
  5
93
330
1
100
AcDbSymbolTableRecord
100
AcDbLayerTableRecord
  2
G-ANNO-NOTE
 70
0
 62
7
  6
Continuous
370
-3
390
13
347
21
  0
ENDTAB
  0
TABLE
  2
STYLE
  5
5
330
0
100
AcDbSymbolTable
 70
26
  0
STYLE
  5
29
330
5
100
AcDbSymbolTableRecord
100
AcDbTextStyleTableRecord
  2
Standard
 70
0
 40
0.0
 41
1.0
 50
0.0
 71
0
 42
2.5
  3
txt
  4

  0
STYLE
  5
41
330
5
100
AcDbSymbolTableRecord
100
AcDbTextStyleTableRecord
  2
OpenSans-Light
 70
0
 40
0.0
 41
1.0
 50
0.0
 71
0
 42
2.5
  3
OpenSans-Light.ttf
  4

  0
STYLE
  5
42
330
5
100
AcDbSymbolTableRecord
100
AcDbTextStyleTableRecord
  2
OpenSans-Light-Italic
 70
0
 40
0.0
 41
1.0
 50
0.0
 71
0
 42
2.5
  3
OpenSans-LightItalic.ttf
  4

  0
STYLE
  5
43
330
5
100
AcDbSymbolTableRecord
100
AcDbTextStyleTableRecord
  2
OpenSans
 70
0
 40
0.0
 41
1.0
 50
0.0
 71
0
 42
2.5
  3
OpenSans-Regular.ttf
  4

  0
STYLE
  5
44
330
5
100
AcDbSymbolTableRecord
100
AcDbTextStyleTableRecord
  2
OpenSans-Italic
 70
0
 40
0.0
 41
1.0
 50
0.0
 71
0
 42
2.5
  3
OpenSans-Italic.ttf
  4

  0
STYLE
  5
45
330
5
100
AcDbSymbolTableRecord
100
AcDbTextStyleTableRecord
  2
OpenSans-SemiBold
 70
0
 40
0.0
 41
1.0
 50
0.0
 71
0
 42
2.5
  3
OpenSans-SemiBold.ttf
  4

  0
STYLE
  5
46
330
5
100
AcDbSymbolTableRecord
100
AcDbTextStyleTableRecord
  2
OpenSans-SemiBoldItalic
 70
0
 40
0.0
 41
1.0
 50
0.0
 71
0
 42
2.5
  3
OpenSans-SemiBoldItalic.ttf
  4

  0
STYLE
  5
47
330
5
100
AcDbSymbolTableRecord
100
AcDbTextStyleTableRecord
  2
OpenSans-Bold
 70
0
 40
0.0
 41
1.0
 50
0.0
 71
0
 42
2.5
  3
OpenSans-Bold.ttf
  4

  0
STYLE
  5
48
330
5
100
AcDbSymbolTableRecord
100
AcDbTextStyleTableRecord
  2
OpenSans-BoldItalic
 70
0
 40
0.0
 41
1.0
 50
0.0
 71
0
 42
2.5
  3
OpenSans-BoldItalic.ttf
  4

  0
STYLE
  5
49
330
5
100
AcDbSymbolTableRecord
100
AcDbTextStyleTableRecord
  2
OpenSans-ExtraBold
 70
0
 40
0.0
 41
1.0
 50
0.0
 71
0
 42
2.5
  3
OpenSans-ExtraBold.ttf
  4

  0
STYLE
  5
4A
330
5
100
AcDbSymbolTableRecord
100
AcDbTextStyleTableRecord
  2
OpenSans-ExtraBoldItalic
 70
0
 40
0.0
 41
1.0
 50
0.0
 71
0
 42
2.5
  3
OpenSans-ExtraBoldItalic.ttf
  4

  0
STYLE
  5
4B
330
5
100
AcDbSymbolTableRecord
100
AcDbTextStyleTableRecord
  2
OpenSansCondensed-Bold
 70
0
 40
0.0
 41
1.0
 50
0.0
 71
0
 42
2.5
  3
OpenSansCondensed-Bold.ttf
  4

  0
STYLE
  5
4C
330
5
100
AcDbSymbolTableRecord
100
AcDbTextStyleTableRecord
  2
OpenSansCondensed-Light
 70
0
 40
0.0
 41
1.0
 50
0.0
 71
0
 42
2.5
  3
OpenSansCondensed-Light.ttf
  4

  0
STYLE
  5
4D
330
5
100
AcDbSymbolTableRecord
100
AcDbTextStyleTableRecord
  2
OpenSansCondensed-Italic
 70
0
 40
0.0
 41
1.0
 50
0.0
 71
0
 42
2.5
  3
OpenSansCondensed-LightItalic.ttf
  4

  0
STYLE
  5
4E
330
5
100
AcDbSymbolTableRecord
100
AcDbTextStyleTableRecord
  2
LiberationSans
 70
0
 40
0.0
 41
1.0
 50
0.0
 71
0
 42
2.5
  3
LiberationSans-Regular.ttf
  4

  0
STYLE
  5
4F
330
5
100
AcDbSymbolTableRecord
100
AcDbTextStyleTableRecord
  2
LiberationSans-Bold
 70
0
 40
0.0
 41
1.0
 50
0.0
 71
0
 42
2.5
  3
LiberationSans-Bold.ttf
  4

  0
STYLE
  5
50
330
5
100
AcDbSymbolTableRecord
100
AcDbTextStyleTableRecord
  2
LiberationSans-BoldItalic
 70
0
 40
0.0
 41
1.0
 50
0.0
 71
0
 42
2.5
  3
LiberationSans-BoldItalic.ttf
  4

  0
STYLE
  5
51
330
5
100
AcDbSymbolTableRecord
100
AcDbTextStyleTableRecord
  2
LiberationSans-Italic
 70
0
 40
0.0
 41
1.0
 50
0.0
 71
0
 42
2.5
  3
LiberationSans-Italic.ttf
  4

  0
STYLE
  5
52
330
5
100
AcDbSymbolTableRecord
100
AcDbTextStyleTableRecord
  2
LiberationSerif
 70
0
 40
0.0
 41
1.0
 50
0.0
 71
0
 42
2.5
  3
LiberationSerif-Regular.ttf
  4

  0
STYLE
  5
53
330
5
100
AcDbSymbolTableRecord
100
AcDbTextStyleTableRecord
  2
LiberationSerif-Bold
 70
0
 40
0.0
 41
1.0
 50
0.0
 71
0
 42
2.5
  3
LiberationSerif-Bold.ttf
  4

  0
STYLE
  5
54
330
5
100
AcDbSymbolTableRecord
100
AcDbTextStyleTableRecord
  2
LiberationSerif-BoldItalic
 70
0
 40
0.0
 41
1.0
 50
0.0
 71
0
 42
2.5
  3
LiberationSerif-BoldItalic.ttf
  4

  0
STYLE
  5
55
330
5
100
AcDbSymbolTableRecord
100
AcDbTextStyleTableRecord
  2
LiberationSerif-Italic
 70
0
 40
0.0
 41
1.0
 50
0.0
 71
0
 42
2.5
  3
LiberationSerif-Italic.ttf
  4

  0
STYLE
  5
56
330
5
100
AcDbSymbolTableRecord
100
AcDbTextStyleTableRecord
  2
LiberationMono
 70
0
 40
0.0
 41
1.0
 50
0.0
 71
0
 42
2.5
  3
LiberationMono-Regular.ttf
  4

  0
STYLE
  5
57
330
5
100
AcDbSymbolTableRecord
100
AcDbTextStyleTableRecord
  2
LiberationMono-Bold
 70
0
 40
0.0
 41
1.0
 50
0.0
 71
0
 42
2.5
  3
LiberationMono-Bold.ttf
  4

  0
STYLE
  5
58
330
5
100
AcDbSymbolTableRecord
100
AcDbTextStyleTableRecord
  2
LiberationMono-BoldItalic
 70
0
 40
0.0
 41
1.0
 50
0.0
 71
0
 42
2.5
  3
LiberationMono-BoldItalic.ttf
  4

  0
STYLE
  5
59
330
5
100
AcDbSymbolTableRecord
100
AcDbTextStyleTableRecord
  2
LiberationMono-Italic
 70
0
 40
0.0
 41
1.0
 50
0.0
 71
0
 42
2.5
  3
LiberationMono-Italic.ttf
  4

  0
ENDTAB
  0
TABLE
  2
VIEW
  5
7
330
0
100
AcDbSymbolTable
 70
0
  0
ENDTAB
  0
TABLE
  2
UCS
  5
6
330
0
100
AcDbSymbolTable
 70
0
  0
ENDTAB
  0
TABLE
  2
APPID
  5
3
330
0
100
AcDbSymbolTable
 70
3
  0
APPID
  5
2A
330
3
100
AcDbSymbolTableRecord
100
AcDbRegAppTableRecord
  2
ACAD
 70
0
  0
APPID
  5
4EC
330
3
100
AcDbSymbolTableRecord
100
AcDbRegAppTableRecord
  2
HATCHBACKGROUNDCOLOR
 70
0
  0
APPID
  5
4ED
330
3
100
AcDbSymbolTableRecord
100
AcDbRegAppTableRecord
  2
EZDXF
 70
0
  0
ENDTAB
  0
TABLE
  2
DIMSTYLE
  5
4
330
0
100
AcDbSymbolTable
 70
12
100
AcDbDimStyleTable
  0
DIMSTYLE
105
2B
330
4
100
AcDbSymbolTableRecord
100
AcDbDimStyleTableRecord
  2
Standard
 70
0
 40
1.0
 41
2.5
 42
0.625
 43
3.75
 44
1.25
 45
0.0
 46
0.0
 47
0.0
 48
0.0
 49
2.5
140
2.5
141
2.5
142
0.0
143
0.03937007874
144
1.0
145
0.0
146
1.0
147
0.625
148
0.0
 69
0
 70
0
 71
0
 72
0
 73
0
 74
0
 75
0
 76
0
 77
1
 78
8
 79
3
170
0
171
3
172
1
173
0
174
0
175
0
176
0
177
0
178
0
179
2
271
2
272
2
273
2
274
3
275
0
276
0
277
2
278
44
279
0
280
0
281
0
282
0
283
0
284
8
285
0
286
0
288
0
289
3
290
0
371
-2
372
-2
  0
DIMSTYLE
105
73
330
4
100
AcDbSymbolTableRecord
100
AcDbDimStyleTableRecord
  2
EZDXF
 70
0
 40
1.0
 41
0.175
 42
0.125
 43
3.75
 44
0.375
 45
0.0
 46
0.0
 47
0.0
 48
0.0
 49
2.5
140
0.25
141
2.5
142
0.0
143
0.03937007874
144
100.0
145
0.0
146
0.5
147
0.1
148
0.0
 69
0
 70
0
 71
0
 72
0
 73
0
 74
0
 75
0
 76
0
 77
1
 78
12
 79
3
170
0
171
3
172
1
173
0
174
0
175
0
176
0
177
0
178
0
179
2
271
2
272
2
273
2
274
3
275
0
276
0
277
2
278
46
279
2
280
0
281
0
282
0
283
0
284
8
285
0
286
0
288
1
289
3
290
0
340
4C
342
74
371
-2
372
-2
  0
DIMSTYLE
105
7C
330
4
100
AcDbSymbolTableRecord
100
AcDbDimStyleTableRecord
  2
EZ_M_100_H25_CM
 70
0
 40
1.0
 41
0.25
 42
0.125
 43
3.75
 44
0.375
 45
0.0
 46
0.0
 47
0.0
 48
0.0
 49
2.5
140
0.25
141
2.5
142
0.125
143
0.03937007874
144
100.0
145
0.0
146
0.5
147
0.1
148
0.0
 69
0
 70
0
 71
0
 72
0
 73
0
 74
0
 75
0
 76
0
 77
1
 78
12
 79
3
170
0
171
3
172
1
173
0
174
0
175
0
176
0
177
0
178
0
179
2
271
2
272
2
273
2
274
3
275
0
276
0
277
2
278
46
279
2
280
0
281
0
282
0
283
0
284
8
285
0
286
0
288
1
289
3
290
0
340
4C
371
-2
372
-2
  0
DIMSTYLE
105
7D
330
4
100
AcDbSymbolTableRecord
100
AcDbDimStyleTableRecord
  2
EZ_M_50_H25_CM
 70
0
 40
1.0
 41
0.125
 42
0.0625
 43
3.75
 44
0.1875
 45
0.0
 46
0.0
 47
0.0
 48
0.0
 49
2.5
140
0.125
141
2.5
142
0.0625
143
0.03937007874
144
100.0
145
0.0
146
0.5
147
0.05
148
0.0
 69
0
 70
0
 71
0
 72
0
 73
0
 74
0
 75
0
 76
0
 77
1
 78
12
 79
3
170
0
171
3
172
1
173
0
174
0
175
0
176
0
177
0
178
0
179
2
271
2
272
2
273
2
274
3
275
0
276
0
277
2
278
46
279
2
280
0
281
0
282
0
283
0
284
8
285
0
286
0
288
1
289
3
290
0
340
4C
371
-2
372
-2
  0
DIMSTYLE
105
7E
330
4
100
AcDbSymbolTableRecord
100
AcDbDimStyleTableRecord
  2
EZ_M_25_H25_CM
 70
0
 40
1.0
 41
0.0625
 42
0.03125
 43
3.75
 44
0.09375
 45
0.0
 46
0.0
 47
0.0
 48
0.0
 49
2.5
140
0.0625
141
2.5
142
0.03125
143
0.03937007874
144
100.0
145
0.0
146
0.5
147
0.025
148
0.0
 69
0
 70
0
 71
0
 72
0
 73
0
 74
0
 75
0
 76
0
 77
1
 78
12
 79
3
170
0
171
3
172
1
173
0
174
0
175
0
176
0
177
0
178
0
179
2
271
2
272
2
273
2
274
3
275
0
276
0
277
2
278
46
279
2
280
0
281
0
282
0
283
0
284
8
285
0
286
0
288
1
289
3
290
0
340
4C
371
-2
372
-2
  0
DIMSTYLE
105
7F
330
4
100
AcDbSymbolTableRecord
100
AcDbDimStyleTableRecord
  2
EZ_M_20_H25_CM
 70
0
 40
1.0
 41
0.05
 42
0.025
 43
3.75
 44
0.07500000000000001
 45
0.0
 46
0.0
 47
0.0
 48
0.0
 49
2.5
140
0.05
141
2.5
142
0.025
143
0.03937007874
144
100.0
145
0.0
146
0.5
147
0.020000000000000004
148
0.0
 69
0
 70
0
 71
0
 72
0
 73
0
 74
0
 75
0
 76
0
 77
1
 78
12
 79
3
170
0
171
3
172
1
173
0
174
0
175
0
176
0
177
0
178
0
179
2
271
2
272
2
273
2
274
3
275
0
276
0
277
2
278
46
279
2
280
0
281
0
282
0
283
0
284
8
285
0
286
0
288
1
289
3
290
0
340
4C
371
-2
372
-2
  0
DIMSTYLE
105
80
330
4
100
AcDbSymbolTableRecord
100
AcDbDimStyleTableRecord
  2
EZ_M_10_H25_CM
 70
0
 40
1.0
 41
0.025
 42
0.0125
 43
3.75
 44
0.037500000000000006
 45
0.0
 46
0.0
 47
0.0
 48
0.0
 49
2.5
140
0.025
141
2.5
142
0.0125
143
0.03937007874
144
100.0
145
0.0
146
0.5
147
0.010000000000000002
148
0.0
 69
0
 70
0
 71
0
 72
0
 73
0
 74
0
 75
0
 76
0
 77
1
 78
12
 79
3
170
0
171
3
172
1
173
0
174
0
175
0
176
0
177
0
178
0
179
2
271
2
272
2
273
2
274
3
275
0
276
0
277
2
278
46
279
2
280
0
281
0
282
0
283
0
284
8
285
0
286
0
288
1
289
3
290
0
340
4C
371
-2
372
-2
  0
DIMSTYLE
105
81
330
4
100
AcDbSymbolTableRecord
100
AcDbDimStyleTableRecord
  2
EZ_M_5_H25_CM
 70
0
 40
1.0
 41
0.0125
 42
0.00625
 43
3.75
 44
0.018750000000000003
 45
0.0
 46
0.0
 47
0.0
 48
0.0
 49
2.5
140
0.0125
141
2.5
142
0.00625
143
0.03937007874
144
100.0
145
0.0
146
0.5
147
0.005000000000000001
148
0.0
 69
0
 70
0
 71
0
 72
0
 73
0
 74
0
 75
0
 76
0
 77
1
 78
12
 79
3
170
0
171
3
172
1
173
0
174
0
175
0
176
0
177
0
178
0
179
2
271
2
272
2
273
2
274
3
275
0
276
0
277
2
278
46
279
2
280
0
281
0
282
0
283
0
284
8
285
0
286
0
288
1
289
3
290
0
340
4C
371
-2
372
-2
  0
DIMSTYLE
105
82
330
4
100
AcDbSymbolTableRecord
100
AcDbDimStyleTableRecord
  2
EZ_M_1_H25_CM
 70
0
 40
1.0
 41
0.0025
 42
0.00125
 43
3.75
 44
0.00375
 45
0.0
 46
0.0
 47
0.0
 48
0.0
 49
2.5
140
0.0025
141
2.5
142
0.00125
143
0.03937007874
144
100.0
145
0.0
146
0.5
147
0.001
148
0.0
 69
0
 70
0
 71
0
 72
0
 73
0
 74
0
 75
0
 76
0
 77
1
 78
12
 79
3
170
0
171
3
172
1
173
0
174
0
175
0
176
0
177
0
178
0
179
2
271
2
272
2
273
2
274
3
275
0
276
0
277
2
278
46
279
2
280
0
281
0
282
0
283
0
284
8
285
0
286
0
288
1
289
3
290
0
340
4C
371
-2
372
-2
  0
DIMSTYLE
105
83
330
4
100
AcDbSymbolTableRecord
100
AcDbDimStyleTableRecord
  2
EZ_RADIUS
 70
0
 40
1.0
 41
0.25
 42
0.125
 43
3.75
 44
0.375
 45
0.0
 46
0.0
 47
0.0
 48
0.0
 49
2.5
140
0.25
141
0.0
142
0.0
143
0.03937007874
144
100.0
145
0.0
146
0.5
147
0.1
148
0.0
 69
0
 70
0
 71
0
 72
0
 73
0
 74
0
 75
0
 76
0
 77
1
 78
12
 79
3
170
0
171
3
172
0
173
0
174
0
175
0
176
0
177
0
178
0
179
2
271
2
272
2
273
2
274
3
275
0
276
0
277
2
278
46
279
1
280
0
281
0
282
0
283
0
284
8
285
0
286
0
288
1
289
3
290
0
340
4C
342
84
371
-2
372
-2
  0
DIMSTYLE
105
88
330
4
100
AcDbSymbolTableRecord
100
AcDbDimStyleTableRecord
  2
EZ_RADIUS_INSIDE
 70
0
 40
1.0
 41
0.25
 42
0.125
 43
3.75
 44
0.375
 45
0.0
 46
0.0
 47
0.0
 48
0.0
 49
2.5
140
0.25
141
0.0
142
0.0
143
0.03937007874
144
100.0
145
0.0
146
0.5
147
0.1
148
0.0
 69
0
 70
0
 71
0
 72
0
 73
0
 74
0
 75
0
 76
0
 77
0
 78
12
 79
3
170
0
171
3
172
0
173
0
174
1
175
0
176
0
177
0
178
0
179
2
271
2
272
2
273
2
274
3
275
0
276
0
277
2
278
46
279
0
280
0
281
0
282
0
283
0
284
8
285
0
286
0
288
1
289
0
290
0
340
4C
342
84
371
-2
372
-2
  0
DIMSTYLE
105
89
330
4
100
AcDbSymbolTableRecord
100
AcDbDimStyleTableRecord
  2
EZ_CURVED
 70
0
 40
1.0
 41
0.25
 42
0.125
 43
3.75
 44
0.375
 45
0.0
 46
0.0
 47
0.0
 48
0.0
 49
2.5
140
0.25
141
2.5
142
0.0
143
0.03937007874
144
100.0
145
0.0
146
0.5
147
0.1
148
0.0
 69
0
 70
0
 71
0
 72
0
 73
0
 74
0
 75
0
 76
0
 77
1
 78
12
 79
2
 90
2
170
0
171
3
172
1
173
0
174
0
175
0
176
0
177
0
178
0
179
2
271
2
272
2
273
2
274
3
275
0
276
0
277
2
278
46
279
2
280
0
281
0
282
0
283
0
284
8
285
0
286
0
288
1
289
3
290
0
340
4C
371
-2
372
-2
  0
ENDTAB
  0
TABLE
  2
BLOCK_RECORD
  5
9
330
0
100
AcDbSymbolTable
 70
5
  0
BLOCK_RECORD
  5
17
330
9
100
AcDbSymbolTableRecord
100
AcDbBlockTableRecord
  2
*Model_Space
340
1A
 70
0
280
1
281
0
  0
BLOCK_RECORD
  5
1B
330
9
100
AcDbSymbolTableRecord
100
AcDbBlockTableRecord
  2
*Paper_Space
340
1E
 70
0
280
1
281
0
  0
BLOCK_RECORD
  5
74
330
9
100
AcDbSymbolTableRecord
100
AcDbBlockTableRecord
  2
_ARCHTICK
340
0
 70
0
280
1
281
0
  0
BLOCK_RECORD
  5
78
330
9
100
AcDbSymbolTableRecord
100
AcDbBlockTableRecord
  2
_CLOSEDFILLED
340
0
 70
0
280
1
281
0
  0
BLOCK_RECORD
  5
84
330
9
100
AcDbSymbolTableRecord
100
AcDbBlockTableRecord
  2
_CLOSEDBLANK
340
0
 70
0
280
1
281
0
  0
ENDTAB
  0
ENDSEC
  0
SECTION
  2
BLOCKS
  0
BLOCK
  5
18
330
17
100
AcDbEntity
  8
0
100
AcDbBlockBegin
  2
*Model_Space
 70
0
 10
0.0
 20
0.0
 30
0.0
  3
*Model_Space
  1

  0
ENDBLK
  5
19
330
17
100
AcDbEntity
  8
0
100
AcDbBlockEnd
  0
BLOCK
  5
1C
330
1B
100
AcDbEntity
  8
0
100
AcDbBlockBegin
  2
*Paper_Space
 70
0
 10
0.0
 20
0.0
 30
0.0
  3
*Paper_Space
  1

  0
ENDBLK
  5
1D
330
1B
100
AcDbEntity
  8
0
100
AcDbBlockEnd
  0
BLOCK
  5
75
330
74
100
AcDbEntity
  8
0
100
AcDbBlockBegin
  2
_ARCHTICK
 70
0
 10
0.0
 20
0.0
 30
0.0
  3
_ARCHTICK
  1

  0
LWPOLYLINE
  5
77
330
74
100
AcDbEntity
  8
0
  6
BYBLOCK
 62
0
100
AcDbPolyline
 90
2
 70
0
 43
0.15
 10
-0.5
 20
-0.5
 10
0.5
 20
0.5
  0
ENDBLK
  5
76
330
74
100
AcDbEntity
  8
0
100
AcDbBlockEnd
  0
BLOCK
  5
79
330
78
100
AcDbEntity
  8
0
100
AcDbBlockBegin
  2
_CLOSEDFILLED
 70
0
 10
0.0
 20
0.0
 30
0.0
  3
_CLOSEDFILLED
  1

  0
SOLID
  5
7B
330
78
100
AcDbEntity
  8
0
  6
BYBLOCK
 62
0
100
AcDbTrace
 10
-1.0
 20
0.16439898372402537
 30
0.0
 11
0.0
 21
0.0
 31
0.0
 12
-1.0
 22
-0.16439898372402537
 32
0.0
 13
-1.0
 23
-0.16439898372402537
 33
0.0
  0
ENDBLK
  5
7A
330
78
100
AcDbEntity
  8
0
100
AcDbBlockEnd
  0
BLOCK
  5
85
330
84
100
AcDbEntity
  8
0
100
AcDbBlockBegin
  2
_CLOSEDBLANK
 70
0
 10
0.0
 20
0.0
 30
0.0
  3
_CLOSEDBLANK
  1

  0
LWPOLYLINE
  5
87
330
84
100
AcDbEntity
  8
0
  6
BYBLOCK
 62
0
100
AcDbPolyline
 90
3
 70
1
 10
-1.0
 20
0.16439898372402537
 10
0.0
 20
0.0
 10
-1.0
 20
-0.16439898372402537
  0
ENDBLK
  5
86
330
84
100
AcDbEntity
  8
0
100
AcDbBlockEnd
  0
ENDSEC
  0
SECTION
  2
ENTITIES
  0
LWPOLYLINE
  5
94
330
17
100
AcDbEntity
  8
C-GRAD-PAD
100
AcDbPolyline
 90
5
 70
1
 38
75.2
 10
426775.5
 20
1578918.3
 10
426792.8
 20
1578871.4
 10
426825.7
 20
1578883.5
 10
426808.3
 20
1578930.4
 10
426775.5
 20
1578918.3
  0
LWPOLYLINE
  5
95
330
17
100
AcDbEntity
  8
C-GRAD-LIMIT
100
AcDbPolyline
 90
5
 70
1
 10
426765.22581862233
 20
1578923.0368275316
 10
426813.022898946
 20
1578940.669287041
 10
426835.991024945
 20
1578878.7609474233
 10
426788.06030469283
 20
1578861.132931768
 10
426765.22581862233
 20
1578923.0368275316
  0
TEXT
  5
96
330
17
100
AcDbEntity
  8
C-GRAD-ANNO
100
AcDbText
 10
426800.6
 20
1578898.9
 30
0.0
 40
2.2
  1
B05 FG 75.2  CUT 20 CY  FILL 8 CY  TREES OUT 3
 72
1
 11
426800.6
 21
1578898.9
 31
0.0
100
AcDbText
 73
2
  0
LWPOLYLINE
  5
97
330
17
100
AcDbEntity
  8
C-GRAD-PAD
100
AcDbPolyline
 90
5
 70
1
 38
75.0
 10
426726.9
 20
1578901.9
 10
426742.1
 20
1578854.3
 10
426775.4
 20
1578864.9
 10
426760.2
 20
1578912.5
 10
426726.9
 20
1578901.9
  0
LWPOLYLINE
  5
98
330
17
100
AcDbEntity
  8
C-GRAD-LIMIT
100
AcDbPolyline
 90
5
 70
1
 10
426716.8433322692
 20
1578907.094306971
 10
426765.38954973605
 20
1578922.5474572757
 10
426785.4566677308
 20
1578859.7056930289
 10
426736.91045026394
 20
1578844.2525427244
 10
426716.8433322692
 20
1578907.094306971
  0
TEXT
  5
99
330
17
100
AcDbEntity
  8
C-GRAD-ANNO
100
AcDbText
 10
426751.2
 20
1578881.4
 30
0.0
 40
2.2
  1
B04 FG 75.0  CUT 16 CY  FILL 11 CY  TREES OUT 2
 72
1
 11
426751.2
 21
1578881.4
 31
0.0
100
AcDbText
 73
2
  0
LWPOLYLINE
  5
9A
330
17
100
AcDbEntity
  8
C-GRAD-PAD
100
AcDbPolyline
 90
5
 70
1
 38
74.9
 10
426679.3
 20
1578886.7
 10
426694.5
 20
1578839.0
 10
426727.8
 20
1578849.7
 10
426712.6
 20
1578897.3
 10
426679.3
 20
1578886.7
  0
LWPOLYLINE
  5
9B
330
17
100
AcDbEntity
  8
C-GRAD-LIMIT
100
AcDbPolyline
 90
5
 70
1
 10
426669.2479670652
 20
1578891.8957823114
 10
426717.789549736
 20
1578907.3474572757
 10
426737.8500408348
 20
1578844.5264456768
 10
426689.3124453547
 20
1578828.9302813634
 10
426669.2479670652
 20
1578891.8957823114
  0
TEXT
  5
9C
330
17
100
AcDbEntity
  8
C-GRAD-ANNO
100
AcDbText
 10
426703.5
 20
1578866.2
 30
0.0
 40
2.2
  1
B03 FG 74.9  CUT 16 CY  FILL 6 CY  TREES OUT 2
 72
1
 11
426703.5
 21
1578866.2
 31
0.0
100
AcDbText
 73
2
  0
LWPOLYLINE
  5
9D
330
17
100
AcDbEntity
  8
C-GRAD-PAD
100
AcDbPolyline
 90
5
 70
1
 38
74.7
 10
426618.9
 20
1578885.2
 10
426617.2
 20
1578835.2
 10
426652.2
 20
1578834.0
 10
426653.9
 20
1578884.0
 10
426618.9
 20
1578885.2
  0
LWPOLYLINE
  5
9E
330
17
100
AcDbEntity
  8
C-GRAD-LIMIT
100
AcDbPolyline
 90
5
 70
1
 10
426611.1765405051
 20
1578893.4695049853
 10
426662.16714535747
 20
1578891.7212556761
 10
426659.92345949495
 20
1578825.7304950147
 10
426608.93285464257
 20
1578827.4787443238
 10
426611.1765405051
 20
1578893.4695049853
  0
TEXT
  5
9F
330
17
100
AcDbEntity
  8
C-GRAD-ANNO
100
AcDbText
 10
426635.5
 20
1578857.6
 30
0.0
 40
2.2
  1
B02 FG 74.7  CUT 5 CY  FILL 3 CY  TREES OUT 1
 72
1
 11
426635.5
 21
1578857.6
 31
0.0
100
AcDbText
 73
2
  0
LWPOLYLINE
  5
A0
330
17
100
AcDbEntity
  8
C-GRAD-PAD
100
AcDbPolyline
 90
5
 70
1
 38
74.3
 10
426562.8
 20
1578897.4
 10
426548.3
 20
1578849.5
 10
426581.8
 20
1578839.4
 10
426596.3
 20
1578887.2
 10
426562.8
 20
1578897.4
  0
LWPOLYLINE
  5
A1
330
17
100
AcDbEntity
  8
C-GRAD-LIMIT
100
AcDbPolyline
 90
5
 70
1
 10
426557.46471950365
 20
1578907.3870821146
 10
426606.27540126024
 20
1578892.5253222962
 10
426587.13718277996
 20
1578829.4351951678
 10
426538.3226962968
 20
1578844.1523985555
 10
426557.46471950365
 20
1578907.3870821146
  0
TEXT
  5
A2
330
17
100
AcDbEntity
  8
C-GRAD-ANNO
100
AcDbText
 10
426572.3
 20
1578866.4
 30
0.0
 40
2.2
  1
C08 FG 74.3  CUT 4 CY  FILL 3 CY  TREES OUT 4
 72
1
 11
426572.3
 21
1578866.4
 31
0.0
100
AcDbText
 73
2
  0
LWPOLYLINE
  5
A3
330
17
100
AcDbEntity
  8
C-GRAD-PAD
100
AcDbPolyline
 90
5
 70
1
 38
73.8
 10
426513.2
 20
1578914.7
 10
426494.5
 20
1578868.3
 10
426527.0
 20
1578855.2
 10
426545.7
 20
1578901.6
 10
426513.2
 20
1578914.7
  0
LWPOLYLINE
  5
A4
330
17
100
AcDbEntity
  8
C-GRAD-LIMIT
100
AcDbPolyline
 90
5
 70
1
 10
426508.7705006304
 20
1578925.1108648716
 10
426556.1103303766
 20
1578906.0292719586
 10
426531.4294993696
 20
1578844.7891351283
 10
426484.0896696234
 20
1578863.8707280415
 10
426508.7705006304
 20
1578925.1108648716
  0
TEXT
  5
A5
330
17
100
AcDbEntity
  8
C-GRAD-ANNO
100
AcDbText
 10
426520.1
 20
1578882.9
 30
0.0
 40
2.2
  1
C07 FG 73.8  CUT 4 CY  FILL 2 CY  TREES OUT 4
 72
1
 11
426520.1
 21
1578882.9
 31
0.0
100
AcDbText
 73
2
  0
LWPOLYLINE
  5
A6
330
17
100
AcDbEntity
  8
C-GRAD-PAD
100
AcDbPolyline
 90
5
 70
1
 38
73.7
 10
426466.8
 20
1578933.3
 10
426448.1
 20
1578886.9
 10
426480.6
 20
1578873.9
 10
426499.3
 20
1578920.3
 10
426466.8
 20
1578933.3
  0
LWPOLYLINE
  5
A7
330
17
100
AcDbEntity
  8
C-GRAD-LIMIT
100
AcDbPolyline
 90
5
 70
1
 10
426462.36258699297
 20
1578943.6912288943
 10
426509.71826419595
 20
1578924.7489580133
 10
426485.037413007
 20
1578863.5087711057
 10
426437.681735804
 20
1578882.4510419867
 10
426462.36258699297
 20
1578943.6912288943
  0
TEXT
  5
A8
330
17
100
AcDbEntity
  8
C-GRAD-ANNO
100
AcDbText
 10
426473.7
 20
1578901.6
 30
0.0
 40
2.2
  1
C06 FG 73.7  CUT 2 CY  FILL 3 CY  TREES OUT 6
 72
1
 11
426473.7
 21
1578901.6
 31
0.0
100
AcDbText
 73
2
  0
LWPOLYLINE
  5
A9
330
17
100
AcDbEntity
  8
C-GRAD-PAD
100
AcDbPolyline
 90
5
 70
1
 38
73.7
 10
426419.6
 20
1578960.3
 10
426394.4
 20
1578917.2
 10
426424.7
 20
1578899.5
 10
426449.9
 20
1578942.7
 10
426419.6
 20
1578960.3
  0
LWPOLYLINE
  5
AA
330
17
100
AcDbEntity
  8
C-GRAD-LIMIT
100
AcDbPolyline
 90
5
 70
1
 10
426416.72025650676
 20
1578971.2243897868
 10
426460.84865878895
 20
1578945.5920505074
 10
426427.5767816439
 20
1578888.5545468302
 10
426383.4543097065
 20
1578914.32906014
 10
426416.72025650676
 20
1578971.2243897868
  0
TEXT
  5
AB
330
17
100
AcDbEntity
  8
C-GRAD-ANNO
100
AcDbText
 10
426422.1
 20
1578927.9
 30
0.0
 40
2.2
  1
C05 FG 73.7  CUT 4 CY  FILL 2 CY  TREES OUT 4
 72
1
 11
426422.1
 21
1578927.9
 31
0.0
100
AcDbText
 73
2
  0
LWPOLYLINE
  5
AC
330
17
100
AcDbEntity
  8
C-GRAD-PAD
100
AcDbPolyline
 90
5
 70
1
 38
73.6
 10
426377.8
 20
1579001.2
 10
426341.4
 20
1578966.8
 10
426365.5
 20
1578941.4
 10
426401.8
 20
1578975.8
 10
426377.8
 20
1579001.2
  0
LWPOLYLINE
  5
AD
330
17
100
AcDbEntity
  8
C-GRAD-LIMIT
100
AcDbPolyline
 90
5
 70
1
 10
426378.1200004172
 20
1579012.5096994916
 10
426413.10112539923
 20
1578975.4880088859
 10
426365.1996110182
 20
1578930.093736304
 10
426330.07925294386
 20
1578967.1085535279
 10
426378.1200004172
 20
1579012.5096994916
  0
TEXT
  5
AE
330
17
100
AcDbEntity
  8
C-GRAD-ANNO
100
AcDbText
 10
426371.6
 20
1578969.3
 30
0.0
 40
2.2
  1
C04 FG 73.6  CUT 5 CY  FILL 4 CY  TREES OUT 4
 72
1
 11
426371.6
 21
1578969.3
 31
0.0
100
AcDbText
 73
2
  0
LWPOLYLINE
  5
AF
330
17
100
AcDbEntity
  8
C-GRAD-PAD
100
AcDbPolyline
 90
5
 70
1
 38
73.4
 10
426352.8
 20
1579058.9
 10
426305.6
 20
1579042.4
 10
426317.2
 20
1579009.4
 10
426364.4
 20
1579025.9
 10
426352.8
 20
1579058.9
  0
LWPOLYLINE
  5
B0
330
17
100
AcDbEntity
  8
C-GRAD-LIMIT
100
AcDbPolyline
 90
5
 70
1
 10
426357.6988830333
 20
1579069.0872620756
 10
426374.6048676179
 20
1579020.9926507575
 10
426312.3011169667
 20
1578999.2127379242
 10
426295.3951323821
 20
1579047.3073492423
 10
426357.6988830333
 20
1579069.0872620756
  0
TEXT
  5
B1
330
17
100
AcDbEntity
  8
C-GRAD-ANNO
100
AcDbText
 10
426335.0
 20
1579032.2
 30
0.0
 40
2.2
  1
C03 FG 73.4  CUT 4 CY  FILL 2 CY  TREES OUT 5
 72
1
 11
426335.0
 21
1579032.2
 31
0.0
100
AcDbText
 73
2
  0
LWPOLYLINE
  5
B2
330
17
100
AcDbEntity
  8
C-GRAD-PAD
100
AcDbPolyline
 90
5
 70
1
 38
73.5
 10
426337.8
 20
1579108.8
 10
426289.5
 20
1579095.7
 10
426298.7
 20
1579061.9
 10
426347.0
 20
1579075.1
 10
426337.8
 20
1579108.8
  0
LWPOLYLINE
  5
B3
330
17
100
AcDbEntity
  8
C-GRAD-LIMIT
100
AcDbPolyline
 90
5
 70
1
 10
426343.41418490343
 20
1579118.611711395
 10
426356.8238807011
 20
1579069.491412658
 10
426293.08406778495
 20
1579052.0718364571
 10
426279.67786770494
 20
1579101.3250497945
 10
426343.41418490343
 20
1579118.611711395
  0
TEXT
  5
B4
330
17
100
AcDbEntity
  8
C-GRAD-ANNO
100
AcDbText
 10
426318.2
 20
1579083.4
 30
0.0
 40
2.2
  1
C02 FG 73.5  CUT 3 CY  FILL 3 CY  TREES OUT 3
 72
1
 11
426318.2
 21
1579083.4
 31
0.0
100
AcDbText
 73
2
  0
LWPOLYLINE
  5
B5
330
17
100
AcDbEntity
  8
C-GRAD-PAD
100
AcDbPolyline
 90
5
 70
1
 38
73.6
 10
426330.1
 20
1579163.8
 10
426280.3
 20
1579159.9
 10
426283.0
 20
1579125.0
 10
426332.8
 20
1579128.9
 10
426330.1
 20
1579163.8
  0
LWPOLYLINE
  5
B6
330
17
100
AcDbEntity
  8
C-GRAD-LIMIT
100
AcDbPolyline
 90
5
 70
1
 10
426337.45851637743
 20
1579172.4007637189
 10
426341.39265153196
 20
1579121.5484241294
 10
426275.64148362254
 20
1579116.3992362812
 10
426271.707348468
 20
1579167.2515758704
 10
426337.45851637743
 20
1579172.4007637189
  0
TEXT
  5
B7
330
17
100
AcDbEntity
  8
C-GRAD-ANNO
100
AcDbText
 10
426306.6
 20
1579142.4
 30
0.0
 40
2.2
  1
C01 FG 73.6  CUT 4 CY  FILL 1 CY  TREES OUT 2
 72
1
 11
426306.6
 21
1579142.4
 31
0.0
100
AcDbText
 73
2
  0
LWPOLYLINE
  5
B8
330
17
100
AcDbEntity
  8
C-GRAD-PAD
100
AcDbPolyline
 90
5
 70
1
 38
73.9
 10
426362.7
 20
1579320.6
 10
426314.7
 20
1579334.6
 10
426304.8
 20
1579301.0
 10
426352.8
 20
1579287.0
 10
426362.7
 20
1579320.6
  0
LWPOLYLINE
  5
B9
330
17
100
AcDbEntity
  8
C-GRAD-LIMIT
100
AcDbPolyline
 90
5
 70
1
 10
426372.64107714733
 20
1579326.0338524987
 10
426358.2189805389
 20
1579277.0861306763
 10
426294.85892285267
 20
1579295.5661475013
 10
426309.2810194611
 20
1579344.5138693238
 10
426372.64107714733
 20
1579326.0338524987
  0
TEXT
  5
BA
330
17
100
AcDbEntity
  8
C-GRAD-ANNO
100
AcDbText
 10
426333.8
 20
1579308.8
 30
0.0
 40
2.2
  1
D01 FG 73.9  CUT 5 CY  FILL 6 CY  TREES OUT 6
 72
1
 11
426333.8
 21
1579308.8
 31
0.0
100
AcDbText
 73
2
  0
LWPOLYLINE
  5
BB
330
17
100
AcDbEntity
  8
C-GRAD-PAD
100
AcDbPolyline
 90
5
 70
1
 38
73.6
 10
426408.7
 20
1579370.2
 10
426377.3
 20
1579409.0
 10
426350.1
 20
1579387.0
 10
426381.5
 20
1579348.1
 10
426408.7
 20
1579370.2
  0
LWPOLYLINE
  5
BC
330
17
100
AcDbEntity
  8
C-GRAD-LIMIT
100
AcDbPolyline
 90
5
 70
1
 10
426419.94159687334
 20
1579369.0260333954
 10
426380.3159161207
 20
1579336.8301677841
 10
426338.8550717938
 20
1579388.1940800233
 10
426378.4874249825
 20
1579420.2496598084
 10
426419.94159687334
 20
1579369.0260333954
  0
TEXT
  5
BD
330
17
100
AcDbEntity
  8
C-GRAD-ANNO
100
AcDbText
 10
426379.4
 20
1579376.6
 30
0.0
 40
2.2
  1
D02 FG 73.6  CUT 6 CY  FILL 5 CY  TREES OUT 6
 72
1
 11
426379.4
 21
1579376.6
 31
0.0
100
AcDbText
 73
2
  0
LWPOLYLINE
  5
BE
330
17
100
AcDbEntity
  8
C-GRAD-PAD
100
AcDbPolyline
 90
5
 70
1
 38
73.5
 10
426463.6
 20
1579392.9
 10
426445.9
 20
1579439.7
 10
426413.2
 20
1579427.3
 10
426430.9
 20
1579380.5
 10
426463.6
 20
1579392.9
  0
LWPOLYLINE
  5
BF
330
17
100
AcDbEntity
  8
C-GRAD-LIMIT
100
AcDbPolyline
 90
5
 70
1
 10
426473.9102484113
 20
1579388.253823431
 10
426426.24975919805
 20
1579370.1807327203
 10
426402.8897515887
 20
1579431.946176569
 10
426450.550240802
 20
1579450.0192672797
 10
426473.9102484113
 20
1579388.253823431
  0
TEXT
  5
C0
330
17
100
AcDbEntity
  8
C-GRAD-ANNO
100
AcDbText
 10
426438.4
 20
1579408.1
 30
0.0
 40
2.2
  1
D03 FG 73.5  CUT 4 CY  FILL 1 CY  TREES OUT 6
 72
1
 11
426438.4
 21
1579408.1
 31
0.0
100
AcDbText
 73
2
  0
LWPOLYLINE
  5
C1
330
17
100
AcDbEntity
  8
C-GRAD-PAD
100
AcDbPolyline
 90
5
 70
1
 38
73.5
 10
426513.9
 20
1579407.1
 10
426499.6
 20
1579455.1
 10
426466.1
 20
1579445.1
 10
426480.3
 20
1579397.2
 10
426513.9
 20
1579407.1
  0
LWPOLYLINE
  5
C2
330
17
100
AcDbEntity
  8
C-GRAD-LIMIT
100
AcDbPolyline
 90
5
 70
1
 10
426523.8580020334
 20
1579401.694022849
 10
426474.8999574527
 20
1579387.2688847133
 10
426456.160433143
 20
1579450.4817871384
 10
426504.98162805603
 20
1579465.0552781573
 10
426523.8580020334
 20
1579401.694022849
  0
TEXT
  5
C3
330
17
100
AcDbEntity
  8
C-GRAD-ANNO
100
AcDbText
 10
426490.0
 20
1579424.1
 30
0.0
 40
2.2
  1
D04 FG 73.5  CUT 6 CY  FILL 1 CY  TREES OUT 6
 72
1
 11
426490.0
 21
1579424.1
 31
0.0
100
AcDbText
 73
2
  0
LWPOLYLINE
  5
C4
330
17
100
AcDbEntity
  8
C-GRAD-PAD
100
AcDbPolyline
 90
5
 70
1
 38
73.5
 10
426568.9
 20
1579411.7
 10
426562.9
 20
1579461.4
 10
426528.1
 20
1579457.1
 10
426534.2
 20
1579407.5
 10
426568.9
 20
1579411.7
  0
LWPOLYLINE
  5
C5
330
17
100
AcDbEntity
  8
C-GRAD-LIMIT
100
AcDbPolyline
 90
5
 70
1
 10
426577.8008691173
 20
1579404.7189514209
 10
426527.23446512973
 20
1579398.59852212
 10
426519.1838656994
 20
1579464.059133881
 10
426569.8808135243
 20
1579470.3234119166
 10
426577.8008691173
 20
1579404.7189514209
  0
TEXT
  5
C6
330
17
100
AcDbEntity
  8
C-GRAD-ANNO
100
AcDbText
 10
426548.5
 20
1579432.4
 30
0.0
 40
2.2
  1
D05 FG 73.5  CUT 6 CY  FILL 2 CY  TREES OUT 6
 72
1
 11
426548.5
 21
1579432.4
 31
0.0
100
AcDbText
 73
2
  0
LWPOLYLINE
  5
C7
330
17
100
AcDbEntity
  8
C-GRAD-PAD
100
AcDbPolyline
 90
5
 70
1
 38
73.9
 10
426672.9
 20
1579416.1
 10
426674.0
 20
1579466.1
 10
426639.0
 20
1579466.9
 10
426637.9
 20
1579416.9
 10
426672.9
 20
1579416.1
  0
LWPOLYLINE
  5
C8
330
17
100
AcDbEntity
  8
C-GRAD-LIMIT
100
AcDbPolyline
 90
5
 70
1
 10
426680.72195646964
 20
1579407.9191229008
 10
426629.7261285544
 20
1579409.0847418243
 10
426631.1780435304
 20
1579475.0808770992
 10
426682.17387144564
 20
1579473.9152581757
 10
426680.72195646964
 20
1579407.9191229008
  0
TEXT
  5
C9
330
17
100
AcDbEntity
  8
C-GRAD-ANNO
100
AcDbText
 10
426655.9
 20
1579439.5
 30
0.0
 40
2.2
  1
A01 FG 73.9  CUT 5 CY  FILL 2 CY  TREES OUT 7
 72
1
 11
426655.9
 21
1579439.5
 31
0.0
100
AcDbText
 73
2
  0
LWPOLYLINE
  5
CA
330
17
100
AcDbEntity
  8
C-GRAD-PAD
100
AcDbPolyline
 90
5
 70
1
 38
73.7
 10
426724.3
 20
1579413.1
 10
426728.0
 20
1579462.9
 10
426693.1
 20
1579465.5
 10
426689.4
 20
1579415.7
 10
426724.3
 20
1579413.1
  0
LWPOLYLINE
  5
CB
330
17
100
AcDbEntity
  8
C-GRAD-LIMIT
100
AcDbPolyline
 90
5
 70
1
 10
426731.685148218
 20
1579404.5276476098
 10
426680.8293642236
 20
1579408.316330658
 10
426685.7148517819
 20
1579474.0723523903
 10
426736.57063577644
 20
1579470.2836693418
 10
426731.685148218
 20
1579404.5276476098
  0
TEXT
  5
CC
330
17
100
AcDbEntity
  8
C-GRAD-ANNO
100
AcDbText
 10
426708.7
 20
1579437.3
 30
0.0
 40
2.2
  1
A02 FG 73.7  CUT 6 CY  FILL 3 CY  TREES OUT 9
 72
1
 11
426708.7
 21
1579437.3
 31
0.0
100
AcDbText
 73
2
  0
LWPOLYLINE
  5
CD
330
17
100
AcDbEntity
  8
C-GRAD-PAD
100
AcDbPolyline
 90
5
 70
1
 38
74.0
 10
426782.1
 20
1579390.5
 10
426806.5
 20
1579434.1
 10
426776.0
 20
1579451.2
 10
426751.5
 20
1579407.6
 10
426782.1
 20
1579390.5
  0
LWPOLYLINE
  5
CE
330
17
100
AcDbEntity
  8
C-GRAD-LIMIT
100
AcDbPolyline
 90
5
 70
1
 10
426785.176671922
 20
1579379.6162870582
 10
426740.5973700381
 20
1579404.5282498756
 10
426772.9409537242
 20
1579462.086627374
 10
426817.3849763697
 20
1579437.1688310714
 10
426785.176671922
 20
1579379.6162870582
  0
TEXT
  5
CF
330
17
100
AcDbEntity
  8
C-GRAD-ANNO
100
AcDbText
 10
426779.0
 20
1579418.9
 30
0.0
 40
2.2
  1
A03 FG 74.0  CUT 2 CY  FILL 6 CY  TREES OUT 3
 72
1
 11
426779.0
 21
1579418.9
 31
0.0
100
AcDbText
 73
2
  0
LWPOLYLINE
  5
D0
330
17
100
AcDbEntity
  8
C-GRAD-PAD
100
AcDbPolyline
 90
5
 70
1
 38
74.2
 10
426837.0
 20
1579281.4
 10
426886.0
 20
1579291.3
 10
426879.1
 20
1579325.6
 10
426830.1
 20
1579315.7
 10
426837.0
 20
1579281.4
  0
LWPOLYLINE
  5
D1
330
17
100
AcDbEntity
  8
C-GRAD-LIMIT
100
AcDbPolyline
 90
5
 70
1
 10
426830.7361675416
 20
1579271.972801357
 10
426820.6807213567
 20
1579321.9585700731
 10
426885.3638324584
 20
1579335.027198643
 10
426895.41927864327
 20
1579285.0414299269
 10
426830.7361675416
 20
1579271.972801357
  0
TEXT
  5
D2
330
17
100
AcDbEntity
  8
C-GRAD-ANNO
100
AcDbText
 10
426858.0
 20
1579301.5
 30
0.0
 40
2.2
  1
A04 FG 74.2  CUT 4 CY  FILL 1 CY  TREES OUT 3
 72
1
 11
426858.0
 21
1579301.5
 31
0.0
100
AcDbText
 73
2
  0
LWPOLYLINE
  5
D3
330
17
100
AcDbEntity
  8
C-GRAD-PAD
100
AcDbPolyline
 90
5
 70
1
 38
73.3
 10
426737.4
 20
1579021.5
 10
426754.7
 20
1578974.6
 10
426787.5
 20
1578986.7
 10
426770.2
 20
1579033.6
 10
426737.4
 20
1579021.5
  0
LWPOLYLINE
  5
D4
330
17
100
AcDbEntity
  8
C-GRAD-LIMIT
100
AcDbPolyline
 90
5
 70
1
 10
426727.12581862236
 20
1579026.2368275314
 10
426774.93696305336
 20
1579043.8744753248
 10
426797.77418137767
 20
1578981.9631724684
 10
426749.96303694666
 20
1578964.3255246754
 10
426727.12581862236
 20
1579026.2368275314
  0
TEXT
  5
D5
330
17
100
AcDbEntity
  8
C-GRAD-ANNO
100
AcDbText
 10
426762.5
 20
1579002.1
 30
0.0
 40
2.2
  1
B01 FG 73.3  CUT 26 CY  FILL 58 CY  TREES OUT 0
 72
1
 11
426762.5
 21
1579002.1
 31
0.0
100
AcDbText
 73
2
  0
CIRCLE
  5
D6
330
17
100
AcDbEntity
  8
L-PLNT-KEEP
100
AcDbCircle
 10
425758.5
 20
1578350.5
 30
0.0
 40
11.29375
  0
CIRCLE
  5
D7
330
17
100
AcDbEntity
  8
L-PLNT-KEEP
100
AcDbCircle
 10
425795.5
 20
1578350.5
 30
0.0
 40
9.91875
  0
CIRCLE
  5
D8
330
17
100
AcDbEntity
  8
L-PLNT-KEEP
100
AcDbCircle
 10
425807.5
 20
1578350.5
 30
0.0
 40
11.08275
  0
CIRCLE
  5
D9
330
17
100
AcDbEntity
  8
L-PLNT-KEEP
100
AcDbCircle
 10
425876.5
 20
1578350.5
 30
0.0
 40
8.79775
  0
CIRCLE
  5
DA
330
17
100
AcDbEntity
  8
L-PLNT-KEEP
100
AcDbCircle
 10
425905.5
 20
1578350.5
 30
0.0
 40
10.6385
  0
CIRCLE
  5
DB
330
17
100
AcDbEntity
  8
L-PLNT-KEEP
100
AcDbCircle
 10
425990.5
 20
1578350.5
 30
0.0
 40
4.0
  0
CIRCLE
  5
DC
330
17
100
AcDbEntity
  8
L-PLNT-KEEP
100
AcDbCircle
 10
426651.5
 20
1578350.5
 30
0.0
 40
4.0
  0
CIRCLE
  5
DD
330
17
100
AcDbEntity
  8
L-PLNT-KEEP
100
AcDbCircle
 10
426688.5
 20
1578350.5
 30
0.0
 40
4.0
  0
CIRCLE
  5
DE
330
17
100
AcDbEntity
  8
L-PLNT-KEEP
100
AcDbCircle
 10
426953.5
 20
1578350.5
 30
0.0
 40
4.2372499999999995
  0
CIRCLE
  5
DF
330
17
100
AcDbEntity
  8
L-PLNT-KEEP
100
AcDbCircle
 10
425777.5
 20
1578353.5
 30
0.0
 40
12.4665
  0
CIRCLE
  5
E0
330
17
100
AcDbEntity
  8
L-PLNT-KEEP
100
AcDbCircle
 10
426731.5
 20
1578358.5
 30
0.0
 40
6.94025
  0
CIRCLE
  5
E1
330
17
100
AcDbEntity
  8
L-PLNT-KEEP
100
AcDbCircle
 10
425978.5
 20
1578362.5
 30
0.0
 40
6.23325
  0
CIRCLE
  5
E2
330
17
100
AcDbEntity
  8
L-PLNT-KEEP
100
AcDbCircle
 10
426040.5
 20
1578364.5
 30
0.0
 40
14.62175
  0
CIRCLE
  5
E3
330
17
100
AcDbEntity
  8
L-PLNT-KEEP
100
AcDbCircle
 10
425820.5
 20
1578365.5
 30
0.0
 40
13.95375
  0
CIRCLE
  5
E4
330
17
100
AcDbEntity
  8
L-PLNT-KEEP
100
AcDbCircle
 10
425750.5
 20
1578367.5
 30
0.0
 40
14.807249999999998
  0
CIRCLE
  5
E5
330
17
100
AcDbEntity
  8
L-PLNT-KEEP
100
AcDbCircle
 10
425804.5
 20
1578371.5
 30
0.0
 40
5.7635
  0
CIRCLE
  5
E6
330
17
100
AcDbEntity
  8
L-PLNT-KEEP
100
AcDbCircle
 10
426013.5
 20
1578374.5
 30
0.0
 40
5.0175
  0
CIRCLE
  5
E7
330
17
100
AcDbEntity
  8
L-PLNT-KEEP
100
AcDbCircle
 10
425942.5
 20
1578375.5
 30
0.0
 40
7.83675
  0
CIRCLE
  5
E8
330
17
100
AcDbEntity
  8
L-PLNT-KEEP
100
AcDbCircle
 10
425895.5
 20
1578378.5
 30
0.0
 40
6.35825
  0
CIRCLE
  5
E9
330
17
100
AcDbEntity
  8
L-PLNT-KEEP
100
AcDbCircle
 10
425827.5
 20
1578382.5
 30
0.0
 40
5.401249999999999
  0
CIRCLE
  5
EA
330
17
100
AcDbEntity
  8
L-PLNT-KEEP
100
AcDbCircle
 10
425965.5
 20
1578383.5
 30
0.0
 40
17.324749999999998
  0
CIRCLE
  5
EB
330
17
100
AcDbEntity
  8
L-PLNT-KEEP
100
AcDbCircle
 10
426951.5
 20
1578389.5
 30
0.0
 40
14.298499999999999
  0
CIRCLE
  5
EC
330
17
100
AcDbEntity
  8
L-PLNT-KEEP
100
AcDbCircle
 10
425988.5
 20
1578390.5
 30
0.0
 40
13.70775
  0
CIRCLE
  5
ED
330
17
100
AcDbEntity
  8
L-PLNT-KEEP
100
AcDbCircle
 10
426711.5
 20
1578391.5
 30
0.0
 40
21.023
  0
CIRCLE
  5
EE
330
17
100
AcDbEntity
  8
L-PLNT-KEEP
100
AcDbCircle
 10
425774.5
 20
1578396.5
 30
0.0
 40
19.790499999999998
  0
CIRCLE
  5
EF
330
17
100
AcDbEntity
  8
L-PLNT-KEEP
100
AcDbCircle
 10
426603.5
 20
1578398.5
 30
0.0
 40
19.148
  0
CIRCLE
  5
F0
330
17
100
AcDbEntity
  8
L-PLNT-KEEP
100
AcDbCircle
 10
425815.5
 20
1578404.5
 30
0.0
 40
14.026999999999997
  0
CIRCLE
  5
F1
330
17
100
AcDbEntity
  8
L-PLNT-KEEP
100
AcDbCircle
 10
425928.5
 20
1578404.5
 30
0.0
 40
14.591500000000002
  0
CIRCLE
  5
F2
330
17
100
AcDbEntity
  8
L-PLNT-KEEP
100
AcDbCircle
 10
426561.5
 20
1578404.5
 30
0.0
 40
22.96725
  0
CIRCLE
  5
F3
330
17
100
AcDbEntity
  8
L-PLNT-KEEP
100
AcDbCircle
 10
425775.5
 20
1578405.5
 30
0.0
 40
17.7125
  0
CIRCLE
  5
F4
330
17
100
AcDbEntity
  8
L-PLNT-KEEP
100
AcDbCircle
 10
425996.5
 20
1578406.5
 30
0.0
 40
13.389249999999999
  0
CIRCLE
  5
F5
330
17
100
AcDbEntity
  8
L-PLNT-KEEP
100
AcDbCircle
 10
425926.5
 20
1578415.5
 30
0.0
 40
14.1735
  0
CIRCLE
  5
F6
330
17
100
AcDbEntity
  8
L-PLNT-KEEP
100
AcDbCircle
 10
426463.5
 20
1578416.5
 30
0.0
 40
13.768249999999998
  0
CIRCLE
  5
F7
330
17
100
AcDbEntity
  8
L-PLNT-KEEP
100
AcDbCircle
 10
426554.5
 20
1578421.5
 30
0.0
 40
21.26025
  0
CIRCLE
  5
F8
330
17
100
AcDbEntity
  8
L-PLNT-KEEP
100
AcDbCircle
 10
426924.5
 20
1578424.5
 30
0.0
 40
15.70375
  0
CIRCLE
  5
F9
330
17
100
AcDbEntity
  8
L-PLNT-KEEP
100
AcDbCircle
 10
425750.5
 20
1578428.5
 30
0.0
 40
4.0
  0
CIRCLE
  5
FA
330
17
100
AcDbEntity
  8
L-PLNT-KEEP
100
AcDbCircle
 10
425802.5
 20
1578429.5
 30
0.0
 40
29.756999999999998
  0
CIRCLE
  5
FB
330
17
100
AcDbEntity
  8
L-PLNT-KEEP
100
AcDbCircle
 10
425839.5
 20
1578435.5
 30
0.0
 40
22.872500000000002
  0
CIRCLE
  5
FC
330
17
100
AcDbEntity
  8
L-PLNT-KEEP
100
AcDbCircle
 10
426511.5
 20
1578436.5
 30
0.0
 40
18.156750000000002
  0
CIRCLE
  5
FD
330
17
100
AcDbEntity
  8
L-PLNT-KEEP
100
AcDbCircle
 10
425903.5
 20
1578442.5
 30
0.0
 40
10.0955
  0
CIRCLE
  5
FE
330
17
100
AcDbEntity
  8
L-PLNT-KEEP
100
AcDbCircle
 10
425805.5
 20
1578448.5
 30
0.0
 40
27.515
  0
CIRCLE
  5
FF
330
17
100
AcDbEntity
  8
L-PLNT-KEEP
100
AcDbCircle
 10
425750.5
 20
1578450.5
 30
0.0
 40
4.0
  0
CIRCLE
  5
100
330
17
100
AcDbEntity
  8
L-PLNT-KEEP
100
AcDbCircle
 10
426491.5
 20
1578455.5
 30
0.0
 40
18.290499999999998
  0
CIRCLE
  5
101
330
17
100
AcDbEntity
  8
L-PLNT-KEEP
100
AcDbCircle
 10
426721.5
 20
1578461.5
 30
0.0
 40
18.264249999999997
  0
CIRCLE
  5
102
330
17
100
AcDbEntity
  8
L-PLNT-KEEP
100
AcDbCircle
 10
426509.5
 20
1578462.5
 30
0.0
 40
24.394
  0
CIRCLE
  5
103
330
17
100
AcDbEntity
  8
L-PLNT-KEEP
100
AcDbCircle
 10
426827.5
 20
1578463.5
 30
0.0
 40
20.84625
  0
CIRCLE
  5
104
330
17
100
AcDbEntity
  8
L-PLNT-KEEP
100
AcDbCircle
 10
426841.5
 20
1578463.5
 30
0.0
 40
18.22525
  0
CIRCLE
  5
105
330
17
100
AcDbEntity
  8
L-PLNT-KEEP
100
AcDbCircle
 10
427008.5
 20
1578463.5
 30
0.0
 40
20.773
  0
CIRCLE
  5
106
330
17
100
AcDbEntity
  8
L-PLNT-KEEP
100
AcDbCircle
 10
426378.5
 20
1578464.5
 30
0.0
 40
5.0995
  0
CIRCLE
  5
107
330
17
100
AcDbEntity
  8
L-PLNT-KEEP
100
AcDbCircle
 10
426788.5
 20
1578464.5
 30
0.0
 40
20.74275
  0
CIRCLE
  5
108
330
17
100
AcDbEntity
  8
L-PLNT-KEEP
100
AcDbCircle
 10
426892.5
 20
1578464.5
 30
0.0
 40
19.358999999999998
  0
CIRCLE
  5
109
330
17
100
AcDbEntity
  8
L-PLNT-KEEP
100
AcDbCircle
 10
426983.5
 20
1578464.5
 30
0.0
 40
19.492749999999997
  0
CIRCLE
  5
10A
330
17
100
AcDbEntity
  8
L-PLNT-KEEP
100
AcDbCircle
 10
425750.5
 20
1578465.5
 30
0.0
 40
4.0
  0
CIRCLE
  5
10B
330
17
100
AcDbEntity
  8
L-PLNT-KEEP
100
AcDbCircle
 10
426180.5
 20
1578465.5
 30
0.0
 40
12.018249999999998
  0
CIRCLE
  5
10C
330
17
100
AcDbEntity
  8
L-PLNT-KEEP
100
AcDbCircle
 10
426863.5
 20
1578465.5
 30
0.0
 40
12.83275
  0
CIRCLE
  5
10D
330
17
100
AcDbEntity
  8
L-PLNT-KEEP
100
AcDbCircle
 10
426924.5
 20
1578465.5
 30
0.0
 40
18.858999999999998
  0
CIRCLE
  5
10E
330
17
100
AcDbEntity
  8
L-PLNT-KEEP
100
AcDbCircle
 10
426949.5
 20
1578465.5
 30
0.0
 40
18.62175
  0
CIRCLE
  5
10F
330
17
100
AcDbEntity
  8
L-PLNT-KEEP
100
AcDbCircle
 10
426763.5
 20
1578466.5
 30
0.0
 40
19.41075
  0
CIRCLE
  5
110
330
17
100
AcDbEntity
  8
L-PLNT-KEEP
100
AcDbCircle
 10
427030.5
 20
1578469.5
 30
0.0
 40
18.3375
  0
CIRCLE
  5
111
330
17
100
AcDbEntity
  8
L-PLNT-KEEP
100
AcDbCircle
 10
426998.5
 20
1578471.5
 30
0.0
 40
20.889249999999997
  0
CIRCLE
  5
112
330
17
100
AcDbEntity
  8
L-PLNT-KEEP
100
AcDbCircle
 10
426807.5
 20
1578473.5
 30
0.0
 40
21.80325
  0
CIRCLE
  5
113
330
17
100
AcDbEntity
  8
L-PLNT-KEEP
100
AcDbCircle
 10
426897.5
 20
1578477.5
 30
0.0
 40
16.86775
  0
CIRCLE
  5
114
330
17
100
AcDbEntity
  8
L-PLNT-KEEP
100
AcDbCircle
 10
425750.5
 20
1578478.5
 30
0.0
 40
4.0
  0
CIRCLE
  5
115
330
17
100
AcDbEntity
  8
L-PLNT-KEEP
100
AcDbCircle
 10
426792.5
 20
1578479.5
 30
0.0
 40
19.99275
  0
CIRCLE
  5
116
330
17
100
AcDbEntity
  8
L-PLNT-KEEP
100
AcDbCircle
 10
426845.5
 20
1578479.5
 30
0.0
 40
12.35425
  0
CIRCLE
  5
117
330
17
100
AcDbEntity
  8
L-PLNT-KEEP
100
AcDbCircle
 10
427049.5
 20
1578479.5
 30
0.0
 40
9.87575
  0
CIRCLE
  5
118
330
17
100
AcDbEntity
  8
L-PLNT-KEEP
100
AcDbCircle
 10
426543.5
 20
1578480.5
 30
0.0
 40
6.25475
  0
CIRCLE
  5
119
330
17
100
AcDbEntity
  8
L-PLNT-KEEP
100
AcDbCircle
 10
426778.5
 20
1578480.5
 30
0.0
 40
17.4195
  0
CIRCLE
  5
11A
330
17
100
AcDbEntity
  8
L-PLNT-KEEP
100
AcDbCircle
 10
426426.5
 20
1578481.5
 30
0.0
 40
17.32
  0
CIRCLE
  5
11B
330
17
100
AcDbEntity
  8
L-PLNT-KEEP
100
AcDbCircle
 10
426502.5
 20
1578481.5
 30
0.0
 40
20.32875
  0
CIRCLE
  5
11C
330
17
100
AcDbEntity
  8
L-PLNT-KEEP
100
AcDbCircle
 10
426949.5
 20
1578481.5
 30
0.0
 40
15.023
  0
CIRCLE
  5
11D
330
17
100
AcDbEntity
  8
L-PLNT-KEEP
100
AcDbCircle
 10
426248.5
 20
1578482.5
 30
0.0
 40
10.7635
  0
CIRCLE
  5
11E
330
17
100
AcDbEntity
  8
L-PLNT-KEEP
100
AcDbCircle
 10
426443.5
 20
1578482.5
 30
0.0
 40
9.9315
  0
CIRCLE
  5
11F
330
17
100
AcDbEntity
  8
L-PLNT-KEEP
100
AcDbCircle
 10
426463.5
 20
1578482.5
 30
0.0
 40
13.742
  0
CIRCLE
  5
120
330
17
100
AcDbEntity
  8
L-PLNT-KEEP
100
AcDbCircle
 10
426482.5
 20
1578482.5
 30
0.0
 40
12.96175
  0
CIRCLE
  5
121
330
17
100
AcDbEntity
  8
L-PLNT-KEEP
100
AcDbCircle
 10
425986.5
 20
1578483.5
 30
0.0
 40
13.79375
  0
CIRCLE
  5
122
330
17
100
AcDbEntity
  8
L-PLNT-KEEP
100
AcDbCircle
 10
426312.5
 20
1578483.5
 30
0.0
 40
9.79375
  0
CIRCLE
  5
123
330
17
100
AcDbEntity
  8
L-PLNT-KEEP
100
AcDbCircle
 10
426322.5
 20
1578483.5
 30
0.0
 40
9.035
  0
CIRCLE
  5
124
330
17
100
AcDbEntity
  8
L-PLNT-KEEP
100
AcDbCircle
 10
426382.5
 20
1578483.5
 30
0.0
 40
9.552499999999998
  0
CIRCLE
  5
125
330
17
100
AcDbEntity
  8
L-PLNT-KEEP
100
AcDbCircle
 10
426402.5
 20
1578483.5
 30
0.0
 40
10.37575
  0
CIRCLE
  5
126
330
17
100
AcDbEntity
  8
L-PLNT-KEEP
100
AcDbCircle
 10
426522.5
 20
1578483.5
 30
0.0
 40
19.57875
  0
CIRCLE
  5
127
330
17
100
AcDbEntity
  8
L-PLNT-KEEP
100
AcDbCircle
 10
426019.5
 20
1578484.5
 30
0.0
 40
13.89725
  0
CIRCLE
  5
128
330
17
100
AcDbEntity
  8
L-PLNT-KEEP
100
AcDbCircle
 10
426210.5
 20
1578484.5
 30
0.0
 40
8.02625
  0
CIRCLE
  5
129
330
17
100
AcDbEntity
  8
L-PLNT-KEEP
100
AcDbCircle
 10
426290.5
 20
1578484.5
 30
0.0
 40
9.98325
  0
CIRCLE
  5
12A
330
17
100
AcDbEntity
  8
L-PLNT-KEEP
100
AcDbCircle
 10
426360.5
 20
1578484.5
 30
0.0
 40
13.0955
  0
CIRCLE
  5
12B
330
17
100
AcDbEntity
  8
L-PLNT-KEEP
100
AcDbCircle
 10
425944.5
 20
1578485.5
 30
0.0
 40
11.449
  0
CIRCLE
  5
12C
330
17
100
AcDbEntity
  8
L-PLNT-KEEP
100
AcDbCircle
 10
426069.5
 20
1578485.5
 30
0.0
 40
15.35425
  0
CIRCLE
  5
12D
330
17
100
AcDbEntity
  8
L-PLNT-KEEP
100
AcDbCircle
 10
426111.5
 20
1578485.5
 30
0.0
 40
14.2595
  0
CIRCLE
  5
12E
330
17
100
AcDbEntity
  8
L-PLNT-KEEP
100
AcDbCircle
 10
426160.5
 20
1578485.5
 30
0.0
 40
11.27225
  0
CIRCLE
  5
12F
330
17
100
AcDbEntity
  8
L-PLNT-KEEP
100
AcDbCircle
 10
426230.5
 20
1578485.5
 30
0.0
 40
10.117
  0
CIRCLE
  5
130
330
17
100
AcDbEntity
  8
L-PLNT-KEEP
100
AcDbCircle
 10
426048.5
 20
1578486.5
 30
0.0
 40
15.97925
  0
CIRCLE
  5
131
330
17
100
AcDbEntity
  8
L-PLNT-KEEP
100
AcDbCircle
 10
426089.5
 20
1578486.5
 30
0.0
 40
13.54375
  0
CIRCLE
  5
132
330
17
100
AcDbEntity
  8
L-PLNT-KEEP
100
AcDbCircle
 10
426191.5
 20
1578486.5
 30
0.0
 40
10.50075
  0
CIRCLE
  5
133
330
17
100
AcDbEntity
  8
L-PLNT-KEEP
100
AcDbCircle
 10
425971.5
 20
1578487.5
 30
0.0
 40
11.89725
  0
CIRCLE
  5
134
330
17
100
AcDbEntity
  8
L-PLNT-KEEP
100
AcDbCircle
 10
426142.5
 20
1578487.5
 30
0.0
 40
12.690249999999999
  0
CIRCLE
  5
135
330
17
100
AcDbEntity
  8
L-PLNT-KEEP
100
AcDbCircle
 10
425868.5
 20
1578488.5
 30
0.0
 40
16.755499999999998
  0
CIRCLE
  5
136
330
17
100
AcDbEntity
  8
L-PLNT-KEEP
100
AcDbCircle
 10
425887.5
 20
1578488.5
 30
0.0
 40
15.64325
  0
CIRCLE
  5
137
330
17
100
AcDbEntity
  8
L-PLNT-KEEP
100
AcDbCircle
 10
425898.5
 20
1578489.5
 30
0.0
 40
16.02225
  0
CIRCLE
  5
138
330
17
100
AcDbEntity
  8
L-PLNT-KEEP
100
AcDbCircle
 10
425919.5
 20
1578489.5
 30
0.0
 40
14.5955
  0
CIRCLE
  5
139
330
17
100
AcDbEntity
  8
L-PLNT-KEEP
100
AcDbCircle
 10
425828.5
 20
1578491.5
 30
0.0
 40
11.574
  0
CIRCLE
  5
13A
330
17
100
AcDbEntity
  8
L-PLNT-KEEP
100
AcDbCircle
 10
426672.5
 20
1578491.5
 30
0.0
 40
27.545249999999996
  0
CIRCLE
  5
13B
330
17
100
AcDbEntity
  8
L-PLNT-KEEP
100
AcDbCircle
 10
426772.5
 20
1578495.5
 30
0.0
 40
5.702999999999999
  0
CIRCLE
  5
13C
330
17
100
AcDbEntity
  8
L-PLNT-KEEP
100
AcDbCircle
 10
425801.5
 20
1578501.5
 30
0.0
 40
5.2245
  0
CIRCLE
  5
13D
330
17
100
AcDbEntity
  8
L-PLNT-KEEP
100
AcDbCircle
 10
426483.5
 20
1578502.5
 30
0.0
 40
10.078
  0
CIRCLE
  5
13E
330
17
100
AcDbEntity
  8
L-PLNT-KEEP
100
AcDbCircle
 10
426898.5
 20
1578502.5
 30
0.0
 40
4.0
  0
CIRCLE
  5
13F
330
17
100
AcDbEntity
  8
L-PLNT-KEEP
100
AcDbCircle
 10
426578.5
 20
1578504.5
 30
0.0
 40
24.81675
  0
CIRCLE
  5
140
330
17
100
AcDbEntity
  8
L-PLNT-KEEP
100
AcDbCircle
 10
426602.5
 20
1578504.5
 30
0.0
 40
27.635999999999996
  0
CIRCLE
  5
141
330
17
100
AcDbEntity
  8
L-PLNT-KEEP
100
AcDbCircle
 10
426749.5
 20
1578504.5
 30
0.0
 40
13.01825
  0
CIRCLE
  5
142
330
17
100
AcDbEntity
  8
L-PLNT-KEEP
100
AcDbCircle
 10
426700.5
 20
1578506.5
 30
0.0
 40
24.00625
  0
CIRCLE
  5
143
330
17
100
AcDbEntity
  8
L-PLNT-KEEP
100
AcDbCircle
 10
426675.5
 20
1578508.5
 30
0.0
 40
29.937749999999998
  0
CIRCLE
  5
144
330
17
100
AcDbEntity
  8
L-PLNT-KEEP
100
AcDbCircle
 10
425959.5
 20
1578509.5
 30
0.0
 40
15.165499999999998
  0
CIRCLE
  5
145
330
17
100
AcDbEntity
  8
L-PLNT-KEEP
100
AcDbCircle
 10
426618.5
 20
1578510.5
 30
0.0
 40
30.0
  0
CIRCLE
  5
146
330
17
100
AcDbEntity
  8
L-PLNT-KEEP
100
AcDbCircle
 10
426638.5
 20
1578512.5
 30
0.0
 40
29.7395
  0
CIRCLE
  5
147
330
17
100
AcDbEntity
  8
L-PLNT-KEEP
100
AcDbCircle
 10
425805.5
 20
1578513.5
 30
0.0
 40
4.871
  0
CIRCLE
  5
148
330
17
100
AcDbEntity
  8
L-PLNT-KEEP
100
AcDbCircle
 10
426641.5
 20
1578525.5
 30
0.0
 40
23.174249999999997
  0
CIRCLE
  5
149
330
17
100
AcDbEntity
  8
L-PLNT-KEEP
100
AcDbCircle
 10
426616.5
 20
1578528.5
 30
0.0
 40
26.402749999999997
  0
CIRCLE
  5
14A
330
17
100
AcDbEntity
  8
L-PLNT-KEEP
100
AcDbCircle
 10
426600.5
 20
1578530.5
 30
0.0
 40
27.889999999999997
  0
CIRCLE
  5
14B
330
17
100
AcDbEntity
  8
L-PLNT-KEEP
100
AcDbCircle
 10
426740.5
 20
1578531.5
 30
0.0
 40
14.492
  0
CIRCLE
  5
14C
330
17
100
AcDbEntity
  8
L-PLNT-KEEP
100
AcDbCircle
 10
426565.5
 20
1578533.5
 30
0.0
 40
25.476
  0
CIRCLE
  5
14D
330
17
100
AcDbEntity
  8
L-PLNT-KEEP
100
AcDbCircle
 10
426580.5
 20
1578539.5
 30
0.0
 40
28.398749999999996
  0
CIRCLE
  5
14E
330
17
100
AcDbEntity
  8
L-PLNT-KEEP
100
AcDbCircle
 10
426910.5
 20
1578539.5
 30
0.0
 40
5.827999999999999
  0
CIRCLE
  5
14F
330
17
100
AcDbEntity
  8
L-PLNT-KEEP
100
AcDbCircle
 10
426181.5
 20
1578543.5
 30
0.0
 40
6.12975
  0
CIRCLE
  5
150
330
17
100
AcDbEntity
  8
L-PLNT-KEEP
100
AcDbCircle
 10
426675.5
 20
1578545.5
 30
0.0
 40
15.298499999999999
  0
CIRCLE
  5
151
330
17
100
AcDbEntity
  8
L-PLNT-KEEP
100
AcDbCircle
 10
426315.5
 20
1578546.5
 30
0.0
 40
14.652000000000001
  0
CIRCLE
  5
152
330
17
100
AcDbEntity
  8
L-PLNT-KEEP
100
AcDbCircle
 10
426395.5
 20
1578548.5
 30
0.0
 40
8.31525
  0
CIRCLE
  5
153
330
17
100
AcDbEntity
  8
L-PLNT-KEEP
100
AcDbCircle
 10
426584.5
 20
1578548.5
 30
0.0
 40
18.733999999999998
  0
CIRCLE
  5
154
330
17
100
AcDbEntity
  8
L-PLNT-KEEP
100
AcDbCircle
 10
426336.5
 20
1578551.5
 30
0.0
 40
13.720500000000001
  0
CIRCLE
  5
155
330
17
100
AcDbEntity
  8
L-PLNT-KEEP
100
AcDbCircle
 10
426378.5
 20
1578555.5
 30
0.0
 40
16.109
  0
CIRCLE
  5
156
330
17
100
AcDbEntity
  8
L-PLNT-KEEP
100
AcDbCircle
 10
426628.5
 20
1578556.5
 30
0.0
 40
12.78975
  0
CIRCLE
  5
157
330
17
100
AcDbEntity
  8
L-PLNT-KEEP
100
AcDbCircle
 10
427036.5
 20
1578556.5
 30
0.0
 40
5.00475
  0
CIRCLE
  5
158
330
17
100
AcDbEntity
  8
L-PLNT-KEEP
100
AcDbCircle
 10
426639.5
 20
1578557.5
 30
0.0
 40
12.58275
  0
CIRCLE
  5
159
330
17
100
AcDbEntity
  8
L-PLNT-KEEP
100
AcDbCircle
 10
426964.5
 20
1578557.5
 30
0.0
 40
4.0
  0
CIRCLE
  5
15A
330
17
100
AcDbEntity
  8
L-PLNT-KEEP
100
AcDbCircle
 10
426932.5
 20
1578558.5
 30
0.0
 40
11.60425
  0
CIRCLE
  5
15B
330
17
100
AcDbEntity
  8
L-PLNT-KEEP
100
AcDbCircle
 10
426896.5
 20
1578559.5
 30
0.0
 40
11.1775
  0
CIRCLE
  5
15C
330
17
100
AcDbEntity
  8
L-PLNT-KEEP
100
AcDbCircle
 10
426864.5
 20
1578560.5
 30
0.0
 40
10.4275
  0
CIRCLE
  5
15D
330
17
100
AcDbEntity
  8
L-PLNT-KEEP
100
AcDbCircle
 10
426984.5
 20
1578560.5
 30
0.0
 40
11.030999999999999
  0
CIRCLE
  5
15E
330
17
100
AcDbEntity
  8
L-PLNT-KEEP
100
AcDbCircle
 10
425943.5
 20
1578562.5
 30
0.0
 40
5.2245
  0
CIRCLE
  5
15F
330
17
100
AcDbEntity
  8
L-PLNT-KEEP
100
AcDbCircle
 10
426804.5
 20
1578562.5
 30
0.0
 40
12.33275
  0
CIRCLE
  5
160
330
17
100
AcDbEntity
  8
L-PLNT-KEEP
100
AcDbCircle
 10
427014.5
 20
1578562.5
 30
0.0
 40
11.781
  0
CIRCLE
  5
161
330
17
100
AcDbEntity
  8
L-PLNT-KEEP
100
AcDbCircle
 10
426735.5
 20
1578565.5
 30
0.0
 40
14.143249999999998
  0
CIRCLE
  5
162
330
17
100
AcDbEntity
  8
L-PLNT-KEEP
100
AcDbCircle
 10
426309.5
 20
1578568.5
 30
0.0
 40
12.716499999999998
  0
CIRCLE
  5
163
330
17
100
AcDbEntity
  8
L-PLNT-KEEP
100
AcDbCircle
 10
426400.5
 20
1578568.5
 30
0.0
 40
8.867
  0
CIRCLE
  5
164
330
17
100
AcDbEntity
  8
L-PLNT-KEEP
100
AcDbCircle
 10
426360.5
 20
1578570.5
 30
0.0
 40
14.358999999999998
  0
CIRCLE
  5
165
330
17
100
AcDbEntity
  8
L-PLNT-KEEP
100
AcDbCircle
 10
427049.5
 20
1578576.5
 30
0.0
 40
4.0
  0
CIRCLE
  5
166
330
17
100
AcDbEntity
  8
L-PLNT-KEEP
100
AcDbCircle
 10
426519.5
 20
1578591.5
 30
0.0
 40
26.846999999999998
  0
CIRCLE
  5
167
330
17
100
AcDbEntity
  8
L-PLNT-KEEP
100
AcDbCircle
 10
426501.5
 20
1578593.5
 30
0.0
 40
28.5325
  0
CIRCLE
  5
168
330
17
100
AcDbEntity
  8
L-PLNT-KEEP
100
AcDbCircle
 10
426655.5
 20
1578593.5
 30
0.0
 40
10.4275
  0
CIRCLE
  5
169
330
17
100
AcDbEntity
  8
L-PLNT-KEEP
100
AcDbCircle
 10
426349.5
 20
1578596.5
 30
0.0
 40
9.405999999999999
  0
CIRCLE
  5
16A
330
17
100
AcDbEntity
  8
L-PLNT-KEEP
100
AcDbCircle
 10
426790.5
 20
1578600.5
 30
0.0
 40
24.08825
  0
CIRCLE
  5
16B
330
17
100
AcDbEntity
  8
L-PLNT-KEEP
100
AcDbCircle
 10
426322.5
 20
1578602.5
 30
0.0
 40
16.345499999999998
  0
CIRCLE
  5
16C
330
17
100
AcDbEntity
  8
L-PLNT-KEEP
100
AcDbCircle
 10
426688.5
 20
1578603.5
 30
0.0
 40
14.01825
  0
CIRCLE
  5
16D
330
17
100
AcDbEntity
  8
L-PLNT-KEEP
100
AcDbCircle
 10
426480.5
 20
1578605.5
 30
0.0
 40
21.613749999999996
  0
CIRCLE
  5
16E
330
17
100
AcDbEntity
  8
L-PLNT-KEEP
100
AcDbCircle
 10
426378.5
 20
1578606.5
 30
0.0
 40
9.00475
  0
CIRCLE
  5
16F
330
17
100
AcDbEntity
  8
L-PLNT-KEEP
100
AcDbCircle
 10
426840.5
 20
1578608.5
 30
0.0
 40
15.117749999999997
  0
CIRCLE
  5
170
330
17
100
AcDbEntity
  8
L-PLNT-KEEP
100
AcDbCircle
 10
426534.5
 20
1578610.5
 30
0.0
 40
25.86375
  0
CIRCLE
  5
171
330
17
100
AcDbEntity
  8
L-PLNT-KEEP
100
AcDbCircle
 10
426568.5
 20
1578613.5
 30
0.0
 40
16.139249999999997
  0
CIRCLE
  5
172
330
17
100
AcDbEntity
  8
L-PLNT-KEEP
100
AcDbCircle
 10
426605.5
 20
1578613.5
 30
0.0
 40
12.8415
  0
CIRCLE
  5
173
330
17
100
AcDbEntity
  8
L-PLNT-KEEP
100
AcDbCircle
 10
426796.5
 20
1578613.5
 30
0.0
 40
22.354999999999997
  0
CIRCLE
  5
174
330
17
100
AcDbEntity
  8
L-PLNT-KEEP
100
AcDbCircle
 10
426823.5
 20
1578614.5
 30
0.0
 40
23.686999999999998
  0
CIRCLE
  5
175
330
17
100
AcDbEntity
  8
L-PLNT-KEEP
100
AcDbCircle
 10
426589.5
 20
1578616.5
 30
0.0
 40
11.91475
  0
CIRCLE
  5
176
330
17
100
AcDbEntity
  8
L-PLNT-KEEP
100
AcDbCircle
 10
427049.5
 20
1578616.5
 30
0.0
 40
4.1122499999999995
  0
CIRCLE
  5
177
330
17
100
AcDbEntity
  8
L-PLNT-KEEP
100
AcDbCircle
 10
426357.5
 20
1578620.5
 30
0.0
 40
9.0565
  0
CIRCLE
  5
178
330
17
100
AcDbEntity
  8
L-PLNT-KEEP
100
AcDbCircle
 10
426018.5
 20
1578622.5
 30
0.0
 40
6.5565
  0
CIRCLE
  5
179
330
17
100
AcDbEntity
  8
L-PLNT-KEEP
100
AcDbCircle
 10
426321.5
 20
1578623.5
 30
0.0
 40
11.823999999999998
  0
CIRCLE
  5
17A
330
17
100
AcDbEntity
  8
L-PLNT-KEEP
100
AcDbCircle
 10
426751.5
 20
1578623.5
 30
0.0
 40
20.824749999999998
  0
CIRCLE
  5
17B
330
17
100
AcDbEntity
  8
L-PLNT-KEEP
100
AcDbCircle
 10
426343.5
 20
1578624.5
 30
0.0
 40
11.418750000000001
  0
CIRCLE
  5
17C
330
17
100
AcDbEntity
  8
L-PLNT-KEEP
100
AcDbCircle
 10
426882.5
 20
1578624.5
 30
0.0
 40
13.5915
  0
CIRCLE
  5
17D
330
17
100
AcDbEntity
  8
L-PLNT-KEEP
100
AcDbCircle
 10
426947.5
 20
1578625.5
 30
0.0
 40
14.32
  0
CIRCLE
  5
17E
330
17
100
AcDbEntity
  8
L-PLNT-KEEP
100
AcDbCircle
 10
426400.5
 20
1578626.5
 30
0.0
 40
15.35425
  0
CIRCLE
  5
17F
330
17
100
AcDbEntity
  8
L-PLNT-KEEP
100
AcDbCircle
 10
426123.5
 20
1578628.5
 30
0.0
 40
9.16875
  0
CIRCLE
  5
180
330
17
100
AcDbEntity
  8
L-PLNT-KEEP
100
AcDbCircle
 10
426645.5
 20
1578629.5
 30
0.0
 40
13.24675
  0
CIRCLE
  5
181
330
17
100
AcDbEntity
  8
L-PLNT-KEEP
100
AcDbCircle
 10
426920.5
 20
1578630.5
 30
0.0
 40
16.58275
  0
CIRCLE
  5
182
330
17
100
AcDbEntity
  8
L-PLNT-KEEP
100
AcDbCircle
 10
426531.5
 20
1578631.5
 30
0.0
 40
22.23
  0
CIRCLE
  5
183
330
17
100
AcDbEntity
  8
L-PLNT-KEEP
100
AcDbCircle
 10
426574.5
 20
1578634.5
 30
0.0
 40
12.859
  0
CIRCLE
  5
184
330
17
100
AcDbEntity
  8
L-PLNT-KEEP
100
AcDbCircle
 10
426714.5
 20
1578634.5
 30
0.0
 40
20.5835
  0
CIRCLE
  5
185
330
17
100
AcDbEntity
  8
L-PLNT-KEEP
100
AcDbCircle
 10
426829.5
 20
1578634.5
 30
0.0
 40
25.557999999999996
  0
CIRCLE
  5
186
330
17
100
AcDbEntity
  8
L-PLNT-KEEP
100
AcDbCircle
 10
426947.5
 20
1578636.5
 30
0.0
 40
17.3375
  0
CIRCLE
  5
187
330
17
100
AcDbEntity
  8
L-PLNT-KEEP
100
AcDbCircle
 10
426379.5
 20
1578638.5
 30
0.0
 40
8.711749999999999
  0
CIRCLE
  5
188
330
17
100
AcDbEntity
  8
L-PLNT-KEEP
100
AcDbCircle
 10
426678.5
 20
1578641.5
 30
0.0
 40
9.345500000000001
  0
CIRCLE
  5
189
330
17
100
AcDbEntity
  8
L-PLNT-KEEP
100
AcDbCircle
 10
426803.5
 20
1578644.5
 30
0.0
 40
22.02775
  0
CIRCLE
  5
18A
330
17
100
AcDbEntity
  8
L-PLNT-KEEP
100
AcDbCircle
 10
426314.5
 20
1578648.5
 30
0.0
 40
8.71175
  0
CIRCLE
  5
18B
330
17
100
AcDbEntity
  8
L-PLNT-KEEP
100
AcDbCircle
 10
426530.5
 20
1578649.5
 30
0.0
 40
23.061999999999998
  0
CIRCLE
  5
18C
330
17
100
AcDbEntity
  8
L-PLNT-KEEP
100
AcDbCircle
 10
426502.5
 20
1578651.5
 30
0.0
 40
4.0
  0
CIRCLE
  5
18D
330
17
100
AcDbEntity
  8
L-PLNT-KEEP
100
AcDbCircle
 10
426339.5
 20
1578652.5
 30
0.0
 40
21.519
  0
CIRCLE
  5
18E
330
17
100
AcDbEntity
  8
L-PLNT-KEEP
100
AcDbCircle
 10
426823.5
 20
1578652.5
 30
0.0
 40
21.803250000000002
  0
CIRCLE
  5
18F
330
17
100
AcDbEntity
  8
L-PLNT-KEEP
100
AcDbCircle
 10
426437.5
 20
1578653.5
 30
0.0
 40
4.0
  0
CIRCLE
  5
190
330
17
100
AcDbEntity
  8
L-PLNT-KEEP
100
AcDbCircle
 10
426362.5
 20
1578654.5
 30
0.0
 40
20.402749999999997
  0
CIRCLE
  5
191
330
17
100
AcDbEntity
  8
L-PLNT-KEEP
100
AcDbCircle
 10
426032.5
 20
1578655.5
 30
0.0
 40
5.0995
  0
CIRCLE
  5
192
330
17
100
AcDbEntity
  8
L-PLNT-KEEP
100
AcDbCircle
 10
427031.5
 20
1578656.5
 30
0.0
 40
11.530999999999999
  0
CIRCLE
  5
193
330
17
100
AcDbEntity
  8
L-PLNT-KEEP
100
AcDbCircle
 10
426746.5
 20
1578657.5
 30
0.0
 40
25.92425
  0
CIRCLE
  5
194
330
17
100
AcDbEntity
  8
L-PLNT-KEEP
100
AcDbCircle
 10
426398.5
 20
1578659.5
 30
0.0
 40
17.8845
  0
CIRCLE
  5
195
330
17
100
AcDbEntity
  8
L-PLNT-KEEP
100
AcDbCircle
 10
425759.5
 20
1578660.5
 30
0.0
 40
11.780999999999999
  0
CIRCLE
  5
196
330
17
100
AcDbEntity
  8
L-PLNT-KEEP
100
AcDbCircle
 10
426735.5
 20
1578660.5
 30
0.0
 40
27.894749999999995
  0
CIRCLE
  5
197
330
17
100
AcDbEntity
  8
L-PLNT-KEEP
100
AcDbCircle
 10
426330.5
 20
1578662.5
 30
0.0
 40
19.36775
  0
CIRCLE
  5
198
330
17
100
AcDbEntity
  8
L-PLNT-KEEP
100
AcDbCircle
 10
426379.5
 20
1578662.5
 30
0.0
 40
18.0875
  0
CIRCLE
  5
199
330
17
100
AcDbEntity
  8
L-PLNT-KEEP
100
AcDbCircle
 10
426351.5
 20
1578668.5
 30
0.0
 40
23.9895
  0
CIRCLE
  5
19A
330
17
100
AcDbEntity
  8
L-PLNT-KEEP
100
AcDbCircle
 10
426899.5
 20
1578671.5
 30
0.0
 40
17.16075
  0
CIRCLE
  5
19B
330
17
100
AcDbEntity
  8
L-PLNT-KEEP
100
AcDbCircle
 10
426672.5
 20
1578672.5
 30
0.0
 40
11.72925
  0
CIRCLE
  5
19C
330
17
100
AcDbEntity
  8
L-PLNT-KEEP
100
AcDbCircle
 10
426984.5
 20
1578672.5
 30
0.0
 40
13.664750000000002
  0
CIRCLE
  5
19D
330
17
100
AcDbEntity
  8
L-PLNT-KEEP
100
AcDbCircle
 10
426547.5
 20
1578675.5
 30
0.0
 40
10.845500000000001
  0
CIRCLE
  5
19E
330
17
100
AcDbEntity
  8
L-PLNT-KEEP
100
AcDbCircle
 10
426131.5
 20
1578676.5
 30
0.0
 40
4.44425
  0
CIRCLE
  5
19F
330
17
100
AcDbEntity
  8
L-PLNT-KEEP
100
AcDbCircle
 10
427011.5
 20
1578676.5
 30
0.0
 40
6.37975
  0
CIRCLE
  5
1A0
330
17
100
AcDbEntity
  8
L-PLNT-KEEP
100
AcDbCircle
 10
425969.5
 20
1578679.5
 30
0.0
 40
8.742
  0
CIRCLE
  5
1A1
330
17
100
AcDbEntity
  8
L-PLNT-KEEP
100
AcDbCircle
 10
426572.5
 20
1578679.5
 30
0.0
 40
4.0
  0
CIRCLE
  5
1A2
330
17
100
AcDbEntity
  8
L-PLNT-KEEP
100
AcDbCircle
 10
426344.5
 20
1578682.5
 30
0.0
 40
24.726
  0
CIRCLE
  5
1A3
330
17
100
AcDbEntity
  8
L-PLNT-KEEP
100
AcDbCircle
 10
426753.5
 20
1578682.5
 30
0.0
 40
20.208499999999997
  0
CIRCLE
  5
1A4
330
17
100
AcDbEntity
  8
L-PLNT-KEEP
100
AcDbCircle
 10
426378.5
 20
1578684.5
 30
0.0
 40
15.944999999999999
  0
CIRCLE
  5
1A5
330
17
100
AcDbEntity
  8
L-PLNT-KEEP
100
AcDbCircle
 10
426520.5
 20
1578684.5
 30
0.0
 40
15.5875
  0
CIRCLE
  5
1A6
330
17
100
AcDbEntity
  8
L-PLNT-KEEP
100
AcDbCircle
 10
426597.5
 20
1578684.5
 30
0.0
 40
6.026249999999999
  0
CIRCLE
  5
1A7
330
17
100
AcDbEntity
  8
L-PLNT-KEEP
100
AcDbCircle
 10
426313.5
 20
1578685.5
 30
0.0
 40
17.932249999999996
  0
CIRCLE
  5
1A8
330
17
100
AcDbEntity
  8
L-PLNT-KEEP
100
AcDbCircle
 10
426400.5
 20
1578686.5
 30
0.0
 40
19.62175
  0
CIRCLE
  5
1A9
330
17
100
AcDbEntity
  8
L-PLNT-KEEP
100
AcDbCircle
 10
426628.5
 20
1578686.5
 30
0.0
 40
13.89325
  0
CIRCLE
  5
1AA
330
17
100
AcDbEntity
  8
L-PLNT-KEEP
100
AcDbCircle
 10
426049.5
 20
1578690.5
 30
0.0
 40
6.75475
  0
CIRCLE
  5
1AB
330
17
100
AcDbEntity
  8
L-PLNT-KEEP
100
AcDbCircle
 10
426752.5
 20
1578691.5
 30
0.0
 40
17.4665
  0
CIRCLE
  5
1AC
330
17
100
AcDbEntity
  8
L-PLNT-KEEP
100
AcDbCircle
 10
426789.5
 20
1578693.5
 30
0.0
 40
26.73475
  0
CIRCLE
  5
1AD
330
17
100
AcDbEntity
  8
L-PLNT-KEEP
100
AcDbCircle
 10
426810.5
 20
1578694.5
 30
0.0
 40
21.019
  0
CIRCLE
  5
1AE
330
17
100
AcDbEntity
  8
L-PLNT-KEEP
100
AcDbCircle
 10
426535.5
 20
1578697.5
 30
0.0
 40
18.096249999999998
  0
CIRCLE
  5
1AF
330
17
100
AcDbEntity
  8
L-PLNT-KEEP
100
AcDbCircle
 10
426707.5
 20
1578699.5
 30
0.0
 40
18.5445
  0
CIRCLE
  5
1B0
330
17
100
AcDbEntity
  8
L-PLNT-KEEP
100
AcDbCircle
 10
426343.5
 20
1578702.5
 30
0.0
 40
18.28975
  0
CIRCLE
  5
1B1
330
17
100
AcDbEntity
  8
L-PLNT-KEEP
100
AcDbCircle
 10
426401.5
 20
1578703.5
 30
0.0
 40
15.68225
  0
CIRCLE
  5
1B2
330
17
100
AcDbEntity
  8
L-PLNT-KEEP
100
AcDbCircle
 10
426789.5
 20
1578707.5
 30
0.0
 40
23.463249999999995
  0
CIRCLE
  5
1B3
330
17
100
AcDbEntity
  8
L-PLNT-KEEP
100
AcDbCircle
 10
427049.5
 20
1578709.5
 30
0.0
 40
5.7675
  0
CIRCLE
  5
1B4
330
17
100
AcDbEntity
  8
L-PLNT-KEEP
100
AcDbCircle
 10
426619.5
 20
1578714.5
 30
0.0
 40
12.707749999999999
  0
CIRCLE
  5
1B5
330
17
100
AcDbEntity
  8
L-PLNT-KEEP
100
AcDbCircle
 10
426382.5
 20
1578717.5
 30
0.0
 40
14.148
  0
CIRCLE
  5
1B6
330
17
100
AcDbEntity
  8
L-PLNT-KEEP
100
AcDbCircle
 10
426531.5
 20
1578717.5
 30
0.0
 40
15.186250000000001
  0
CIRCLE
  5
1B7
330
17
100
AcDbEntity
  8
L-PLNT-KEEP
100
AcDbCircle
 10
426339.5
 20
1578718.5
 30
0.0
 40
22.11775
  0
CIRCLE
  5
1B8
330
17
100
AcDbEntity
  8
L-PLNT-KEEP
100
AcDbCircle
 10
426294.5
 20
1578721.5
 30
0.0
 40
12.324
  0
CIRCLE
  5
1B9
330
17
100
AcDbEntity
  8
L-PLNT-KEEP
100
AcDbCircle
 10
426352.5
 20
1578722.5
 30
0.0
 40
18.019
  0
CIRCLE
  5
1BA
330
17
100
AcDbEntity
  8
L-PLNT-KEEP
100
AcDbCircle
 10
426323.5
 20
1578723.5
 30
0.0
 40
9.00075
  0
CIRCLE
  5
1BB
330
17
100
AcDbEntity
  8
L-PLNT-KEEP
100
AcDbCircle
 10
426553.5
 20
1578728.5
 30
0.0
 40
17.854999999999997
  0
CIRCLE
  5
1BC
330
17
100
AcDbEntity
  8
L-PLNT-KEEP
100
AcDbCircle
 10
426764.5
 20
1578728.5
 30
0.0
 40
16.82475
  0
CIRCLE
  5
1BD
330
17
100
AcDbEntity
  8
L-PLNT-KEEP
100
AcDbCircle
 10
426709.5
 20
1578732.5
 30
0.0
 40
13.58275
  0
CIRCLE
  5
1BE
330
17
100
AcDbEntity
  8
L-PLNT-KEEP
100
AcDbCircle
 10
426396.5
 20
1578733.5
 30
0.0
 40
11.06125
  0
CIRCLE
  5
1BF
330
17
100
AcDbEntity
  8
L-PLNT-KEEP
100
AcDbCircle
 10
426696.5
 20
1578733.5
 30
0.0
 40
17.984
  0
CIRCLE
  5
1C0
330
17
100
AcDbEntity
  8
L-PLNT-KEEP
100
AcDbCircle
 10
426966.5
 20
1578733.5
 30
0.0
 40
15.100249999999999
  0
CIRCLE
  5
1C1
330
17
100
AcDbEntity
  8
L-PLNT-KEEP
100
AcDbCircle
 10
426333.5
 20
1578734.5
 30
0.0
 40
14.173499999999997
  0
CIRCLE
  5
1C2
330
17
100
AcDbEntity
  8
L-PLNT-KEEP
100
AcDbCircle
 10
426591.5
 20
1578738.5
 30
0.0
 40
5.702999999999999
  0
CIRCLE
  5
1C3
330
17
100
AcDbEntity
  8
L-PLNT-KEEP
100
AcDbCircle
 10
426320.5
 20
1578740.5
 30
0.0
 40
10.565249999999999
  0
CIRCLE
  5
1C4
330
17
100
AcDbEntity
  8
L-PLNT-KEEP
100
AcDbCircle
 10
426373.5
 20
1578741.5
 30
0.0
 40
10.4315
  0
CIRCLE
  5
1C5
330
17
100
AcDbEntity
  8
L-PLNT-KEEP
100
AcDbCircle
 10
426731.5
 20
1578743.5
 30
0.0
 40
11.54375
  0
CIRCLE
  5
1C6
330
17
100
AcDbEntity
  8
L-PLNT-KEEP
100
AcDbCircle
 10
426705.5
 20
1578745.5
 30
0.0
 40
16.99675
  0
CIRCLE
  5
1C7
330
17
100
AcDbEntity
  8
L-PLNT-KEEP
100
AcDbCircle
 10
426540.5
 20
1578747.5
 30
0.0
 40
15.0915
  0
CIRCLE
  5
1C8
330
17
100
AcDbEntity
  8
L-PLNT-KEEP
100
AcDbCircle
 10
427045.5
 20
1578748.5
 30
0.0
 40
5.66
  0
CIRCLE
  5
1C9
330
17
100
AcDbEntity
  8
L-PLNT-KEEP
100
AcDbCircle
 10
427036.5
 20
1578754.5
 30
0.0
 40
6.46175
  0
CIRCLE
  5
1CA
330
17
100
AcDbEntity
  8
L-PLNT-KEEP
100
AcDbCircle
 10
426561.5
 20
1578755.5
 30
0.0
 40
14.746749999999999
  0
CIRCLE
  5
1CB
330
17
100
AcDbEntity
  8
L-PLNT-KEEP
100
AcDbCircle
 10
426767.5
 20
1578761.5
 30
0.0
 40
9.824
  0
CIRCLE
  5
1CC
330
17
100
AcDbEntity
  8
L-PLNT-KEEP
100
AcDbCircle
 10
426897.5
 20
1578762.5
 30
0.0
 40
4.54775
  0
CIRCLE
  5
1CD
330
17
100
AcDbEntity
  8
L-PLNT-KEEP
100
AcDbCircle
 10
426383.5
 20
1578763.5
 30
0.0
 40
18.41075
  0
CIRCLE
  5
1CE
330
17
100
AcDbEntity
  8
L-PLNT-KEEP
100
AcDbCircle
 10
426702.5
 20
1578763.5
 30
0.0
 40
16.47525
  0
CIRCLE
  5
1CF
330
17
100
AcDbEntity
  8
L-PLNT-KEEP
100
AcDbCircle
 10
426352.5
 20
1578766.5
 30
0.0
 40
15.234
  0
CIRCLE
  5
1D0
330
17
100
AcDbEntity
  8
L-PLNT-KEEP
100
AcDbCircle
 10
426684.5
 20
1578768.5
 30
0.0
 40
14.6735
  0
CIRCLE
  5
1D1
330
17
100
AcDbEntity
  8
L-PLNT-KEEP
100
AcDbCircle
 10
426295.5
 20
1578775.5
 30
0.0
 40
16.225250000000003
  0
CIRCLE
  5
1D2
330
17
100
AcDbEntity
  8
L-PLNT-KEEP
100
AcDbCircle
 10
426395.5
 20
1578775.5
 30
0.0
 40
18.199749999999998
  0
CIRCLE
  5
1D3
330
17
100
AcDbEntity
  8
L-PLNT-KEEP
100
AcDbCircle
 10
426748.5
 20
1578775.5
 30
0.0
 40
9.345500000000001
  0
CIRCLE
  5
1D4
330
17
100
AcDbEntity
  8
L-PLNT-KEEP
100
AcDbCircle
 10
426559.5
 20
1578776.5
 30
0.0
 40
17.68225
  0
CIRCLE
  5
1D5
330
17
100
AcDbEntity
  8
L-PLNT-KEEP
100
AcDbCircle
 10
426629.5
 20
1578778.5
 30
0.0
 40
4.246
  0
CIRCLE
  5
1D6
330
17
100
AcDbEntity
  8
L-PLNT-KEEP
100
AcDbCircle
 10
426713.5
 20
1578780.5
 30
0.0
 40
18.88525
  0
CIRCLE
  5
1D7
330
17
100
AcDbEntity
  8
L-PLNT-KEEP
100
AcDbCircle
 10
426583.5
 20
1578782.5
 30
0.0
 40
18.324749999999998
  0
CIRCLE
  5
1D8
330
17
100
AcDbEntity
  8
L-PLNT-KEEP
100
AcDbCircle
 10
426320.5
 20
1578783.5
 30
0.0
 40
22.2905
  0
CIRCLE
  5
1D9
330
17
100
AcDbEntity
  8
L-PLNT-KEEP
100
AcDbCircle
 10
426382.5
 20
1578784.5
 30
0.0
 40
15.996749999999999
  0
CIRCLE
  5
1DA
330
17
100
AcDbEntity
  8
L-PLNT-KEEP
100
AcDbCircle
 10
426696.5
 20
1578785.5
 30
0.0
 40
21.101
  0
CIRCLE
  5
1DB
330
17
100
AcDbEntity
  8
L-PLNT-KEEP
100
AcDbCircle
 10
426849.5
 20
1578786.5
 30
0.0
 40
6.25475
  0
CIRCLE
  5
1DC
330
17
100
AcDbEntity
  8
L-PLNT-KEEP
100
AcDbCircle
 10
426972.5
 20
1578788.5
 30
0.0
 40
5.75475
  0
CIRCLE
  5
1DD
330
17
100
AcDbEntity
  8
L-PLNT-KEEP
100
AcDbCircle
 10
426116.5
 20
1578791.5
 30
0.0
 40
10.405999999999999
  0
CIRCLE
  5
1DE
330
17
100
AcDbEntity
  8
L-PLNT-KEEP
100
AcDbCircle
 10
426334.5
 20
1578791.5
 30
0.0
 40
17.143250000000002
  0
CIRCLE
  5
1DF
330
17
100
AcDbEntity
  8
L-PLNT-KEEP
100
AcDbCircle
 10
426402.5
 20
1578798.5
 30
0.0
 40
18.16075
  0
CIRCLE
  5
1E0
330
17
100
AcDbEntity
  8
L-PLNT-KEEP
100
AcDbCircle
 10
426692.5
 20
1578798.5
 30
0.0
 40
19.936999999999998
  0
CIRCLE
  5
1E1
330
17
100
AcDbEntity
  8
L-PLNT-KEEP
100
AcDbCircle
 10
426760.5
 20
1578798.5
 30
0.0
 40
5.702999999999999
  0
CIRCLE
  5
1E2
330
17
100
AcDbEntity
  8
L-PLNT-KEEP
100
AcDbCircle
 10
426925.5
 20
1578799.5
 30
0.0
 40
17.18225
  0
CIRCLE
  5
1E3
330
17
100
AcDbEntity
  8
L-PLNT-KEEP
100
AcDbCircle
 10
426678.5
 20
1578803.5
 30
0.0
 40
19.523
  0
CIRCLE
  5
1E4
330
17
100
AcDbEntity
  8
L-PLNT-KEEP
100
AcDbCircle
 10
427042.5
 20
1578804.5
 30
0.0
 40
7.21175
  0
CIRCLE
  5
1E5
330
17
100
AcDbEntity
  8
L-PLNT-KEEP
100
AcDbCircle
 10
426633.5
 20
1578806.5
 30
0.0
 40
4.9745
  0
CIRCLE
  5
1E6
330
17
100
AcDbEntity
  8
L-PLNT-KEEP
100
AcDbCircle
 10
427000.5
 20
1578807.5
 30
0.0
 40
5.8065
  0
CIRCLE
  5
1E7
330
17
100
AcDbEntity
  8
L-PLNT-KEEP
100
AcDbCircle
 10
426863.5
 20
1578808.5
 30
0.0
 40
6.0047500000000005
  0
CIRCLE
  5
1E8
330
17
100
AcDbEntity
  8
L-PLNT-KEEP
100
AcDbCircle
 10
426301.5
 20
1578809.5
 30
0.0
 40
22.19975
  0
CIRCLE
  5
1E9
330
17
100
AcDbEntity
  8
L-PLNT-KEEP
100
AcDbCircle
 10
426355.5
 20
1578812.5
 30
0.0
 40
14.936250000000001
  0
CIRCLE
  5
1EA
330
17
100
AcDbEntity
  8
L-PLNT-KEEP
100
AcDbCircle
 10
426592.5
 20
1578812.5
 30
0.0
 40
8.5135
  0
CIRCLE
  5
1EB
330
17
100
AcDbEntity
  8
L-PLNT-KEEP
100
AcDbCircle
 10
426323.5
 20
1578819.5
 30
0.0
 40
19.019
  0
CIRCLE
  5
1EC
330
17
100
AcDbEntity
  8
L-PLNT-KEEP
100
AcDbCircle
 10
426136.5
 20
1578820.5
 30
0.0
 40
5.8495
  0
CIRCLE
  5
1ED
330
17
100
AcDbEntity
  8
L-PLNT-KEEP
100
AcDbCircle
 10
426386.5
 20
1578820.5
 30
0.0
 40
8.50475
  0
CIRCLE
  5
1EE
330
17
100
AcDbEntity
  8
L-PLNT-KEEP
100
AcDbCircle
 10
426401.5
 20
1578823.5
 30
0.0
 40
13.22925
  0
CIRCLE
  5
1EF
330
17
100
AcDbEntity
  8
L-PLNT-REMV
100
AcDbCircle
 10
426571.5
 20
1578826.5
 30
0.0
 40
16.30725
  0
LINE
  5
1F0
330
17
100
AcDbEntity
  8
L-PLNT-REMV
100
AcDbLine
 10
426560.084925
 20
1578815.084925
 30
0.0
 11
426582.915075
 21
1578837.915075
 31
0.0
  0
LINE
  5
1F1
330
17
100
AcDbEntity
  8
L-PLNT-REMV
100
AcDbLine
 10
426560.084925
 20
1578837.915075
 30
0.0
 11
426582.915075
 21
1578815.084925
 31
0.0
  0
TEXT
  5
1F2
330
17
100
AcDbEntity
  8
L-PLNT-ANNO
100
AcDbText
 10
426572.5
 20
1578827.5
 30
0.0
 40
1.8
  1
T282 25'
 11
426572.5
 21
1578827.5
 31
0.0
100
AcDbText
  0
CIRCLE
  5
1F3
330
17
100
AcDbEntity
  8
L-PLNT-KEEP
100
AcDbCircle
 10
426674.5
 20
1578828.5
 30
0.0
 40
18.3375
  0
CIRCLE
  5
1F4
330
17
100
AcDbEntity
  8
L-PLNT-REMV
100
AcDbCircle
 10
426710.5
 20
1578828.5
 30
0.0
 40
17.61775
  0
LINE
  5
1F5
330
17
100
AcDbEntity
  8
L-PLNT-REMV
100
AcDbLine
 10
426698.167575
 20
1578816.167575
 30
0.0
 11
426722.832425
 21
1578840.832425
 31
0.0
  0
LINE
  5
1F6
330
17
100
AcDbEntity
  8
L-PLNT-REMV
100
AcDbLine
 10
426698.167575
 20
1578840.832425
 30
0.0
 11
426722.832425
 21
1578816.167575
 31
0.0
  0
TEXT
  5
1F7
330
17
100
AcDbEntity
  8
L-PLNT-ANNO
100
AcDbText
 10
426711.5
 20
1578829.5
 30
0.0
 40
1.8
  1
T284 34'
 11
426711.5
 21
1578829.5
 31
0.0
100
AcDbText
  0
CIRCLE
  5
1F8
330
17
100
AcDbEntity
  8
L-PLNT-REMV
100
AcDbCircle
 10
426636.5
 20
1578829.5
 30
0.0
 40
4.0
  0
LINE
  5
1F9
330
17
100
AcDbEntity
  8
L-PLNT-REMV
100
AcDbLine
 10
426633.7
 20
1578826.7
 30
0.0
 11
426639.3
 21
1578832.3
 31
0.0
  0
LINE
  5
1FA
330
17
100
AcDbEntity
  8
L-PLNT-REMV
100
AcDbLine
 10
426633.7
 20
1578832.3
 30
0.0
 11
426639.3
 21
1578826.7
 31
0.0
  0
TEXT
  5
1FB
330
17
100
AcDbEntity
  8
L-PLNT-ANNO
100
AcDbText
 10
426637.5
 20
1578830.5
 30
0.0
 40
1.8
  1
T285 20'
 11
426637.5
 21
1578830.5
 31
0.0
100
AcDbText
  0
CIRCLE
  5
1FC
330
17
100
AcDbEntity
  8
L-PLNT-KEEP
100
AcDbCircle
 10
426314.5
 20
1578832.5
 30
0.0
 40
18.05725
  0
CIRCLE
  5
1FD
330
17
100
AcDbEntity
  8
L-PLNT-KEEP
100
AcDbCircle
 10
427038.5
 20
1578833.5
 30
0.0
 40
7.56525
  0
CIRCLE
  5
1FE
330
17
100
AcDbEntity
  8
L-PLNT-REMV
100
AcDbCircle
 10
426590.5
 20
1578837.5
 30
0.0
 40
15.475249999999999
  0
LINE
  5
1FF
330
17
100
AcDbEntity
  8
L-PLNT-REMV
100
AcDbLine
 10
426579.667325
 20
1578826.667325
 30
0.0
 11
426601.332675
 21
1578848.332675
 31
0.0
  0
LINE
  5
200
330
17
100
AcDbEntity
  8
L-PLNT-REMV
100
AcDbLine
 10
426579.667325
 20
1578848.332675
 30
0.0
 11
426601.332675
 21
1578826.667325
 31
0.0
  0
TEXT
  5
201
330
17
100
AcDbEntity
  8
L-PLNT-ANNO
100
AcDbText
 10
426591.5
 20
1578838.5
 30
0.0
 40
1.8
  1
T288 30'
 11
426591.5
 21
1578838.5
 31
0.0
100
AcDbText
  0
CIRCLE
  5
202
330
17
100
AcDbEntity
  8
L-PLNT-KEEP
100
AcDbCircle
 10
426304.5
 20
1578841.5
 30
0.0
 40
15.2945
  0
CIRCLE
  5
203
330
17
100
AcDbEntity
  8
L-PLNT-KEEP
100
AcDbCircle
 10
427009.5
 20
1578841.5
 30
0.0
 40
14.527
  0
CIRCLE
  5
204
330
17
100
AcDbEntity
  8
L-PLNT-KEEP
100
AcDbCircle
 10
426188.5
 20
1578842.5
 30
0.0
 40
8.2635
  0
CIRCLE
  5
205
330
17
100
AcDbEntity
  8
L-PLNT-KEEP
100
AcDbCircle
 10
426129.5
 20
1578843.5
 30
0.0
 40
8.14725
  0
CIRCLE
  5
206
330
17
100
AcDbEntity
  8
L-PLNT-REMV
100
AcDbCircle
 10
426753.5
 20
1578844.5
 30
0.0
 40
15.527000000000001
  0
LINE
  5
207
330
17
100
AcDbEntity
  8
L-PLNT-REMV
100
AcDbLine
 10
426742.6311
 20
1578833.6311
 30
0.0
 11
426764.3689
 21
1578855.3689
 31
0.0
  0
LINE
  5
208
330
17
100
AcDbEntity
  8
L-PLNT-REMV
100
AcDbLine
 10
426742.6311
 20
1578855.3689
 30
0.0
 11
426764.3689
 21
1578833.6311
 31
0.0
  0
TEXT
  5
209
330
17
100
AcDbEntity
  8
L-PLNT-ANNO
100
AcDbText
 10
426754.5
 20
1578845.5
 30
0.0
 40
1.8
  1
T293 30'
 11
426754.5
 21
1578845.5
 31
0.0
100
AcDbText
  0
CIRCLE
  5
20A
330
17
100
AcDbEntity
  8
L-PLNT-KEEP
100
AcDbCircle
 10
426405.5
 20
1578847.5
 30
0.0
 40
14.052499999999998
  0
CIRCLE
  5
20B
330
17
100
AcDbEntity
  8
L-PLNT-KEEP
100
AcDbCircle
 10
426341.5
 20
1578849.5
 30
0.0
 40
10.470500000000001
  0
CIRCLE
  5
20C
330
17
100
AcDbEntity
  8
L-PLNT-KEEP
100
AcDbCircle
 10
426482.5
 20
1578850.5
 30
0.0
 40
4.746
  0
CIRCLE
  5
20D
330
17
100
AcDbEntity
  8
L-PLNT-REMV
100
AcDbCircle
 10
426690.5
 20
1578852.5
 30
0.0
 40
7.91
  0
LINE
  5
20E
330
17
100
AcDbEntity
  8
L-PLNT-REMV
100
AcDbLine
 10
426684.963
 20
1578846.963
 30
0.0
 11
426696.037
 21
1578858.037
 31
0.0
  0
LINE
  5
20F
330
17
100
AcDbEntity
  8
L-PLNT-REMV
100
AcDbLine
 10
426684.963
 20
1578858.037
 30
0.0
 11
426696.037
 21
1578846.963
 31
0.0
  0
TEXT
  5
210
330
17
100
AcDbEntity
  8
L-PLNT-ANNO
100
AcDbText
 10
426691.5
 20
1578853.5
 30
0.0
 40
1.8
  1
T297 20'
 11
426691.5
 21
1578853.5
 31
0.0
100
AcDbText
  0
CIRCLE
  5
211
330
17
100
AcDbEntity
  8
L-PLNT-KEEP
100
AcDbCircle
 10
426994.5
 20
1578853.5
 30
0.0
 40
12.9275
  0
CIRCLE
  5
212
330
17
100
AcDbEntity
  8
L-PLNT-REMV
100
AcDbCircle
 10
426557.5
 20
1578854.5
 30
0.0
 40
11.186250000000001
  0
LINE
  5
213
330
17
100
AcDbEntity
  8
L-PLNT-REMV
100
AcDbLine
 10
426549.669625
 20
1578846.669625
 30
0.0
 11
426565.330375
 21
1578862.330375
 31
0.0
  0
LINE
  5
214
330
17
100
AcDbEntity
  8
L-PLNT-REMV
100
AcDbLine
 10
426549.669625
 20
1578862.330375
 30
0.0
 11
426565.330375
 21
1578846.669625
 31
0.0
  0
TEXT
  5
215
330
17
100
AcDbEntity
  8
L-PLNT-ANNO
100
AcDbText
 10
426558.5
 20
1578855.5
 30
0.0
 40
1.8
  1
T299 26'
 11
426558.5
 21
1578855.5
 31
0.0
100
AcDbText
  0
CIRCLE
  5
216
330
17
100
AcDbEntity
  8
L-PLNT-KEEP
100
AcDbCircle
 10
426943.5
 20
1578855.5
 30
0.0
 40
7.2635000000000005
  0
CIRCLE
  5
217
330
17
100
AcDbEntity
  8
L-PLNT-KEEP
100
AcDbCircle
 10
427025.5
 20
1578856.5
 30
0.0
 40
11.484
  0
CIRCLE
  5
218
330
17
100
AcDbEntity
  8
L-PLNT-KEEP
100
AcDbCircle
 10
426188.5
 20
1578857.5
 30
0.0
 40
7.285
  0
CIRCLE
  5
219
330
17
100
AcDbEntity
  8
L-PLNT-REMV
100
AcDbCircle
 10
426512.5
 20
1578857.5
 30
0.0
 40
15.1345
  0
LINE
  5
21A
330
17
100
AcDbEntity
  8
L-PLNT-REMV
100
AcDbLine
 10
426501.90585
 20
1578846.90585
 30
0.0
 11
426523.09415
 21
1578868.09415
 31
0.0
  0
LINE
  5
21B
330
17
100
AcDbEntity
  8
L-PLNT-REMV
100
AcDbLine
 10
426501.90585
 20
1578868.09415
 30
0.0
 11
426523.09415
 21
1578846.90585
 31
0.0
  0
TEXT
  5
21C
330
17
100
AcDbEntity
  8
L-PLNT-ANNO
100
AcDbText
 10
426513.5
 20
1578858.5
 30
0.0
 40
1.8
  1
T303 23'
 11
426513.5
 21
1578858.5
 31
0.0
100
AcDbText
  0
CIRCLE
  5
21D
330
17
100
AcDbEntity
  8
L-PLNT-KEEP
100
AcDbCircle
 10
426883.5
 20
1578858.5
 30
0.0
 40
4.922750000000001
  0
CIRCLE
  5
21E
330
17
100
AcDbEntity
  8
L-PLNT-KEEP
100
AcDbCircle
 10
426460.5
 20
1578859.5
 30
0.0
 40
4.496
  0
CIRCLE
  5
21F
330
17
100
AcDbEntity
  8
L-PLNT-KEEP
100
AcDbCircle
 10
427041.5
 20
1578859.5
 30
0.0
 40
11.75075
  0
CIRCLE
  5
220
330
17
100
AcDbEntity
  8
L-PLNT-KEEP
100
AcDbCircle
 10
426804.5
 20
1578860.5
 30
0.0
 40
13.51825
  0
CIRCLE
  5
221
330
17
100
AcDbEntity
  8
L-PLNT-KEEP
100
AcDbCircle
 10
426815.5
 20
1578860.5
 30
0.0
 40
16.03575
  0
CIRCLE
  5
222
330
17
100
AcDbEntity
  8
L-PLNT-KEEP
100
AcDbCircle
 10
426323.5
 20
1578862.5
 30
0.0
 40
9.62975
  0
CIRCLE
  5
223
330
17
100
AcDbEntity
  8
L-PLNT-KEEP
100
AcDbCircle
 10
426375.5
 20
1578862.5
 30
0.0
 40
15.1345
  0
CIRCLE
  5
224
330
17
100
AcDbEntity
  8
L-PLNT-REMV
100
AcDbCircle
 10
426530.5
 20
1578864.5
 30
0.0
 40
15.518249999999998
  0
LINE
  5
225
330
17
100
AcDbEntity
  8
L-PLNT-REMV
100
AcDbLine
 10
426519.637225
 20
1578853.637225
 30
0.0
 11
426541.362775
 21
1578875.362775
 31
0.0
  0
LINE
  5
226
330
17
100
AcDbEntity
  8
L-PLNT-REMV
100
AcDbLine
 10
426519.637225
 20
1578875.362775
 30
0.0
 11
426541.362775
 21
1578853.637225
 31
0.0
  0
TEXT
  5
227
330
17
100
AcDbEntity
  8
L-PLNT-ANNO
100
AcDbText
 10
426531.5
 20
1578865.5
 30
0.0
 40
1.8
  1
T311 24'
 11
426531.5
 21
1578865.5
 31
0.0
100
AcDbText
  0
CIRCLE
  5
228
330
17
100
AcDbEntity
  8
L-PLNT-KEEP
100
AcDbCircle
 10
426308.5
 20
1578866.5
 30
0.0
 40
12.983999999999998
  0
CIRCLE
  5
229
330
17
100
AcDbEntity
  8
L-PLNT-KEEP
100
AcDbCircle
 10
426405.5
 20
1578866.5
 30
0.0
 40
10.035
  0
CIRCLE
  5
22A
330
17
100
AcDbEntity
  8
L-PLNT-KEEP
100
AcDbCircle
 10
426856.5
 20
1578868.5
 30
0.0
 40
15.652
  0
CIRCLE
  5
22B
330
17
100
AcDbEntity
  8
L-PLNT-KEEP
100
AcDbCircle
 10
426177.5
 20
1578873.5
 30
0.0
 40
5.2245
  0
CIRCLE
  5
22C
330
17
100
AcDbEntity
  8
L-PLNT-KEEP
100
AcDbCircle
 10
426996.5
 20
1578873.5
 30
0.0
 40
13.509500000000001
  0
CIRCLE
  5
22D
330
17
100
AcDbEntity
  8
L-PLNT-REMV
100
AcDbCircle
 10
426757.5
 20
1578874.5
 30
0.0
 40
4.0
  0
LINE
  5
22E
330
17
100
AcDbEntity
  8
L-PLNT-REMV
100
AcDbLine
 10
426754.7
 20
1578871.7
 30
0.0
 11
426760.3
 21
1578877.3
 31
0.0
  0
LINE
  5
22F
330
17
100
AcDbEntity
  8
L-PLNT-REMV
100
AcDbLine
 10
426754.7
 20
1578877.3
 30
0.0
 11
426760.3
 21
1578871.7
 31
0.0
  0
TEXT
  5
230
330
17
100
AcDbEntity
  8
L-PLNT-ANNO
100
AcDbText
 10
426758.5
 20
1578875.5
 30
0.0
 40
1.8
  1
T317 12'
 11
426758.5
 21
1578875.5
 31
0.0
100
AcDbText
  0
CIRCLE
  5
231
330
17
100
AcDbEntity
  8
L-PLNT-REMV
100
AcDbCircle
 10
426482.5
 20
1578875.5
 30
0.0
 40
14.4665
  0
LINE
  5
232
330
17
100
AcDbEntity
  8
L-PLNT-REMV
100
AcDbLine
 10
426472.37345
 20
1578865.37345
 30
0.0
 11
426492.62655
 21
1578885.62655
 31
0.0
  0
LINE
  5
233
330
17
100
AcDbEntity
  8
L-PLNT-REMV
100
AcDbLine
 10
426472.37345
 20
1578885.62655
 30
0.0
 11
426492.62655
 21
1578865.37345
 31
0.0
  0
TEXT
  5
234
330
17
100
AcDbEntity
  8
L-PLNT-ANNO
100
AcDbText
 10
426483.5
 20
1578876.5
 30
0.0
 40
1.8
  1
T318 26'
 11
426483.5
 21
1578876.5
 31
0.0
100
AcDbText
  0
CIRCLE
  5
235
330
17
100
AcDbEntity
  8
L-PLNT-REMV
100
AcDbCircle
 10
426827.5
 20
1578875.5
 30
0.0
 40
16.0445
  0
LINE
  5
236
330
17
100
AcDbEntity
  8
L-PLNT-REMV
100
AcDbLine
 10
426816.26885
 20
1578864.26885
 30
0.0
 11
426838.73115
 21
1578886.73115
 31
0.0
  0
LINE
  5
237
330
17
100
AcDbEntity
  8
L-PLNT-REMV
100
AcDbLine
 10
426816.26885
 20
1578886.73115
 30
0.0
 11
426838.73115
 21
1578864.26885
 31
0.0
  0
TEXT
  5
238
330
17
100
AcDbEntity
  8
L-PLNT-ANNO
100
AcDbText
 10
426828.5
 20
1578876.5
 30
0.0
 40
1.8
  1
T319 23'
 11
426828.5
 21
1578876.5
 31
0.0
100
AcDbText
  0
CIRCLE
  5
239
330
17
100
AcDbEntity
  8
L-PLNT-KEEP
100
AcDbCircle
 10
426975.5
 20
1578876.5
 30
0.0
 40
14.889249999999999
  0
CIRCLE
  5
23A
330
17
100
AcDbEntity
  8
L-PLNT-KEEP
100
AcDbCircle
 10
427025.5
 20
1578876.5
 30
0.0
 40
9.8065
  0
CIRCLE
  5
23B
330
17
100
AcDbEntity
  8
L-PLNT-KEEP
100
AcDbCircle
 10
426906.5
 20
1578878.5
 30
0.0
 40
4.0
  0
CIRCLE
  5
23C
330
17
100
AcDbEntity
  8
L-PLNT-REMV
100
AcDbCircle
 10
426500.5
 20
1578881.5
 30
0.0
 40
18.0835
  0
LINE
  5
23D
330
17
100
AcDbEntity
  8
L-PLNT-REMV
100
AcDbLine
 10
426487.84155
 20
1578868.84155
 30
0.0
 11
426513.15845
 21
1578894.15845
 31
0.0
  0
LINE
  5
23E
330
17
100
AcDbEntity
  8
L-PLNT-REMV
100
AcDbLine
 10
426487.84155
 20
1578894.15845
 30
0.0
 11
426513.15845
 21
1578868.84155
 31
0.0
  0
TEXT
  5
23F
330
17
100
AcDbEntity
  8
L-PLNT-ANNO
100
AcDbText
 10
426501.5
 20
1578882.5
 30
0.0
 40
1.8
  1
T323 23'
 11
426501.5
 21
1578882.5
 31
0.0
100
AcDbText
  0
CIRCLE
  5
240
330
17
100
AcDbEntity
  8
L-PLNT-KEEP
100
AcDbCircle
 10
426305.5
 20
1578884.5
 30
0.0
 40
13.37575
  0
CIRCLE
  5
241
330
17
100
AcDbEntity
  8
L-PLNT-KEEP
100
AcDbCircle
 10
426318.5
 20
1578884.5
 30
0.0
 40
11.66
  0
CIRCLE
  5
242
330
17
100
AcDbEntity
  8
L-PLNT-REMV
100
AcDbCircle
 10
426788.5
 20
1578885.5
 30
0.0
 40
4.0
  0
LINE
  5
243
330
17
100
AcDbEntity
  8
L-PLNT-REMV
100
AcDbLine
 10
426785.7
 20
1578882.7
 30
0.0
 11
426791.3
 21
1578888.3
 31
0.0
  0
LINE
  5
244
330
17
100
AcDbEntity
  8
L-PLNT-REMV
100
AcDbLine
 10
426785.7
 20
1578888.3
 30
0.0
 11
426791.3
 21
1578882.7
 31
0.0
  0
TEXT
  5
245
330
17
100
AcDbEntity
  8
L-PLNT-ANNO
100
AcDbText
 10
426789.5
 20
1578886.5
 30
0.0
 40
1.8
  1
T326 14'
 11
426789.5
 21
1578886.5
 31
0.0
100
AcDbText
  0
CIRCLE
  5
246
330
17
100
AcDbEntity
  8
L-PLNT-REMV
100
AcDbCircle
 10
426451.5
 20
1578887.5
 30
0.0
 40
16.16075
  0
LINE
  5
247
330
17
100
AcDbEntity
  8
L-PLNT-REMV
100
AcDbLine
 10
426440.187475
 20
1578876.187475
 30
0.0
 11
426462.812525
 21
1578898.812525
 31
0.0
  0
LINE
  5
248
330
17
100
AcDbEntity
  8
L-PLNT-REMV
100
AcDbLine
 10
426440.187475
 20
1578898.812525
 30
0.0
 11
426462.812525
 21
1578876.187475
 31
0.0
  0
TEXT
  5
249
330
17
100
AcDbEntity
  8
L-PLNT-ANNO
100
AcDbText
 10
426452.5
 20
1578888.5
 30
0.0
 40
1.8
  1
T327 19'
 11
426452.5
 21
1578888.5
 31
0.0
100
AcDbText
  0
CIRCLE
  5
24A
330
17
100
AcDbEntity
  8
L-PLNT-KEEP
100
AcDbCircle
 10
426373.5
 20
1578889.5
 30
0.0
 40
12.6775
  0
CIRCLE
  5
24B
330
17
100
AcDbEntity
  8
L-PLNT-KEEP
100
AcDbCircle
 10
427028.5
 20
1578890.5
 30
0.0
 40
11.08675
  0
CIRCLE
  5
24C
330
17
100
AcDbEntity
  8
L-PLNT-KEEP
100
AcDbCircle
 10
426344.5
 20
1578892.5
 30
0.0
 40
8.3885
  0
CIRCLE
  5
24D
330
17
100
AcDbEntity
  8
L-PLNT-KEEP
100
AcDbCircle
 10
426629.5
 20
1578893.5
 30
0.0
 40
5.27625
  0
CIRCLE
  5
24E
330
17
100
AcDbEntity
  8
L-PLNT-REMV
100
AcDbCircle
 10
426474.5
 20
1578894.5
 30
0.0
 40
11.01825
  0
LINE
  5
24F
330
17
100
AcDbEntity
  8
L-PLNT-REMV
100
AcDbLine
 10
426466.787225
 20
1578886.787225
 30
0.0
 11
426482.212775
 21
1578902.212775
 31
0.0
  0
LINE
  5
250
330
17
100
AcDbEntity
  8
L-PLNT-REMV
100
AcDbLine
 10
426466.787225
 20
1578902.212775
 30
0.0
 11
426482.212775
 21
1578886.787225
 31
0.0
  0
TEXT
  5
251
330
17
100
AcDbEntity
  8
L-PLNT-ANNO
100
AcDbText
 10
426475.5
 20
1578895.5
 30
0.0
 40
1.8
  1
T332 23'
 11
426475.5
 21
1578895.5
 31
0.0
100
AcDbText
  0
CIRCLE
  5
252
330
17
100
AcDbEntity
  8
L-PLNT-KEEP
100
AcDbCircle
 10
426896.5
 20
1578895.5
 30
0.0
 40
13.173499999999999
  0
CIRCLE
  5
253
330
17
100
AcDbEntity
  8
L-PLNT-KEEP
100
AcDbCircle
 10
426964.5
 20
1578896.5
 30
0.0
 40
4.0
  0
CIRCLE
  5
254
330
17
100
AcDbEntity
  8
L-PLNT-REMV
100
AcDbCircle
 10
426495.5
 20
1578899.5
 30
0.0
 40
7.849499999999999
  0
LINE
  5
255
330
17
100
AcDbEntity
  8
L-PLNT-REMV
100
AcDbLine
 10
426490.00535
 20
1578894.00535
 30
0.0
 11
426500.99465
 21
1578904.99465
 31
0.0
  0
LINE
  5
256
330
17
100
AcDbEntity
  8
L-PLNT-REMV
100
AcDbLine
 10
426490.00535
 20
1578904.99465
 30
0.0
 11
426500.99465
 21
1578894.00535
 31
0.0
  0
TEXT
  5
257
330
17
100
AcDbEntity
  8
L-PLNT-ANNO
100
AcDbText
 10
426496.5
 20
1578900.5
 30
0.0
 40
1.8
  1
T335 14'
 11
426496.5
 21
1578900.5
 31
0.0
100
AcDbText
  0
CIRCLE
  5
258
330
17
100
AcDbEntity
  8
L-PLNT-KEEP
100
AcDbCircle
 10
427004.5
 20
1578900.5
 30
0.0
 40
4.0
  0
CIRCLE
  5
259
330
17
100
AcDbEntity
  8
L-PLNT-KEEP
100
AcDbCircle
 10
426596.5
 20
1578901.5
 30
0.0
 40
11.77225
  0
CIRCLE
  5
25A
330
17
100
AcDbEntity
  8
L-PLNT-REMV
100
AcDbCircle
 10
426427.5
 20
1578902.5
 30
0.0
 40
15.7555
  0
LINE
  5
25B
330
17
100
AcDbEntity
  8
L-PLNT-REMV
100
AcDbLine
 10
426416.47115
 20
1578891.47115
 30
0.0
 11
426438.52885
 21
1578913.52885
 31
0.0
  0
LINE
  5
25C
330
17
100
AcDbEntity
  8
L-PLNT-REMV
100
AcDbLine
 10
426416.47115
 20
1578913.52885
 30
0.0
 11
426438.52885
 21
1578891.47115
 31
0.0
  0
TEXT
  5
25D
330
17
100
AcDbEntity
  8
L-PLNT-ANNO
100
AcDbText
 10
426428.5
 20
1578903.5
 30
0.0
 40
1.8
  1
T338 28'
 11
426428.5
 21
1578903.5
 31
0.0
100
AcDbText
  0
CIRCLE
  5
25E
330
17
100
AcDbEntity
  8
L-PLNT-KEEP
100
AcDbCircle
 10
426859.5
 20
1578902.5
 30
0.0
 40
6.785
  0
CIRCLE
  5
25F
330
17
100
AcDbEntity
  8
L-PLNT-KEEP
100
AcDbCircle
 10
426919.5
 20
1578902.5
 30
0.0
 40
8.186250000000001
  0
CIRCLE
  5
260
330
17
100
AcDbEntity
  8
L-PLNT-REMV
100
AcDbCircle
 10
426577.5
 20
1578904.5
 30
0.0
 40
11.16875
  0
LINE
  5
261
330
17
100
AcDbEntity
  8
L-PLNT-REMV
100
AcDbLine
 10
426569.681875
 20
1578896.681875
 30
0.0
 11
426585.318125
 21
1578912.318125
 31
0.0
  0
LINE
  5
262
330
17
100
AcDbEntity
  8
L-PLNT-REMV
100
AcDbLine
 10
426569.681875
 20
1578912.318125
 30
0.0
 11
426585.318125
 21
1578896.681875
 31
0.0
  0
TEXT
  5
263
330
17
100
AcDbEntity
  8
L-PLNT-ANNO
100
AcDbText
 10
426578.5
 20
1578905.5
 30
0.0
 40
1.8
  1
T341 19'
 11
426578.5
 21
1578905.5
 31
0.0
100
AcDbText
  0
CIRCLE
  5
264
330
17
100
AcDbEntity
  8
L-PLNT-REMV
100
AcDbCircle
 10
426446.5
 20
1578906.5
 30
0.0
 40
14.60425
  0
LINE
  5
265
330
17
100
AcDbEntity
  8
L-PLNT-REMV
100
AcDbLine
 10
426436.277025
 20
1578896.277025
 30
0.0
 11
426456.722975
 21
1578916.722975
 31
0.0
  0
LINE
  5
266
330
17
100
AcDbEntity
  8
L-PLNT-REMV
100
AcDbLine
 10
426436.277025
 20
1578916.722975
 30
0.0
 11
426456.722975
 21
1578896.277025
 31
0.0
  0
TEXT
  5
267
330
17
100
AcDbEntity
  8
L-PLNT-ANNO
100
AcDbText
 10
426447.5
 20
1578907.5
 30
0.0
 40
1.8
  1
T342 23'
 11
426447.5
 21
1578907.5
 31
0.0
100
AcDbText
  0
CIRCLE
  5
268
330
17
100
AcDbEntity
  8
L-PLNT-REMV
100
AcDbCircle
 10
426788.5
 20
1578906.5
 30
0.0
 40
4.0
  0
LINE
  5
269
330
17
100
AcDbEntity
  8
L-PLNT-REMV
100
AcDbLine
 10
426785.7
 20
1578903.7
 30
0.0
 11
426791.3
 21
1578909.3
 31
0.0
  0
LINE
  5
26A
330
17
100
AcDbEntity
  8
L-PLNT-REMV
100
AcDbLine
 10
426785.7
 20
1578909.3
 30
0.0
 11
426791.3
 21
1578903.7
 31
0.0
  0
TEXT
  5
26B
330
17
100
AcDbEntity
  8
L-PLNT-ANNO
100
AcDbText
 10
426789.5
 20
1578907.5
 30
0.0
 40
1.8
  1
T343 16'
 11
426789.5
 21
1578907.5
 31
0.0
100
AcDbText
  0
CIRCLE
  5
26C
330
17
100
AcDbEntity
  8
L-PLNT-KEEP
100
AcDbCircle
 10
425917.5
 20
1578907.5
 30
0.0
 40
9.14725
  0
CIRCLE
  5
26D
330
17
100
AcDbEntity
  8
L-PLNT-KEEP
100
AcDbCircle
 10
426885.5
 20
1578908.5
 30
0.0
 40
12.7595
  0
CIRCLE
  5
26E
330
17
100
AcDbEntity
  8
L-PLNT-KEEP
100
AcDbCircle
 10
427046.5
 20
1578908.5
 30
0.0
 40
10.56525
  0
CIRCLE
  5
26F
330
17
100
AcDbEntity
  8
L-PLNT-KEEP
100
AcDbCircle
 10
426712.5
 20
1578909.5
 30
0.0
 40
4.547750000000001
  0
CIRCLE
  5
270
330
17
100
AcDbEntity
  8
L-PLNT-KEEP
100
AcDbCircle
 10
426904.5
 20
1578910.5
 30
0.0
 40
14.16475
  0
CIRCLE
  5
271
330
17
100
AcDbEntity
  8
L-PLNT-KEEP
100
AcDbCircle
 10
426983.5
 20
1578911.5
 30
0.0
 40
9.867
  0
CIRCLE
  5
272
330
17
100
AcDbEntity
  8
L-PLNT-KEEP
100
AcDbCircle
 10
426732.5
 20
1578914.5
 30
0.0
 40
8.06525
  0
CIRCLE
  5
273
330
17
100
AcDbEntity
  8
L-PLNT-KEEP
100
AcDbCircle
 10
427026.5
 20
1578914.5
 30
0.0
 40
10.98325
  0
CIRCLE
  5
274
330
17
100
AcDbEntity
  8
L-PLNT-KEEP
100
AcDbCircle
 10
426999.5
 20
1578915.5
 30
0.0
 40
6.918749999999999
  0
CIRCLE
  5
275
330
17
100
AcDbEntity
  8
L-PLNT-KEEP
100
AcDbCircle
 10
426175.5
 20
1578918.5
 30
0.0
 40
10.3455
  0
CIRCLE
  5
276
330
17
100
AcDbEntity
  8
L-PLNT-REMV
100
AcDbCircle
 10
426411.5
 20
1578921.5
 30
0.0
 40
16.380499999999998
  0
LINE
  5
277
330
17
100
AcDbEntity
  8
L-PLNT-REMV
100
AcDbLine
 10
426400.03365
 20
1578910.03365
 30
0.0
 11
426422.96635
 21
1578932.96635
 31
0.0
  0
LINE
  5
278
330
17
100
AcDbEntity
  8
L-PLNT-REMV
100
AcDbLine
 10
426400.03365
 20
1578932.96635
 30
0.0
 11
426422.96635
 21
1578910.03365
 31
0.0
  0
TEXT
  5
279
330
17
100
AcDbEntity
  8
L-PLNT-ANNO
100
AcDbText
 10
426412.5
 20
1578922.5
 30
0.0
 40
1.8
  1
T354 26'
 11
426412.5
 21
1578922.5
 31
0.0
100
AcDbText
  0
CIRCLE
  5
27A
330
17
100
AcDbEntity
  8
L-PLNT-REMV
100
AcDbCircle
 10
426390.5
 20
1578926.5
 30
0.0
 40
18.436999999999998
  0
LINE
  5
27B
330
17
100
AcDbEntity
  8
L-PLNT-REMV
100
AcDbLine
 10
426377.5941
 20
1578913.5941
 30
0.0
 11
426403.4059
 21
1578939.4059
 31
0.0
  0
LINE
  5
27C
330
17
100
AcDbEntity
  8
L-PLNT-REMV
100
AcDbLine
 10
426377.5941
 20
1578939.4059
 30
0.0
 11
426403.4059
 21
1578913.5941
 31
0.0
  0
TEXT
  5
27D
330
17
100
AcDbEntity
  8
L-PLNT-ANNO
100
AcDbText
 10
426391.5
 20
1578927.5
 30
0.0
 40
1.8
  1
T355 27'
 11
426391.5
 21
1578927.5
 31
0.0
100
AcDbText
  0
CIRCLE
  5
27E
330
17
100
AcDbEntity
  8
L-PLNT-KEEP
100
AcDbCircle
 10
426955.5
 20
1578926.5
 30
0.0
 40
15.285749999999998
  0
CIRCLE
  5
27F
330
17
100
AcDbEntity
  8
L-PLNT-KEEP
100
AcDbCircle
 10
426623.5
 20
1578928.5
 30
0.0
 40
5.827999999999999
  0
CIRCLE
  5
280
330
17
100
AcDbEntity
  8
L-PLNT-KEEP
100
AcDbCircle
 10
426672.5
 20
1578928.5
 30
0.0
 40
6.73325
  0
CIRCLE
  5
281
330
17
100
AcDbEntity
  8
L-PLNT-KEEP
100
AcDbCircle
 10
426987.5
 20
1578929.5
 30
0.0
 40
8.96175
  0
CIRCLE
  5
282
330
17
100
AcDbEntity
  8
L-PLNT-KEEP
100
AcDbCircle
 10
426690.5
 20
1578936.5
 30
0.0
 40
6.85825
  0
CIRCLE
  5
283
330
17
100
AcDbEntity
  8
L-PLNT-KEEP
100
AcDbCircle
 10
426908.5
 20
1578941.5
 30
0.0
 40
9.768249999999998
  0
CIRCLE
  5
284
330
17
100
AcDbEntity
  8
L-PLNT-KEEP
100
AcDbCircle
 10
426976.5
 20
1578944.5
 30
0.0
 40
16.97525
  0
CIRCLE
  5
285
330
17
100
AcDbEntity
  8
L-PLNT-KEEP
100
AcDbCircle
 10
426466.5
 20
1578945.5
 30
0.0
 40
8.742
  0
CIRCLE
  5
286
330
17
100
AcDbEntity
  8
L-PLNT-KEEP
100
AcDbCircle
 10
427049.5
 20
1578945.5
 30
0.0
 40
4.996
  0
CIRCLE
  5
287
330
17
100
AcDbEntity
  8
L-PLNT-REMV
100
AcDbCircle
 10
426374.5
 20
1578946.5
 30
0.0
 40
21.811999999999998
  0
LINE
  5
288
330
17
100
AcDbEntity
  8
L-PLNT-REMV
100
AcDbLine
 10
426359.2316
 20
1578931.2316
 30
0.0
 11
426389.7684
 21
1578961.7684
 31
0.0
  0
LINE
  5
289
330
17
100
AcDbEntity
  8
L-PLNT-REMV
100
AcDbLine
 10
426359.2316
 20
1578961.7684
 30
0.0
 11
426389.7684
 21
1578931.2316
 31
0.0
  0
TEXT
  5
28A
330
17
100
AcDbEntity
  8
L-PLNT-ANNO
100
AcDbText
 10
426375.5
 20
1578947.5
 30
0.0
 40
1.8
  1
T365 28'
 11
426375.5
 21
1578947.5
 31
0.0
100
AcDbText
  0
CIRCLE
  5
28B
330
17
100
AcDbEntity
  8
L-PLNT-REMV
100
AcDbCircle
 10
426393.5
 20
1578947.5
 30
0.0
 40
20.92825
  0
LINE
  5
28C
330
17
100
AcDbEntity
  8
L-PLNT-REMV
100
AcDbLine
 10
426378.850225
 20
1578932.850225
 30
0.0
 11
426408.149775
 21
1578962.149775
 31
0.0
  0
LINE
  5
28D
330
17
100
AcDbEntity
  8
L-PLNT-REMV
100
AcDbLine
 10
426378.850225
 20
1578962.149775
 30
0.0
 11
426408.149775
 21
1578932.850225
 31
0.0
  0
TEXT
  5
28E
330
17
100
AcDbEntity
  8
L-PLNT-ANNO
100
AcDbText
 10
426394.5
 20
1578948.5
 30
0.0
 40
1.8
  1
T366 26'
 11
426394.5
 21
1578948.5
 31
0.0
100
AcDbText
  0
CIRCLE
  5
28F
330
17
100
AcDbEntity
  8
L-PLNT-KEEP
100
AcDbCircle
 10
426822.5
 20
1578947.5
 30
0.0
 40
5.98325
  0
CIRCLE
  5
290
330
17
100
AcDbEntity
  8
L-PLNT-KEEP
100
AcDbCircle
 10
426993.5
 20
1578947.5
 30
0.0
 40
11.763499999999999
  0
CIRCLE
  5
291
330
17
100
AcDbEntity
  8
L-PLNT-KEEP
100
AcDbCircle
 10
425829.5
 20
1578956.5
 30
0.0
 40
6.83675
  0
CIRCLE
  5
292
330
17
100
AcDbEntity
  8
L-PLNT-KEEP
100
AcDbCircle
 10
426836.5
 20
1578958.5
 30
0.0
 40
7.3454999999999995
  0
CIRCLE
  5
293
330
17
100
AcDbEntity
  8
L-PLNT-KEEP
100
AcDbCircle
 10
425812.5
 20
1578959.5
 30
0.0
 40
6.246
  0
CIRCLE
  5
294
330
17
100
AcDbEntity
  8
L-PLNT-KEEP
100
AcDbCircle
 10
426969.5
 20
1578961.5
 30
0.0
 40
19.0445
  0
CIRCLE
  5
295
330
17
100
AcDbEntity
  8
L-PLNT-KEEP
100
AcDbCircle
 10
426003.5
 20
1578962.5
 30
0.0
 40
8.992
  0
CIRCLE
  5
296
330
17
100
AcDbEntity
  8
L-PLNT-KEEP
100
AcDbCircle
 10
427017.5
 20
1578963.5
 30
0.0
 40
16.30725
  0
CIRCLE
  5
297
330
17
100
AcDbEntity
  8
L-PLNT-KEEP
100
AcDbCircle
 10
426921.5
 20
1578964.5
 30
0.0
 40
6.785
  0
CIRCLE
  5
298
330
17
100
AcDbEntity
  8
L-PLNT-REMV
100
AcDbCircle
 10
426372.5
 20
1578967.5
 30
0.0
 40
21.811999999999998
  0
LINE
  5
299
330
17
100
AcDbEntity
  8
L-PLNT-REMV
100
AcDbLine
 10
426357.2316
 20
1578952.2316
 30
0.0
 11
426387.7684
 21
1578982.7684
 31
0.0
  0
LINE
  5
29A
330
17
100
AcDbEntity
  8
L-PLNT-REMV
100
AcDbLine
 10
426357.2316
 20
1578982.7684
 30
0.0
 11
426387.7684
 21
1578952.2316
 31
0.0
  0
TEXT
  5
29B
330
17
100
AcDbEntity
  8
L-PLNT-ANNO
100
AcDbText
 10
426373.5
 20
1578968.5
 30
0.0
 40
1.8
  1
T376 27'
 11
426373.5
 21
1578968.5
 31
0.0
100
AcDbText
  0
CIRCLE
  5
29C
330
17
100
AcDbEntity
  8
L-PLNT-KEEP
100
AcDbCircle
 10
426935.5
 20
1578970.5
 30
0.0
 40
16.9195
  0
CIRCLE
  5
29D
330
17
100
AcDbEntity
  8
L-PLNT-KEEP
100
AcDbCircle
 10
426860.5
 20
1578971.5
 30
0.0
 40
4.0
  0
CIRCLE
  5
29E
330
17
100
AcDbEntity
  8
L-PLNT-KEEP
100
AcDbCircle
 10
426892.5
 20
1578972.5
 30
0.0
 40
11.155999999999999
  0
CIRCLE
  5
29F
330
17
100
AcDbEntity
  8
L-PLNT-KEEP
100
AcDbCircle
 10
427004.5
 20
1578976.5
 30
0.0
 40
17.652
  0
CIRCLE
  5
2A0
330
17
100
AcDbEntity
  8
L-PLNT-REMV
100
AcDbCircle
 10
426346.5
 20
1578977.5
 30
0.0
 40
19.191
  0
LINE
  5
2A1
330
17
100
AcDbEntity
  8
L-PLNT-REMV
100
AcDbLine
 10
426333.0663
 20
1578964.0663
 30
0.0
 11
426359.9337
 21
1578990.9337
 31
0.0
  0
LINE
  5
2A2
330
17
100
AcDbEntity
  8
L-PLNT-REMV
100
AcDbLine
 10
426333.0663
 20
1578990.9337
 30
0.0
 11
426359.9337
 21
1578964.0663
 31
0.0
  0
TEXT
  5
2A3
330
17
100
AcDbEntity
  8
L-PLNT-ANNO
100
AcDbText
 10
426347.5
 20
1578978.5
 30
0.0
 40
1.8
  1
T381 26'
 11
426347.5
 21
1578978.5
 31
0.0
100
AcDbText
  0
CIRCLE
  5
2A4
330
17
100
AcDbEntity
  8
L-PLNT-KEEP
100
AcDbCircle
 10
426415.5
 20
1578977.5
 30
0.0
 40
8.742
  0
CIRCLE
  5
2A5
330
17
100
AcDbEntity
  8
L-PLNT-KEEP
100
AcDbCircle
 10
426878.5
 20
1578977.5
 30
0.0
 40
4.19425
  0
CIRCLE
  5
2A6
330
17
100
AcDbEntity
  8
L-PLNT-KEEP
100
AcDbCircle
 10
425755.5
 20
1578979.5
 30
0.0
 40
6.5995
  0
CIRCLE
  5
2A7
330
17
100
AcDbEntity
  8
L-PLNT-KEEP
100
AcDbCircle
 10
425769.5
 20
1578980.5
 30
0.0
 40
6.297750000000001
  0
CIRCLE
  5
2A8
330
17
100
AcDbEntity
  8
L-PLNT-KEEP
100
AcDbCircle
 10
426850.5
 20
1578980.5
 30
0.0
 40
4.0
  0
CIRCLE
  5
2A9
330
17
100
AcDbEntity
  8
L-PLNT-KEEP
100
AcDbCircle
 10
426808.5
 20
1578981.5
 30
0.0
 40
8.742
  0
CIRCLE
  5
2AA
330
17
100
AcDbEntity
  8
L-PLNT-KEEP
100
AcDbCircle
 10
426453.5
 20
1578983.5
 30
0.0
 40
10.02225
  0
CIRCLE
  5
2AB
330
17
100
AcDbEntity
  8
L-PLNT-KEEP
100
AcDbCircle
 10
426979.5
 20
1578983.5
 30
0.0
 40
15.276999999999997
  0
CIRCLE
  5
2AC
330
17
100
AcDbEntity
  8
L-PLNT-KEEP
100
AcDbCircle
 10
426960.5
 20
1578984.5
 30
0.0
 40
20.863749999999996
  0
CIRCLE
  5
2AD
330
17
100
AcDbEntity
  8
L-PLNT-KEEP
100
AcDbCircle
 10
427045.5
 20
1578985.5
 30
0.0
 40
8.6385
  0
CIRCLE
  5
2AE
330
17
100
AcDbEntity
  8
L-PLNT-KEEP
100
AcDbCircle
 10
426340.5
 20
1578996.5
 30
0.0
 40
11.08275
  0
CIRCLE
  5
2AF
330
17
100
AcDbEntity
  8
L-PLNT-KEEP
100
AcDbCircle
 10
426436.5
 20
1579000.5
 30
0.0
 40
6.37975
  0
CIRCLE
  5
2B0
330
17
100
AcDbEntity
  8
L-PLNT-KEEP
100
AcDbCircle
 10
427005.5
 20
1579003.5
 30
0.0
 40
13.35425
  0
CIRCLE
  5
2B1
330
17
100
AcDbEntity
  8
L-PLNT-KEEP
100
AcDbCircle
 10
426395.5
 20
1579004.5
 30
0.0
 40
4.0
  0
CIRCLE
  5
2B2
330
17
100
AcDbEntity
  8
L-PLNT-REMV
100
AcDbCircle
 10
426324.5
 20
1579005.5
 30
0.0
 40
5.702999999999999
  0
LINE
  5
2B3
330
17
100
AcDbEntity
  8
L-PLNT-REMV
100
AcDbLine
 10
426320.5079
 20
1579001.5079
 30
0.0
 11
426328.4921
 21
1579009.4921
 31
0.0
  0
LINE
  5
2B4
330
17
100
AcDbEntity
  8
L-PLNT-REMV
100
AcDbLine
 10
426320.5079
 20
1579009.4921
 30
0.0
 11
426328.4921
 21
1579001.5079
 31
0.0
  0
TEXT
  5
2B5
330
17
100
AcDbEntity
  8
L-PLNT-ANNO
100
AcDbText
 10
426325.5
 20
1579006.5
 30
0.0
 40
1.8
  1
T396 22'
 11
426325.5
 21
1579006.5
 31
0.0
100
AcDbText
  0
CIRCLE
  5
2B6
330
17
100
AcDbEntity
  8
L-PLNT-KEEP
100
AcDbCircle
 10
425752.5
 20
1579009.5
 30
0.0
 40
5.92275
  0
CIRCLE
  5
2B7
330
17
100
AcDbEntity
  8
L-PLNT-KEEP
100
AcDbCircle
 10
425761.5
 20
1579009.5
 30
0.0
 40
5.65125
  0
CIRCLE
  5
2B8
330
17
100
AcDbEntity
  8
L-PLNT-KEEP
100
AcDbCircle
 10
426366.5
 20
1579010.5
 30
0.0
 40
10.6735
  0
CIRCLE
  5
2B9
330
17
100
AcDbEntity
  8
L-PLNT-KEEP
100
AcDbCircle
 10
426891.5
 20
1579010.5
 30
0.0
 40
15.664749999999998
  0
CIRCLE
  5
2BA
330
17
100
AcDbEntity
  8
L-PLNT-KEEP
100
AcDbCircle
 10
426873.5
 20
1579012.5
 30
0.0
 40
9.315249999999999
  0
CIRCLE
  5
2BB
330
17
100
AcDbEntity
  8
L-PLNT-KEEP
100
AcDbCircle
 10
426971.5
 20
1579016.5
 30
0.0
 40
9.29375
  0
CIRCLE
  5
2BC
330
17
100
AcDbEntity
  8
L-PLNT-KEEP
100
AcDbCircle
 10
426416.5
 20
1579018.5
 30
0.0
 40
6.3065
  0
CIRCLE
  5
2BD
330
17
100
AcDbEntity
  8
L-PLNT-KEEP
100
AcDbCircle
 10
426948.5
 20
1579018.5
 30
0.0
 40
6.909999999999999
  0
CIRCLE
  5
2BE
330
17
100
AcDbEntity
  8
L-PLNT-KEEP
100
AcDbCircle
 10
425822.5
 20
1579020.5
 30
0.0
 40
4.0
  0
CIRCLE
  5
2BF
330
17
100
AcDbEntity
  8
L-PLNT-KEEP
100
AcDbCircle
 10
425986.5
 20
1579020.5
 30
0.0
 40
10.02225
  0
CIRCLE
  5
2C0
330
17
100
AcDbEntity
  8
L-PLNT-KEEP
100
AcDbCircle
 10
426987.5
 20
1579022.5
 30
0.0
 40
5.539
  0
CIRCLE
  5
2C1
330
17
100
AcDbEntity
  8
L-PLNT-KEEP
100
AcDbCircle
 10
426863.5
 20
1579024.5
 30
0.0
 40
4.0
  0
CIRCLE
  5
2C2
330
17
100
AcDbEntity
  8
L-PLNT-KEEP
100
AcDbCircle
 10
426377.5
 20
1579027.5
 30
0.0
 40
9.52225
  0
CIRCLE
  5
2C3
330
17
100
AcDbEntity
  8
L-PLNT-KEEP
100
AcDbCircle
 10
426833.5
 20
1579027.5
 30
0.0
 40
8.617
  0
CIRCLE
  5
2C4
330
17
100
AcDbEntity
  8
L-PLNT-REMV
100
AcDbCircle
 10
426302.5
 20
1579028.5
 30
0.0
 40
18.5875
  0
LINE
  5
2C5
330
17
100
AcDbEntity
  8
L-PLNT-REMV
100
AcDbLine
 10
426289.48875
 20
1579015.48875
 30
0.0
 11
426315.51125
 21
1579041.51125
 31
0.0
  0
LINE
  5
2C6
330
17
100
AcDbEntity
  8
L-PLNT-REMV
100
AcDbLine
 10
426289.48875
 20
1579041.51125
 30
0.0
 11
426315.51125
 21
1579015.48875
 31
0.0
  0
TEXT
  5
2C7
330
17
100
AcDbEntity
  8
L-PLNT-ANNO
100
AcDbText
 10
426303.5
 20
1579029.5
 30
0.0
 40
1.8
  1
T411 29'
 11
426303.5
 21
1579029.5
 31
0.0
100
AcDbText
  0
CIRCLE
  5
2C8
330
17
100
AcDbEntity
  8
L-PLNT-KEEP
100
AcDbCircle
 10
425757.5
 20
1579030.5
 30
0.0
 40
4.0
  0
CIRCLE
  5
2C9
330
17
100
AcDbEntity
  8
L-PLNT-KEEP
100
AcDbCircle
 10
426410.5
 20
1579035.5
 30
0.0
 40
6.12975
  0
CIRCLE
  5
2CA
330
17
100
AcDbEntity
  8
L-PLNT-KEEP
100
AcDbCircle
 10
427002.5
 20
1579036.5
 30
0.0
 40
11.83275
  0
CIRCLE
  5
2CB
330
17
100
AcDbEntity
  8
L-PLNT-KEEP
100
AcDbCircle
 10
427041.5
 20
1579038.5
 30
0.0
 40
9.89725
  0
CIRCLE
  5
2CC
330
17
100
AcDbEntity
  8
L-PLNT-KEEP
100
AcDbCircle
 10
426892.5
 20
1579041.5
 30
0.0
 40
17.45375
  0
CIRCLE
  5
2CD
330
17
100
AcDbEntity
  8
L-PLNT-KEEP
100
AcDbCircle
 10
425774.5
 20
1579044.5
 30
0.0
 40
4.54775
  0
CIRCLE
  5
2CE
330
17
100
AcDbEntity
  8
L-PLNT-REMV
100
AcDbCircle
 10
426314.5
 20
1579046.5
 30
0.0
 40
19.6655
  0
LINE
  5
2CF
330
17
100
AcDbEntity
  8
L-PLNT-REMV
100
AcDbLine
 10
426300.73415
 20
1579032.73415
 30
0.0
 11
426328.26585
 21
1579060.26585
 31
0.0
  0
LINE
  5
2D0
330
17
100
AcDbEntity
  8
L-PLNT-REMV
100
AcDbLine
 10
426300.73415
 20
1579060.26585
 30
0.0
 11
426328.26585
 21
1579032.73415
 31
0.0
  0
TEXT
  5
2D1
330
17
100
AcDbEntity
  8
L-PLNT-ANNO
100
AcDbText
 10
426315.5
 20
1579047.5
 30
0.0
 40
1.8
  1
T418 24'
 11
426315.5
 21
1579047.5
 31
0.0
100
AcDbText
  0
CIRCLE
  5
2D2
330
17
100
AcDbEntity
  8
L-PLNT-KEEP
100
AcDbCircle
 10
426230.5
 20
1579047.5
 30
0.0
 40
6.73325
  0
CIRCLE
  5
2D3
330
17
100
AcDbEntity
  8
L-PLNT-KEEP
100
AcDbCircle
 10
426877.5
 20
1579048.5
 30
0.0
 40
21.23875
  0
CIRCLE
  5
2D4
330
17
100
AcDbEntity
  8
L-PLNT-KEEP
100
AcDbCircle
 10
426828.5
 20
1579049.5
 30
0.0
 40
6.858250000000001
  0
CIRCLE
  5
2D5
330
17
100
AcDbEntity
  8
L-PLNT-REMV
100
AcDbCircle
 10
426342.5
 20
1579052.5
 30
0.0
 40
10.25075
  0
LINE
  5
2D6
330
17
100
AcDbEntity
  8
L-PLNT-REMV
100
AcDbLine
 10
426335.324475
 20
1579045.324475
 30
0.0
 11
426349.675525
 21
1579059.675525
 31
0.0
  0
LINE
  5
2D7
330
17
100
AcDbEntity
  8
L-PLNT-REMV
100
AcDbLine
 10
426335.324475
 20
1579059.675525
 30
0.0
 11
426349.675525
 21
1579045.324475
 31
0.0
  0
TEXT
  5
2D8
330
17
100
AcDbEntity
  8
L-PLNT-ANNO
100
AcDbText
 10
426343.5
 20
1579053.5
 30
0.0
 40
1.8
  1
T422 26'
 11
426343.5
 21
1579053.5
 31
0.0
100
AcDbText
  0
CIRCLE
  5
2D9
330
17
100
AcDbEntity
  8
L-PLNT-REMV
100
AcDbCircle
 10
426299.5
 20
1579056.5
 30
0.0
 40
15.816
  0
LINE
  5
2DA
330
17
100
AcDbEntity
  8
L-PLNT-REMV
100
AcDbLine
 10
426288.4288
 20
1579045.4288
 30
0.0
 11
426310.5712
 21
1579067.5712
 31
0.0
  0
LINE
  5
2DB
330
17
100
AcDbEntity
  8
L-PLNT-REMV
100
AcDbLine
 10
426288.4288
 20
1579067.5712
 30
0.0
 11
426310.5712
 21
1579045.4288
 31
0.0
  0
TEXT
  5
2DC
330
17
100
AcDbEntity
  8
L-PLNT-ANNO
100
AcDbText
 10
426300.5
 20
1579057.5
 30
0.0
 40
1.8
  1
T423 24'
 11
426300.5
 21
1579057.5
 31
0.0
100
AcDbText
  0
CIRCLE
  5
2DD
330
17
100
AcDbEntity
  8
L-PLNT-KEEP
100
AcDbCircle
 10
425842.5
 20
1579057.5
 30
0.0
 40
4.0
  0
CIRCLE
  5
2DE
330
17
100
AcDbEntity
  8
L-PLNT-KEEP
100
AcDbCircle
 10
426953.5
 20
1579057.5
 30
0.0
 40
6.5955
  0
CIRCLE
  5
2DF
330
17
100
AcDbEntity
  8
L-PLNT-KEEP
100
AcDbCircle
 10
426371.5
 20
1579058.5
 30
0.0
 40
4.19425
  0
CIRCLE
  5
2E0
330
17
100
AcDbEntity
  8
L-PLNT-KEEP
100
AcDbCircle
 10
426401.5
 20
1579060.5
 30
0.0
 40
8.065249999999999
  0
CIRCLE
  5
2E1
330
17
100
AcDbEntity
  8
L-PLNT-KEEP
100
AcDbCircle
 10
426966.5
 20
1579062.5
 30
0.0
 40
8.711749999999999
  0
CIRCLE
  5
2E2
330
17
100
AcDbEntity
  8
L-PLNT-KEEP
100
AcDbCircle
 10
426891.5
 20
1579066.5
 30
0.0
 40
21.949749999999998
  0
CIRCLE
  5
2E3
330
17
100
AcDbEntity
  8
L-PLNT-KEEP
100
AcDbCircle
 10
426220.5
 20
1579069.5
 30
0.0
 40
14.212499999999999
  0
CIRCLE
  5
2E4
330
17
100
AcDbEntity
  8
L-PLNT-KEEP
100
AcDbCircle
 10
426428.5
 20
1579077.5
 30
0.0
 40
12.488
  0
CIRCLE
  5
2E5
330
17
100
AcDbEntity
  8
L-PLNT-KEEP
100
AcDbCircle
 10
425801.5
 20
1579080.5
 30
0.0
 40
4.0
  0
CIRCLE
  5
2E6
330
17
100
AcDbEntity
  8
L-PLNT-KEEP
100
AcDbCircle
 10
426211.5
 20
1579081.5
 30
0.0
 40
16.55325
  0
CIRCLE
  5
2E7
330
17
100
AcDbEntity
  8
L-PLNT-KEEP
100
AcDbCircle
 10
426388.5
 20
1579083.5
 30
0.0
 40
6.73325
  0
CIRCLE
  5
2E8
330
17
100
AcDbEntity
  8
L-PLNT-KEEP
100
AcDbCircle
 10
426358.5
 20
1579084.5
 30
0.0
 40
10.552499999999998
  0
CIRCLE
  5
2E9
330
17
100
AcDbEntity
  8
L-PLNT-KEEP
100
AcDbCircle
 10
427006.5
 20
1579089.5
 30
0.0
 40
11.229249999999999
  0
CIRCLE
  5
2EA
330
17
100
AcDbEntity
  8
L-PLNT-KEEP
100
AcDbCircle
 10
426891.5
 20
1579091.5
 30
0.0
 40
17.195
  0
CIRCLE
  5
2EB
330
17
100
AcDbEntity
  8
L-PLNT-KEEP
100
AcDbCircle
 10
426201.5
 20
1579092.5
 30
0.0
 40
14.78175
  0
CIRCLE
  5
2EC
330
17
100
AcDbEntity
  8
L-PLNT-REMV
100
AcDbCircle
 10
426305.5
 20
1579093.5
 30
0.0
 40
16.859
  0
LINE
  5
2ED
330
17
100
AcDbEntity
  8
L-PLNT-REMV
100
AcDbLine
 10
426293.6987
 20
1579081.6987
 30
0.0
 11
426317.3013
 21
1579105.3013
 31
0.0
  0
LINE
  5
2EE
330
17
100
AcDbEntity
  8
L-PLNT-REMV
100
AcDbLine
 10
426293.6987
 20
1579105.3013
 30
0.0
 11
426317.3013
 21
1579081.6987
 31
0.0
  0
TEXT
  5
2EF
330
17
100
AcDbEntity
  8
L-PLNT-ANNO
100
AcDbText
 10
426306.5
 20
1579094.5
 30
0.0
 40
1.8
  1
T439 27'
 11
426306.5
 21
1579094.5
 31
0.0
100
AcDbText
  0
CIRCLE
  5
2F0
330
17
100
AcDbEntity
  8
L-PLNT-KEEP
100
AcDbCircle
 10
426968.5
 20
1579097.5
 30
0.0
 40
8.440249999999999
  0
CIRCLE
  5
2F1
330
17
100
AcDbEntity
  8
L-PLNT-KEEP
100
AcDbCircle
 10
425762.5
 20
1579098.5
 30
0.0
 40
4.0
  0
CIRCLE
  5
2F2
330
17
100
AcDbEntity
  8
L-PLNT-KEEP
100
AcDbCircle
 10
426036.5
 20
1579101.5
 30
0.0
 40
4.0
  0
CIRCLE
  5
2F3
330
17
100
AcDbEntity
  8
L-PLNT-KEEP
100
AcDbCircle
 10
426185.5
 20
1579106.5
 30
0.0
 40
15.440999999999999
  0
CIRCLE
  5
2F4
330
17
100
AcDbEntity
  8
L-PLNT-KEEP
100
AcDbCircle
 10
426379.5
 20
1579106.5
 30
0.0
 40
7.94025
  0
CIRCLE
  5
2F5
330
17
100
AcDbEntity
  8
L-PLNT-KEEP
100
AcDbCircle
 10
426935.5
 20
1579106.5
 30
0.0
 40
5.702999999999999
  0
CIRCLE
  5
2F6
330
17
100
AcDbEntity
  8
L-PLNT-KEEP
100
AcDbCircle
 10
425785.5
 20
1579107.5
 30
0.0
 40
4.621
  0
CIRCLE
  5
2F7
330
17
100
AcDbEntity
  8
L-PLNT-KEEP
100
AcDbCircle
 10
426951.5
 20
1579108.5
 30
0.0
 40
7.50075
  0
CIRCLE
  5
2F8
330
17
100
AcDbEntity
  8
L-PLNT-KEEP
100
AcDbCircle
 10
426173.5
 20
1579109.5
 30
0.0
 40
11.406
  0
CIRCLE
  5
2F9
330
17
100
AcDbEntity
  8
L-PLNT-KEEP
100
AcDbCircle
 10
426894.5
 20
1579109.5
 30
0.0
 40
15.949000000000002
  0
CIRCLE
  5
2FA
330
17
100
AcDbEntity
  8
L-PLNT-KEEP
100
AcDbCircle
 10
426226.5
 20
1579110.5
 30
0.0
 40
9.5955
  0
CIRCLE
  5
2FB
330
17
100
AcDbEntity
  8
L-PLNT-KEEP
100
AcDbCircle
 10
426264.5
 20
1579111.5
 30
0.0
 40
4.0
  0
CIRCLE
  5
2FC
330
17
100
AcDbEntity
  8
L-PLNT-KEEP
100
AcDbCircle
 10
426819.5
 20
1579119.5
 30
0.0
 40
4.31925
  0
CIRCLE
  5
2FD
330
17
100
AcDbEntity
  8
L-PLNT-KEEP
100
AcDbCircle
 10
426864.5
 20
1579119.5
 30
0.0
 40
12.893249999999998
  0
CIRCLE
  5
2FE
330
17
100
AcDbEntity
  8
L-PLNT-KEEP
100
AcDbCircle
 10
426965.5
 20
1579123.5
 30
0.0
 40
12.57875
  0
CIRCLE
  5
2FF
330
17
100
AcDbEntity
  8
L-PLNT-KEEP
100
AcDbCircle
 10
427042.5
 20
1579123.5
 30
0.0
 40
9.698999999999998
  0
CIRCLE
  5
300
330
17
100
AcDbEntity
  8
L-PLNT-REMV
100
AcDbCircle
 10
426306.5
 20
1579124.5
 30
0.0
 40
20.023
  0
LINE
  5
301
330
17
100
AcDbEntity
  8
L-PLNT-REMV
100
AcDbLine
 10
426292.4839
 20
1579110.4839
 30
0.0
 11
426320.5161
 21
1579138.5161
 31
0.0
  0
LINE
  5
302
330
17
100
AcDbEntity
  8
L-PLNT-REMV
100
AcDbLine
 10
426292.4839
 20
1579138.5161
 30
0.0
 11
426320.5161
 21
1579110.4839
 31
0.0
  0
TEXT
  5
303
330
17
100
AcDbEntity
  8
L-PLNT-ANNO
100
AcDbText
 10
426307.5
 20
1579125.5
 30
0.0
 40
1.8
  1
T456 32'
 11
426307.5
 21
1579125.5
 31
0.0
100
AcDbText
  0
CIRCLE
  5
304
330
17
100
AcDbEntity
  8
L-PLNT-KEEP
100
AcDbCircle
 10
426986.5
 20
1579124.5
 30
0.0
 40
5.452999999999999
  0
CIRCLE
  5
305
330
17
100
AcDbEntity
  8
L-PLNT-KEEP
100
AcDbCircle
 10
426889.5
 20
1579137.5
 30
0.0
 40
15.97925
  0
CIRCLE
  5
306
330
17
100
AcDbEntity
  8
L-PLNT-KEEP
100
AcDbCircle
 10
426343.5
 20
1579140.5
 30
0.0
 40
11.405999999999999
  0
CIRCLE
  5
307
330
17
100
AcDbEntity
  8
L-PLNT-KEEP
100
AcDbCircle
 10
426843.5
 20
1579142.5
 30
0.0
 40
11.3845
  0
CIRCLE
  5
308
330
17
100
AcDbEntity
  8
L-PLNT-KEEP
100
AcDbCircle
 10
426946.5
 20
1579145.5
 30
0.0
 40
11.406
  0
CIRCLE
  5
309
330
17
100
AcDbEntity
  8
L-PLNT-KEEP
100
AcDbCircle
 10
426372.5
 20
1579146.5
 30
0.0
 40
9.617
  0
CIRCLE
  5
30A
330
17
100
AcDbEntity
  8
L-PLNT-KEEP
100
AcDbCircle
 10
426968.5
 20
1579157.5
 30
0.0
 40
8.89725
  0
CIRCLE
  5
30B
330
17
100
AcDbEntity
  8
L-PLNT-KEEP
100
AcDbCircle
 10
427004.5
 20
1579157.5
 30
0.0
 40
13.3845
  0
CIRCLE
  5
30C
330
17
100
AcDbEntity
  8
L-PLNT-KEEP
100
AcDbCircle
 10
427049.5
 20
1579159.5
 30
0.0
 40
4.0
  0
CIRCLE
  5
30D
330
17
100
AcDbEntity
  8
L-PLNT-REMV
100
AcDbCircle
 10
426306.5
 20
1579160.5
 30
0.0
 40
12.4235
  0
LINE
  5
30E
330
17
100
AcDbEntity
  8
L-PLNT-REMV
100
AcDbLine
 10
426297.80355
 20
1579151.80355
 30
0.0
 11
426315.19645
 21
1579169.19645
 31
0.0
  0
LINE
  5
30F
330
17
100
AcDbEntity
  8
L-PLNT-REMV
100
AcDbLine
 10
426297.80355
 20
1579169.19645
 30
0.0
 11
426315.19645
 21
1579151.80355
 31
0.0
  0
TEXT
  5
310
330
17
100
AcDbEntity
  8
L-PLNT-ANNO
100
AcDbText
 10
426307.5
 20
1579161.5
 30
0.0
 40
1.8
  1
T466 32'
 11
426307.5
 21
1579161.5
 31
0.0
100
AcDbText
  0
CIRCLE
  5
311
330
17
100
AcDbEntity
  8
L-PLNT-KEEP
100
AcDbCircle
 10
426988.5
 20
1579161.5
 30
0.0
 40
13.311250000000001
  0
CIRCLE
  5
312
330
17
100
AcDbEntity
  8
L-PLNT-KEEP
100
AcDbCircle
 10
426909.5
 20
1579162.5
 30
0.0
 40
23.113749999999996
  0
CIRCLE
  5
313
330
17
100
AcDbEntity
  8
L-PLNT-KEEP
100
AcDbCircle
 10
426950.5
 20
1579162.5
 30
0.0
 40
12.1385
  0
CIRCLE
  5
314
330
17
100
AcDbEntity
  8
L-PLNT-KEEP
100
AcDbCircle
 10
426373.5
 20
1579168.5
 30
0.0
 40
6.077999999999999
  0
CIRCLE
  5
315
330
17
100
AcDbEntity
  8
L-PLNT-KEEP
100
AcDbCircle
 10
426875.5
 20
1579174.5
 30
0.0
 40
24.945749999999997
  0
CIRCLE
  5
316
330
17
100
AcDbEntity
  8
L-PLNT-KEEP
100
AcDbCircle
 10
426904.5
 20
1579175.5
 30
0.0
 40
24.027749999999997
  0
CIRCLE
  5
317
330
17
100
AcDbEntity
  8
L-PLNT-KEEP
100
AcDbCircle
 10
426858.5
 20
1579180.5
 30
0.0
 40
20.3335
  0
CIRCLE
  5
318
330
17
100
AcDbEntity
  8
L-PLNT-KEEP
100
AcDbCircle
 10
426339.5
 20
1579186.5
 30
0.0
 40
6.4315
  0
CIRCLE
  5
319
330
17
100
AcDbEntity
  8
L-PLNT-KEEP
100
AcDbCircle
 10
426914.5
 20
1579187.5
 30
0.0
 40
12.80725
  0
CIRCLE
  5
31A
330
17
100
AcDbEntity
  8
L-PLNT-KEEP
100
AcDbCircle
 10
426941.5
 20
1579188.5
 30
0.0
 40
4.31925
  0
CIRCLE
  5
31B
330
17
100
AcDbEntity
  8
L-PLNT-KEEP
100
AcDbCircle
 10
426311.5
 20
1579191.5
 30
0.0
 40
18.273
  0
CIRCLE
  5
31C
330
17
100
AcDbEntity
  8
L-PLNT-KEEP
100
AcDbCircle
 10
427041.5
 20
1579195.5
 30
0.0
 40
8.565249999999999
  0
CIRCLE
  5
31D
330
17
100
AcDbEntity
  8
L-PLNT-KEEP
100
AcDbCircle
 10
426373.5
 20
1579196.5
 30
0.0
 40
11.457749999999999
  0
CIRCLE
  5
31E
330
17
100
AcDbEntity
  8
L-PLNT-KEEP
100
AcDbCircle
 10
426943.5
 20
1579199.5
 30
0.0
 40
4.547750000000001
  0
CIRCLE
  5
31F
330
17
100
AcDbEntity
  8
L-PLNT-KEEP
100
AcDbCircle
 10
426833.5
 20
1579206.5
 30
0.0
 40
10.25075
  0
CIRCLE
  5
320
330
17
100
AcDbEntity
  8
L-PLNT-KEEP
100
AcDbCircle
 10
426889.5
 20
1579213.5
 30
0.0
 40
10.7635
  0
CIRCLE
  5
321
330
17
100
AcDbEntity
  8
L-PLNT-KEEP
100
AcDbCircle
 10
426313.5
 20
1579224.5
 30
0.0
 40
19.5875
  0
CIRCLE
  5
322
330
17
100
AcDbEntity
  8
L-PLNT-KEEP
100
AcDbCircle
 10
426380.5
 20
1579224.5
 30
0.0
 40
8.828
  0
CIRCLE
  5
323
330
17
100
AcDbEntity
  8
L-PLNT-KEEP
100
AcDbCircle
 10
426344.5
 20
1579225.5
 30
0.0
 40
7.0565
  0
CIRCLE
  5
324
330
17
100
AcDbEntity
  8
L-PLNT-KEEP
100
AcDbCircle
 10
426963.5
 20
1579225.5
 30
0.0
 40
13.109
  0
CIRCLE
  5
325
330
17
100
AcDbEntity
  8
L-PLNT-KEEP
100
AcDbCircle
 10
426761.5
 20
1579226.5
 30
0.0
 40
5.151249999999999
  0
CIRCLE
  5
326
330
17
100
AcDbEntity
  8
L-PLNT-KEEP
100
AcDbCircle
 10
425881.5
 20
1579235.5
 30
0.0
 40
10.12575
  0
CIRCLE
  5
327
330
17
100
AcDbEntity
  8
L-PLNT-KEEP
100
AcDbCircle
 10
427042.5
 20
1579236.5
 30
0.0
 40
18.2945
  0
CIRCLE
  5
328
330
17
100
AcDbEntity
  8
L-PLNT-KEEP
100
AcDbCircle
 10
426801.5
 20
1579237.5
 30
0.0
 40
7.6385000000000005
  0
CIRCLE
  5
329
330
17
100
AcDbEntity
  8
L-PLNT-KEEP
100
AcDbCircle
 10
427029.5
 20
1579239.5
 30
0.0
 40
20.311999999999998
  0
CIRCLE
  5
32A
330
17
100
AcDbEntity
  8
L-PLNT-KEEP
100
AcDbCircle
 10
426386.5
 20
1579240.5
 30
0.0
 40
10.00075
  0
CIRCLE
  5
32B
330
17
100
AcDbEntity
  8
L-PLNT-KEEP
100
AcDbCircle
 10
426948.5
 20
1579243.5
 30
0.0
 40
19.824749999999998
  0
CIRCLE
  5
32C
330
17
100
AcDbEntity
  8
L-PLNT-KEEP
100
AcDbCircle
 10
426856.5
 20
1579247.5
 30
0.0
 40
15.152000000000001
  0
CIRCLE
  5
32D
330
17
100
AcDbEntity
  8
L-PLNT-KEEP
100
AcDbCircle
 10
426358.5
 20
1579253.5
 30
0.0
 40
9.0955
  0
CIRCLE
  5
32E
330
17
100
AcDbEntity
  8
L-PLNT-KEEP
100
AcDbCircle
 10
426908.5
 20
1579257.5
 30
0.0
 40
24.765
  0
CIRCLE
  5
32F
330
17
100
AcDbEntity
  8
L-PLNT-KEEP
100
AcDbCircle
 10
427049.5
 20
1579257.5
 30
0.0
 40
20.897999999999996
  0
CIRCLE
  5
330
330
17
100
AcDbEntity
  8
L-PLNT-KEEP
100
AcDbCircle
 10
426317.5
 20
1579259.5
 30
0.0
 40
15.234
  0
CIRCLE
  5
331
330
17
100
AcDbEntity
  8
L-PLNT-KEEP
100
AcDbCircle
 10
427024.5
 20
1579259.5
 30
0.0
 40
26.9935
  0
CIRCLE
  5
332
330
17
100
AcDbEntity
  8
L-PLNT-KEEP
100
AcDbCircle
 10
426829.5
 20
1579260.5
 30
0.0
 40
12.061250000000001
  0
CIRCLE
  5
333
330
17
100
AcDbEntity
  8
L-PLNT-KEEP
100
AcDbCircle
 10
426390.5
 20
1579266.5
 30
0.0
 40
5.52625
  0
CIRCLE
  5
334
330
17
100
AcDbEntity
  8
L-PLNT-KEEP
100
AcDbCircle
 10
425781.5
 20
1579269.5
 30
0.0
 40
10.449
  0
CIRCLE
  5
335
330
17
100
AcDbEntity
  8
L-PLNT-KEEP
100
AcDbCircle
 10
425791.5
 20
1579272.5
 30
0.0
 40
9.616999999999999
  0
CIRCLE
  5
336
330
17
100
AcDbEntity
  8
L-PLNT-KEEP
100
AcDbCircle
 10
426283.5
 20
1579273.5
 30
0.0
 40
4.0
  0
CIRCLE
  5
337
330
17
100
AcDbEntity
  8
L-PLNT-KEEP
100
AcDbCircle
 10
427049.5
 20
1579273.5
 30
0.0
 40
20.471249999999998
  0
CIRCLE
  5
338
330
17
100
AcDbEntity
  8
L-PLNT-KEEP
100
AcDbCircle
 10
425917.5
 20
1579275.5
 30
0.0
 40
10.9275
  0
CIRCLE
  5
339
330
17
100
AcDbEntity
  8
L-PLNT-KEEP
100
AcDbCircle
 10
426334.5
 20
1579276.5
 30
0.0
 40
12.37175
  0
CIRCLE
  5
33A
330
17
100
AcDbEntity
  8
L-PLNT-KEEP
100
AcDbCircle
 10
427023.5
 20
1579277.5
 30
0.0
 40
25.85975
  0
CIRCLE
  5
33B
330
17
100
AcDbEntity
  8
L-PLNT-REMV
100
AcDbCircle
 10
426870.5
 20
1579279.5
 30
0.0
 40
10.311250000000001
  0
LINE
  5
33C
330
17
100
AcDbEntity
  8
L-PLNT-REMV
100
AcDbLine
 10
426863.282125
 20
1579272.282125
 30
0.0
 11
426877.717875
 21
1579286.717875
 31
0.0
  0
LINE
  5
33D
330
17
100
AcDbEntity
  8
L-PLNT-REMV
100
AcDbLine
 10
426863.282125
 20
1579286.717875
 30
0.0
 11
426877.717875
 21
1579272.282125
 31
0.0
  0
TEXT
  5
33E
330
17
100
AcDbEntity
  8
L-PLNT-ANNO
100
AcDbText
 10
426871.5
 20
1579280.5
 30
0.0
 40
1.8
  1
T509 24'
 11
426871.5
 21
1579280.5
 31
0.0
100
AcDbText
  0
CIRCLE
  5
33F
330
17
100
AcDbEntity
  8
L-PLNT-KEEP
100
AcDbCircle
 10
426259.5
 20
1579283.5
 30
0.0
 40
5.827999999999999
  0
CIRCLE
  5
340
330
17
100
AcDbEntity
  8
L-PLNT-KEEP
100
AcDbCircle
 10
426278.5
 20
1579283.5
 30
0.0
 40
7.75475
  0
CIRCLE
  5
341
330
17
100
AcDbEntity
  8
L-PLNT-KEEP
100
AcDbCircle
 10
427046.5
 20
1579283.5
 30
0.0
 40
19.617749999999997
  0
CIRCLE
  5
342
330
17
100
AcDbEntity
  8
L-PLNT-REMV
100
AcDbCircle
 10
426354.5
 20
1579285.5
 30
0.0
 40
14.440999999999999
  0
LINE
  5
343
330
17
100
AcDbEntity
  8
L-PLNT-REMV
100
AcDbLine
 10
426344.3913
 20
1579275.3913
 30
0.0
 11
426364.6087
 21
1579295.6087
 31
0.0
  0
LINE
  5
344
330
17
100
AcDbEntity
  8
L-PLNT-REMV
100
AcDbLine
 10
426344.3913
 20
1579295.6087
 30
0.0
 11
426364.6087
 21
1579275.3913
 31
0.0
  0
TEXT
  5
345
330
17
100
AcDbEntity
  8
L-PLNT-ANNO
100
AcDbText
 10
426355.5
 20
1579286.5
 30
0.0
 40
1.8
  1
T513 18'
 11
426355.5
 21
1579286.5
 31
0.0
100
AcDbText
  0
CIRCLE
  5
346
330
17
100
AcDbEntity
  8
L-PLNT-KEEP
100
AcDbCircle
 10
426943.5
 20
1579286.5
 30
0.0
 40
30.0
  0
CIRCLE
  5
347
330
17
100
AcDbEntity
  8
L-PLNT-KEEP
100
AcDbCircle
 10
426793.5
 20
1579289.5
 30
0.0
 40
10.324
  0
CIRCLE
  5
348
330
17
100
AcDbEntity
  8
L-PLNT-KEEP
100
AcDbCircle
 10
426964.5
 20
1579291.5
 30
0.0
 40
24.286499999999997
  0
CIRCLE
  5
349
330
17
100
AcDbEntity
  8
L-PLNT-REMV
100
AcDbCircle
 10
426315.5
 20
1579292.5
 30
0.0
 40
15.005499999999998
  0
LINE
  5
34A
330
17
100
AcDbEntity
  8
L-PLNT-REMV
100
AcDbLine
 10
426304.99615
 20
1579281.99615
 30
0.0
 11
426326.00385
 21
1579303.00385
 31
0.0
  0
LINE
  5
34B
330
17
100
AcDbEntity
  8
L-PLNT-REMV
100
AcDbLine
 10
426304.99615
 20
1579303.00385
 30
0.0
 11
426326.00385
 21
1579281.99615
 31
0.0
  0
TEXT
  5
34C
330
17
100
AcDbEntity
  8
L-PLNT-ANNO
100
AcDbText
 10
426316.5
 20
1579293.5
 30
0.0
 40
1.8
  1
T517 26'
 11
426316.5
 21
1579293.5
 31
0.0
100
AcDbText
  0
CIRCLE
  5
34D
330
17
100
AcDbEntity
  8
L-PLNT-REMV
100
AcDbCircle
 10
426848.5
 20
1579292.5
 30
0.0
 40
11.832749999999999
  0
LINE
  5
34E
330
17
100
AcDbEntity
  8
L-PLNT-REMV
100
AcDbLine
 10
426840.217075
 20
1579284.217075
 30
0.0
 11
426856.782925
 21
1579300.782925
 31
0.0
  0
LINE
  5
34F
330
17
100
AcDbEntity
  8
L-PLNT-REMV
100
AcDbLine
 10
426840.217075
 20
1579300.782925
 30
0.0
 11
426856.782925
 21
1579284.217075
 31
0.0
  0
TEXT
  5
350
330
17
100
AcDbEntity
  8
L-PLNT-ANNO
100
AcDbText
 10
426849.5
 20
1579293.5
 30
0.0
 40
1.8
  1
T518 27'
 11
426849.5
 21
1579293.5
 31
0.0
100
AcDbText
  0
CIRCLE
  5
351
330
17
100
AcDbEntity
  8
L-PLNT-KEEP
100
AcDbCircle
 10
425837.5
 20
1579294.5
 30
0.0
 40
9.574
  0
CIRCLE
  5
352
330
17
100
AcDbEntity
  8
L-PLNT-KEEP
100
AcDbCircle
 10
427034.5
 20
1579296.5
 30
0.0
 40
17.6695
  0
CIRCLE
  5
353
330
17
100
AcDbEntity
  8
L-PLNT-KEEP
100
AcDbCircle
 10
426937.5
 20
1579301.5
 30
0.0
 40
21.9585
  0
CIRCLE
  5
354
330
17
100
AcDbEntity
  8
L-PLNT-KEEP
100
AcDbCircle
 10
426951.5
 20
1579303.5
 30
0.0
 40
27.264999999999997
  0
CIRCLE
  5
355
330
17
100
AcDbEntity
  8
L-PLNT-KEEP
100
AcDbCircle
 10
425944.5
 20
1579306.5
 30
0.0
 40
6.98325
  0
CIRCLE
  5
356
330
17
100
AcDbEntity
  8
L-PLNT-KEEP
100
AcDbCircle
 10
426412.5
 20
1579308.5
 30
0.0
 40
4.621
  0
CIRCLE
  5
357
330
17
100
AcDbEntity
  8
L-PLNT-KEEP
100
AcDbCircle
 10
426902.5
 20
1579308.5
 30
0.0
 40
12.819999999999999
  0
CIRCLE
  5
358
330
17
100
AcDbEntity
  8
L-PLNT-REMV
100
AcDbCircle
 10
426871.5
 20
1579312.5
 30
0.0
 40
13.880500000000001
  0
LINE
  5
359
330
17
100
AcDbEntity
  8
L-PLNT-REMV
100
AcDbLine
 10
426861.78365
 20
1579302.78365
 30
0.0
 11
426881.21635
 21
1579322.21635
 31
0.0
  0
LINE
  5
35A
330
17
100
AcDbEntity
  8
L-PLNT-REMV
100
AcDbLine
 10
426861.78365
 20
1579322.21635
 30
0.0
 11
426881.21635
 21
1579302.78365
 31
0.0
  0
TEXT
  5
35B
330
17
100
AcDbEntity
  8
L-PLNT-ANNO
100
AcDbText
 10
426872.5
 20
1579313.5
 30
0.0
 40
1.8
  1
T526 25'
 11
426872.5
 21
1579313.5
 31
0.0
100
AcDbText
  0
CIRCLE
  5
35C
330
17
100
AcDbEntity
  8
L-PLNT-KEEP
100
AcDbCircle
 10
426785.5
 20
1579313.5
 30
0.0
 40
6.12975
  0
CIRCLE
  5
35D
330
17
100
AcDbEntity
  8
L-PLNT-KEEP
100
AcDbCircle
 10
426951.5
 20
1579314.5
 30
0.0
 40
20.90675
  0
CIRCLE
  5
35E
330
17
100
AcDbEntity
  8
L-PLNT-REMV
100
AcDbCircle
 10
426374.5
 20
1579315.5
 30
0.0
 40
15.31125
  0
LINE
  5
35F
330
17
100
AcDbEntity
  8
L-PLNT-REMV
100
AcDbLine
 10
426363.782125
 20
1579304.782125
 30
0.0
 11
426385.217875
 21
1579326.217875
 31
0.0
  0
LINE
  5
360
330
17
100
AcDbEntity
  8
L-PLNT-REMV
100
AcDbLine
 10
426363.782125
 20
1579326.217875
 30
0.0
 11
426385.217875
 21
1579304.782125
 31
0.0
  0
TEXT
  5
361
330
17
100
AcDbEntity
  8
L-PLNT-ANNO
100
AcDbText
 10
426375.5
 20
1579316.5
 30
0.0
 40
1.8
  1
T529 23'
 11
426375.5
 21
1579316.5
 31
0.0
100
AcDbText
  0
CIRCLE
  5
362
330
17
100
AcDbEntity
  8
L-PLNT-REMV
100
AcDbCircle
 10
426323.5
 20
1579317.5
 30
0.0
 40
21.5405
  0
LINE
  5
363
330
17
100
AcDbEntity
  8
L-PLNT-REMV
100
AcDbLine
 10
426308.42165
 20
1579302.42165
 30
0.0
 11
426338.57835
 21
1579332.57835
 31
0.0
  0
LINE
  5
364
330
17
100
AcDbEntity
  8
L-PLNT-REMV
100
AcDbLine
 10
426308.42165
 20
1579332.57835
 30
0.0
 11
426338.57835
 21
1579302.42165
 31
0.0
  0
TEXT
  5
365
330
17
100
AcDbEntity
  8
L-PLNT-ANNO
100
AcDbText
 10
426324.5
 20
1579318.5
 30
0.0
 40
1.8
  1
T530 37'
 11
426324.5
 21
1579318.5
 31
0.0
100
AcDbText
  0
CIRCLE
  5
366
330
17
100
AcDbEntity
  8
L-PLNT-KEEP
100
AcDbCircle
 10
426818.5
 20
1579319.5
 30
0.0
 40
11.177499999999998
  0
CIRCLE
  5
367
330
17
100
AcDbEntity
  8
L-PLNT-KEEP
100
AcDbCircle
 10
426263.5
 20
1579326.5
 30
0.0
 40
6.60825
  0
CIRCLE
  5
368
330
17
100
AcDbEntity
  8
L-PLNT-KEEP
100
AcDbCircle
 10
426434.5
 20
1579326.5
 30
0.0
 40
13.1735
  0
CIRCLE
  5
369
330
17
100
AcDbEntity
  8
L-PLNT-KEEP
100
AcDbCircle
 10
426893.5
 20
1579326.5
 30
0.0
 40
10.41475
  0
CIRCLE
  5
36A
330
17
100
AcDbEntity
  8
L-PLNT-REMV
100
AcDbCircle
 10
426341.5
 20
1579333.5
 30
0.0
 40
26.44175
  0
LINE
  5
36B
330
17
100
AcDbEntity
  8
L-PLNT-REMV
100
AcDbLine
 10
426322.990775
 20
1579314.990775
 30
0.0
 11
426360.009225
 21
1579352.009225
 31
0.0
  0
LINE
  5
36C
330
17
100
AcDbEntity
  8
L-PLNT-REMV
100
AcDbLine
 10
426322.990775
 20
1579352.009225
 30
0.0
 11
426360.009225
 21
1579314.990775
 31
0.0
  0
TEXT
  5
36D
330
17
100
AcDbEntity
  8
L-PLNT-ANNO
100
AcDbText
 10
426342.5
 20
1579334.5
 30
0.0
 40
1.8
  1
T535 35'
 11
426342.5
 21
1579334.5
 31
0.0
100
AcDbText
  0
CIRCLE
  5
36E
330
17
100
AcDbEntity
  8
L-PLNT-KEEP
100
AcDbCircle
 10
427045.5
 20
1579334.5
 30
0.0
 40
17.441
  0
CIRCLE
  5
36F
330
17
100
AcDbEntity
  8
L-PLNT-KEEP
100
AcDbCircle
 10
426451.5
 20
1579337.5
 30
0.0
 40
6.5565
  0
CIRCLE
  5
370
330
17
100
AcDbEntity
  8
L-PLNT-KEEP
100
AcDbCircle
 10
425879.5
 20
1579338.5
 30
0.0
 40
11.082749999999999
  0
CIRCLE
  5
371
330
17
100
AcDbEntity
  8
L-PLNT-KEEP
100
AcDbCircle
 10
426775.5
 20
1579339.5
 30
0.0
 40
10.37575
  0
CIRCLE
  5
372
330
17
100
AcDbEntity
  8
L-PLNT-KEEP
100
AcDbCircle
 10
426879.5
 20
1579339.5
 30
0.0
 40
12.155999999999999
  0
CIRCLE
  5
373
330
17
100
AcDbEntity
  8
L-PLNT-KEEP
100
AcDbCircle
 10
425893.5
 20
1579343.5
 30
0.0
 40
12.738
  0
CIRCLE
  5
374
330
17
100
AcDbEntity
  8
L-PLNT-REMV
100
AcDbCircle
 10
426329.5
 20
1579343.5
 30
0.0
 40
30.0
  0
LINE
  5
375
330
17
100
AcDbEntity
  8
L-PLNT-REMV
100
AcDbLine
 10
426308.5
 20
1579322.5
 30
0.0
 11
426350.5
 21
1579364.5
 31
0.0
  0
LINE
  5
376
330
17
100
AcDbEntity
  8
L-PLNT-REMV
100
AcDbLine
 10
426308.5
 20
1579364.5
 30
0.0
 11
426350.5
 21
1579322.5
 31
0.0
  0
TEXT
  5
377
330
17
100
AcDbEntity
  8
L-PLNT-ANNO
100
AcDbText
 10
426330.5
 20
1579344.5
 30
0.0
 40
1.8
  1
T542 35'
 11
426330.5
 21
1579344.5
 31
0.0
100
AcDbText
  0
CIRCLE
  5
378
330
17
100
AcDbEntity
  8
L-PLNT-KEEP
100
AcDbCircle
 10
426262.5
 20
1579345.5
 30
0.0
 40
6.91
  0
CIRCLE
  5
379
330
17
100
AcDbEntity
  8
L-PLNT-KEEP
100
AcDbCircle
 10
425831.5
 20
1579346.5
 30
0.0
 40
9.470500000000001
  0
CIRCLE
  5
37A
330
17
100
AcDbEntity
  8
L-PLNT-REMV
100
AcDbCircle
 10
426388.5
 20
1579346.5
 30
0.0
 40
13.905999999999999
  0
LINE
  5
37B
330
17
100
AcDbEntity
  8
L-PLNT-REMV
100
AcDbLine
 10
426378.7658
 20
1579336.7658
 30
0.0
 11
426398.2342
 21
1579356.2342
 31
0.0
  0
LINE
  5
37C
330
17
100
AcDbEntity
  8
L-PLNT-REMV
100
AcDbLine
 10
426378.7658
 20
1579356.2342
 30
0.0
 11
426398.2342
 21
1579336.7658
 31
0.0
  0
TEXT
  5
37D
330
17
100
AcDbEntity
  8
L-PLNT-ANNO
100
AcDbText
 10
426389.5
 20
1579347.5
 30
0.0
 40
1.8
  1
T545 25'
 11
426389.5
 21
1579347.5
 31
0.0
100
AcDbText
  0
CIRCLE
  5
37E
330
17
100
AcDbEntity
  8
L-PLNT-KEEP
100
AcDbCircle
 10
425942.5
 20
1579347.5
 30
0.0
 40
4.0
  0
CIRCLE
  5
37F
330
17
100
AcDbEntity
  8
L-PLNT-KEEP
100
AcDbCircle
 10
426618.5
 20
1579351.5
 30
0.0
 40
4.67275
  0
CIRCLE
  5
380
330
17
100
AcDbEntity
  8
L-PLNT-KEEP
100
AcDbCircle
 10
426948.5
 20
1579351.5
 30
0.0
 40
14.64325
  0
CIRCLE
  5
381
330
17
100
AcDbEntity
  8
L-PLNT-KEEP
100
AcDbCircle
 10
426481.5
 20
1579352.5
 30
0.0
 40
12.78575
  0
CIRCLE
  5
382
330
17
100
AcDbEntity
  8
L-PLNT-KEEP
100
AcDbCircle
 10
426580.5
 20
1579353.5
 30
0.0
 40
14.00075
  0
CIRCLE
  5
383
330
17
100
AcDbEntity
  8
L-PLNT-KEEP
100
AcDbCircle
 10
426841.5
 20
1579354.5
 30
0.0
 40
10.302499999999998
  0
CIRCLE
  5
384
330
17
100
AcDbEntity
  8
L-PLNT-KEEP
100
AcDbCircle
 10
426746.5
 20
1579358.5
 30
0.0
 40
6.8065
  0
CIRCLE
  5
385
330
17
100
AcDbEntity
  8
L-PLNT-KEEP
100
AcDbCircle
 10
426532.5
 20
1579360.5
 30
0.0
 40
9.043750000000001
  0
CIRCLE
  5
386
330
17
100
AcDbEntity
  8
L-PLNT-KEEP
100
AcDbCircle
 10
426794.5
 20
1579360.5
 30
0.0
 40
4.121
  0
CIRCLE
  5
387
330
17
100
AcDbEntity
  8
L-PLNT-REMV
100
AcDbCircle
 10
426363.5
 20
1579361.5
 30
0.0
 40
26.666249999999998
  0
LINE
  5
388
330
17
100
AcDbEntity
  8
L-PLNT-REMV
100
AcDbLine
 10
426344.833625
 20
1579342.833625
 30
0.0
 11
426382.166375
 21
1579380.166375
 31
0.0
  0
LINE
  5
389
330
17
100
AcDbEntity
  8
L-PLNT-REMV
100
AcDbLine
 10
426344.833625
 20
1579380.166375
 30
0.0
 11
426382.166375
 21
1579342.833625
 31
0.0
  0
TEXT
  5
38A
330
17
100
AcDbEntity
  8
L-PLNT-ANNO
100
AcDbText
 10
426364.5
 20
1579362.5
 30
0.0
 40
1.8
  1
T555 32'
 11
426364.5
 21
1579362.5
 31
0.0
100
AcDbText
  0
CIRCLE
  5
38B
330
17
100
AcDbEntity
  8
L-PLNT-KEEP
100
AcDbCircle
 10
426879.5
 20
1579361.5
 30
0.0
 40
16.057249999999996
  0
CIRCLE
  5
38C
330
17
100
AcDbEntity
  8
L-PLNT-REMV
100
AcDbCircle
 10
426337.5
 20
1579362.5
 30
0.0
 40
25.9545
  0
LINE
  5
38D
330
17
100
AcDbEntity
  8
L-PLNT-REMV
100
AcDbLine
 10
426319.33185
 20
1579344.33185
 30
0.0
 11
426355.66815
 21
1579380.66815
 31
0.0
  0
LINE
  5
38E
330
17
100
AcDbEntity
  8
L-PLNT-REMV
100
AcDbLine
 10
426319.33185
 20
1579380.66815
 30
0.0
 11
426355.66815
 21
1579344.33185
 31
0.0
  0
TEXT
  5
38F
330
17
100
AcDbEntity
  8
L-PLNT-ANNO
100
AcDbText
 10
426338.5
 20
1579363.5
 30
0.0
 40
1.8
  1
T557 37'
 11
426338.5
 21
1579363.5
 31
0.0
100
AcDbText
  0
CIRCLE
  5
390
330
17
100
AcDbEntity
  8
L-PLNT-KEEP
100
AcDbCircle
 10
427006.5
 20
1579362.5
 30
0.0
 40
23.661499999999997
  0
CIRCLE
  5
391
330
17
100
AcDbEntity
  8
L-PLNT-KEEP
100
AcDbCircle
 10
426691.5
 20
1579368.5
 30
0.0
 40
5.52625
  0
CIRCLE
  5
392
330
17
100
AcDbEntity
  8
L-PLNT-KEEP
100
AcDbCircle
 10
426585.5
 20
1579369.5
 30
0.0
 40
13.319999999999999
  0
CIRCLE
  5
393
330
17
100
AcDbEntity
  8
L-PLNT-KEEP
100
AcDbCircle
 10
426718.5
 20
1579370.5
 30
0.0
 40
11.530999999999999
  0
CIRCLE
  5
394
330
17
100
AcDbEntity
  8
L-PLNT-KEEP
100
AcDbCircle
 10
427031.5
 20
1579372.5
 30
0.0
 40
28.27375
  0
CIRCLE
  5
395
330
17
100
AcDbEntity
  8
L-PLNT-REMV
100
AcDbCircle
 10
426429.5
 20
1579373.5
 30
0.0
 40
14.64325
  0
LINE
  5
396
330
17
100
AcDbEntity
  8
L-PLNT-REMV
100
AcDbLine
 10
426419.249725
 20
1579363.249725
 30
0.0
 11
426439.750275
 21
1579383.750275
 31
0.0
  0
LINE
  5
397
330
17
100
AcDbEntity
  8
L-PLNT-REMV
100
AcDbLine
 10
426419.249725
 20
1579383.750275
 30
0.0
 11
426439.750275
 21
1579363.249725
 31
0.0
  0
TEXT
  5
398
330
17
100
AcDbEntity
  8
L-PLNT-ANNO
100
AcDbText
 10
426430.5
 20
1579374.5
 30
0.0
 40
1.8
  1
T563 26'
 11
426430.5
 21
1579374.5
 31
0.0
100
AcDbText
  0
CIRCLE
  5
399
330
17
100
AcDbEntity
  8
L-PLNT-KEEP
100
AcDbCircle
 10
426657.5
 20
1579374.5
 30
0.0
 40
11.707749999999999
  0
CIRCLE
  5
39A
330
17
100
AcDbEntity
  8
L-PLNT-REMV
100
AcDbCircle
 10
426465.5
 20
1579376.5
 30
0.0
 40
19.36775
  0
LINE
  5
39B
330
17
100
AcDbEntity
  8
L-PLNT-REMV
100
AcDbLine
 10
426451.942575
 20
1579362.942575
 30
0.0
 11
426479.057425
 21
1579390.057425
 31
0.0
  0
LINE
  5
39C
330
17
100
AcDbEntity
  8
L-PLNT-REMV
100
AcDbLine
 10
426451.942575
 20
1579390.057425
 30
0.0
 11
426479.057425
 21
1579362.942575
 31
0.0
  0
TEXT
  5
39D
330
17
100
AcDbEntity
  8
L-PLNT-ANNO
100
AcDbText
 10
426466.5
 20
1579377.5
 30
0.0
 40
1.8
  1
T565 27'
 11
426466.5
 21
1579377.5
 31
0.0
100
AcDbText
  0
CIRCLE
  5
39E
330
17
100
AcDbEntity
  8
L-PLNT-KEEP
100
AcDbCircle
 10
426325.5
 20
1579378.5
 30
0.0
 40
19.32075
  0
CIRCLE
  5
39F
330
17
100
AcDbEntity
  8
L-PLNT-KEEP
100
AcDbCircle
 10
426940.5
 20
1579381.5
 30
0.0
 40
19.00625
  0
CIRCLE
  5
3A0
330
17
100
AcDbEntity
  8
L-PLNT-KEEP
100
AcDbCircle
 10
426874.5
 20
1579385.5
 30
0.0
 40
18.03575
  0
CIRCLE
  5
3A1
330
17
100
AcDbEntity
  8
L-PLNT-KEEP
100
AcDbCircle
 10
426292.5
 20
1579387.5
 30
0.0
 40
12.20775
  0
CIRCLE
  5
3A2
330
17
100
AcDbEntity
  8
L-PLNT-KEEP
100
AcDbCircle
 10
426925.5
 20
1579389.5
 30
0.0
 40
16.652
  0
CIRCLE
  5
3A3
330
17
100
AcDbEntity
  8
L-PLNT-KEEP
100
AcDbCircle
 10
425847.5
 20
1579390.5
 30
0.0
 40
12.2595
  0
CIRCLE
  5
3A4
330
17
100
AcDbEntity
  8
L-PLNT-KEEP
100
AcDbCircle
 10
426267.5
 20
1579390.5
 30
0.0
 40
8.785
  0
CIRCLE
  5
3A5
330
17
100
AcDbEntity
  8
L-PLNT-KEEP
100
AcDbCircle
 10
427048.5
 20
1579391.5
 30
0.0
 40
18.014249999999997
  0
CIRCLE
  5
3A6
330
17
100
AcDbEntity
  8
L-PLNT-REMV
100
AcDbCircle
 10
426345.5
 20
1579393.5
 30
0.0
 40
25.049249999999997
  0
LINE
  5
3A7
330
17
100
AcDbEntity
  8
L-PLNT-REMV
100
AcDbLine
 10
426327.965525
 20
1579375.965525
 30
0.0
 11
426363.034475
 21
1579411.034475
 31
0.0
  0
LINE
  5
3A8
330
17
100
AcDbEntity
  8
L-PLNT-REMV
100
AcDbLine
 10
426327.965525
 20
1579411.034475
 30
0.0
 11
426363.034475
 21
1579375.965525
 31
0.0
  0
TEXT
  5
3A9
330
17
100
AcDbEntity
  8
L-PLNT-ANNO
100
AcDbText
 10
426346.5
 20
1579394.5
 30
0.0
 40
1.8
  1
T574 33'
 11
426346.5
 21
1579394.5
 31
0.0
100
AcDbText
  0
CIRCLE
  5
3AA
330
17
100
AcDbEntity
  8
L-PLNT-KEEP
100
AcDbCircle
 10
426715.5
 20
1579396.5
 30
0.0
 40
5.328
  0
CIRCLE
  5
3AB
330
17
100
AcDbEntity
  8
L-PLNT-REMV
100
AcDbCircle
 10
426763.5
 20
1579397.5
 30
0.0
 40
18.066000000000003
  0
LINE
  5
3AC
330
17
100
AcDbEntity
  8
L-PLNT-REMV
100
AcDbLine
 10
426750.8538
 20
1579384.8538
 30
0.0
 11
426776.1462
 21
1579410.1462
 31
0.0
  0
LINE
  5
3AD
330
17
100
AcDbEntity
  8
L-PLNT-REMV
100
AcDbLine
 10
426750.8538
 20
1579410.1462
 30
0.0
 11
426776.1462
 21
1579384.8538
 31
0.0
  0
TEXT
  5
3AE
330
17
100
AcDbEntity
  8
L-PLNT-ANNO
100
AcDbText
 10
426764.5
 20
1579398.5
 30
0.0
 40
1.8
  1
T576 27'
 11
426764.5
 21
1579398.5
 31
0.0
100
AcDbText
  0
CIRCLE
  5
3AF
330
17
100
AcDbEntity
  8
L-PLNT-KEEP
100
AcDbCircle
 10
425886.5
 20
1579398.5
 30
0.0
 40
17.28575
  0
CIRCLE
  5
3B0
330
17
100
AcDbEntity
  8
L-PLNT-KEEP
100
AcDbCircle
 10
426583.5
 20
1579398.5
 30
0.0
 40
14.690999999999999
  0
CIRCLE
  5
3B1
330
17
100
AcDbEntity
  8
L-PLNT-KEEP
100
AcDbCircle
 10
426949.5
 20
1579399.5
 30
0.0
 40
13.33275
  0
CIRCLE
  5
3B2
330
17
100
AcDbEntity
  8
L-PLNT-REMV
100
AcDbCircle
 10
426503.5
 20
1579402.5
 30
0.0
 40
14.9235
  0
LINE
  5
3B3
330
17
100
AcDbEntity
  8
L-PLNT-REMV
100
AcDbLine
 10
426493.05355
 20
1579392.05355
 30
0.0
 11
426513.94645
 21
1579412.94645
 31
0.0
  0
LINE
  5
3B4
330
17
100
AcDbEntity
  8
L-PLNT-REMV
100
AcDbLine
 10
426493.05355
 20
1579412.94645
 30
0.0
 11
426513.94645
 21
1579392.05355
 31
0.0
  0
TEXT
  5
3B5
330
17
100
AcDbEntity
  8
L-PLNT-ANNO
100
AcDbText
 10
426504.5
 20
1579403.5
 30
0.0
 40
1.8
  1
T580 32'
 11
426504.5
 21
1579403.5
 31
0.0
100
AcDbText
  0
CIRCLE
  5
3B6
330
17
100
AcDbEntity
  8
L-PLNT-REMV
100
AcDbCircle
 10
426363.5
 20
1579403.5
 30
0.0
 40
21.394
  0
LINE
  5
3B7
330
17
100
AcDbEntity
  8
L-PLNT-REMV
100
AcDbLine
 10
426348.5242
 20
1579388.5242
 30
0.0
 11
426378.4758
 21
1579418.4758
 31
0.0
  0
LINE
  5
3B8
330
17
100
AcDbEntity
  8
L-PLNT-REMV
100
AcDbLine
 10
426348.5242
 20
1579418.4758
 30
0.0
 11
426378.4758
 21
1579388.5242
 31
0.0
  0
TEXT
  5
3B9
330
17
100
AcDbEntity
  8
L-PLNT-ANNO
100
AcDbText
 10
426364.5
 20
1579404.5
 30
0.0
 40
1.8
  1
T581 25'
 11
426364.5
 21
1579404.5
 31
0.0
100
AcDbText
  0
CIRCLE
  5
3BA
330
17
100
AcDbEntity
  8
L-PLNT-REMV
100
AcDbCircle
 10
426453.5
 20
1579403.5
 30
0.0
 40
13.87175
  0
LINE
  5
3BB
330
17
100
AcDbEntity
  8
L-PLNT-REMV
100
AcDbLine
 10
426443.789775
 20
1579393.789775
 30
0.0
 11
426463.210225
 21
1579413.210225
 31
0.0
  0
LINE
  5
3BC
330
17
100
AcDbEntity
  8
L-PLNT-REMV
100
AcDbLine
 10
426443.789775
 20
1579413.210225
 30
0.0
 11
426463.210225
 21
1579393.789775
 31
0.0
  0
TEXT
  5
3BD
330
17
100
AcDbEntity
  8
L-PLNT-ANNO
100
AcDbText
 10
426454.5
 20
1579404.5
 30
0.0
 40
1.8
  1
T582 27'
 11
426454.5
 21
1579404.5
 31
0.0
100
AcDbText
  0
CIRCLE
  5
3BE
330
17
100
AcDbEntity
  8
L-PLNT-KEEP
100
AcDbCircle
 10
426878.5
 20
1579404.5
 30
0.0
 40
15.64325
  0
CIRCLE
  5
3BF
330
17
100
AcDbEntity
  8
L-PLNT-KEEP
100
AcDbCircle
 10
426330.5
 20
1579405.5
 30
0.0
 40
24.415499999999998
  0
CIRCLE
  5
3C0
330
17
100
AcDbEntity
  8
L-PLNT-REMV
100
AcDbCircle
 10
426547.5
 20
1579407.5
 30
0.0
 40
17.05725
  0
LINE
  5
3C1
330
17
100
AcDbEntity
  8
L-PLNT-REMV
100
AcDbLine
 10
426535.559925
 20
1579395.559925
 30
0.0
 11
426559.440075
 21
1579419.440075
 31
0.0
  0
LINE
  5
3C2
330
17
100
AcDbEntity
  8
L-PLNT-REMV
100
AcDbLine
 10
426535.559925
 20
1579419.440075
 30
0.0
 11
426559.440075
 21
1579395.559925
 31
0.0
  0
TEXT
  5
3C3
330
17
100
AcDbEntity
  8
L-PLNT-ANNO
100
AcDbText
 10
426548.5
 20
1579408.5
 30
0.0
 40
1.8
  1
T585 30'
 11
426548.5
 21
1579408.5
 31
0.0
100
AcDbText
  0
CIRCLE
  5
3C4
330
17
100
AcDbEntity
  8
L-PLNT-KEEP
100
AcDbCircle
 10
426836.5
 20
1579407.5
 30
0.0
 40
8.5135
  0
CIRCLE
  5
3C5
330
17
100
AcDbEntity
  8
L-PLNT-KEEP
100
AcDbCircle
 10
426997.5
 20
1579409.5
 30
0.0
 40
6.6815
  0
CIRCLE
  5
3C6
330
17
100
AcDbEntity
  8
L-PLNT-REMV
100
AcDbCircle
 10
426676.5
 20
1579410.5
 30
0.0
 40
20.8335
  0
LINE
  5
3C7
330
17
100
AcDbEntity
  8
L-PLNT-REMV
100
AcDbLine
 10
426661.91655
 20
1579395.91655
 30
0.0
 11
426691.08345
 21
1579425.08345
 31
0.0
  0
LINE
  5
3C8
330
17
100
AcDbEntity
  8
L-PLNT-REMV
100
AcDbLine
 10
426661.91655
 20
1579425.08345
 30
0.0
 11
426691.08345
 21
1579395.91655
 31
0.0
  0
TEXT
  5
3C9
330
17
100
AcDbEntity
  8
L-PLNT-ANNO
100
AcDbText
 10
426677.5
 20
1579411.5
 30
0.0
 40
1.8
  1
T588 27'
 11
426677.5
 21
1579411.5
 31
0.0
100
AcDbText
  0
CIRCLE
  5
3CA
330
17
100
AcDbEntity
  8
L-PLNT-KEEP
100
AcDbCircle
 10
426601.5
 20
1579413.5
 30
0.0
 40
16.523
  0
CIRCLE
  5
3CB
330
17
100
AcDbEntity
  8
L-PLNT-KEEP
100
AcDbCircle
 10
426940.5
 20
1579415.5
 30
0.0
 40
19.523
  0
CIRCLE
  5
3CC
330
17
100
AcDbEntity
  8
L-PLNT-REMV
100
AcDbCircle
 10
426362.5
 20
1579416.5
 30
0.0
 40
19.10025
  0
LINE
  5
3CD
330
17
100
AcDbEntity
  8
L-PLNT-REMV
100
AcDbLine
 10
426349.129825
 20
1579403.129825
 30
0.0
 11
426375.870175
 21
1579429.870175
 31
0.0
  0
LINE
  5
3CE
330
17
100
AcDbEntity
  8
L-PLNT-REMV
100
AcDbLine
 10
426349.129825
 20
1579429.870175
 30
0.0
 11
426375.870175
 21
1579403.129825
 31
0.0
  0
TEXT
  5
3CF
330
17
100
AcDbEntity
  8
L-PLNT-ANNO
100
AcDbText
 10
426363.5
 20
1579417.5
 30
0.0
 40
1.8
  1
T591 23'
 11
426363.5
 21
1579417.5
 31
0.0
100
AcDbText
  0
CIRCLE
  5
3D0
330
17
100
AcDbEntity
  8
L-PLNT-REMV
100
AcDbCircle
 10
426800.5
 20
1579416.5
 30
0.0
 40
22.976
  0
LINE
  5
3D1
330
17
100
AcDbEntity
  8
L-PLNT-REMV
100
AcDbLine
 10
426784.4168
 20
1579400.4168
 30
0.0
 11
426816.5832
 21
1579432.5832
 31
0.0
  0
LINE
  5
3D2
330
17
100
AcDbEntity
  8
L-PLNT-REMV
100
AcDbLine
 10
426784.4168
 20
1579432.5832
 30
0.0
 11
426816.5832
 21
1579400.4168
 31
0.0
  0
TEXT
  5
3D3
330
17
100
AcDbEntity
  8
L-PLNT-ANNO
100
AcDbText
 10
426801.5
 20
1579417.5
 30
0.0
 40
1.8
  1
T592 35'
 11
426801.5
 21
1579417.5
 31
0.0
100
AcDbText
  0
CIRCLE
  5
3D4
330
17
100
AcDbEntity
  8
L-PLNT-KEEP
100
AcDbCircle
 10
426376.5
 20
1579421.5
 30
0.0
 40
9.863
  0
CIRCLE
  5
3D5
330
17
100
AcDbEntity
  8
L-PLNT-REMV
100
AcDbCircle
 10
426426.5
 20
1579423.5
 30
0.0
 40
15.703750000000001
  0
LINE
  5
3D6
330
17
100
AcDbEntity
  8
L-PLNT-REMV
100
AcDbLine
 10
426415.507375
 20
1579412.507375
 30
0.0
 11
426437.492625
 21
1579434.492625
 31
0.0
  0
LINE
  5
3D7
330
17
100
AcDbEntity
  8
L-PLNT-REMV
100
AcDbLine
 10
426415.507375
 20
1579434.492625
 30
0.0
 11
426437.492625
 21
1579412.507375
 31
0.0
  0
TEXT
  5
3D8
330
17
100
AcDbEntity
  8
L-PLNT-ANNO
100
AcDbText
 10
426427.5
 20
1579424.5
 30
0.0
 40
1.8
  1
T594 32'
 11
426427.5
 21
1579424.5
 31
0.0
100
AcDbText
  0
CIRCLE
  5
3D9
330
17
100
AcDbEntity
  8
L-PLNT-KEEP
100
AcDbCircle
 10
426867.5
 20
1579424.5
 30
0.0
 40
11.50075
  0
CIRCLE
  5
3DA
330
17
100
AcDbEntity
  8
L-PLNT-KEEP
100
AcDbCircle
 10
426339.5
 20
1579426.5
 30
0.0
 40
23.48475
  0
CIRCLE
  5
3DB
330
17
100
AcDbEntity
  8
L-PLNT-KEEP
100
AcDbCircle
 10
426203.5
 20
1579428.5
 30
0.0
 40
14.89725
  0
CIRCLE
  5
3DC
330
17
100
AcDbEntity
  8
L-PLNT-KEEP
100
AcDbCircle
 10
426182.5
 20
1579429.5
 30
0.0
 40
14.91475
  0
CIRCLE
  5
3DD
330
17
100
AcDbEntity
  8
L-PLNT-REMV
100
AcDbCircle
 10
426731.5
 20
1579429.5
 30
0.0
 40
17.764249999999997
  0
LINE
  5
3DE
330
17
100
AcDbEntity
  8
L-PLNT-REMV
100
AcDbLine
 10
426719.065025
 20
1579417.065025
 30
0.0
 11
426743.934975
 21
1579441.934975
 31
0.0
  0
LINE
  5
3DF
330
17
100
AcDbEntity
  8
L-PLNT-REMV
100
AcDbLine
 10
426719.065025
 20
1579441.934975
 30
0.0
 11
426743.934975
 21
1579417.065025
 31
0.0
  0
TEXT
  5
3E0
330
17
100
AcDbEntity
  8
L-PLNT-ANNO
100
AcDbText
 10
426732.5
 20
1579430.5
 30
0.0
 40
1.8
  1
T599 30'
 11
426732.5
 21
1579430.5
 31
0.0
100
AcDbText
  0
CIRCLE
  5
3E1
330
17
100
AcDbEntity
  8
L-PLNT-KEEP
100
AcDbCircle
 10
426916.5
 20
1579430.5
 30
0.0
 40
5.151249999999999
  0
CIRCLE
  5
3E2
330
17
100
AcDbEntity
  8
L-PLNT-KEEP
100
AcDbCircle
 10
426263.5
 20
1579431.5
 30
0.0
 40
18.984
  0
CIRCLE
  5
3E3
330
17
100
AcDbEntity
  8
L-PLNT-KEEP
100
AcDbCircle
 10
426299.5
 20
1579431.5
 30
0.0
 40
14.26825
  0
CIRCLE
  5
3E4
330
17
100
AcDbEntity
  8
L-PLNT-REMV
100
AcDbCircle
 10
426453.5
 20
1579431.5
 30
0.0
 40
14.863000000000001
  0
LINE
  5
3E5
330
17
100
AcDbEntity
  8
L-PLNT-REMV
100
AcDbLine
 10
426443.0959
 20
1579421.0959
 30
0.0
 11
426463.9041
 21
1579441.9041
 31
0.0
  0
LINE
  5
3E6
330
17
100
AcDbEntity
  8
L-PLNT-REMV
100
AcDbLine
 10
426443.0959
 20
1579441.9041
 30
0.0
 11
426463.9041
 21
1579421.0959
 31
0.0
  0
TEXT
  5
3E7
330
17
100
AcDbEntity
  8
L-PLNT-ANNO
100
AcDbText
 10
426454.5
 20
1579432.5
 30
0.0
 40
1.8
  1
T603 36'
 11
426454.5
 21
1579432.5
 31
0.0
100
AcDbText
  0
CIRCLE
  5
3E8
330
17
100
AcDbEntity
  8
L-PLNT-KEEP
100
AcDbCircle
 10
426015.5
 20
1579433.5
 30
0.0
 40
13.41475
  0
CIRCLE
  5
3E9
330
17
100
AcDbEntity
  8
L-PLNT-KEEP
100
AcDbCircle
 10
426045.5
 20
1579433.5
 30
0.0
 40
15.16475
  0
CIRCLE
  5
3EA
330
17
100
AcDbEntity
  8
L-PLNT-REMV
100
AcDbCircle
 10
426567.5
 20
1579433.5
 30
0.0
 40
15.837499999999999
  0
LINE
  5
3EB
330
17
100
AcDbEntity
  8
L-PLNT-REMV
100
AcDbLine
 10
426556.41375
 20
1579422.41375
 30
0.0
 11
426578.58625
 21
1579444.58625
 31
0.0
  0
LINE
  5
3EC
330
17
100
AcDbEntity
  8
L-PLNT-REMV
100
AcDbLine
 10
426556.41375
 20
1579444.58625
 30
0.0
 11
426578.58625
 21
1579422.41375
 31
0.0
  0
TEXT
  5
3ED
330
17
100
AcDbEntity
  8
L-PLNT-ANNO
100
AcDbText
 10
426568.5
 20
1579434.5
 30
0.0
 40
1.8
  1
T606 33'
 11
426568.5
 21
1579434.5
 31
0.0
100
AcDbText
  0
CIRCLE
  5
3EE
330
17
100
AcDbEntity
  8
L-PLNT-KEEP
100
AcDbCircle
 10
426110.5
 20
1579434.5
 30
0.0
 40
16.24675
  0
CIRCLE
  5
3EF
330
17
100
AcDbEntity
  8
L-PLNT-KEEP
100
AcDbCircle
 10
426075.5
 20
1579435.5
 30
0.0
 40
18.143250000000002
  0
CIRCLE
  5
3F0
330
17
100
AcDbEntity
  8
L-PLNT-KEEP
100
AcDbCircle
 10
426152.5
 20
1579435.5
 30
0.0
 40
12.18625
  0
CIRCLE
  5
3F1
330
17
100
AcDbEntity
  8
L-PLNT-KEEP
100
AcDbCircle
 10
426238.5
 20
1579435.5
 30
0.0
 40
17.9625
  0
CIRCLE
  5
3F2
330
17
100
AcDbEntity
  8
L-PLNT-REMV
100
AcDbCircle
 10
426642.5
 20
1579437.5
 30
0.0
 40
22.83825
  0
LINE
  5
3F3
330
17
100
AcDbEntity
  8
L-PLNT-REMV
100
AcDbLine
 10
426626.513225
 20
1579421.513225
 30
0.0
 11
426658.486775
 21
1579453.486775
 31
0.0
  0
LINE
  5
3F4
330
17
100
AcDbEntity
  8
L-PLNT-REMV
100
AcDbLine
 10
426626.513225
 20
1579453.486775
 30
0.0
 11
426658.486775
 21
1579421.513225
 31
0.0
  0
TEXT
  5
3F5
330
17
100
AcDbEntity
  8
L-PLNT-ANNO
100
AcDbText
 10
426643.5
 20
1579438.5
 30
0.0
 40
1.8
  1
T611 33'
 11
426643.5
 21
1579438.5
 31
0.0
100
AcDbText
  0
CIRCLE
  5
3F6
330
17
100
AcDbEntity
  8
L-PLNT-REMV
100
AcDbCircle
 10
426539.5
 20
1579438.5
 30
0.0
 40
18.53575
  0
LINE
  5
3F7
330
17
100
AcDbEntity
  8
L-PLNT-REMV
100
AcDbLine
 10
426526.524975
 20
1579425.524975
 30
0.0
 11
426552.475025
 21
1579451.475025
 31
0.0
  0
LINE
  5
3F8
330
17
100
AcDbEntity
  8
L-PLNT-REMV
100
AcDbLine
 10
426526.524975
 20
1579451.475025
 30
0.0
 11
426552.475025
 21
1579425.524975
 31
0.0
  0
TEXT
  5
3F9
330
17
100
AcDbEntity
  8
L-PLNT-ANNO
100
AcDbText
 10
426540.5
 20
1579439.5
 30
0.0
 40
1.8
  1
T612 31'
 11
426540.5
 21
1579439.5
 31
0.0
100
AcDbText
  0
CIRCLE
  5
3FA
330
17
100
AcDbEntity
  8
L-PLNT-REMV
100
AcDbCircle
 10
426479.5
 20
1579439.5
 30
0.0
 40
24.993499999999997
  0
LINE
  5
3FB
330
17
100
AcDbEntity
  8
L-PLNT-REMV
100
AcDbLine
 10
426462.00455
 20
1579422.00455
 30
0.0
 11
426496.99545
 21
1579456.99545
 31
0.0
  0
LINE
  5
3FC
330
17
100
AcDbEntity
  8
L-PLNT-REMV
100
AcDbLine
 10
426462.00455
 20
1579456.99545
 30
0.0
 11
426496.99545
 21
1579422.00455
 31
0.0
  0
TEXT
  5
3FD
330
17
100
AcDbEntity
  8
L-PLNT-ANNO
100
AcDbText
 10
426480.5
 20
1579440.5
 30
0.0
 40
1.8
  1
T613 27'
 11
426480.5
 21
1579440.5
 31
0.0
100
AcDbText
  0
CIRCLE
  5
3FE
330
17
100
AcDbEntity
  8
L-PLNT-KEEP
100
AcDbCircle
 10
426388.5
 20
1579440.5
 30
0.0
 40
9.66875
  0
CIRCLE
  5
3FF
330
17
100
AcDbEntity
  8
L-PLNT-REMV
100
AcDbCircle
 10
426696.5
 20
1579440.5
 30
0.0
 40
23.898749999999996
  0
LINE
  5
400
330
17
100
AcDbEntity
  8
L-PLNT-REMV
100
AcDbLine
 10
426679.770875
 20
1579423.770875
 30
0.0
 11
426713.229125
 21
1579457.229125
 31
0.0
  0
LINE
  5
401
330
17
100
AcDbEntity
  8
L-PLNT-REMV
100
AcDbLine
 10
426679.770875
 20
1579457.229125
 30
0.0
 11
426713.229125
 21
1579423.770875
 31
0.0
  0
TEXT
  5
402
330
17
100
AcDbEntity
  8
L-PLNT-ANNO
100
AcDbText
 10
426697.5
 20
1579441.5
 30
0.0
 40
1.8
  1
T615 31'
 11
426697.5
 21
1579441.5
 31
0.0
100
AcDbText
  0
CIRCLE
  5
403
330
17
100
AcDbEntity
  8
L-PLNT-REMV
100
AcDbCircle
 10
426740.5
 20
1579440.5
 30
0.0
 40
17.3375
  0
LINE
  5
404
330
17
100
AcDbEntity
  8
L-PLNT-REMV
100
AcDbLine
 10
426728.36375
 20
1579428.36375
 30
0.0
 11
426752.63625
 21
1579452.63625
 31
0.0
  0
LINE
  5
405
330
17
100
AcDbEntity
  8
L-PLNT-REMV
100
AcDbLine
 10
426728.36375
 20
1579452.63625
 30
0.0
 11
426752.63625
 21
1579428.36375
 31
0.0
  0
TEXT
  5
406
330
17
100
AcDbEntity
  8
L-PLNT-ANNO
100
AcDbText
 10
426741.5
 20
1579441.5
 30
0.0
 40
1.8
  1
T616 30'
 11
426741.5
 21
1579441.5
 31
0.0
100
AcDbText
  0
CIRCLE
  5
407
330
17
100
AcDbEntity
  8
L-PLNT-KEEP
100
AcDbCircle
 10
426970.5
 20
1579440.5
 30
0.0
 40
11.242
  0
CIRCLE
  5
408
330
17
100
AcDbEntity
  8
L-PLNT-REMV
100
AcDbCircle
 10
426507.5
 20
1579442.5
 30
0.0
 40
22.820749999999997
  0
LINE
  5
409
330
17
100
AcDbEntity
  8
L-PLNT-REMV
100
AcDbLine
 10
426491.525475
 20
1579426.525475
 30
0.0
 11
426523.474525
 21
1579458.474525
 31
0.0
  0
LINE
  5
40A
330
17
100
AcDbEntity
  8
L-PLNT-REMV
100
AcDbLine
 10
426491.525475
 20
1579458.474525
 30
0.0
 11
426523.474525
 21
1579426.525475
 31
0.0
  0
TEXT
  5
40B
330
17
100
AcDbEntity
  8
L-PLNT-ANNO
100
AcDbText
 10
426508.5
 20
1579443.5
 30
0.0
 40
1.8
  1
T618 34'
 11
426508.5
 21
1579443.5
 31
0.0
100
AcDbText
  0
CIRCLE
  5
40C
330
17
100
AcDbEntity
  8
L-PLNT-KEEP
100
AcDbCircle
 10
426946.5
 20
1579444.5
 30
0.0
 40
13.013499999999999
  0
CIRCLE
  5
40D
330
17
100
AcDbEntity
  8
L-PLNT-KEEP
100
AcDbCircle
 10
426997.5
 20
1579444.5
 30
0.0
 40
8.065249999999999
  0
CIRCLE
  5
40E
330
17
100
AcDbEntity
  8
L-PLNT-REMV
100
AcDbCircle
 10
426563.5
 20
1579446.5
 30
0.0
 40
21.523
  0
LINE
  5
40F
330
17
100
AcDbEntity
  8
L-PLNT-REMV
100
AcDbLine
 10
426548.4339
 20
1579431.4339
 30
0.0
 11
426578.5661
 21
1579461.5661
 31
0.0
  0
LINE
  5
410
330
17
100
AcDbEntity
  8
L-PLNT-REMV
100
AcDbLine
 10
426548.4339
 20
1579461.5661
 30
0.0
 11
426578.5661
 21
1579431.4339
 31
0.0
  0
TEXT
  5
411
330
17
100
AcDbEntity
  8
L-PLNT-ANNO
100
AcDbText
 10
426564.5
 20
1579447.5
 30
0.0
 40
1.8
  1
T621 30'
 11
426564.5
 21
1579447.5
 31
0.0
100
AcDbText
  0
CIRCLE
  5
412
330
17
100
AcDbEntity
  8
L-PLNT-REMV
100
AcDbCircle
 10
426728.5
 20
1579447.5
 30
0.0
 40
13.72925
  0
LINE
  5
413
330
17
100
AcDbEntity
  8
L-PLNT-REMV
100
AcDbLine
 10
426718.889525
 20
1579437.889525
 30
0.0
 11
426738.110475
 21
1579457.110475
 31
0.0
  0
LINE
  5
414
330
17
100
AcDbEntity
  8
L-PLNT-REMV
100
AcDbLine
 10
426718.889525
 20
1579457.110475
 30
0.0
 11
426738.110475
 21
1579437.889525
 31
0.0
  0
TEXT
  5
415
330
17
100
AcDbEntity
  8
L-PLNT-ANNO
100
AcDbText
 10
426729.5
 20
1579448.5
 30
0.0
 40
1.8
  1
T622 30'
 11
426729.5
 21
1579448.5
 31
0.0
100
AcDbText
  0
CIRCLE
  5
416
330
17
100
AcDbEntity
  8
L-PLNT-REMV
100
AcDbCircle
 10
426578.5
 20
1579451.5
 30
0.0
 40
14.988
  0
LINE
  5
417
330
17
100
AcDbEntity
  8
L-PLNT-REMV
100
AcDbLine
 10
426568.0084
 20
1579441.0084
 30
0.0
 11
426588.9916
 21
1579461.9916
 31
0.0
  0
LINE
  5
418
330
17
100
AcDbEntity
  8
L-PLNT-REMV
100
AcDbLine
 10
426568.0084
 20
1579461.9916
 30
0.0
 11
426588.9916
 21
1579441.0084
 31
0.0
  0
TEXT
  5
419
330
17
100
AcDbEntity
  8
L-PLNT-ANNO
100
AcDbText
 10
426579.5
 20
1579452.5
 30
0.0
 40
1.8
  1
T623 30'
 11
426579.5
 21
1579452.5
 31
0.0
100
AcDbText
  0
CIRCLE
  5
41A
330
17
100
AcDbEntity
  8
L-PLNT-REMV
100
AcDbCircle
 10
426658.5
 20
1579451.5
 30
0.0
 40
22.0835
  0
LINE
  5
41B
330
17
100
AcDbEntity
  8
L-PLNT-REMV
100
AcDbLine
 10
426643.04155
 20
1579436.04155
 30
0.0
 11
426673.95845
 21
1579466.95845
 31
0.0
  0
LINE
  5
41C
330
17
100
AcDbEntity
  8
L-PLNT-REMV
100
AcDbLine
 10
426643.04155
 20
1579466.95845
 30
0.0
 11
426673.95845
 21
1579436.04155
 31
0.0
  0
TEXT
  5
41D
330
17
100
AcDbEntity
  8
L-PLNT-ANNO
100
AcDbText
 10
426659.5
 20
1579452.5
 30
0.0
 40
1.8
  1
T624 35'
 11
426659.5
 21
1579452.5
 31
0.0
100
AcDbText
  0
CIRCLE
  5
41E
330
17
100
AcDbEntity
  8
L-PLNT-KEEP
100
AcDbCircle
 10
426824.5
 20
1579451.5
 30
0.0
 40
12.8845
  0
CIRCLE
  5
41F
330
17
100
AcDbEntity
  8
L-PLNT-KEEP
100
AcDbCircle
 10
427049.5
 20
1579451.5
 30
0.0
 40
8.71175
  0
CIRCLE
  5
420
330
17
100
AcDbEntity
  8
L-PLNT-KEEP
100
AcDbCircle
 10
426912.5
 20
1579453.5
 30
0.0
 40
8.52225
  0
CIRCLE
  5
421
330
17
100
AcDbEntity
  8
L-PLNT-REMV
100
AcDbCircle
 10
426632.5
 20
1579454.5
 30
0.0
 40
22.272999999999996
  0
LINE
  5
422
330
17
100
AcDbEntity
  8
L-PLNT-REMV
100
AcDbLine
 10
426616.9089
 20
1579438.9089
 30
0.0
 11
426648.0911
 21
1579470.0911
 31
0.0
  0
LINE
  5
423
330
17
100
AcDbEntity
  8
L-PLNT-REMV
100
AcDbLine
 10
426616.9089
 20
1579470.0911
 30
0.0
 11
426648.0911
 21
1579438.9089
 31
0.0
  0
TEXT
  5
424
330
17
100
AcDbEntity
  8
L-PLNT-ANNO
100
AcDbText
 10
426633.5
 20
1579455.5
 30
0.0
 40
1.8
  1
T628 38'
 11
426633.5
 21
1579455.5
 31
0.0
100
AcDbText
  0
CIRCLE
  5
425
330
17
100
AcDbEntity
  8
L-PLNT-REMV
100
AcDbCircle
 10
426441.5
 20
1579455.5
 30
0.0
 40
26.325499999999998
  0
LINE
  5
426
330
17
100
AcDbEntity
  8
L-PLNT-REMV
100
AcDbLine
 10
426423.07215
 20
1579437.07215
 30
0.0
 11
426459.92785
 21
1579473.92785
 31
0.0
  0
LINE
  5
427
330
17
100
AcDbEntity
  8
L-PLNT-REMV
100
AcDbLine
 10
426423.07215
 20
1579473.92785
 30
0.0
 11
426459.92785
 21
1579437.07215
 31
0.0
  0
TEXT
  5
428
330
17
100
AcDbEntity
  8
L-PLNT-ANNO
100
AcDbText
 10
426442.5
 20
1579456.5
 30
0.0
 40
1.8
  1
T629 28'
 11
426442.5
 21
1579456.5
 31
0.0
100
AcDbText
  0
CIRCLE
  5
429
330
17
100
AcDbEntity
  8
L-PLNT-REMV
100
AcDbCircle
 10
426704.5
 20
1579455.5
 30
0.0
 40
19.057249999999996
  0
LINE
  5
42A
330
17
100
AcDbEntity
  8
L-PLNT-REMV
100
AcDbLine
 10
426691.159925
 20
1579442.159925
 30
0.0
 11
426717.840075
 21
1579468.840075
 31
0.0
  0
LINE
  5
42B
330
17
100
AcDbEntity
  8
L-PLNT-REMV
100
AcDbLine
 10
426691.159925
 20
1579468.840075
 30
0.0
 11
426717.840075
 21
1579442.159925
 31
0.0
  0
TEXT
  5
42C
330
17
100
AcDbEntity
  8
L-PLNT-ANNO
100
AcDbText
 10
426705.5
 20
1579456.5
 30
0.0
 40
1.8
  1
T630 34'
 11
426705.5
 21
1579456.5
 31
0.0
100
AcDbText
  0
CIRCLE
  5
42D
330
17
100
AcDbEntity
  8
L-PLNT-REMV
100
AcDbCircle
 10
426807.5
 20
1579455.5
 30
0.0
 40
19.88925
  0
LINE
  5
42E
330
17
100
AcDbEntity
  8
L-PLNT-REMV
100
AcDbLine
 10
426793.577525
 20
1579441.577525
 30
0.0
 11
426821.422475
 21
1579469.422475
 31
0.0
  0
LINE
  5
42F
330
17
100
AcDbEntity
  8
L-PLNT-REMV
100
AcDbLine
 10
426793.577525
 20
1579469.422475
 30
0.0
 11
426821.422475
 21
1579441.577525
 31
0.0
  0
TEXT
  5
430
330
17
100
AcDbEntity
  8
L-PLNT-ANNO
100
AcDbText
 10
426808.5
 20
1579456.5
 30
0.0
 40
1.8
  1
T631 39'
 11
426808.5
 21
1579456.5
 31
0.0
100
AcDbText
  0
CIRCLE
  5
431
330
17
100
AcDbEntity
  8
L-PLNT-KEEP
100
AcDbCircle
 10
425936.5
 20
1579457.5
 30
0.0
 40
13.488000000000001
  0
CIRCLE
  5
432
330
17
100
AcDbEntity
  8
L-PLNT-REMV
100
AcDbCircle
 10
426690.5
 20
1579457.5
 30
0.0
 40
20.6695
  0
LINE
  5
433
330
17
100
AcDbEntity
  8
L-PLNT-REMV
100
AcDbLine
 10
426676.03135
 20
1579443.03135
 30
0.0
 11
426704.96865
 21
1579471.96865
 31
0.0
  0
LINE
  5
434
330
17
100
AcDbEntity
  8
L-PLNT-REMV
100
AcDbLine
 10
426676.03135
 20
1579471.96865
 30
0.0
 11
426704.96865
 21
1579443.03135
 31
0.0
  0
TEXT
  5
435
330
17
100
AcDbEntity
  8
L-PLNT-ANNO
100
AcDbText
 10
426691.5
 20
1579458.5
 30
0.0
 40
1.8
  1
T633 34'
 11
426691.5
 21
1579458.5
 31
0.0
100
AcDbText
  0
CIRCLE
  5
436
330
17
100
AcDbEntity
  8
L-PLNT-REMV
100
AcDbCircle
 10
426677.5
 20
1579458.5
 30
0.0
 40
25.256249999999998
  0
LINE
  5
437
330
17
100
AcDbEntity
  8
L-PLNT-REMV
100
AcDbLine
 10
426659.820625
 20
1579440.820625
 30
0.0
 11
426695.179375
 21
1579476.179375
 31
0.0
  0
LINE
  5
438
330
17
100
AcDbEntity
  8
L-PLNT-REMV
100
AcDbLine
 10
426659.820625
 20
1579476.179375
 30
0.0
 11
426695.179375
 21
1579440.820625
 31
0.0
  0
TEXT
  5
439
330
17
100
AcDbEntity
  8
L-PLNT-ANNO
100
AcDbText
 10
426678.5
 20
1579459.5
 30
0.0
 40
1.8
  1
T634 34'
 11
426678.5
 21
1579459.5
 31
0.0
100
AcDbText
  0
CIRCLE
  5
43A
330
17
100
AcDbEntity
  8
L-PLNT-KEEP
100
AcDbCircle
 10
426871.5
 20
1579459.5
 30
0.0
 40
6.12975
  0
CIRCLE
  5
43B
330
17
100
AcDbEntity
  8
L-PLNT-REMV
100
AcDbCircle
 10
426499.5
 20
1579460.5
 30
0.0
 40
21.86375
  0
LINE
  5
43C
330
17
100
AcDbEntity
  8
L-PLNT-REMV
100
AcDbLine
 10
426484.195375
 20
1579445.195375
 30
0.0
 11
426514.804625
 21
1579475.804625
 31
0.0
  0
LINE
  5
43D
330
17
100
AcDbEntity
  8
L-PLNT-REMV
100
AcDbLine
 10
426484.195375
 20
1579475.804625
 30
0.0
 11
426514.804625
 21
1579445.195375
 31
0.0
  0
TEXT
  5
43E
330
17
100
AcDbEntity
  8
L-PLNT-ANNO
100
AcDbText
 10
426500.5
 20
1579461.5
 30
0.0
 40
1.8
  1
T636 36'
 11
426500.5
 21
1579461.5
 31
0.0
100
AcDbText
  0
CIRCLE
  5
43F
330
17
100
AcDbEntity
  8
L-PLNT-KEEP
100
AcDbCircle
 10
426930.5
 20
1579460.5
 30
0.0
 40
12.3845
  0
CIRCLE
  5
440
330
17
100
AcDbEntity
  8
L-PLNT-REMV
100
AcDbCircle
 10
426468.5
 20
1579461.5
 30
0.0
 40
22.105
  0
LINE
  5
441
330
17
100
AcDbEntity
  8
L-PLNT-REMV
100
AcDbLine
 10
426453.0265
 20
1579446.0265
 30
0.0
 11
426483.9735
 21
1579476.9735
 31
0.0
  0
LINE
  5
442
330
17
100
AcDbEntity
  8
L-PLNT-REMV
100
AcDbLine
 10
426453.0265
 20
1579476.9735
 30
0.0
 11
426483.9735
 21
1579446.0265
 31
0.0
  0
TEXT
  5
443
330
17
100
AcDbEntity
  8
L-PLNT-ANNO
100
AcDbText
 10
426469.5
 20
1579462.5
 30
0.0
 40
1.8
  1
T638 32'
 11
426469.5
 21
1579462.5
 31
0.0
100
AcDbText
  0
CIRCLE
  5
444
330
17
100
AcDbEntity
  8
L-PLNT-KEEP
100
AcDbCircle
 10
426222.5
 20
1579468.5
 30
0.0
 40
14.32
  0
CIRCLE
  5
445
330
17
100
AcDbEntity
  8
L-PLNT-REMV
100
AcDbCircle
 10
426740.5
 20
1579470.5
 30
0.0
 40
18.152
  0
LINE
  5
446
330
17
100
AcDbEntity
  8
L-PLNT-REMV
100
AcDbLine
 10
426727.7936
 20
1579457.7936
 30
0.0
 11
426753.2064
 21
1579483.2064
 31
0.0
  0
LINE
  5
447
330
17
100
AcDbEntity
  8
L-PLNT-REMV
100
AcDbLine
 10
426727.7936
 20
1579483.2064
 30
0.0
 11
426753.2064
 21
1579457.7936
 31
0.0
  0
TEXT
  5
448
330
17
100
AcDbEntity
  8
L-PLNT-ANNO
100
AcDbText
 10
426741.5
 20
1579471.5
 30
0.0
 40
1.8
  1
T640 34'
 11
426741.5
 21
1579471.5
 31
0.0
100
AcDbText
  0
CIRCLE
  5
449
330
17
100
AcDbEntity
  8
L-PLNT-KEEP
100
AcDbCircle
 10
426092.5
 20
1579471.5
 30
0.0
 40
9.52225
  0
CIRCLE
  5
44A
330
17
100
AcDbEntity
  8
L-PLNT-KEEP
100
AcDbCircle
 10
426189.5
 20
1579471.5
 30
0.0
 40
9.77225
  0
CIRCLE
  5
44B
330
17
100
AcDbEntity
  8
L-PLNT-KEEP
100
AcDbCircle
 10
425970.5
 20
1579472.5
 30
0.0
 40
16.289749999999998
  0
CIRCLE
  5
44C
330
17
100
AcDbEntity
  8
L-PLNT-KEEP
100
AcDbCircle
 10
426031.5
 20
1579472.5
 30
0.0
 40
15.9665
  0
CIRCLE
  5
44D
330
17
100
AcDbEntity
  8
L-PLNT-KEEP
100
AcDbCircle
 10
426157.5
 20
1579472.5
 30
0.0
 40
13.51825
  0
CIRCLE
  5
44E
330
17
100
AcDbEntity
  8
L-PLNT-KEEP
100
AcDbCircle
 10
426248.5
 20
1579472.5
 30
0.0
 40
14.66475
  0
CIRCLE
  5
44F
330
17
100
AcDbEntity
  8
L-PLNT-KEEP
100
AcDbCircle
 10
426318.5
 20
1579472.5
 30
0.0
 40
15.850249999999999
  0
CIRCLE
  5
450
330
17
100
AcDbEntity
  8
L-PLNT-REMV
100
AcDbCircle
 10
426504.5
 20
1579472.5
 30
0.0
 40
21.98875
  0
LINE
  5
451
330
17
100
AcDbEntity
  8
L-PLNT-REMV
100
AcDbLine
 10
426489.107875
 20
1579457.107875
 30
0.0
 11
426519.892125
 21
1579487.892125
 31
0.0
  0
LINE
  5
452
330
17
100
AcDbEntity
  8
L-PLNT-REMV
100
AcDbLine
 10
426489.107875
 20
1579487.892125
 30
0.0
 11
426519.892125
 21
1579457.107875
 31
0.0
  0
TEXT
  5
453
330
17
100
AcDbEntity
  8
L-PLNT-ANNO
100
AcDbText
 10
426505.5
 20
1579473.5
 30
0.0
 40
1.8
  1
T648 36'
 11
426505.5
 21
1579473.5
 31
0.0
100
AcDbText
  0
CIRCLE
  5
454
330
17
100
AcDbEntity
  8
L-PLNT-KEEP
100
AcDbCircle
 10
426283.5
 20
1579473.5
 30
0.0
 40
15.7985
  0
CIRCLE
  5
455
330
17
100
AcDbEntity
  8
L-PLNT-KEEP
100
AcDbCircle
 10
426356.5
 20
1579473.5
 30
0.0
 40
22.0445
  0
CIRCLE
  5
456
330
17
100
AcDbEntity
  8
L-PLNT-KEEP
100
AcDbCircle
 10
426801.5
 20
1579474.5
 30
0.0
 40
16.858999999999998
  0
CIRCLE
  5
457
330
17
100
AcDbEntity
  8
L-PLNT-KEEP
100
AcDbCircle
 10
426118.5
 20
1579475.5
 30
0.0
 40
11.052499999999998
  0
CIRCLE
  5
458
330
17
100
AcDbEntity
  8
L-PLNT-KEEP
100
AcDbCircle
 10
426056.5
 20
1579476.5
 30
0.0
 40
14.7595
  0
CIRCLE
  5
459
330
17
100
AcDbEntity
  8
L-PLNT-KEEP
100
AcDbCircle
 10
426950.5
 20
1579476.5
 30
0.0
 40
18.36375
  0
CIRCLE
  5
45A
330
17
100
AcDbEntity
  8
L-PLNT-KEEP
100
AcDbCircle
 10
426769.5
 20
1579477.5
 30
0.0
 40
16.902
  0
CIRCLE
  5
45B
330
17
100
AcDbEntity
  8
L-PLNT-KEEP
100
AcDbCircle
 10
426546.5
 20
1579478.5
 30
0.0
 40
17.880499999999998
  0
CIRCLE
  5
45C
330
17
100
AcDbEntity
  8
L-PLNT-KEEP
100
AcDbCircle
 10
426598.5
 20
1579478.5
 30
0.0
 40
8.483250000000002
  0
CIRCLE
  5
45D
330
17
100
AcDbEntity
  8
L-PLNT-KEEP
100
AcDbCircle
 10
426582.5
 20
1579480.5
 30
0.0
 40
9.086749999999999
  0
CIRCLE
  5
45E
330
17
100
AcDbEntity
  8
L-PLNT-KEEP
100
AcDbCircle
 10
426920.5
 20
1579482.5
 30
0.0
 40
12.695
  0
CIRCLE
  5
45F
330
17
100
AcDbEntity
  8
L-PLNT-KEEP
100
AcDbCircle
 10
426632.5
 20
1579484.5
 30
0.0
 40
5.3495
  0
CIRCLE
  5
460
330
17
100
AcDbEntity
  8
L-PLNT-KEEP
100
AcDbCircle
 10
426980.5
 20
1579484.5
 30
0.0
 40
6.85825
  0
CIRCLE
  5
461
330
17
100
AcDbEntity
  8
L-PLNT-KEEP
100
AcDbCircle
 10
426651.5
 20
1579485.5
 30
0.0
 40
5.65125
  0
CIRCLE
  5
462
330
17
100
AcDbEntity
  8
L-PLNT-KEEP
100
AcDbCircle
 10
427049.5
 20
1579488.5
 30
0.0
 40
4.0
  0
CIRCLE
  5
463
330
17
100
AcDbEntity
  8
L-PLNT-KEEP
100
AcDbCircle
 10
426693.5
 20
1579492.5
 30
0.0
 40
4.371
  0
CIRCLE
  5
464
330
17
100
AcDbEntity
  8
L-PLNT-KEEP
100
AcDbCircle
 10
426672.5
 20
1579496.5
 30
0.0
 40
5.599499999999999
  0
CIRCLE
  5
465
330
17
100
AcDbEntity
  8
L-PLNT-KEEP
100
AcDbCircle
 10
426951.5
 20
1579496.5
 30
0.0
 40
16.880499999999998
  0
CIRCLE
  5
466
330
17
100
AcDbEntity
  8
L-PLNT-KEEP
100
AcDbCircle
 10
426881.5
 20
1579497.5
 30
0.0
 40
5.40125
  0
CIRCLE
  5
467
330
17
100
AcDbEntity
  8
L-PLNT-KEEP
100
AcDbCircle
 10
425915.5
 20
1579499.5
 30
0.0
 40
22.82075
  0
CIRCLE
  5
468
330
17
100
AcDbEntity
  8
L-PLNT-KEEP
100
AcDbCircle
 10
425958.5
 20
1579500.5
 30
0.0
 40
20.523
  0
CIRCLE
  5
469
330
17
100
AcDbEntity
  8
L-PLNT-KEEP
100
AcDbCircle
 10
426047.5
 20
1579501.5
 30
0.0
 40
5.52625
  0
CIRCLE
  5
46A
330
17
100
AcDbEntity
  8
L-PLNT-KEEP
100
AcDbCircle
 10
426350.5
 20
1579501.5
 30
0.0
 40
23.48475
  0
CIRCLE
  5
46B
330
17
100
AcDbEntity
  8
L-PLNT-KEEP
100
AcDbCircle
 10
426709.5
 20
1579501.5
 30
0.0
 40
5.12975
  0
CIRCLE
  5
46C
330
17
100
AcDbEntity
  8
L-PLNT-KEEP
100
AcDbCircle
 10
425979.5
 20
1579502.5
 30
0.0
 40
15.738
  0
CIRCLE
  5
46D
330
17
100
AcDbEntity
  8
L-PLNT-KEEP
100
AcDbCircle
 10
426085.5
 20
1579504.5
 30
0.0
 40
9.27225
  0
CIRCLE
  5
46E
330
17
100
AcDbEntity
  8
L-PLNT-KEEP
100
AcDbCircle
 10
426833.5
 20
1579505.5
 30
0.0
 40
4.922750000000001
  0
CIRCLE
  5
46F
330
17
100
AcDbEntity
  8
L-PLNT-KEEP
100
AcDbCircle
 10
425885.5
 20
1579506.5
 30
0.0
 40
20.898
  0
CIRCLE
  5
470
330
17
100
AcDbEntity
  8
L-PLNT-KEEP
100
AcDbCircle
 10
426228.5
 20
1579506.5
 30
0.0
 40
13.56125
  0
CIRCLE
  5
471
330
17
100
AcDbEntity
  8
L-PLNT-KEEP
100
AcDbCircle
 10
426112.5
 20
1579507.5
 30
0.0
 40
7.41
  0
CIRCLE
  5
472
330
17
100
AcDbEntity
  8
L-PLNT-KEEP
100
AcDbCircle
 10
426184.5
 20
1579508.5
 30
0.0
 40
8.79375
  0
CIRCLE
  5
473
330
17
100
AcDbEntity
  8
L-PLNT-KEEP
100
AcDbCircle
 10
426238.5
 20
1579508.5
 30
0.0
 40
11.530999999999999
  0
CIRCLE
  5
474
330
17
100
AcDbEntity
  8
L-PLNT-KEEP
100
AcDbCircle
 10
426266.5
 20
1579510.5
 30
0.0
 40
8.3885
  0
CIRCLE
  5
475
330
17
100
AcDbEntity
  8
L-PLNT-KEEP
100
AcDbCircle
 10
426812.5
 20
1579510.5
 30
0.0
 40
4.79775
  0
CIRCLE
  5
476
330
17
100
AcDbEntity
  8
L-PLNT-KEEP
100
AcDbCircle
 10
426535.5
 20
1579511.5
 30
0.0
 40
7.535
  0
CIRCLE
  5
477
330
17
100
AcDbEntity
  8
L-PLNT-KEEP
100
AcDbCircle
 10
426959.5
 20
1579512.5
 30
0.0
 40
19.320749999999997
  0
CIRCLE
  5
478
330
17
100
AcDbEntity
  8
L-PLNT-KEEP
100
AcDbCircle
 10
426603.5
 20
1579516.5
 30
0.0
 40
4.42275
  0
CIRCLE
  5
479
330
17
100
AcDbEntity
  8
L-PLNT-KEEP
100
AcDbCircle
 10
426895.5
 20
1579516.5
 30
0.0
 40
9.52225
  0
CIRCLE
  5
47A
330
17
100
AcDbEntity
  8
L-PLNT-KEEP
100
AcDbCircle
 10
425811.5
 20
1579517.5
 30
0.0
 40
8.91875
  0
CIRCLE
  5
47B
330
17
100
AcDbEntity
  8
L-PLNT-KEEP
100
AcDbCircle
 10
426367.5
 20
1579520.5
 30
0.0
 40
26.9115
  0
CIRCLE
  5
47C
330
17
100
AcDbEntity
  8
L-PLNT-KEEP
100
AcDbCircle
 10
425956.5
 20
1579521.5
 30
0.0
 40
17.914749999999998
  0
CIRCLE
  5
47D
330
17
100
AcDbEntity
  8
L-PLNT-KEEP
100
AcDbCircle
 10
426790.5
 20
1579521.5
 30
0.0
 40
5.452999999999999
  0
CIRCLE
  5
47E
330
17
100
AcDbEntity
  8
L-PLNT-KEEP
100
AcDbCircle
 10
425883.5
 20
1579525.5
 30
0.0
 40
23.704499999999996
  0
CIRCLE
  5
47F
330
17
100
AcDbEntity
  8
L-PLNT-KEEP
100
AcDbCircle
 10
426387.5
 20
1579525.5
 30
0.0
 40
26.377249999999997
  0
CIRCLE
  5
480
330
17
100
AcDbEntity
  8
L-PLNT-KEEP
100
AcDbCircle
 10
426578.5
 20
1579527.5
 30
0.0
 40
17.596249999999998
  0
CIRCLE
  5
481
330
17
100
AcDbEntity
  8
L-PLNT-KEEP
100
AcDbCircle
 10
426992.5
 20
1579527.5
 30
0.0
 40
15.039749999999998
  0
CIRCLE
  5
482
330
17
100
AcDbEntity
  8
L-PLNT-KEEP
100
AcDbCircle
 10
425996.5
 20
1579529.5
 30
0.0
 40
12.28975
  0
CIRCLE
  5
483
330
17
100
AcDbEntity
  8
L-PLNT-KEEP
100
AcDbCircle
 10
425936.5
 20
1579530.5
 30
0.0
 40
17.88925
  0
CIRCLE
  5
484
330
17
100
AcDbEntity
  8
L-PLNT-KEEP
100
AcDbCircle
 10
426911.5
 20
1579530.5
 30
0.0
 40
5.577999999999999
  0
CIRCLE
  5
485
330
17
100
AcDbEntity
  8
L-PLNT-KEEP
100
AcDbCircle
 10
426527.5
 20
1579531.5
 30
0.0
 40
6.6815
  0
CIRCLE
  5
486
330
17
100
AcDbEntity
  8
L-PLNT-KEEP
100
AcDbCircle
 10
427043.5
 20
1579532.5
 30
0.0
 40
16.49675
  0
CIRCLE
  5
487
330
17
100
AcDbEntity
  8
L-PLNT-KEEP
100
AcDbCircle
 10
427023.5
 20
1579533.5
 30
0.0
 40
20.479999999999997
  0
CIRCLE
  5
488
330
17
100
AcDbEntity
  8
L-PLNT-KEEP
100
AcDbCircle
 10
425901.5
 20
1579536.5
 30
0.0
 40
21.436999999999998
  0
CIRCLE
  5
489
330
17
100
AcDbEntity
  8
L-PLNT-KEEP
100
AcDbCircle
 10
426722.5
 20
1579537.5
 30
0.0
 40
4.09075
  0
CIRCLE
  5
48A
330
17
100
AcDbEntity
  8
L-PLNT-KEEP
100
AcDbCircle
 10
426847.5
 20
1579537.5
 30
0.0
 40
5.276249999999999
  0
CIRCLE
  5
48B
330
17
100
AcDbEntity
  8
L-PLNT-KEEP
100
AcDbCircle
 10
426834.5
 20
1579539.5
 30
0.0
 40
7.797750000000001
  0
CIRCLE
  5
48C
330
17
100
AcDbEntity
  8
L-PLNT-KEEP
100
AcDbCircle
 10
426869.5
 20
1579541.5
 30
0.0
 40
8.12975
  0
CIRCLE
  5
48D
330
17
100
AcDbEntity
  8
L-PLNT-KEEP
100
AcDbCircle
 10
426977.5
 20
1579541.5
 30
0.0
 40
18.1695
  0
CIRCLE
  5
48E
330
17
100
AcDbEntity
  8
L-PLNT-KEEP
100
AcDbCircle
 10
426291.5
 20
1579542.5
 30
0.0
 40
11.22925
  0
CIRCLE
  5
48F
330
17
100
AcDbEntity
  8
L-PLNT-KEEP
100
AcDbCircle
 10
427001.5
 20
1579543.5
 30
0.0
 40
16.57
  0
CIRCLE
  5
490
330
17
100
AcDbEntity
  8
L-PLNT-KEEP
100
AcDbCircle
 10
426352.5
 20
1579545.5
 30
0.0
 40
6.60825
  0
CIRCLE
  5
491
330
17
100
AcDbEntity
  8
L-PLNT-KEEP
100
AcDbCircle
 10
426578.5
 20
1579545.5
 30
0.0
 40
16.591499999999996
  0
CIRCLE
  5
492
330
17
100
AcDbEntity
  8
L-PLNT-KEEP
100
AcDbCircle
 10
426749.5
 20
1579546.5
 30
0.0
 40
6.35825
  0
CIRCLE
  5
493
330
17
100
AcDbEntity
  8
L-PLNT-KEEP
100
AcDbCircle
 10
426622.5
 20
1579547.5
 30
0.0
 40
15.45775
  0
CIRCLE
  5
494
330
17
100
AcDbEntity
  8
L-PLNT-KEEP
100
AcDbCircle
 10
426652.5
 20
1579547.5
 30
0.0
 40
11.6385
  0
CIRCLE
  5
495
330
17
100
AcDbEntity
  8
L-PLNT-KEEP
100
AcDbCircle
 10
425907.5
 20
1579549.5
 30
0.0
 40
13.893249999999998
  0
CIRCLE
  5
496
330
17
100
AcDbEntity
  8
L-PLNT-KEEP
100
AcDbCircle
 10
425918.5
 20
1579549.5
 30
0.0
 40
12.91475
  0
CIRCLE
  5
497
330
17
100
AcDbEntity
  8
L-PLNT-KEEP
100
AcDbCircle
 10
425939.5
 20
1579549.5
 30
0.0
 40
10.44425
  0
CIRCLE
  5
498
330
17
100
AcDbEntity
  8
L-PLNT-KEEP
100
AcDbCircle
 10
426187.5
 20
1579549.5
 30
0.0
 40
4.0
  0
CIRCLE
  5
499
330
17
100
AcDbEntity
  8
L-PLNT-KEEP
100
AcDbCircle
 10
426325.5
 20
1579549.5
 30
0.0
 40
5.496
  0
CIRCLE
  5
49A
330
17
100
AcDbEntity
  8
L-PLNT-KEEP
100
AcDbCircle
 10
426387.5
 20
1579549.5
 30
0.0
 40
17.60025
  0
CIRCLE
  5
49B
330
17
100
AcDbEntity
  8
L-PLNT-KEEP
100
AcDbCircle
 10
426400.5
 20
1579549.5
 30
0.0
 40
17.195
  0
CIRCLE
  5
49C
330
17
100
AcDbEntity
  8
L-PLNT-KEEP
100
AcDbCircle
 10
426665.5
 20
1579549.5
 30
0.0
 40
9.4315
  0
CIRCLE
  5
49D
330
17
100
AcDbEntity
  8
L-PLNT-KEEP
100
AcDbCircle
 10
426692.5
 20
1579549.5
 30
0.0
 40
9.535
  0
CIRCLE
  5
49E
330
17
100
AcDbEntity
  8
L-PLNT-KEEP
100
AcDbCircle
 10
426733.5
 20
1579549.5
 30
0.0
 40
4.0
  0
CIRCLE
  5
49F
330
17
100
AcDbEntity
  8
L-PLNT-KEEP
100
AcDbCircle
 10
426785.5
 20
1579549.5
 30
0.0
 40
4.810499999999999
  0
CIRCLE
  5
4A0
330
17
100
AcDbEntity
  8
L-PLNT-KEEP
100
AcDbCircle
 10
426819.5
 20
1579549.5
 30
0.0
 40
4.3105
  0
CIRCLE
  5
4A1
330
17
100
AcDbEntity
  8
L-PLNT-KEEP
100
AcDbCircle
 10
426884.5
 20
1579549.5
 30
0.0
 40
4.0
  0
CIRCLE
  5
4A2
330
17
100
AcDbEntity
  8
L-PLNT-KEEP
100
AcDbCircle
 10
426922.5
 20
1579549.5
 30
0.0
 40
4.0
  0
CIRCLE
  5
4A3
330
17
100
AcDbEntity
  8
L-PLNT-KEEP
100
AcDbCircle
 10
427020.5
 20
1579549.5
 30
0.0
 40
16.82875
  0
LWPOLYLINE
  5
4A4
330
17
100
AcDbEntity
  8
C-WATR-LAKE
100
AcDbPolyline
 90
112
 70
1
 10
425864.0
 20
1578607.0
 10
425875.0
 20
1578608.0
 10
425879.0
 20
1578612.0
 10
425883.0
 20
1578612.0
 10
425897.0
 20
1578628.0
 10
425899.0
 20
1578626.0
 10
425919.0
 20
1578644.0
 10
425980.0
 20
1578715.0
 10
425978.0
 20
1578719.0
 10
425991.0
 20
1578732.0
 10
425997.0
 20
1578730.0
 10
426002.0
 20
1578735.0
 10
426000.0
 20
1578739.0
 10
426014.0
 20
1578753.0
 10
426016.0
 20
1578761.0
 10
426043.0
 20
1578786.0
 10
426045.0
 20
1578784.0
 10
426050.0
 20
1578789.0
 10
426060.0
 20
1578801.0
 10
426058.0
 20
1578803.0
 10
426074.0
 20
1578819.0
 10
426072.0
 20
1578825.0
 10
426090.0
 20
1578841.0
 10
426090.0
 20
1578845.0
 10
426094.0
 20
1578849.0
 10
426094.0
 20
1578855.0
 10
426101.0
 20
1578862.0
 10
426103.0
 20
1578860.0
 10
426112.0
 20
1578869.0
 10
426114.0
 20
1578873.0
 10
426112.0
 20
1578875.0
 10
426122.0
 20
1578885.0
 10
426114.0
 20
1578893.0
 10
426121.0
 20
1578900.0
 10
426137.0
 20
1578906.0
 10
426157.0
 20
1578926.0
 10
426161.0
 20
1578926.0
 10
426166.0
 20
1578931.0
 10
426164.0
 20
1578937.0
 10
426168.0
 20
1578943.0
 10
426166.0
 20
1578947.0
 10
426176.0
 20
1578957.0
 10
426172.0
 20
1578963.0
 10
426179.0
 20
1578970.0
 10
426185.0
 20
1578972.0
 10
426196.0
 20
1578987.0
 10
426214.0
 20
1579005.0
 10
426214.0
 20
1579009.0
 10
426210.0
 20
1579013.0
 10
426220.0
 20
1579023.0
 10
426216.0
 20
1579033.0
 10
426216.0
 20
1579043.0
 10
426212.0
 20
1579047.0
 10
426212.0
 20
1579051.0
 10
426202.0
 20
1579061.0
 10
426198.0
 20
1579073.0
 10
426177.0
 20
1579096.0
 10
426161.0
 20
1579098.0
 10
426153.0
 20
1579090.0
 10
426151.0
 20
1579092.0
 10
426147.0
 20
1579088.0
 10
426143.0
 20
1579090.0
 10
426138.0
 20
1579085.0
 10
426138.0
 20
1579079.0
 10
426132.0
 20
1579071.0
 10
426125.0
 20
1579064.0
 10
426117.0
 20
1579062.0
 10
426102.0
 20
1579047.0
 10
426098.0
 20
1579039.0
 10
426072.0
 20
1579015.0
 10
426070.0
 20
1579009.0
 10
426036.0
 20
1578975.0
 10
426034.0
 20
1578967.0
 10
426022.0
 20
1578955.0
 10
426024.0
 20
1578943.0
 10
426015.0
 20
1578934.0
 10
426009.0
 20
1578934.0
 10
426003.0
 20
1578928.0
 10
425993.0
 20
1578926.0
 10
425986.0
 20
1578919.0
 10
425988.0
 20
1578915.0
 10
425984.0
 20
1578911.0
 10
425986.0
 20
1578909.0
 10
425984.0
 20
1578903.0
 10
425955.0
 20
1578876.0
 10
425945.0
 20
1578878.0
 10
425928.0
 20
1578857.0
 10
425930.0
 20
1578851.0
 10
425923.0
 20
1578844.0
 10
425917.0
 20
1578846.0
 10
425912.0
 20
1578841.0
 10
425914.0
 20
1578837.0
 10
425908.0
 20
1578831.0
 10
425908.0
 20
1578827.0
 10
425894.0
 20
1578813.0
 10
425888.0
 20
1578801.0
 10
425860.0
 20
1578769.0
 10
425852.0
 20
1578755.0
 10
425836.0
 20
1578739.0
 10
425834.0
 20
1578729.0
 10
425796.0
 20
1578691.0
 10
425794.0
 20
1578667.0
 10
425790.0
 20
1578661.0
 10
425794.0
 20
1578657.0
 10
425792.0
 20
1578649.0
 10
425807.0
 20
1578634.0
 10
425817.0
 20
1578628.0
 10
425837.0
 20
1578610.0
 10
425845.0
 20
1578612.0
 10
425855.0
 20
1578608.0
 10
425859.0
 20
1578612.0
 10
425864.0
 20
1578607.0
  0
LWPOLYLINE
  5
4A5
330
17
100
AcDbEntity
  8
C-WATR-LAKE
100
AcDbPolyline
 90
109
 70
1
 10
426633.0
 20
1579048.0
 10
426641.0
 20
1579042.0
 10
426648.0
 20
1579051.0
 10
426644.0
 20
1579059.0
 10
426653.0
 20
1579068.0
 10
426657.0
 20
1579066.0
 10
426663.0
 20
1579072.0
 10
426667.0
 20
1579072.0
 10
426676.0
 20
1579083.0
 10
426668.0
 20
1579093.0
 10
426670.0
 20
1579097.0
 10
426666.0
 20
1579103.0
 10
426668.0
 20
1579107.0
 10
426664.0
 20
1579111.0
 10
426671.0
 20
1579118.0
 10
426673.0
 20
1579116.0
 10
426685.0
 20
1579130.0
 10
426695.0
 20
1579124.0
 10
426697.0
 20
1579126.0
 10
426707.0
 20
1579116.0
 10
426712.0
 20
1579121.0
 10
426710.0
 20
1579123.0
 10
426723.0
 20
1579136.0
 10
426729.0
 20
1579134.0
 10
426734.0
 20
1579139.0
 10
426728.0
 20
1579147.0
 10
426734.0
 20
1579153.0
 10
426726.0
 20
1579161.0
 10
426726.0
 20
1579167.0
 10
426730.0
 20
1579171.0
 10
426730.0
 20
1579179.0
 10
426714.0
 20
1579191.0
 10
426716.0
 20
1579199.0
 10
426712.0
 20
1579207.0
 10
426710.0
 20
1579221.0
 10
426698.0
 20
1579233.0
 10
426702.0
 20
1579237.0
 10
426696.0
 20
1579247.0
 10
426700.0
 20
1579259.0
 10
426694.0
 20
1579265.0
 10
426704.0
 20
1579275.0
 10
426695.0
 20
1579282.0
 10
426693.0
 20
1579280.0
 10
426679.0
 20
1579292.0
 10
426675.0
 20
1579290.0
 10
426669.0
 20
1579292.0
 10
426667.0
 20
1579290.0
 10
426657.0
 20
1579298.0
 10
426653.0
 20
1579296.0
 10
426645.0
 20
1579298.0
 10
426641.0
 20
1579294.0
 10
426639.0
 20
1579296.0
 10
426631.0
 20
1579296.0
 10
426627.0
 20
1579292.0
 10
426617.0
 20
1579294.0
 10
426609.0
 20
1579288.0
 10
426595.0
 20
1579304.0
 10
426583.0
 20
1579294.0
 10
426579.0
 20
1579292.0
 10
426575.0
 20
1579294.0
 10
426565.0
 20
1579284.0
 10
426561.0
 20
1579286.0
 10
426551.0
 20
1579276.0
 10
426543.0
 20
1579280.0
 10
426533.0
 20
1579274.0
 10
426525.0
 20
1579280.0
 10
426513.0
 20
1579268.0
 10
426503.0
 20
1579278.0
 10
426484.0
 20
1579259.0
 10
426480.0
 20
1579247.0
 10
426466.0
 20
1579233.0
 10
426472.0
 20
1579225.0
 10
426470.0
 20
1579221.0
 10
426472.0
 20
1579219.0
 10
426468.0
 20
1579215.0
 10
426472.0
 20
1579207.0
 10
426466.0
 20
1579201.0
 10
426466.0
 20
1579197.0
 10
426474.0
 20
1579189.0
 10
426472.0
 20
1579185.0
 10
426480.0
 20
1579177.0
 10
426472.0
 20
1579167.0
 10
426484.0
 20
1579155.0
 10
426476.0
 20
1579145.0
 10
426476.0
 20
1579141.0
 10
426482.0
 20
1579135.0
 10
426478.0
 20
1579129.0
 10
426482.0
 20
1579119.0
 10
426478.0
 20
1579113.0
 10
426491.0
 20
1579096.0
 10
426501.0
 20
1579088.0
 10
426507.0
 20
1579090.0
 10
426527.0
 20
1579072.0
 10
426541.0
 20
1579076.0
 10
426547.0
 20
1579070.0
 10
426559.0
 20
1579076.0
 10
426569.0
 20
1579068.0
 10
426575.0
 20
1579066.0
 10
426579.0
 20
1579068.0
 10
426583.0
 20
1579064.0
 10
426591.0
 20
1579072.0
 10
426597.0
 20
1579072.0
 10
426604.0
 20
1579065.0
 10
426602.0
 20
1579061.0
 10
426607.0
 20
1579056.0
 10
426611.0
 20
1579060.0
 10
426619.0
 20
1579052.0
 10
426631.0
 20
1579046.0
 10
426633.0
 20
1579048.0
  0
LWPOLYLINE
  5
4A6
330
17
100
AcDbEntity
  8
C-TOPO-GRAD-MAJR
100
AcDbPolyline
 90
8
 70
0
 38
70.0
 10
426687.0
 20
1579014.0840484323
 10
426686.0399203886
 20
1579015.0
 10
426685.4669473217
 20
1579019.0
 10
426685.7911887313
 20
1579023.0
 10
426687.0
 20
1579025.222700709
 10
426688.0191687696
 20
1579023.0
 10
426688.265596083
 20
1579019.0
 10
426687.0
 20
1579014.0840484323
  0
LWPOLYLINE
  5
4A7
330
17
100
AcDbEntity
  8
C-TOPO-GRAD-MAJR
100
AcDbPolyline
 90
7
 70
0
 38
70.0
 10
426753.0
 20
1579059.7507429528
 10
426751.73758988513
 20
1579061.0
 10
426753.0
 20
1579062.420541835
 10
426755.0
 20
1579063.082259775
 10
426755.99248162983
 20
1579061.0
 10
426755.0
 20
1579059.6921460712
 10
426753.0
 20
1579059.7507429528
  0
LWPOLYLINE
  5
4A8
330
17
100
AcDbEntity
  8
C-TOPO-GRAD-MAJR
100
AcDbPolyline
 90
9
 70
0
 38
70.0
 10
426747.0
 20
1579064.6635505946
 10
426739.0
 20
1579067.1958206997
 10
426723.41604769713
 20
1579075.0
 10
426734.40650241805
 20
1579075.0
 10
426751.0
 20
1579071.0293404118
 10
426753.2920820971
 20
1579069.0
 10
426753.0
 20
1579066.7247058128
 10
426749.0
 20
1579064.4477234252
 10
426747.0
 20
1579064.6635505946
  0
LWPOLYLINE
  5
4A9
330
17
100
AcDbEntity
  8
C-TOPO-GRAD-MAJR
100
AcDbPolyline
 90
7
 70
0
 38
70.0
 10
426757.12391108344
 20
1579092.0895869073
 10
426759.0
 20
1579091.7807421463
 10
426759.69453611656
 20
1579091.0
 10
426759.7324551509
 20
1579089.0
 10
426759.0
 20
1579087.7820498073
 10
426757.0
 20
1579086.6964731473
 10
426740.45745776675
 20
1579086.5803893826
  0
LWPOLYLINE
  5
4AA
330
17
100
AcDbEntity
  8
C-TOPO-GRAD-MINR
100
AcDbPolyline
 90
29
 70
0
 38
71.0
 10
426777.7055698429
 20
1579093.097461804
 10
426777.0690700919
 20
1579089.0
 10
426774.0101168598
 20
1579083.0
 10
426773.11789619573
 20
1579077.0
 10
426770.0920328299
 20
1579073.0
 10
426769.17568593984
 20
1579069.0
 10
426769.8728574475
 20
1579065.0
 10
426771.0
 20
1579062.5737469632
 10
426777.69024853903
 20
1579055.0
 10
426778.4651726029
 20
1579053.0
 10
426777.90771191556
 20
1579051.0
 10
426773.0
 20
1579047.780209486
 10
426770.78204383404
 20
1579043.0
 10
426768.35909315234
 20
1579041.0
 10
426759.680639707
 20
1579037.0
 10
426737.0
 20
1579028.8308868888
 10
426733.7087046257
 20
1579027.0
 10
426731.87630222266
 20
1579025.0
 10
426731.07335300377
 20
1579023.0
 10
426731.10931165196
 20
1579019.0
 10
426736.78468640114
 20
1579003.0
 10
426737.0985050772
 20
1578999.0
 10
426735.0
 20
1578995.3897742783
 10
426729.00000000006
 20
1578990.9987194391
 10
426721.0
 20
1578987.3306614778
 10
426707.0
 20
1578984.2477072906
 10
426701.0
 20
1578983.5844441657
 10
426693.0
 20
1578983.1721325675
 10
426687.3506034372
 20
1578983.8107960355
  0
LWPOLYLINE
  5
4AB
330
17
100
AcDbEntity
  8
C-TOPO-GRAD-MINR
100
AcDbPolyline
 90
4
 70
0
 38
72.0
 10
426404.5716520229
 20
1579256.815438696
 10
426406.4871794861
 20
1579265.0000000002
 10
426410.22858681605
 20
1579275.0
 10
426413.50174269744
 20
1579280.7263294482
  0
LWPOLYLINE
  5
4AC
330
17
100
AcDbEntity
  8
C-TOPO-GRAD-MINR
100
AcDbPolyline
 90
26
 70
0
 38
72.0
 10
426780.8713931916
 20
1579092.5716672242
 10
426779.0294688209
 20
1579083.0
 10
426780.272619201
 20
1579071.0
 10
426779.13959456753
 20
1579069.0
 10
426776.59780285065
 20
1579067.0
 10
426776.6103816671
 20
1579065.0
 10
426779.0
 20
1579062.588674687
 10
426783.88158726203
 20
1579055.0
 10
426783.8272300968
 20
1579051.0
 10
426781.2655948925
 20
1579047.0
 10
426778.74803579954
 20
1579045.0
 10
426775.72207978985
 20
1579041.0
 10
426773.0
 20
1579039.2690909975
 10
426739.0
 20
1579026.7124123897
 10
426735.0
 20
1579024.5224513253
 10
426733.95042511437
 20
1579023.0
 10
426733.8790062566
 20
1579019.0
 10
426739.5500177854
 20
1579003.0
 10
426740.105553672
 20
1578999.0
 10
426739.0
 20
1578993.6434850397
 10
426737.2908622973
 20
1578991.0
 10
426735.0
 20
1578988.9313378513
 10
426719.0
 20
1578982.216089931
 10
426697.0
 20
1578977.9982571853
 10
426691.0
 20
1578977.918696137
 10
426689.33694165794
 20
1578978.4258675643
  0
LWPOLYLINE
  5
4AD
330
17
100
AcDbEntity
  8
C-TOPO-GRAD-MINR
100
AcDbPolyline
 90
16
 70
0
 38
72.0
 10
426256.025790231
 20
1579002.5020319854
 10
426259.0
 20
1579006.5475723639
 10
426261.0
 20
1579008.3487296957
 10
426263.0
 20
1579009.0346739274
 10
426265.0
 20
1579008.1594234966
 10
426269.0
 20
1579003.9683416134
 10
426273.0985337042
 20
1579001.0
 10
426272.5384520906
 20
1578999.0
 10
426267.0
 20
1578995.0006292162
 10
426262.7574316388
 20
1578989.0
 10
426262.5535390358
 20
1578987.0
 10
426263.35469489713
 20
1578985.0
 10
426269.2628061072
 20
1578981.0
 10
426270.01550366194
 20
1578979.0
 10
426269.80070593697
 20
1578975.0
 10
426269.2688296413
 20
1578973.3617098238
  0
LWPOLYLINE
  5
4AE
330
17
100
AcDbEntity
  8
C-TOPO-GRAD-MINR
100
AcDbPolyline
 90
6
 70
0
 38
73.0
 10
426402.9138384766
 20
1579098.1105395586
 10
426396.10245065915
 20
1579107.0
 10
426393.51747535804
 20
1579113.0
 10
426393.9502530694
 20
1579115.0
 10
426395.0
 20
1579115.248169594
 10
426398.5281964447
 20
1579114.1753370014
  0
LWPOLYLINE
  5
4AF
330
17
100
AcDbEntity
  8
C-TOPO-GRAD-MINR
100
AcDbPolyline
 90
13
 70
0
 38
73.0
 10
426395.61924720684
 20
1579124.7933904594
 10
426389.0
 20
1579123.171931921
 10
426385.0
 20
1579123.583369164
 10
426381.0
 20
1579125.9859253895
 10
426380.3228219035
 20
1579127.0
 10
426380.54160385206
 20
1579129.0
 10
426385.0
 20
1579134.8081574237
 10
426385.63880173
 20
1579137.0
 10
426382.5113585604
 20
1579148.9999999998
 10
426382.4764991409
 20
1579155.0000000002
 10
426383.60054013674
 20
1579159.0
 10
426388.1969828942
 20
1579169.0
 10
426388.57519460924
 20
1579176.9159712286
  0
LWPOLYLINE
  5
4B0
330
17
100
AcDbEntity
  8
C-TOPO-GRAD-MINR
100
AcDbPolyline
 90
9
 70
0
 38
73.0
 10
426395.55729653075
 20
1579244.911105143
 10
426395.90897802584
 20
1579249.0
 10
426399.2275435419
 20
1579267.0
 10
426403.7796820109
 20
1579281.0
 10
426407.7761397264
 20
1579289.0
 10
426421.0
 20
1579305.1861869395
 10
426427.0
 20
1579310.9453925723
 10
426433.0
 20
1579314.4462122777
 10
426438.33147173503
 20
1579316.9673403043
  0
LWPOLYLINE
  5
4B1
330
17
100
AcDbEntity
  8
C-TOPO-GRAD-MINR
100
AcDbPolyline
 90
7
 70
0
 38
73.0
 10
426453.68136814784
 20
1579324.969757165
 10
426459.0
 20
1579328.064713262
 10
426475.0
 20
1579334.3978718636
 10
426493.0
 20
1579339.8924946128
 10
426501.00000000006
 20
1579341.3844661969
 10
426509.0
 20
1579344.1225868505
 10
426513.9495520833
 20
1579344.5643652538
  0
LWPOLYLINE
  5
4B2
330
17
100
AcDbEntity
  8
C-TOPO-GRAD-MINR
100
AcDbPolyline
 90
5
 70
0
 38
73.0
 10
426529.9027260258
 20
1579347.6653065465
 10
426539.0
 20
1579350.9015478704
 10
426573.0
 20
1579356.4659354521
 10
426581.0
 20
1579356.4043078371
 10
426595.3563948772
 20
1579357.9267758017
  0
LWPOLYLINE
  5
4B3
330
17
100
AcDbEntity
  8
C-TOPO-GRAD-MINR
100
AcDbPolyline
 90
6
 70
0
 38
73.0
 10
426621.63458818966
 20
1579359.2203705208
 10
426657.0
 20
1579361.0382690358
 10
426667.0
 20
1579361.1250831021
 10
426687.0
 20
1579360.0246648905
 10
426699.0
 20
1579357.8418037724
 10
426708.89727417385
 20
1579354.081210294
  0
LWPOLYLINE
  5
4B4
330
17
100
AcDbEntity
  8
C-TOPO-GRAD-MINR
100
AcDbPolyline
 90
27
 70
0
 38
73.0
 10
426784.6229034653
 20
1579091.8204635403
 10
426784.0132220645
 20
1579091.0
 10
426783.29706116876
 20
1579087.0000000002
 10
426783.60332284414
 20
1579081.0
 10
426784.74969672
 20
1579079.0
 10
426788.8035586025
 20
1579075.0
 10
426789.33388604666
 20
1579073.0
 10
426788.30995023204
 20
1579061.0
 10
426790.07011453854
 20
1579055.0
 10
426789.7964548779
 20
1579049.0
 10
426787.87800157734
 20
1579041.0
 10
426785.0
 20
1579037.2579560378
 10
426781.0
 20
1579034.2139115739
 10
426777.0
 20
1579033.3790831799
 10
426769.0
 20
1579034.498554863
 10
426739.0
 20
1579023.0605880776
 10
426737.1548273869
 20
1579021.0
 10
426737.3400496321
 20
1579019.0
 10
426742.50101446017
 20
1579005.0
 10
426743.9680314496
 20
1578997.0
 10
426743.6590159981
 20
1578992.9999999998
 10
426742.0132100688
 20
1578989.0
 10
426737.50300326373
 20
1578985.0
 10
426719.0
 20
1578976.537958824
 10
426711.0
 20
1578974.1022117143
 10
426695.0
 20
1578971.9288934257
 10
426691.7099684142
 20
1578971.9926331788
  0
LWPOLYLINE
  5
4B5
330
17
100
AcDbEntity
  8
C-TOPO-GRAD-MINR
100
AcDbPolyline
 90
9
 70
0
 38
73.0
 10
426257.0
 20
1579104.8535019048
 10
426255.0
 20
1579105.313604898
 10
426253.73433870065
 20
1579107.0
 10
426253.7901302849
 20
1579109.0
 10
426255.0
 20
1579110.2138896687
 10
426257.0
 20
1579110.132353948
 10
426258.17048391193
 20
1579109.0
 10
426258.7715211685
 20
1579107.0
 10
426257.0
 20
1579104.8535019048
  0
LWPOLYLINE
  5
4B6
330
17
100
AcDbEntity
  8
C-TOPO-GRAD-MINR
100
AcDbPolyline
 90
6
 70
0
 38
73.0
 10
426222.46619556216
 20
1579175.6034395806
 10
426223.0
 20
1579175.6972126921
 10
426226.3645686542
 20
1579179.0
 10
426229.02543898666
 20
1579185.0
 10
426230.5562624504
 20
1579193.0000000002
 10
426230.51583731367
 20
1579193.3099915814
  0
LWPOLYLINE
  5
4B7
330
17
100
AcDbEntity
  8
C-TOPO-GRAD-MINR
100
AcDbPolyline
 90
14
 70
0
 38
73.0
 10
426241.75358171394
 20
1579205.7976808052
 10
426241.2583799786
 20
1579205.0
 10
426239.8371431106
 20
1579201.0
 10
426236.4005680444
 20
1579175.0
 10
426236.31061925273
 20
1579167.0
 10
426235.0
 20
1579164.5408769008
 10
426229.64345504576
 20
1579159.0
 10
426228.10851131834
 20
1579155.0
 10
426228.36827804253
 20
1579145.0
 10
426234.07145856495
 20
1579129.0
 10
426233.0
 20
1579126.1012523915
 10
426231.00000000006
 20
1579124.449757292
 10
426224.0155347676
 20
1579123.0
 10
426223.031263293
 20
1579122.2784385027
  0
LWPOLYLINE
  5
4B8
330
17
100
AcDbEntity
  8
C-TOPO-GRAD-MINR
100
AcDbPolyline
 90
53
 70
0
 38
73.0
 10
426225.0180152601
 20
1579109.7247401716
 10
426229.0
 20
1579108.710644505
 10
426233.0
 20
1579106.3911333494
 10
426243.0
 20
1579097.3127851917
 10
426248.99345119233
 20
1579095.0
 10
426248.9277378858
 20
1579093.0
 10
426247.0
 20
1579087.5647265024
 10
426245.0
 20
1579085.6088991733
 10
426239.52876075474
 20
1579083.0
 10
426238.9700621762
 20
1579081.0
 10
426239.40051675244
 20
1579075.0
 10
426238.08879657823
 20
1579071.0
 10
426239.0
 20
1579069.5268552853
 10
426241.0
 20
1579068.2777968328
 10
426243.0
 20
1579068.279175931
 10
426246.99999999994
 20
1579071.2385658205
 10
426250.91856545646
 20
1579073.0
 10
426259.0
 20
1579073.000245558
 10
426269.51062645647
 20
1579065.0
 10
426270.9426979643
 20
1579063.0
 10
426273.2366777285
 20
1579057.0
 10
426273.5927044927
 20
1579055.0000000002
 10
426273.0
 20
1579051.685255094
 10
426267.0
 20
1579053.6773340686
 10
426265.0
 20
1579052.782739722
 10
426264.1836120037
 20
1579051.0
 10
426267.0
 20
1579048.6173342476
 10
426273.0
 20
1579048.1057213305
 10
426278.88404752774
 20
1579039.0
 10
426287.0
 20
1579030.518384058
 10
426291.6917149088
 20
1579023.0
 10
426297.5955755439
 20
1579017.0000000002
 10
426298.7625294402
 20
1579015.0
 10
426300.95205131645
 20
1579007.0
 10
426304.4684217388
 20
1578999.0
 10
426317.0
 20
1578980.6661614198
 10
426319.0
 20
1578978.6836036788
 10
426323.0
 20
1578976.2257313181
 10
426333.1310387028
 20
1578973.0
 10
426334.7657601438
 20
1578971.0
 10
426334.80343725515
 20
1578969.0
 10
426333.0
 20
1578965.2466746282
 10
426331.00000000006
 20
1578964.64916323
 10
426327.0
 20
1578965.6481241775
 10
426312.600037205
 20
1578973.0
 10
426299.0
 20
1578982.5162231578
 10
426297.0
 20
1578982.8028258882
 10
426287.0
 20
1578981.7156098178
 10
426283.0
 20
1578979.0338662716
 10
426281.55642108415
 20
1578977.0
 10
426280.78865312226
 20
1578973.0
 10
426282.0709169471
 20
1578963.0
 10
426281.4327155061
 20
1578961.2454416752
  0
LWPOLYLINE
  5
4B9
330
17
100
AcDbEntity
  8
C-TOPO-GRAD-MINR
100
AcDbPolyline
 90
11
 70
0
 38
74.0
 10
426530.7596141601
 20
1578917.0
 10
426534.13990364654
 20
1578917.0
 10
426537.1559064955
 20
1578919.0
 10
426538.07034527976
 20
1578921.0
 10
426537.5001412827
 20
1578923.0
 10
426535.0
 20
1578924.6388580569
 10
426533.0
 20
1578924.5430602597
 10
426531.0
 20
1578923.069407498
 10
426528.83307865483
 20
1578921.0
 10
426528.11211450153
 20
1578919.0
 10
426530.7596141601
 20
1578917.0
  0
LWPOLYLINE
  5
4BA
330
17
100
AcDbEntity
  8
C-TOPO-GRAD-MINR
100
AcDbPolyline
 90
14
 70
0
 38
74.0
 10
426251.6689992142
 20
1579137.0
 10
426255.0
 20
1579135.6224449216
 10
426263.0
 20
1579137.3999274904
 10
426271.0
 20
1579138.2740636065
 10
426272.9678211642
 20
1579141.0
 10
426272.39211587905
 20
1579145.0
 10
426269.0642978651
 20
1579149.0
 10
426265.0
 20
1579151.5143291573
 10
426261.0
 20
1579152.3147037977
 10
426257.0
 20
1579151.3597513884
 10
426254.11288669443
 20
1579149.0
 10
426249.4074430569
 20
1579141.0
 10
426249.4745370801
 20
1579139.0000000002
 10
426251.6689992142
 20
1579137.0
  0
LWPOLYLINE
  5
4BB
330
17
100
AcDbEntity
  8
C-TOPO-GRAD-MINR
100
AcDbPolyline
 90
23
 70
0
 38
74.0
 10
426292.92732779996
 20
1579173.0
 10
426295.1825188009
 20
1579175.0
 10
426295.5266188246
 20
1579179.0
 10
426293.1749190229
 20
1579183.0
 10
426291.0
 20
1579184.281883459
 10
426287.0
 20
1579185.2054166268
 10
426285.0
 20
1579184.956992241
 10
426279.3211006081
 20
1579181.0
 10
426279.0
 20
1579179.1980755255
 10
426277.5205307448
 20
1579181.0
 10
426273.0
 20
1579183.304236162
 10
426271.0
 20
1579182.8715903785
 10
426269.42289934447
 20
1579181.0
 10
426269.41008609964
 20
1579179.0
 10
426271.0
 20
1579176.8266770877
 10
426273.0
 20
1579176.1995714917
 10
426275.2842161156
 20
1579177.0
 10
426277.0
 20
1579178.5438027733
 10
426279.0
 20
1579178.9421765492
 10
426280.4731079481
 20
1579177.0
 10
426283.3729754961
 20
1579175.0
 10
426287.0
 20
1579173.7689777843
 10
426292.92732779996
 20
1579173.0
  0
LWPOLYLINE
  5
4BC
330
17
100
AcDbEntity
  8
C-TOPO-GRAD-MINR
100
AcDbPolyline
 90
11
 70
0
 38
74.0
 10
426263.08286024444
 20
1579189.0
 10
426267.0
 20
1579188.7318200637
 10
426271.0
 20
1579190.0400499802
 10
426281.0
 20
1579197.0591907643
 10
426289.0
 20
1579199.9812520132
 10
426293.0
 20
1579204.402018205
 10
426294.0205275482
 20
1579207.0
 10
426293.79426268546
 20
1579209.0
 10
426291.0
 20
1579212.8223454577
 10
426284.72471035965
 20
1579217.0
 10
426281.94242076
 20
1579220.2123310426
  0
LWPOLYLINE
  5
4BD
330
17
100
AcDbEntity
  8
C-TOPO-GRAD-MINR
100
AcDbPolyline
 90
9
 70
0
 38
74.0
 10
426255.28502803296
 20
1579214.359954163
 10
426253.007228382
 20
1579209.0
 10
426249.83586569736
 20
1579205.0
 10
426249.1983958644
 20
1579203.0
 10
426250.09905780514
 20
1579201.0
 10
426254.30304004974
 20
1579197.0
 10
426257.14872711035
 20
1579193.0
 10
426261.0
 20
1579189.7567079724
 10
426263.08286024444
 20
1579189.0
  0
LWPOLYLINE
  5
4BE
330
17
100
AcDbEntity
  8
C-TOPO-GRAD-MINR
100
AcDbPolyline
 90
12
 70
0
 38
74.0
 10
426324.7450316409
 20
1579259.0
 10
426327.0
 20
1579258.6127456594
 10
426329.0
 20
1579260.635384587
 10
426333.7669107546
 20
1579269.0
 10
426334.0577225192
 20
1579271.0
 10
426333.4830213799
 20
1579273.0
 10
426331.0
 20
1579276.9328343703
 10
426329.0
 20
1579277.081719022
 10
426325.649498409
 20
1579273.0
 10
426324.9863187771
 20
1579271.0
 10
426324.275727819
 20
1579261.0
 10
426324.7450316409
 20
1579259.0
  0
LWPOLYLINE
  5
4BF
330
17
100
AcDbEntity
  8
C-TOPO-GRAD-MINR
100
AcDbPolyline
 90
12
 70
0
 38
74.0
 10
426262.72570835834
 20
1579293.0
 10
426265.0
 20
1579292.7329595499
 10
426271.0
 20
1579300.010784965
 10
426271.91887978377
 20
1579303.0
 10
426271.7956938044
 20
1579305.0
 10
426270.6354274056
 20
1579306.9999999998
 10
426265.0
 20
1579309.6736826575
 10
426263.0
 20
1579309.2557155543
 10
426262.0202822027
 20
1579307.0
 10
426262.82807236037
 20
1579301.0
 10
426261.824778288
 20
1579295.0
 10
426262.72570835834
 20
1579293.0
  0
LWPOLYLINE
  5
4C0
330
17
100
AcDbEntity
  8
C-TOPO-GRAD-MINR
100
AcDbPolyline
 90
25
 70
0
 38
74.0
 10
426275.5276658514
 20
1579313.0
 10
426277.0
 20
1579311.7185843545
 10
426279.0
 20
1579311.47005377
 10
426285.0
 20
1579314.7358042537
 10
426293.0
 20
1579317.844492672
 10
426294.45907099405
 20
1579319.0
 10
426296.6990835664
 20
1579323.0
 10
426303.0
 20
1579323.8936130526
 10
426305.0
 20
1579325.0193193976
 10
426307.77521600586
 20
1579329.0
 10
426309.13121270016
 20
1579335.0
 10
426311.5410869611
 20
1579339.0
 10
426311.7392293486
 20
1579341.0
 10
426310.926039003
 20
1579343.0
 10
426306.1498742676
 20
1579349.0
 10
426305.3872321077
 20
1579353.0
 10
426305.1771664481
 20
1579357.0
 10
426307.6089905495
 20
1579365.0
 10
426307.0467159336
 20
1579379.0
 10
426307.8911907629
 20
1579385.0
 10
426307.50666338234
 20
1579387.0
 10
426301.55026414414
 20
1579395.0
 10
426298.5694988472
 20
1579397.0
 10
426295.0
 20
1579398.1894779932
 10
426291.2417757542
 20
1579398.5012178821
  0
LWPOLYLINE
  5
4C1
330
17
100
AcDbEntity
  8
C-TOPO-GRAD-MINR
100
AcDbPolyline
 90
15
 70
0
 38
74.0
 10
426265.69232367555
 20
1579369.104228446
 10
426264.6375669296
 20
1579363.0
 10
426265.3913597844
 20
1579355.0
 10
426264.12223597185
 20
1579349.0
 10
426265.0
 20
1579346.2478920745
 10
426267.1632341388
 20
1579343.0000000002
 10
426268.0068451433
 20
1579339.0
 10
426267.0
 20
1579336.3856687637
 10
426263.0
 20
1579333.8576987921
 10
426261.0
 20
1579331.823796702
 10
426260.0895289427
 20
1579329.0
 10
426261.0
 20
1579325.6740503665
 10
426263.0
 20
1579323.2192619562
 10
426269.0
 20
1579317.4033234422
 10
426275.5276658514
 20
1579313.0
  0
LWPOLYLINE
  5
4C2
330
17
100
AcDbEntity
  8
C-TOPO-GRAD-MINR
100
AcDbPolyline
 90
22
 70
0
 38
74.0
 10
426334.4799855514
 20
1579333.0
 10
426337.0
 20
1579332.4439998313
 10
426339.34317029297
 20
1579333.0
 10
426341.90446588286
 20
1579335.0
 10
426342.4944990579
 20
1579336.9999999998
 10
426341.4349007845
 20
1579341.0
 10
426338.08658088004
 20
1579345.0
 10
426338.8847713483
 20
1579347.0
 10
426341.3715056758
 20
1579349.0
 10
426342.1644940572
 20
1579351.0
 10
426342.05556631065
 20
1579353.0
 10
426341.0
 20
1579355.3789558886
 10
426339.0
 20
1579356.6178522639
 10
426337.0
 20
1579355.7235505679
 10
426335.0
 20
1579353.29083054
 10
426333.0
 20
1579348.46603668
 10
426325.0
 20
1579345.2354003112
 10
426323.3658975733
 20
1579343.0
 10
426323.8023276809
 20
1579341.0
 10
426329.0
 20
1579338.3565132432
 10
426333.0
 20
1579333.7754234893
 10
426334.4799855514
 20
1579333.0
  0
LWPOLYLINE
  5
4C3
330
17
100
AcDbEntity
  8
C-TOPO-GRAD-MINR
100
AcDbPolyline
 90
8
 70
0
 38
74.0
 10
426771.2459407746
 20
1579337.0
 10
426773.0
 20
1579335.8756003084
 10
426775.0686626245
 20
1579337.0
 10
426775.0
 20
1579339.2514864912
 10
426773.0
 20
1579341.7049237434
 10
426770.66227547225
 20
1579341.0
 10
426770.32552278036
 20
1579339.0
 10
426771.2459407746
 20
1579337.0
  0
LWPOLYLINE
  5
4C4
330
17
100
AcDbEntity
  8
C-TOPO-GRAD-MINR
100
AcDbPolyline
 90
9
 70
0
 38
74.0
 10
426831.0
 20
1579350.3794928486
 10
426829.0
 20
1579352.6046365008
 10
426827.8177799784
 20
1579353.0
 10
426832.99999999994
 20
1579355.4182110452
 10
426837.0
 20
1579359.8978512073
 10
426838.19495829265
 20
1579357.0
 10
426837.0
 20
1579353.5664289081
 10
426833.0
 20
1579350.1744544916
 10
426831.0
 20
1579350.3794928486
  0
LWPOLYLINE
  5
4C5
330
17
100
AcDbEntity
  8
C-TOPO-GRAD-MINR
100
AcDbPolyline
 90
11
 70
0
 38
74.0
 10
426823.0
 20
1579352.981293653
 10
426821.0
 20
1579354.3851586224
 10
426819.6211224707
 20
1579357.0
 10
426819.2407456991
 20
1579359.0
 10
426820.10039158596
 20
1579361.0
 10
426821.0
 20
1579361.4041250313
 10
426825.5804069076
 20
1579361.0
 10
426826.7910588513
 20
1579359.0
 10
426827.46252820117
 20
1579354.9999999998
 10
426827.0
 20
1579353.5646281592
 10
426823.0
 20
1579352.981293653
  0
LWPOLYLINE
  5
4C6
330
17
100
AcDbEntity
  8
C-TOPO-GRAD-MINR
100
AcDbPolyline
 90
14
 70
0
 38
74.0
 10
426853.0
 20
1579356.1879012785
 10
426851.4391113481
 20
1579359.0
 10
426851.2283755392
 20
1579365.0
 10
426849.8244693829
 20
1579371.0
 10
426851.0
 20
1579373.8433303935
 10
426853.0
 20
1579374.2690937256
 10
426855.4056510533
 20
1579371.0000000002
 10
426855.17515053286
 20
1579367.0
 10
426855.64034390077
 20
1579365.0
 10
426857.31265017606
 20
1579363.0
 10
426857.6613106635
 20
1579361.0
 10
426857.0
 20
1579356.7667962871
 10
426855.0
 20
1579355.5980091873
 10
426853.0
 20
1579356.1879012785
  0
LWPOLYLINE
  5
4C7
330
17
100
AcDbEntity
  8
C-TOPO-GRAD-MINR
100
AcDbPolyline
 90
7
 70
0
 38
74.0
 10
426336.22284786624
 20
1579361.0
 10
426337.0
 20
1579360.043227098
 10
426339.17162014055
 20
1579361.0
 10
426339.0
 20
1579363.8876556135
 10
426337.0
 20
1579365.360006572
 10
426335.45511624496
 20
1579363.0
 10
426336.22284786624
 20
1579361.0
  0
LWPOLYLINE
  5
4C8
330
17
100
AcDbEntity
  8
C-TOPO-GRAD-MINR
100
AcDbPolyline
 90
9
 70
0
 38
74.0
 10
426752.86977503373
 20
1579383.0
 10
426756.24432556564
 20
1579383.0
 10
426758.279785545
 20
1579385.0
 10
426758.19331432914
 20
1579387.0
 10
426755.0
 20
1579389.9696858837
 10
426753.0
 20
1579389.8057738738
 10
426750.63716667984
 20
1579387.0
 10
426750.7730768879
 20
1579385.0
 10
426752.86977503373
 20
1579383.0
  0
LWPOLYLINE
  5
4C9
330
17
100
AcDbEntity
  8
C-TOPO-GRAD-MINR
100
AcDbPolyline
 90
23
 70
0
 38
74.0
 10
426769.2718004021
 20
1579385.0
 10
426775.0
 20
1579383.7713417637
 10
426776.748101253
 20
1579385.0
 10
426777.5297383772
 20
1579391.0
 10
426779.0
 20
1579393.0
 10
426777.0
 20
1579395.0
 10
426775.0
 20
1579395.0
 10
426773.0
 20
1579397.0
 10
426771.0
 20
1579397.0
 10
426769.0
 20
1579399.0
 10
426767.0
 20
1579399.0
 10
426763.0
 20
1579403.0
 10
426761.0
 20
1579403.0
 10
426759.0
 20
1579405.0
 10
426757.0
 20
1579405.0
 10
426755.0
 20
1579407.0
 10
426753.0
 20
1579407.0
 10
426751.50241413206
 20
1579403.0
 10
426752.5327940113
 20
1579399.0
 10
426755.0
 20
1579396.3465534076
 10
426760.7962158125
 20
1579393.0
 10
426765.0
 20
1579388.361321098
 10
426769.2718004021
 20
1579385.0
  0
LWPOLYLINE
  5
4CA
330
17
100
AcDbEntity
  8
C-TOPO-GRAD-MINR
100
AcDbPolyline
 90
8
 70
0
 38
74.0
 10
426715.06733457936
 20
1579393.0
 10
426717.0
 20
1579391.3760314665
 10
426719.0
 20
1579392.2014684037
 10
426719.513998737
 20
1579393.0
 10
426719.17231126124
 20
1579395.0
 10
426717.0
 20
1579396.146306631
 10
426715.18497302267
 20
1579395.0
 10
426715.06733457936
 20
1579393.0
  0
LWPOLYLINE
  5
4CB
330
17
100
AcDbEntity
  8
C-TOPO-GRAD-MINR
100
AcDbPolyline
 90
13
 70
0
 38
74.0
 10
426628.60320189747
 20
1579447.0
 10
426631.0
 20
1579447.0848399387
 10
426633.0
 20
1579448.011243653
 10
426635.13098171656
 20
1579451.0
 10
426635.4178335087
 20
1579455.0
 10
426634.46710424486
 20
1579457.0
 10
426633.0
 20
1579458.1876806566
 10
426629.0
 20
1579459.1681166228
 10
426625.0
 20
1579458.8968951483
 10
426617.27147889335
 20
1579453.0
 10
426618.3069918896
 20
1579451.0
 10
426620.97703171376
 20
1579449.0
 10
426628.60320189747
 20
1579447.0
  0
LWPOLYLINE
  5
4CC
330
17
100
AcDbEntity
  8
C-TOPO-GRAD-MINR
100
AcDbPolyline
 90
4
 70
0
 38
74.0
 10
426777.0
 20
1579492.6910997631
 10
426773.0
 20
1579493.4884226713
 10
426771.82031238696
 20
1579495.0
 10
426770.7176119079
 20
1579510.9393095323
  0
LWPOLYLINE
  5
4CD
330
17
100
AcDbEntity
  8
C-TOPO-GRAD-MINR
100
AcDbPolyline
 90
8
 70
0
 38
74.0
 10
426791.4250318985
 20
1579509.1095463529
 10
426791.50119650713
 20
1579509.0
 10
426795.5986252908
 20
1579499.0000000002
 10
426796.0019537684
 20
1579495.0
 10
426794.1980267776
 20
1579493.0
 10
426791.0
 20
1579492.4006859122
 10
426783.0
 20
1579491.9710978004
 10
426777.0
 20
1579492.6910997631
  0
LWPOLYLINE
  5
4CE
330
17
100
AcDbEntity
  8
C-TOPO-GRAD-MINR
100
AcDbPolyline
 90
159
 70
0
 38
74.0
 10
426504.263973625
 20
1579514.8635735943
 10
426499.0
 20
1579513.4517036297
 10
426494.4620766671
 20
1579511.0
 10
426491.0
 20
1579507.379369005
 10
426484.65987617377
 20
1579503.0
 10
426480.5103117493
 20
1579497.0
 10
426477.0
 20
1579493.9757289412
 10
426473.0
 20
1579492.863903613
 10
426465.0
 20
1579493.13283394
 10
426459.0
 20
1579491.9154235937
 10
426456.76723889407
 20
1579491.0
 10
426451.0
 20
1579486.0706574246
 10
426445.3523603714
 20
1579483.0
 10
426441.46863729943
 20
1579479.0
 10
426441.0157866848
 20
1579477.0
 10
426443.3926571647
 20
1579471.0
 10
426445.0005664962
 20
1579469.0
 10
426451.0
 20
1579468.1607451597
 10
426459.0
 20
1579469.9870016077
 10
426467.0
 20
1579469.7912352537
 10
426485.0
 20
1579473.4762911792
 10
426487.4454629248
 20
1579473.0
 10
426497.0
 20
1579468.3327335396
 10
426499.849806651
 20
1579465.0
 10
426505.0
 20
1579464.0144561972
 10
426507.5227302424
 20
1579465.0
 10
426512.99999999994
 20
1579469.4433456138
 10
426517.0
 20
1579470.1907713925
 10
426523.0
 20
1579474.8062314033
 10
426527.0
 20
1579474.7534408052
 10
426533.0
 20
1579476.171313134
 10
426535.0
 20
1579475.8357928987
 10
426539.0
 20
1579472.6894419238
 10
426542.99999999994
 20
1579471.1961678155
 10
426553.0
 20
1579472.1156729902
 10
426555.3027908164
 20
1579473.0
 10
426561.0
 20
1579477.251699579
 10
426573.0
 20
1579481.7829903872
 10
426581.0
 20
1579486.1957633956
 10
426587.0
 20
1579486.5452635463
 10
426591.5566022127
 20
1579484.9999999998
 10
426592.69707840425
 20
1579483.0
 10
426592.9702017559
 20
1579479.0
 10
426595.0
 20
1579475.8384368296
 10
426597.0
 20
1579474.553964966
 10
426603.0
 20
1579472.8742060536
 10
426617.0
 20
1579471.6177331228
 10
426627.0
 20
1579474.5654012766
 10
426631.0
 20
1579475.082758104
 10
426655.0
 20
1579474.617794191
 10
426663.0
 20
1579475.0370244323
 10
426667.0
 20
1579474.1508106806
 10
426675.0
 20
1579470.4926546277
 10
426677.00815423025
 20
1579468.9999999998
 10
426678.9408224792
 20
1579465.0
 10
426679.7906400966
 20
1579457.0
 10
426681.0
 20
1579455.3445219346
 10
426683.0
 20
1579454.7551394482
 10
426685.0
 20
1579455.6072525429
 10
426686.7497915429
 20
1579459.0
 10
426686.7578038397
 20
1579465.0
 10
426688.2089636526
 20
1579469.0
 10
426691.0
 20
1579471.2751030095
 10
426693.0
 20
1579471.9315133197
 10
426703.0
 20
1579472.353070714
 10
426713.0
 20
1579470.743843307
 10
426728.99999999994
 20
1579469.2209400123
 10
426735.0
 20
1579467.2397265192
 10
426749.01958174846
 20
1579465.0
 10
426753.0
 20
1579463.3908294826
 10
426759.0
 20
1579458.503877829
 10
426772.4342301386
 20
1579453.0
 10
426774.52743500756
 20
1579451.0
 10
426775.0
 20
1579449.0
 10
426779.0
 20
1579449.0
 10
426781.0
 20
1579447.0
 10
426783.0
 20
1579447.0
 10
426785.0
 20
1579445.0
 10
426787.0
 20
1579445.0
 10
426791.0
 20
1579441.0
 10
426793.0
 20
1579441.0
 10
426795.0
 20
1579439.0
 10
426797.0
 20
1579439.0
 10
426799.0
 20
1579437.0
 10
426801.0
 20
1579437.0
 10
426805.0
 20
1579433.0
 10
426803.0
 20
1579431.0
 10
426803.0
 20
1579429.0
 10
426801.0
 20
1579427.0
 10
426801.0
 20
1579425.0
 10
426799.0
 20
1579423.0
 10
426799.0
 20
1579421.0
 10
426795.0
 20
1579417.0
 10
426795.0
 20
1579415.0
 10
426793.0
 20
1579413.0
 10
426793.0
 20
1579411.0
 10
426791.0
 20
1579409.0
 10
426791.0
 20
1579407.0
 10
426789.0
 20
1579405.0
 10
426789.0
 20
1579403.0
 10
426785.0
 20
1579399.0
 10
426789.036000866
 20
1579396.9999999998
 10
426799.0
 20
1579396.5650614072
 10
426801.0
 20
1579395.1908341418
 10
426801.12847278605
 20
1579389.0
 10
426798.9999413364
 20
1579383.0
 10
426800.196406068
 20
1579381.0
 10
426801.0
 20
1579380.5249061193
 10
426803.0
 20
1579380.9522056982
 10
426805.0
 20
1579383.9784819614
 10
426807.0
 20
1579384.503579469
 10
426809.0
 20
1579383.860863219
 10
426811.6381325234
 20
1579381.0
 10
426815.34235286276
 20
1579375.0
 10
426815.72041291406
 20
1579373.0
 10
426814.84405350254
 20
1579371.0
 10
426809.0
 20
1579365.9153123766
 10
426806.99999999994
 20
1579362.56667625
 10
426802.52725904994
 20
1579359.0
 10
426800.9693201467
 20
1579357.0
 10
426796.99999999994
 20
1579354.6763625946
 10
426796.48329368234
 20
1579353.0
 10
426796.779733653
 20
1579351.0
 10
426798.0264229347
 20
1579349.0
 10
426799.0285034385
 20
1579345.0
 10
426801.0
 20
1579342.1746376925
 10
426803.0
 20
1579341.7022297205
 10
426807.0
 20
1579342.348883603
 10
426817.0
 20
1579341.989664571
 10
426823.0
 20
1579340.31561541
 10
426829.0
 20
1579339.712718484
 10
426831.0
 20
1579338.450355555
 10
426831.72084452084
 20
1579337.0
 10
426831.53658029233
 20
1579335.0
 10
426831.0
 20
1579332.8647299095
 10
426829.0
 20
1579330.36019939
 10
426821.0
 20
1579331.2112358613
 10
426818.3191745063
 20
1579327.0
 10
426811.80589380255
 20
1579323.0
 10
426809.0
 20
1579317.8641110428
 10
426807.0
 20
1579315.5562402993
 10
426805.0
 20
1579314.2880519598
 10
426797.0
 20
1579311.8447724348
 10
426795.0
 20
1579312.2200765219
 10
426793.0
 20
1579313.8166341
 10
426790.1542964033
 20
1579319.0
 10
426788.1668645889
 20
1579321.0
 10
426785.0
 20
1579322.8245906546
 10
426781.0
 20
1579323.6286123153
 10
426779.23431105004
 20
1579320.9999999998
 10
426778.4989531401
 20
1579309.0
 10
426779.0
 20
1579306.268152548
 10
426781.91033440514
 20
1579299.0
 10
426781.55551514396
 20
1579291.0
 10
426783.6899078239
 20
1579279.0
 10
426785.42262818327
 20
1579273.0
 10
426783.55951333884
 20
1579261.0
 10
426783.2339770273
 20
1579255.0
 10
426783.2463014393
 20
1579254.8939625206
  0
LWPOLYLINE
  5
4CF
330
17
100
AcDbEntity
  8
C-TOPO-GRAD-MINR
100
AcDbPolyline
 90
32
 70
0
 38
74.0
 10
426791.3684240081
 20
1579089.6799888676
 10
426791.0
 20
1579089.5579516792
 10
426790.06099793094
 20
1579089.0
 10
426789.1656499135
 20
1579087.0
 10
426791.9828998989
 20
1579081.0
 10
426792.30720470444
 20
1579069.0
 10
426793.06249087915
 20
1579065.0
 10
426795.0
 20
1579062.2619025502
 10
426799.0
 20
1579059.7624662234
 10
426803.0
 20
1579055.3060332001
 10
426808.15627283894
 20
1579053.0
 10
426810.3155719654
 20
1579051.0
 10
426810.0120689599
 20
1579049.0
 10
426802.99999999994
 20
1579036.722249587
 10
426798.8021507022
 20
1579031.0
 10
426787.0
 20
1579019.3337722977
 10
426785.97952621675
 20
1579017.0
 10
426785.98919332155
 20
1579011.0
 10
426791.7455641363
 20
1578989.0
 10
426791.5904637261
 20
1578985.0
 10
426789.9979656866
 20
1578983.0
 10
426787.0
 20
1578981.3274506705
 10
426761.0
 20
1578970.7498934902
 10
426757.0
 20
1578969.4345146273
 10
426753.0
 20
1578969.4618264392
 10
426750.34371367516
 20
1578971.0
 10
426745.0
 20
1578976.97394191
 10
426743.0
 20
1578977.6498784106
 10
426735.72501481744
 20
1578975.0
 10
426723.0
 20
1578967.753628557
 10
426715.0
 20
1578964.5703976331
 10
426695.777138852
 20
1578960.966604651
  0
LWPOLYLINE
  5
4D0
330
17
100
AcDbEntity
  8
C-TOPO-GRAD-MINR
100
AcDbPolyline
 90
60
 70
0
 38
74.0
 10
426573.12992059777
 20
1578956.4496377853
 10
426574.19724274403
 20
1578955.0
 10
426574.73847651854
 20
1578953.0
 10
426574.2970333353
 20
1578951.0
 10
426573.0
 20
1578949.6297983231
 10
426571.0
 20
1578948.8937382363
 10
426559.0
 20
1578949.1345517188
 10
426545.0
 20
1578953.161088428
 10
426543.0
 20
1578952.5597537376
 10
426541.4931433672
 20
1578950.9999999998
 10
426540.64145926986
 20
1578949.0
 10
426540.7178112544
 20
1578947.0
 10
426542.34334109334
 20
1578945.0
 10
426545.0
 20
1578944.2489207909
 10
426549.0
 20
1578944.2135575498
 10
426553.0
 20
1578939.824409226
 10
426557.6856394827
 20
1578937.0
 10
426559.39784296416
 20
1578935.0
 10
426559.81669388985
 20
1578933.0
 10
426558.89278075687
 20
1578925.0
 10
426555.0
 20
1578923.6461552866
 10
426549.0
 20
1578923.8306274554
 10
426545.0
 20
1578922.824566667
 10
426542.10814642266
 20
1578921.0
 10
426541.05103592883
 20
1578917.0
 10
426541.7040530282
 20
1578913.0
 10
426549.0
 20
1578905.6450155037
 10
426550.2640083377
 20
1578903.0
 10
426550.46321703243
 20
1578901.0
 10
426547.7703853041
 20
1578891.0
 10
426548.8760512646
 20
1578883.0
 10
426547.97611169866
 20
1578869.0
 10
426545.0
 20
1578862.549794291
 10
426538.8415556586
 20
1578859.0
 10
426539.52863528504
 20
1578851.0
 10
426537.47692412446
 20
1578847.0
 10
426537.19759150385
 20
1578845.0
 10
426539.0
 20
1578840.9142042734
 10
426549.0
 20
1578832.4641863583
 10
426551.3062308708
 20
1578829.0
 10
426551.66893132427
 20
1578827.0
 10
426551.0
 20
1578825.5417758813
 10
426546.6686953807
 20
1578827.0
 10
426543.9847273521
 20
1578829.0
 10
426539.0
 20
1578834.637452647
 10
426537.0
 20
1578835.826827458
 10
426525.0
 20
1578839.473672749
 10
426521.0
 20
1578839.7208803492
 10
426518.2298166679
 20
1578839.0
 10
426518.5981349438
 20
1578837.0
 10
426521.0
 20
1578834.3138661007
 10
426531.7552936978
 20
1578829.0
 10
426534.2969963781
 20
1578827.0
 10
426535.76526776794
 20
1578825.0
 10
426536.01585229987
 20
1578823.0
 10
426532.133419831
 20
1578815.0
 10
426530.7330695382
 20
1578809.0
 10
426527.27380361815
 20
1578802.9999999998
 10
426528.5795112174
 20
1578797.0
 10
426528.0271326462
 20
1578793.1052607547
  0
LWPOLYLINE
  5
4D1
330
17
100
AcDbEntity
  8
C-TOPO-GRAD-MAJR
100
AcDbPolyline
 90
24
 70
0
 38
75.0
 10
426576.9237925264
 20
1578779.6365538016
 10
426583.0
 20
1578782.766421953
 10
426584.4177341269
 20
1578785.0
 10
426586.6278831564
 20
1578795.0
 10
426591.0
 20
1578804.4042713018
 10
426592.82292463345
 20
1578810.9999999998
 10
426595.27365053695
 20
1578821.0
 10
426595.0
 20
1578825.0557155465
 10
426593.0
 20
1578825.0568106235
 10
426589.0
 20
1578820.2630650967
 10
426582.79926609265
 20
1578817.0
 10
426581.4719557547
 20
1578815.0
 10
426580.406386601
 20
1578811.0
 10
426579.0
 20
1578809.5266250356
 10
426575.0
 20
1578808.3646733738
 10
426568.5149858763
 20
1578805.0
 10
426568.0754366992
 20
1578803.0
 10
426569.0
 20
1578801.4574507792
 10
426573.0
 20
1578800.271967501
 10
426574.0261958579
 20
1578799.0
 10
426574.39858314797
 20
1578797.0
 10
426573.56120326737
 20
1578793.0
 10
426567.70155417
 20
1578783.0
 10
426567.2841693063
 20
1578781.2566893396
  0
LWPOLYLINE
  5
4D2
330
17
100
AcDbEntity
  8
C-TOPO-GRAD-MAJR
100
AcDbPolyline
 90
12
 70
0
 38
75.0
 10
426829.0
 20
1578904.8338000556
 10
426827.0
 20
1578905.353079079
 10
426825.7991585708
 20
1578907.0
 10
426827.00000000006
 20
1578909.6956562991
 10
426833.0
 20
1578912.889404648
 10
426835.0
 20
1578913.2752542868
 10
426837.0
 20
1578912.6105409844
 10
426838.3381707794
 20
1578911.0
 10
426837.7648449697
 20
1578909.0
 10
426835.27538528555
 20
1578907.0000000002
 10
426831.0
 20
1578905.0276121509
 10
426829.0
 20
1578904.8338000556
  0
LWPOLYLINE
  5
4D3
330
17
100
AcDbEntity
  8
C-TOPO-GRAD-MAJR
100
AcDbPolyline
 90
14
 70
0
 38
75.0
 10
426738.5286909935
 20
1578907.0
 10
426739.0
 20
1578905.0
 10
426741.0
 20
1578905.0
 10
426743.0
 20
1578907.0
 10
426749.0
 20
1578907.0
 10
426751.0
 20
1578909.0
 10
426751.42450311576
 20
1578911.0
 10
426750.1081564642
 20
1578913.0
 10
426747.0
 20
1578915.7109409766
 10
426743.0
 20
1578917.5539112038
 10
426741.0
 20
1578917.5226428164
 10
426738.99999999994
 20
1578916.423291988
 10
426737.4205615626
 20
1578913.0
 10
426738.5286909935
 20
1578907.0
  0
LWPOLYLINE
  5
4D4
330
17
100
AcDbEntity
  8
C-TOPO-GRAD-MAJR
100
AcDbPolyline
 90
8
 70
0
 38
75.0
 10
426808.69394381513
 20
1578943.0
 10
426809.9874194205
 20
1578943.0
 10
426811.4645906114
 20
1578945.0
 10
426810.37717840436
 20
1578947.0
 10
426809.0
 20
1578947.6992163644
 10
426807.27480676275
 20
1578947.0
 10
426807.0
 20
1578945.2200257902
 10
426808.69394381513
 20
1578943.0
  0
LWPOLYLINE
  5
4D5
330
17
100
AcDbEntity
  8
C-TOPO-GRAD-MAJR
100
AcDbPolyline
 90
5
 70
0
 38
75.0
 10
426808.1981044828
 20
1579059.0
 10
426811.0
 20
1579059.351673723
 10
426812.83560051635
 20
1579061.0
 10
426816.68779072305
 20
1579067.0
 10
426817.58754580683
 20
1579070.352723458
  0
LWPOLYLINE
  5
4D6
330
17
100
AcDbEntity
  8
C-TOPO-GRAD-MAJR
100
AcDbPolyline
 90
9
 70
0
 38
75.0
 10
426798.7375795388
 20
1579086.3045191946
 10
426797.5127263768
 20
1579085.0
 10
426795.5996254552
 20
1579081.0
 10
426794.30117473926
 20
1579077.0
 10
426794.35647642985
 20
1579071.0
 10
426795.0
 20
1579068.9494645896
 10
426797.0
 20
1579066.2645041277
 10
426805.0
 20
1579060.2151727881
 10
426808.1981044828
 20
1579059.0
  0
LWPOLYLINE
  5
4D7
330
17
100
AcDbEntity
  8
C-TOPO-GRAD-MAJR
100
AcDbPolyline
 90
13
 70
0
 38
75.0
 10
426262.7533145506
 20
1579195.0
 10
426265.0
 20
1579193.9699702447
 10
426267.613666012
 20
1579195.0
 10
426268.45542310254
 20
1579197.0
 10
426268.0292295014
 20
1579205.0
 10
426269.0
 20
1579206.8913208637
 10
426271.0
 20
1579208.1535774367
 10
426275.0
 20
1579208.1903709345
 10
426277.0
 20
1579208.8788975638
 10
426279.0
 20
1579211.4664304669
 10
426279.29592102463
 20
1579213.0
 10
426277.40264084167
 20
1579217.0
 10
426275.1188721976
 20
1579219.6533270834
  0
LWPOLYLINE
  5
4D8
330
17
100
AcDbEntity
  8
C-TOPO-GRAD-MAJR
100
AcDbPolyline
 90
6
 70
0
 38
75.0
 10
426263.77030338056
 20
1579217.5642104475
 10
426260.34231241327
 20
1579211.0
 10
426260.3918254329
 20
1579209.0
 10
426261.88708265836
 20
1579205.0
 10
426261.1440937539
 20
1579199.0
 10
426262.7533145506
 20
1579195.0
  0
LWPOLYLINE
  5
4D9
330
17
100
AcDbEntity
  8
C-TOPO-GRAD-MAJR
100
AcDbPolyline
 90
7
 70
0
 38
75.0
 10
426271.40026134124
 20
1579375.0
 10
426273.0
 20
1579374.215257451
 10
426275.0
 20
1579375.239435047
 10
426278.9657344365
 20
1579379.0
 10
426280.307937314
 20
1579381.0
 10
426279.7715776799
 20
1579383.0
 10
426279.5495097738
 20
1579383.15235356
  0
LWPOLYLINE
  5
4DA
330
17
100
AcDbEntity
  8
C-TOPO-GRAD-MAJR
100
AcDbPolyline
 90
10
 70
0
 38
75.0
 10
426670.0310753987
 20
1579493.0
 10
426673.0
 20
1579492.2419881541
 10
426677.0
 20
1579492.6810772163
 10
426680.7730245553
 20
1579494.9999999998
 10
426681.84817631834
 20
1579497.0
 10
426678.99999999994
 20
1579498.3088531874
 10
426675.0
 20
1579498.3843418695
 10
426671.68221584184
 20
1579497.0
 10
426669.4731672084
 20
1579495.0
 10
426670.0310753987
 20
1579493.0
  0
LWPOLYLINE
  5
4DB
330
17
100
AcDbEntity
  8
C-TOPO-GRAD-MAJR
100
AcDbPolyline
 90
9
 70
0
 38
75.0
 10
426728.25895349437
 20
1579493.0
 10
426729.0
 20
1579492.0458329292
 10
426731.0
 20
1579492.2306837467
 10
426732.01264229964
 20
1579495.0
 10
426731.1009967819
 20
1579499.0
 10
426729.0
 20
1579500.3872710823
 10
426727.9789647502
 20
1579499.0
 10
426727.7516271331
 20
1579495.0
 10
426728.25895349437
 20
1579493.0
  0
LWPOLYLINE
  5
4DC
330
17
100
AcDbEntity
  8
C-TOPO-GRAD-MAJR
100
AcDbPolyline
 90
15
 70
0
 38
75.0
 10
426687.2713443609
 20
1579497.0
 10
426691.0
 20
1579496.11921272
 10
426699.0
 20
1579496.369437209
 10
426709.0
 20
1579495.0218842556
 10
426713.0
 20
1579496.2983435947
 10
426717.0
 20
1579499.2239777038
 10
426720.85232503596
 20
1579500.9999999998
 10
426722.02320947906
 20
1579503.0
 10
426719.43037524144
 20
1579505.0
 10
426715.0
 20
1579506.5102076407
 10
426707.00000000006
 20
1579506.4374567913
 10
426697.0
 20
1579501.9911579862
 10
426690.77880244894
 20
1579501.0
 10
426687.44275561004
 20
1579499.0
 10
426687.2713443609
 20
1579497.0
  0
LWPOLYLINE
  5
4DD
330
17
100
AcDbEntity
  8
C-TOPO-GRAD-MAJR
100
AcDbPolyline
 90
10
 70
0
 38
75.0
 10
426757.8177472274
 20
1579501.0
 10
426761.0
 20
1579500.236469206
 10
426763.0
 20
1579500.9026377343
 10
426764.2050079538
 20
1579503.0
 10
426763.64212719933
 20
1579505.0
 10
426763.0
 20
1579505.6860386254
 10
426761.0
 20
1579505.9865254713
 10
426758.55834999203
 20
1579505.0
 10
426757.0830359713
 20
1579503.0000000002
 10
426757.8177472274
 20
1579501.0
  0
LWPOLYLINE
  5
4DE
330
17
100
AcDbEntity
  8
C-TOPO-GRAD-MAJR
100
AcDbPolyline
 90
7
 70
0
 38
75.0
 10
426852.0830705912
 20
1579473.0084810324
 10
426849.0
 20
1579471.2883152738
 10
426848.130816665
 20
1579469.0
 10
426848.67734144285
 20
1579467.0
 10
426850.48163587734
 20
1579465.0
 10
426857.0
 20
1579459.209379121
 10
426862.61665410874
 20
1579455.2433507117
  0
LWPOLYLINE
  5
4DF
330
17
100
AcDbEntity
  8
C-TOPO-GRAD-MAJR
100
AcDbPolyline
 90
35
 70
0
 38
75.0
 10
426905.78100576164
 20
1579379.2769423048
 10
426904.5263353725
 20
1579373.0
 10
426904.5381908135
 20
1579367.0
 10
426901.10053370753
 20
1579359.0
 10
426900.8299715963
 20
1579355.0
 10
426906.0569162484
 20
1579345.0
 10
426908.9594617672
 20
1579335.0
 10
426908.0342566185
 20
1579327.0
 10
426907.0
 20
1579324.813537237
 10
426903.0
 20
1579320.7632808445
 10
426902.13584105787
 20
1579317.0
 10
426903.0
 20
1579310.9850129571
 10
426905.0
 20
1579308.6763143335
 10
426908.8763684658
 20
1579307.0
 10
426910.0423734513
 20
1579305.0
 10
426910.2522938502
 20
1579299.0
 10
426909.16808907274
 20
1579289.0
 10
426910.4088177853
 20
1579279.0
 10
426909.737292718
 20
1579271.0
 10
426908.2701974752
 20
1579265.0
 10
426905.0
 20
1579258.4842521923
 10
426891.0
 20
1579262.0157434652
 10
426889.0
 20
1579261.398106664
 10
426887.2602357848
 20
1579259.0
 10
426887.0
 20
1579256.8869802451
 10
426888.3976985029
 20
1579253.0
 10
426891.0
 20
1579251.0423985652
 10
426896.6834750776
 20
1579249.0
 10
426897.08145443845
 20
1579247.0
 10
426895.0
 20
1579245.693019317
 10
426892.579279351
 20
1579243.0
 10
426890.99999999994
 20
1579238.4361409356
 10
426882.84217042476
 20
1579235.0
 10
426880.5734961424
 20
1579233.0
 10
426879.93442449154
 20
1579228.8621400262
  0
LWPOLYLINE
  5
4E0
330
17
100
AcDbEntity
  8
C-TOPO-GRAD-MAJR
100
AcDbPolyline
 90
106
 70
0
 38
75.0
 10
426833.1638440533
 20
1579036.278360768
 10
426825.96223387483
 20
1579021.0
 10
426819.0
 20
1579000.5017208317
 10
426815.34030475805
 20
1578993.0
 10
426817.87627988664
 20
1578987.0
 10
426820.76090102614
 20
1578983.0
 10
426820.9956758174
 20
1578981.0
 10
426817.6399565167
 20
1578971.0
 10
426818.0247755936
 20
1578969.0
 10
426819.0
 20
1578967.8682977024
 10
426821.0
 20
1578967.231389869
 10
426823.0
 20
1578968.058980288
 10
426825.0
 20
1578967.8945706594
 10
426825.3372395808
 20
1578967.0
 10
426822.25417862507
 20
1578961.0
 10
426815.6260827939
 20
1578953.0
 10
426813.99750573473
 20
1578949.0
 10
426813.0
 20
1578940.2387873572
 10
426811.4707370271
 20
1578939.0
 10
426807.0
 20
1578937.3807906483
 10
426795.0
 20
1578930.0176176731
 10
426793.0
 20
1578929.6743449282
 10
426787.0
 20
1578931.4610201514
 10
426785.0
 20
1578931.1228118972
 10
426778.99999999994
 20
1578924.59461152
 10
426773.6302618025
 20
1578921.0
 10
426772.6109892708
 20
1578919.0
 10
426772.6543636647
 20
1578917.0
 10
426775.8297238621
 20
1578907.0
 10
426776.44721143786
 20
1578899.0
 10
426778.3119624258
 20
1578893.0
 10
426781.0
 20
1578887.3139151821
 10
426784.16973503004
 20
1578883.0
 10
426788.44773714157
 20
1578875.0
 10
426794.1391541711
 20
1578857.0
 10
426794.35126624955
 20
1578853.0
 10
426793.38923357066
 20
1578845.0
 10
426791.0
 20
1578841.98336491
 10
426787.0
 20
1578840.263402827
 10
426783.0
 20
1578839.5407802768
 10
426779.0
 20
1578841.0759289353
 10
426773.5489608362
 20
1578845.0
 10
426770.4223708133
 20
1578849.0
 10
426769.1535429687
 20
1578853.0
 10
426768.1877893646
 20
1578861.0
 10
426767.0
 20
1578863.0
 10
426765.0
 20
1578863.0
 10
426763.0
 20
1578861.0
 10
426757.0
 20
1578861.0
 10
426755.0
 20
1578859.0
 10
426751.0
 20
1578859.0
 10
426749.0
 20
1578857.0
 10
426745.0
 20
1578857.0
 10
426743.0
 20
1578855.0
 10
426743.0
 20
1578857.0
 10
426741.0
 20
1578859.0
 10
426741.0
 20
1578863.0
 10
426739.0
 20
1578865.0
 10
426739.0
 20
1578869.0
 10
426737.0
 20
1578871.0
 10
426737.0
 20
1578873.0
 10
426735.0
 20
1578873.9914548649
 10
426729.0
 20
1578871.0229243052
 10
426727.25536730763
 20
1578868.9999999998
 10
426726.6689246859
 20
1578867.0
 10
426726.88870801457
 20
1578865.0
 10
426728.39875586383
 20
1578859.0
 10
426727.2408692678
 20
1578853.0
 10
426727.62689439557
 20
1578851.0
 10
426725.9426538098
 20
1578849.0
 10
426721.0
 20
1578847.8100388646
 10
426719.0
 20
1578846.4481930197
 10
426715.0
 20
1578845.8551878305
 10
426713.0
 20
1578844.486410852
 10
426709.0
 20
1578843.9550329328
 10
426701.0
 20
1578841.4925870053
 10
426699.0
 20
1578840.3578524222
 10
426695.0
 20
1578840.130747982
 10
426694.16781638283
 20
1578841.0
 10
426691.0
 20
1578846.647630963
 10
426688.5487787255
 20
1578848.9999999998
 10
426685.7386085751
 20
1578857.0
 10
426683.0
 20
1578860.0291368507
 10
426681.0
 20
1578860.8546198094
 10
426677.0
 20
1578860.1291243893
 10
426671.0
 20
1578856.8692223083
 10
426667.0
 20
1578855.8745571985
 10
426663.0
 20
1578853.1712466811
 10
426660.19994151377
 20
1578849.0
 10
426659.0
 20
1578845.9701573255
 10
426658.7658170637
 20
1578841.0
 10
426659.995774895
 20
1578835.0
 10
426659.7264876828
 20
1578833.0
 10
426657.0
 20
1578829.123693034
 10
426653.0
 20
1578825.9169527427
 10
426651.0
 20
1578825.241126429
 10
426641.0
 20
1578827.732214924
 10
426637.90385991114
 20
1578827.0
 10
426637.0
 20
1578825.4087985228
 10
426639.0
 20
1578817.5012795809
 10
426642.25527981634
 20
1578811.0
 10
426635.0
 20
1578801.9458116791
 10
426631.394230922
 20
1578795.0
 10
426627.00000000006
 20
1578790.7795733553
 10
426621.0
 20
1578782.2159630582
 10
426614.41266171663
 20
1578775.2963388474
  0
LWPOLYLINE
  5
4E1
330
17
100
AcDbEntity
  8
C-TOPO-GRAD-MINR
100
AcDbPolyline
 90
15
 70
0
 38
76.0
 10
426826.03282967315
 20
1578943.0
 10
426829.0
 20
1578941.7321337543
 10
426833.0
 20
1578941.0627715357
 10
426835.0
 20
1578941.5168570336
 10
426837.2740334599
 20
1578943.0
 10
426839.53641837405
 20
1578947.0
 10
426841.0
 20
1578953.28405523
 10
426840.9144290404
 20
1578956.9999999998
 10
426839.5373812644
 20
1578959.0
 10
426837.0
 20
1578959.5601312618
 10
426836.01812763116
 20
1578959.0
 10
426826.3813981932
 20
1578949.0
 10
426824.8924597993
 20
1578947.0
 10
426824.7917886283
 20
1578945.0
 10
426826.03282967315
 20
1578943.0
  0
LWPOLYLINE
  5
4E2
330
17
100
AcDbEntity
  8
C-TOPO-GRAD-MINR
100
AcDbPolyline
 90
5
 70
0
 38
76.0
 10
426847.42483987065
 20
1578987.2885541813
 10
426847.0881227859
 20
1578987.0
 10
426845.9513476356
 20
1578985.0
 10
426845.6720154888
 20
1578981.0
 10
426846.7615621291
 20
1578977.564334262
  0
LWPOLYLINE
  5
4E3
330
17
100
AcDbEntity
  8
C-TOPO-GRAD-MINR
100
AcDbPolyline
 90
3
 70
0
 38
76.0
 10
426847.6928533222
 20
1578975.6262394304
 10
426851.3216404353
 20
1578969.0
 10
426855.43788186606
 20
1578965.0
  0
LWPOLYLINE
  5
4E4
330
17
100
AcDbEntity
  8
C-TOPO-GRAD-MINR
100
AcDbPolyline
 90
6
 70
0
 38
76.0
 10
426806.8894719269
 20
1579063.0
 10
426809.0
 20
1579062.7775435538
 10
426811.0
 20
1579063.922632921
 10
426812.9943180231
 20
1579067.0
 10
426814.09383991174
 20
1579071.0
 10
426814.2061242257
 20
1579074.380089553
  0
LWPOLYLINE
  5
4E5
330
17
100
AcDbEntity
  8
C-TOPO-GRAD-MINR
100
AcDbPolyline
 90
8
 70
0
 38
76.0
 10
426803.0300135906
 20
1579083.7350506338
 10
426801.0
 20
1579082.8771394547
 10
426797.26294265717
 20
1579079.0000000002
 10
426796.3710201117
 20
1579077.0
 10
426796.0017649713
 20
1579073.0
 10
426797.0
 20
1579069.9689670631
 10
426799.0
 20
1579067.7526551215
 10
426806.8894719269
 20
1579063.0
  0
LWPOLYLINE
  5
4E6
330
17
100
AcDbEntity
  8
C-TOPO-GRAD-MINR
100
AcDbPolyline
 90
48
 70
0
 38
76.0
 10
426874.2955863783
 20
1578925.0108426437
 10
426869.2401430268
 20
1578913.0
 10
426859.8938788257
 20
1578905.0
 10
426857.0
 20
1578903.5852678963
 10
426850.7629646811
 20
1578903.0
 10
426841.0
 20
1578895.6849676785
 10
426833.0
 20
1578892.7974596461
 10
426830.9391825588
 20
1578891.0
 10
426830.1498158014
 20
1578889.0
 10
426829.52102488733
 20
1578883.0
 10
426827.0
 20
1578880.0860541381
 10
426811.0
 20
1578872.9223614298
 10
426801.0
 20
1578869.5219831443
 10
426797.0
 20
1578867.1031371313
 10
426796.2098446625
 20
1578865.0
 10
426796.6520146539
 20
1578863.0
 10
426799.02391688654
 20
1578859.0
 10
426799.69723495573
 20
1578855.0
 10
426796.44939166657
 20
1578841.0
 10
426795.0
 20
1578838.6354869911
 10
426791.0
 20
1578835.8721595784
 10
426787.0
 20
1578834.5006693758
 10
426783.0
 20
1578834.0063342801
 10
426779.0
 20
1578835.5674278976
 10
426769.0
 20
1578844.4962334477
 10
426766.35753167083
 20
1578849.0
 10
426765.0
 20
1578853.2053374515
 10
426763.0
 20
1578855.185739439
 10
426761.0
 20
1578855.3412126587
 10
426743.0
 20
1578850.486343577
 10
426740.85528618837
 20
1578850.9999999998
 10
426736.99999999994
 20
1578856.3421716194
 10
426735.0
 20
1578856.4659463163
 10
426733.0
 20
1578853.9826361113
 10
426731.0
 20
1578847.7363347453
 10
426729.0
 20
1578845.838905334
 10
426721.0
 20
1578842.6868304242
 10
426697.0
 20
1578835.3737807684
 10
426693.0
 20
1578835.728333218
 10
426689.0
 20
1578840.4410415655
 10
426687.0
 20
1578841.5268163336
 10
426684.99999999994
 20
1578840.7249434586
 10
426683.03048467485
 20
1578837.0
 10
426683.32226606674
 20
1578833.0
 10
426687.210102613
 20
1578822.9999999998
 10
426693.58633949584
 20
1578799.0
 10
426700.37565280823
 20
1578781.0
 10
426699.9665351518
 20
1578779.3016378004
  0
LWPOLYLINE
  5
4E7
330
17
100
AcDbEntity
  8
C-TOPO-GRAD-MINR
100
AcDbPolyline
 90
10
 70
0
 38
77.0
 10
426811.7860600663
 20
1578857.0
 10
426815.0
 20
1578855.8971669492
 10
426817.1276861947
 20
1578857.0
 10
426817.6554898264
 20
1578859.0
 10
426815.0
 20
1578865.4859257536
 10
426813.0
 20
1578867.0945280334
 10
426811.0
 20
1578866.7951530686
 10
426808.7092591693
 20
1578865.0
 10
426810.5661111679
 20
1578859.0
 10
426811.7860600663
 20
1578857.0
  0
LWPOLYLINE
  5
4E8
330
17
100
AcDbEntity
  8
C-TOPO-GRAD-MINR
100
AcDbPolyline
 90
37
 70
0
 38
77.0
 10
426881.3764801735
 20
1578905.9249852304
 10
426881.0
 20
1578906.1538805799
 10
426875.0
 20
1578907.4684886583
 10
426871.0
 20
1578906.7128078642
 10
426868.0554932723
 20
1578905.0
 10
426863.0
 20
1578900.0720183495
 10
426859.0
 20
1578898.221055751
 10
426851.0
 20
1578895.997053304
 10
426845.0
 20
1578891.5055687965
 10
426836.99999999994
 20
1578888.836239235
 10
426835.0
 20
1578887.6305526728
 10
426832.8470123955
 20
1578881.0
 10
426831.5230995516
 20
1578879.0
 10
426824.5343298371
 20
1578875.0
 10
426822.5981202881
 20
1578873.0
 10
426823.1701529224
 20
1578871.0
 10
426827.0
 20
1578870.208259873
 10
426829.0
 20
1578870.5157229635
 10
426837.0
 20
1578875.5040158338
 10
426839.0
 20
1578875.8827611515
 10
426841.3508222434
 20
1578875.0000000002
 10
426849.0
 20
1578867.1536648627
 10
426851.0
 20
1578866.3259930839
 10
426855.0
 20
1578866.46305329
 10
426857.0
 20
1578867.673929295
 10
426860.9286883636
 20
1578873.0
 10
426861.87183770037
 20
1578875.0
 10
426862.65397380735
 20
1578881.0
 10
426863.8715782183
 20
1578883.0
 10
426867.77927259484
 20
1578885.0
 10
426875.0
 20
1578885.3077022175
 10
426877.0
 20
1578884.8053070765
 10
426878.3152082899
 20
1578883.0
 10
426880.86219989404
 20
1578873.0
 10
426881.5529104397
 20
1578867.0
 10
426882.19763290917
 20
1578865.0
 10
426882.6073685945
 20
1578864.5861504565
  0
LWPOLYLINE
  5
4E9
330
17
100
AcDbEntity
  8
C-TOPO-GRAD-MINR
100
AcDbPolyline
 90
15
 70
0
 38
77.0
 10
426804.597426386
 20
1579067.0
 10
426807.0
 20
1579066.2432130552
 10
426809.0
 20
1579066.6672298147
 10
426810.5178079458
 20
1579069.0
 10
426810.8618216271
 20
1579071.0
 10
426810.5421151696
 20
1579075.0
 10
426809.00000000006
 20
1579078.5393821443
 10
426807.0
 20
1579080.240589539
 10
426805.0
 20
1579080.7142404418
 10
426800.6501162023
 20
1579079.0
 10
426799.0
 20
1579077.3431424228
 10
426798.2018532454
 20
1579075.0
 10
426799.0
 20
1579070.9476663037
 10
426801.0036016638
 20
1579069.0
 10
426804.597426386
 20
1579067.0
  0
LWPOLYLINE
  5
4EA
330
17
100
AcDbEntity
  8
C-TOPO-GRAD-MINR
100
AcDbPolyline
 90
44
 70
0
 38
77.0
 10
426716.48451634985
 20
1578783.042743416
 10
426715.0
 20
1578784.8078687645
 10
426707.9515488419
 20
1578791.0
 10
426706.31736587256
 20
1578795.0
 10
426706.28151608177
 20
1578799.0
 10
426709.8525974171
 20
1578811.0
 10
426709.71626652026
 20
1578813.0
 10
426708.16959389753
 20
1578817.0
 10
426709.0
 20
1578817.9033703264
 10
426713.0
 20
1578818.148609769
 10
426717.0
 20
1578820.0565963166
 10
426723.0
 20
1578831.0468610323
 10
426727.00000000006
 20
1578835.0223610345
 10
426731.0
 20
1578836.0754349977
 10
426743.0
 20
1578837.432112508
 10
426749.0
 20
1578839.0837714537
 10
426755.0
 20
1578839.5460436954
 10
426759.0
 20
1578840.8749287433
 10
426760.4376304881
 20
1578843.0
 10
426760.751781192
 20
1578845.0
 10
426760.00675859815
 20
1578849.0
 10
426759.0
 20
1578849.7286245788
 10
426755.0
 20
1578849.9213938587
 10
426743.0
 20
1578846.8421784546
 10
426739.0
 20
1578848.2051812427
 10
426737.0
 20
1578849.8515079082
 10
426735.0
 20
1578848.5482703669
 10
426733.00000000006
 20
1578844.9744642202
 10
426731.0
 20
1578843.0068513732
 10
426725.0
 20
1578839.71538427
 10
426721.0
 20
1578838.3656882835
 10
426712.5700826544
 20
1578837.0
 10
426697.0
 20
1578831.9440297494
 10
426693.0
 20
1578832.1376661044
 10
426689.0
 20
1578833.7947160834
 10
426688.0260139044
 20
1578833.0
 10
426688.14552508434
 20
1578831.0
 10
426692.42488494614
 20
1578819.0
 10
426695.0
 20
1578806.5582639023
 10
426697.0
 20
1578801.3707020772
 10
426701.7520520966
 20
1578793.0
 10
426704.793435103
 20
1578785.0
 10
426704.71661072114
 20
1578781.0
 10
426704.4178223353
 20
1578779.8986311802
  0
MTEXT
  5
4EB
330
17
100
AcDbEntity
  8
G-ANNO-NOTE
100
AcDbMText
 10
426180.3
 20
1579606.9
 30
0.0
 40
4.0
 41
520.0
 71
1
  3
CLEARING AND GRADING - LAKE-ZONE PADS (2026-09-29)\PPADS GRADED FLAT AT THE MEDIAN EXISTING GRADE (BALANCED CUT/FILL), 10 FT BLEND TO EXISTING; CLEARING LIMIT 8 FT BEYOND EACH PAD\PTREES OUT: 82 (L-PLNT-REMV, 2018 CANOPY); CLEARED AREA 2.24 AC; TOTAL
  1
 CUT 155.6 CY, FILL 135.4 CY\PGRADED 1 FT CONTOURS ON C-TOPO-GRAD-*; EPSG:2236 ftUS, NAVD88 FT; CONCEPT GRADE, NOT FOR CONSTRUCTION
  0
ENDSEC
  0
SECTION
  2
OBJECTS
  0
DICTIONARY
  5
A
330
0
100
AcDbDictionary
281
1
  3
ACAD_COLOR
350
B
  3
ACAD_GROUP
350
C
  3
ACAD_LAYOUT
350
D
  3
ACAD_MATERIAL
350
E
  3
ACAD_MLEADERSTYLE
350
F
  3
ACAD_MLINESTYLE
350
10
  3
ACAD_PLOTSETTINGS
350
11
  3
ACAD_PLOTSTYLENAME
350
12
  3
ACAD_SCALELIST
350
14
  3
ACAD_TABLESTYLE
350
15
  3
ACAD_VISUALSTYLE
350
16
  3
EZDXF_META
350
2D
  0
DICTIONARY
  5
B
330
A
100
AcDbDictionary
281
1
  0
DICTIONARY
  5
C
330
A
100
AcDbDictionary
281
1
  0
DICTIONARY
  5
D
330
A
100
AcDbDictionary
281
1
  3
Model
350
1A
  3
Layout1
350
1E
  0
DICTIONARY
  5
E
330
A
100
AcDbDictionary
281
1
  3
ByBlock
350
1F
  3
ByLayer
350
20
  3
Global
350
21
  0
DICTIONARY
  5
F
330
A
100
AcDbDictionary
281
1
  3
Standard
350
2C
  0
DICTIONARY
  5
10
330
A
100
AcDbDictionary
281
1
  3
Standard
350
22
  0
DICTIONARY
  5
11
330
A
100
AcDbDictionary
281
1
  0
ACDBDICTIONARYWDFLT
  5
12
330
A
100
AcDbDictionary
281
1
  3
Normal
350
13
100
AcDbDictionaryWithDefault
340
13
  0
ACDBPLACEHOLDER
  5
13
330
12
  0
DICTIONARY
  5
14
330
A
100
AcDbDictionary
281
1
  0
DICTIONARY
  5
15
330
A
100
AcDbDictionary
281
1
  0
DICTIONARY
  5
16
330
A
100
AcDbDictionary
281
1
  3
2dWireframe
350
5A
  3
Basic
350
5B
  3
Brighten
350
5C
  3
ColorChange
350
5D
  3
Conceptual
350
5E
  3
Dim
350
5F
  3
EdgeColorOff
350
60
  3
Facepattern
350
61
  3
Flat
350
62
  3
FlatWithEdges
350
63
  3
Gouraud
350
64
  3
GouraudWithEdges
350
65
  3
Hidden
350
66
  3
JitterOff
350
67
  3
Linepattern
350
68
  3
Modeling
350
69
  3
OverhangOff
350
6A
  3
Realistic
350
6B
  3
Shaded
350
6C
  3
Shaded with edges
350
6D
  3
Shades of Gray
350
6E
  3
Sketchy
350
6F
  3
Thicken
350
70
  3
Wireframe
350
71
  3
X-Ray
350
72
  0
LAYOUT
  5
1A
330
D
100
AcDbPlotSettings
  1

  4
A3
  6

 40
7.5
 41
20.0
 42
7.5
 43
20.0
 44
420.0
 45
297.0
 46
0.0
 47
0.0
 48
0.0
 49
0.0
140
0.0
141
0.0
142
1.0
143
1.0
 70
1024
 72
1
 73
0
 74
5
  7

 75
16
 76
0
 77
2
 78
300
147
1.0
148
0.0
149
0.0
100
AcDbLayout
  1
Model
 70
1
 71
0
 10
0.0
 20
0.0
 11
420.0
 21
297.0
 12
0.0
 22
0.0
 32
0.0
 14
1e+20
 24
1e+20
 34
1e+20
 15
-1e+20
 25
-1e+20
 35
-1e+20
146
0.0
 13
0.0
 23
0.0
 33
0.0
 16
1.0
 26
0.0
 36
0.0
 17
0.0
 27
1.0
 37
0.0
 76
1
330
17
  0
LAYOUT
  5
1E
330
D
100
AcDbPlotSettings
  1

  4
A3
  6

 40
7.5
 41
20.0
 42
7.5
 43
20.0
 44
420.0
 45
297.0
 46
0.0
 47
0.0
 48
0.0
 49
0.0
140
0.0
141
0.0
142
1.0
143
1.0
 70
0
 72
1
 73
0
 74
5
  7

 75
16
 76
0
 77
2
 78
300
147
1.0
148
0.0
149
0.0
100
AcDbLayout
  1
Layout1
 70
1
 71
1
 10
0.0
 20
0.0
 11
420.0
 21
297.0
 12
0.0
 22
0.0
 32
0.0
 14
1e+20
 24
1e+20
 34
1e+20
 15
-1e+20
 25
-1e+20
 35
-1e+20
146
0.0
 13
0.0
 23
0.0
 33
0.0
 16
1.0
 26
0.0
 36
0.0
 17
0.0
 27
1.0
 37
0.0
 76
1
330
1B
  0
MATERIAL
  5
1F
102
{ACAD_REACTORS
330
E
102
}
330
E
100
AcDbMaterial
  1
ByBlock
  2

 70
0
 40
1.0
 71
1
 41
1.0
 91
-1023410177
 42
1.0
 72
1
  3

 73
1
 74
1
 75
1
 44
0.5
 73
0
 45
1.0
 46
1.0
 77
1
  4

 78
1
 79
1
170
1
 48
1.0
171
1
  6

172
1
173
1
174
1
140
1.0
141
1.0
175
1
  7

176
1
177
1
178
1
143
1.0
179
1
  8

270
1
271
1
272
1
145
1.0
146
1.0
273
1
  9

274
1
275
1
276
1
 42
1.0
 72
1
  3

 73
1
 74
1
 75
1
 94
63
  0
MATERIAL
  5
20
102
{ACAD_REACTORS
330
E
102
}
330
E
100
AcDbMaterial
  1
ByLayer
  2

 70
0
 40
1.0
 71
1
 41
1.0
 91
-1023410177
 42
1.0
 72
1
  3

 73
1
 74
1
 75
1
 44
0.5
 73
0
 45
1.0
 46
1.0
 77
1
  4

 78
1
 79
1
170
1
 48
1.0
171
1
  6

172
1
173
1
174
1
140
1.0
141
1.0
175
1
  7

176
1
177
1
178
1
143
1.0
179
1
  8

270
1
271
1
272
1
145
1.0
146
1.0
273
1
  9

274
1
275
1
276
1
 42
1.0
 72
1
  3

 73
1
 74
1
 75
1
 94
63
  0
MATERIAL
  5
21
102
{ACAD_REACTORS
330
E
102
}
330
E
100
AcDbMaterial
  1
Global
  2

 70
0
 40
1.0
 71
1
 41
1.0
 91
-1023410177
 42
1.0
 72
1
  3

 73
1
 74
1
 75
1
 44
0.5
 73
0
 45
1.0
 46
1.0
 77
1
  4

 78
1
 79
1
170
1
 48
1.0
171
1
  6

172
1
173
1
174
1
140
1.0
141
1.0
175
1
  7

176
1
177
1
178
1
143
1.0
179
1
  8

270
1
271
1
272
1
145
1.0
146
1.0
273
1
  9

274
1
275
1
276
1
 42
1.0
 72
1
  3

 73
1
 74
1
 75
1
 94
63
  0
MLINESTYLE
  5
22
102
{ACAD_REACTORS
330
10
102
}
330
10
100
AcDbMlineStyle
  2
Standard
 70
0
  3

 62
256
 51
90.0
 52
90.0
 71
2
 49
0.5
 62
256
  6
BYLAYER
 49
-0.5
 62
256
  6
BYLAYER
  0
MLEADERSTYLE
  5
2C
102
{ACAD_REACTORS
330
F
102
}
330
F
100
AcDbMLeaderStyle
179
2
170
2
171
1
172
0
 90
2
 40
0.0
 41
0.0
173
1
 91
-1056964608
 92
-2
290
1
 42
2.0
291
1
 43
8.0
  3
Standard
 44
4.0
300

342
29
174
1
175
1
176
0
178
1
 93
-1056964608
 45
4.0
292
0
297
0
 46
4.0
 94
-1056964608
 47
1.0
 49
1.0
140
1.0
294
1
141
0.0
177
0
142
1.0
295
0
296
0
143
3.75
271
0
272
9
273
9
  0
DICTIONARY
  5
2D
330
A
100
AcDbDictionary
280
1
281
1
  3
CREATED_BY_EZDXF
350
2E
  3
WRITTEN_BY_EZDXF
350
4EE
  0
DICTIONARYVAR
  5
2E
330
2D
100
DictionaryVariables
280
0
  1
1.4.4 @ 2026-09-29T04:14:15.418299+00:00
  0
VISUALSTYLE
  5
5A
102
{ACAD_REACTORS
330
16
102
}
330
16
100
AcDbVisualStyle
  2
2dWireframe
 70
4
177
3
291
0
 70
58
 90
2
176
1
 90
2
176
1
 90
0
176
1
 90
0
176
1
 40
0.6
176
1
 40
30.0
176
1
 62
7
420
16777215
176
1
 90
1
176
1
 90
4
176
1
 62
7
176
1
 62
257
176
1
 90
1
176
1
 90
1
176
1
 40
1.0
176
1
 90
8
176
1
 62
7
176
1
 40
1.0
176
1
 90
1
176
1
 90
6
176
1
 90
2
176
1
 62
7
176
1
 90
5
176
1
 90
0
176
1
 90
0
176
1
290
0
176
1
 90
1
176
1
 40
0.0
176
1
 90
0
176
1
290
1
176
1
290
1
176
1
290
0
176
1
290
0
176
1
290
0
176
1
290
0
176
1
290
0
176
1
290
0
176
1
290
0
176
1
 90
50
176
1
 40
0.0
176
1
 40
1.0
176
1
 90
0
176
1
 62
18
420
0
176
1
 90
50
176
1
 90
3
176
1
 62
5
420
255
176
1
290
0
176
1
 90
50
176
1
 90
50
176
1
 90
50
176
1
290
0
176
1
 90
50
176
1
 62
256
176
0
 40
1.0
176
0
 90
2
176
1
  1
strokes_ogs.tif
176
1
290
0
176
1
 40
1.0
176
1
 40
1.0
176
1
  0
VISUALSTYLE
  5
5B
102
{ACAD_REACTORS
330
16
102
}
330
16
100
AcDbVisualStyle
  2
Basic
 70
7
177
3
291
1
 70
58
 90
2
176
1
 90
2
176
1
 90
0
176
1
 90
1
176
1
 40
0.6
176
1
 40
30.0
176
1
 62
7
420
16777215
176
1
 90
1
176
1
 90
4
176
1
 62
7
176
1
 62
257
176
1
 90
1
176
1
 90
1
176
1
 40
1.0
176
1
 90
8
176
1
 62
7
176
1
 40
1.0
176
1
 90
1
176
1
 90
6
176
1
 90
2
176
1
 62
7
176
1
 90
5
176
1
 90
0
176
1
 90
0
176
1
290
0
176
1
 90
1
176
1
 40
0.0
176
1
 90
0
176
1
290
0
176
1
290
1
176
1
290
1
176
1
290
0
176
1
290
0
176
1
290
0
176
1
290
0
176
1
290
0
176
1
290
0
176
1
 90
50
176
1
 40
0.0
176
1
 40
1.0
176
1
 90
0
176
1
 62
18
420
0
176
1
 90
50
176
1
 90
3
176
1
 62
5
420
255
176
1
290
0
176
1
 90
50
176
1
 90
50
176
1
 90
50
176
1
290
0
176
1
 90
50
176
1
 62
256
176
0
 40
1.0
176
0
 90
2
176
1
  1
strokes_ogs.tif
176
1
290
0
176
1
 40
1.0
176
1
 40
1.0
176
1
  0
VISUALSTYLE
  5
5C
102
{ACAD_REACTORS
330
16
102
}
330
16
100
AcDbVisualStyle
  2
Brighten
 70
12
177
3
291
1
 70
58
 90
2
176
1
 90
2
176
1
 90
0
176
1
 90
2
176
1
 40
0.6
176
1
 40
30.0
176
1
 62
7
420
16777215
176
1
 90
1
176
1
 90
4
176
1
 62
7
176
1
 62
257
176
1
 90
1
176
1
 90
1
176
1
 40
1.0
176
1
 90
8
176
1
 62
7
176
1
 40
1.0
176
1
 90
1
176
1
 90
6
176
1
 90
2
176
1
 62
7
176
1
 90
5
176
1
 90
0
176
1
 90
0
176
1
290
0
176
1
 90
1
176
1
 40
0.0
176
1
 90
0
176
1
290
0
176
1
290
1
176
1
290
1
176
1
290
0
176
1
290
0
176
1
290
0
176
1
290
0
176
1
290
0
176
1
290
0
176
1
 90
50
176
1
 40
0.0
176
1
 40
1.0
176
1
 90
0
176
1
 62
18
420
0
176
1
 90
50
176
1
 90
3
176
1
 62
5
420
255
176
1
290
0
176
1
 90
50
176
1
 90
50
176
1
 90
50
176
1
290
0
176
1
 90
50
176
1
 62
256
176
0
 40
1.0
176
0
 90
2
176
1
  1
strokes_ogs.tif
176
1
290
0
176
1
 40
1.0
176
1
 40
1.0
176
1
  0
VISUALSTYLE
  5
5D
102
{ACAD_REACTORS
330
16
102
}
330
16
100
AcDbVisualStyle
  2
ColorChange
 70
16
177
3
291
1
 70
58
 90
2
176
1
 90
2
176
1
 90
0
176
1
 90
2
176
1
 40
0.6
176
1
 40
30.0
176
1
 62
7
420
16777215
176
1
 90
1
176
1
 90
4
176
1
 62
7
176
1
 62
257
176
1
 90
1
176
1
 90
1
176
1
 40
1.0
176
1
 90
8
176
1
 62
7
176
1
 40
1.0
176
1
 90
1
176
1
 90
6
176
1
 90
2
176
1
 62
7
176
1
 90
5
176
1
 90
0
176
1
 90
0
176
1
290
0
176
1
 90
1
176
1
 40
0.0
176
1
 90
0
176
1
290
0
176
1
290
1
176
1
290
1
176
1
290
0
176
1
290
0
176
1
290
0
176
1
290
0
176
1
290
0
176
1
290
0
176
1
 90
50
176
1
 40
0.0
176
1
 40
1.0
176
1
 90
0
176
1
 62
18
420
0
176
1
 90
50
176
1
 90
3
176
1
 62
5
420
255
176
1
290
0
176
1
 90
50
176
1
 90
50
176
1
 90
50
176
1
290
0
176
1
 90
50
176
1
 62
256
176
0
 40
1.0
176
0
 90
2
176
1
  1
strokes_ogs.tif
176
1
290
0
176
1
 40
1.0
176
1
 40
1.0
176
1
  0
VISUALSTYLE
  5
5E
102
{ACAD_REACTORS
330
16
102
}
330
16
100
AcDbVisualStyle
  2
Conceptual
 70
9
177
3
291
0
 70
58
 90
2
176
1
 90
2
176
1
 90
0
176
1
 90
3
176
1
 40
0.6
176
1
 40
30.0
176
1
 62
7
420
16777215
176
1
 90
1
176
1
 90
4
176
1
 62
7
176
1
 62
257
176
1
 90
1
176
1
 90
1
176
1
 40
1.0
176
1
 90
8
176
1
 62
7
176
1
 40
1.0
176
1
 90
1
176
1
 90
6
176
1
 90
2
176
1
 62
7
176
1
 90
5
176
1
 90
0
176
1
 90
0
176
1
290
0
176
1
 90
1
176
1
 40
0.0
176
1
 90
0
176
1
290
0
176
1
290
1
176
1
290
1
176
1
290
0
176
1
290
0
176
1
290
0
176
1
290
0
176
1
290
0
176
1
290
0
176
1
 90
50
176
1
 40
0.0
176
1
 40
1.0
176
1
 90
0
176
1
 62
18
420
0
176
1
 90
50
176
1
 90
3
176
1
 62
5
420
255
176
1
290
0
176
1
 90
50
176
1
 90
50
176
1
 90
50
176
1
290
0
176
1
 90
50
176
1
 62
256
176
0
 40
1.0
176
0
 90
2
176
1
  1
strokes_ogs.tif
176
1
290
0
176
1
 40
1.0
176
1
 40
1.0
176
1
  0
VISUALSTYLE
  5
5F
102
{ACAD_REACTORS
330
16
102
}
330
16
100
AcDbVisualStyle
  2
Dim
 70
11
177
3
291
1
 70
58
 90
2
176
1
 90
2
176
1
 90
0
176
1
 90
2
176
1
 40
0.6
176
1
 40
30.0
176
1
 62
7
420
16777215
176
1
 90
1
176
1
 90
4
176
1
 62
7
176
1
 62
257
176
1
 90
1
176
1
 90
1
176
1
 40
1.0
176
1
 90
8
176
1
 62
7
176
1
 40
1.0
176
1
 90
1
176
1
 90
6
176
1
 90
2
176
1
 62
7
176
1
 90
5
176
1
 90
0
176
1
 90
0
176
1
290
0
176
1
 90
1
176
1
 40
0.0
176
1
 90
0
176
1
290
0
176
1
290
1
176
1
290
1
176
1
290
0
176
1
290
0
176
1
290
0
176
1
290
0
176
1
290
0
176
1
290
0
176
1
 90
50
176
1
 40
0.0
176
1
 40
1.0
176
1
 90
0
176
1
 62
18
420
0
176
1
 90
50
176
1
 90
3
176
1
 62
5
420
255
176
1
290
0
176
1
 90
50
176
1
 90
50
176
1
 90
50
176
1
290
0
176
1
 90
50
176
1
 62
256
176
0
 40
1.0
176
0
 90
2
176
1
  1
strokes_ogs.tif
176
1
290
0
176
1
 40
1.0
176
1
 40
1.0
176
1
  0
VISUALSTYLE
  5
60
102
{ACAD_REACTORS
330
16
102
}
330
16
100
AcDbVisualStyle
  2
EdgeColorOff
 70
22
177
3
291
1
 70
58
 90
2
176
1
 90
2
176
1
 90
0
176
1
 90
2
176
1
 40
0.6
176
1
 40
30.0
176
1
 62
7
420
16777215
176
1
 90
1
176
1
 90
4
176
1
 62
7
176
1
 62
257
176
1
 90
1
176
1
 90
1
176
1
 40
1.0
176
1
 90
8
176
1
 62
7
176
1
 40
1.0
176
1
 90
1
176
1
 90
6
176
1
 90
2
176
1
 62
7
176
1
 90
5
176
1
 90
0
176
1
 90
0
176
1
290
0
176
1
 90
1
176
1
 40
0.0
176
1
 90
0
176
1
290
0
176
1
290
1
176
1
290
1
176
1
290
0
176
1
290
0
176
1
290
0
176
1
290
0
176
1
290
0
176
1
290
0
176
1
 90
50
176
1
 40
0.0
176
1
 40
1.0
176
1
 90
0
176
1
 62
18
420
0
176
1
 90
50
176
1
 90
3
176
1
 62
5
420
255
176
1
290
0
176
1
 90
50
176
1
 90
50
176
1
 90
50
176
1
290
0
176
1
 90
50
176
1
 62
256
176
0
 40
1.0
176
0
 90
2
176
1
  1
strokes_ogs.tif
176
1
290
0
176
1
 40
1.0
176
1
 40
1.0
176
1
  0
VISUALSTYLE
  5
61
102
{ACAD_REACTORS
330
16
102
}
330
16
100
AcDbVisualStyle
  2
Facepattern
 70
15
177
3
291
1
 70
58
 90
2
176
1
 90
2
176
1
 90
0
176
1
 90
2
176
1
 40
0.6
176
1
 40
30.0
176
1
 62
7
420
16777215
176
1
 90
1
176
1
 90
4
176
1
 62
7
176
1
 62
257
176
1
 90
1
176
1
 90
1
176
1
 40
1.0
176
1
 90
8
176
1
 62
7
176
1
 40
1.0
176
1
 90
1
176
1
 90
6
176
1
 90
2
176
1
 62
7
176
1
 90
5
176
1
 90
0
176
1
 90
0
176
1
290
0
176
1
 90
1
176
1
 40
0.0
176
1
 90
0
176
1
290
0
176
1
290
1
176
1
290
1
176
1
290
0
176
1
290
0
176
1
290
0
176
1
290
0
176
1
290
0
176
1
290
0
176
1
 90
50
176
1
 40
0.0
176
1
 40
1.0
176
1
 90
0
176
1
 62
18
420
0
176
1
 90
50
176
1
 90
3
176
1
 62
5
420
255
176
1
290
0
176
1
 90
50
176
1
 90
50
176
1
 90
50
176
1
290
0
176
1
 90
50
176
1
 62
256
176
0
 40
1.0
176
0
 90
2
176
1
  1
strokes_ogs.tif
176
1
290
0
176
1
 40
1.0
176
1
 40
1.0
176
1
  0
VISUALSTYLE
  5
62
102
{ACAD_REACTORS
330
16
102
}
330
16
100
AcDbVisualStyle
  2
Flat
 70
0
177
3
291
1
 70
58
 90
2
176
1
 90
2
176
1
 90
0
176
1
 90
2
176
1
 40
0.6
176
1
 40
30.0
176
1
 62
7
420
16777215
176
1
 90
1
176
1
 90
4
176
1
 62
7
176
1
 62
257
176
1
 90
1
176
1
 90
1
176
1
 40
1.0
176
1
 90
8
176
1
 62
7
176
1
 40
1.0
176
1
 90
1
176
1
 90
6
176
1
 90
2
176
1
 62
7
176
1
 90
5
176
1
 90
0
176
1
 90
0
176
1
290
0
176
1
 90
1
176
1
 40
0.0
176
1
 90
0
176
1
290
0
176
1
290
1
176
1
290
1
176
1
290
0
176
1
290
0
176
1
290
0
176
1
290
0
176
1
290
0
176
1
290
0
176
1
 90
50
176
1
 40
0.0
176
1
 40
1.0
176
1
 90
0
176
1
 62
18
420
0
176
1
 90
50
176
1
 90
3
176
1
 62
5
420
255
176
1
290
0
176
1
 90
50
176
1
 90
50
176
1
 90
50
176
1
290
0
176
1
 90
50
176
1
 62
256
176
0
 40
1.0
176
0
 90
2
176
1
  1
strokes_ogs.tif
176
1
290
0
176
1
 40
1.0
176
1
 40
1.0
176
1
  0
VISUALSTYLE
  5
63
102
{ACAD_REACTORS
330
16
102
}
330
16
100
AcDbVisualStyle
  2
FlatWithEdges
 70
1
177
3
291
1
 70
58
 90
2
176
1
 90
2
176
1
 90
0
176
1
 90
2
176
1
 40
0.6
176
1
 40
30.0
176
1
 62
7
420
16777215
176
1
 90
1
176
1
 90
4
176
1
 62
7
176
1
 62
257
176
1
 90
1
176
1
 90
1
176
1
 40
1.0
176
1
 90
8
176
1
 62
7
176
1
 40
1.0
176
1
 90
1
176
1
 90
6
176
1
 90
2
176
1
 62
7
176
1
 90
5
176
1
 90
0
176
1
 90
0
176
1
290
0
176
1
 90
1
176
1
 40
0.0
176
1
 90
0
176
1
290
0
176
1
290
1
176
1
290
1
176
1
290
0
176
1
290
0
176
1
290
0
176
1
290
0
176
1
290
0
176
1
290
0
176
1
 90
50
176
1
 40
0.0
176
1
 40
1.0
176
1
 90
0
176
1
 62
18
420
0
176
1
 90
50
176
1
 90
3
176
1
 62
5
420
255
176
1
290
0
176
1
 90
50
176
1
 90
50
176
1
 90
50
176
1
290
0
176
1
 90
50
176
1
 62
256
176
0
 40
1.0
176
0
 90
2
176
1
  1
strokes_ogs.tif
176
1
290
0
176
1
 40
1.0
176
1
 40
1.0
176
1
  0
VISUALSTYLE
  5
64
102
{ACAD_REACTORS
330
16
102
}
330
16
100
AcDbVisualStyle
  2
Gouraud
 70
2
177
3
291
1
 70
58
 90
2
176
1
 90
2
176
1
 90
0
176
1
 90
2
176
1
 40
0.6
176
1
 40
30.0
176
1
 62
7
420
16777215
176
1
 90
1
176
1
 90
4
176
1
 62
7
176
1
 62
257
176
1
 90
1
176
1
 90
1
176
1
 40
1.0
176
1
 90
8
176
1
 62
7
176
1
 40
1.0
176
1
 90
1
176
1
 90
6
176
1
 90
2
176
1
 62
7
176
1
 90
5
176
1
 90
0
176
1
 90
0
176
1
290
0
176
1
 90
1
176
1
 40
0.0
176
1
 90
0
176
1
290
0
176
1
290
1
176
1
290
1
176
1
290
0
176
1
290
0
176
1
290
0
176
1
290
0
176
1
290
0
176
1
290
0
176
1
 90
50
176
1
 40
0.0
176
1
 40
1.0
176
1
 90
0
176
1
 62
18
420
0
176
1
 90
50
176
1
 90
3
176
1
 62
5
420
255
176
1
290
0
176
1
 90
50
176
1
 90
50
176
1
 90
50
176
1
290
0
176
1
 90
50
176
1
 62
256
176
0
 40
1.0
176
0
 90
2
176
1
  1
strokes_ogs.tif
176
1
290
0
176
1
 40
1.0
176
1
 40
1.0
176
1
  0
VISUALSTYLE
  5
65
102
{ACAD_REACTORS
330
16
102
}
330
16
100
AcDbVisualStyle
  2
GouraudWithEdges
 70
3
177
3
291
1
 70
58
 90
2
176
1
 90
2
176
1
 90
0
176
1
 90
2
176
1
 40
0.6
176
1
 40
30.0
176
1
 62
7
420
16777215
176
1
 90
1
176
1
 90
4
176
1
 62
7
176
1
 62
257
176
1
 90
1
176
1
 90
1
176
1
 40
1.0
176
1
 90
8
176
1
 62
7
176
1
 40
1.0
176
1
 90
1
176
1
 90
6
176
1
 90
2
176
1
 62
7
176
1
 90
5
176
1
 90
0
176
1
 90
0
176
1
290
0
176
1
 90
1
176
1
 40
0.0
176
1
 90
0
176
1
290
0
176
1
290
1
176
1
290
1
176
1
290
0
176
1
290
0
176
1
290
0
176
1
290
0
176
1
290
0
176
1
290
0
176
1
 90
50
176
1
 40
0.0
176
1
 40
1.0
176
1
 90
0
176
1
 62
18
420
0
176
1
 90
50
176
1
 90
3
176
1
 62
5
420
255
176
1
290
0
176
1
 90
50
176
1
 90
50
176
1
 90
50
176
1
290
0
176
1
 90
50
176
1
 62
256
176
0
 40
1.0
176
0
 90
2
176
1
  1
strokes_ogs.tif
176
1
290
0
176
1
 40
1.0
176
1
 40
1.0
176
1
  0
VISUALSTYLE
  5
66
102
{ACAD_REACTORS
330
16
102
}
330
16
100
AcDbVisualStyle
  2
Hidden
 70
6
177
3
291
0
 70
58
 90
2
176
1
 90
2
176
1
 90
0
176
1
 90
1
176
1
 40
0.6
176
1
 40
30.0
176
1
 62
7
420
16777215
176
1
 90
1
176
1
 90
4
176
1
 62
7
176
1
 62
257
176
1
 90
1
176
1
 90
1
176
1
 40
1.0
176
1
 90
8
176
1
 62
7
176
1
 40
1.0
176
1
 90
1
176
1
 90
6
176
1
 90
2
176
1
 62
7
176
1
 90
5
176
1
 90
0
176
1
 90
0
176
1
290
0
176
1
 90
1
176
1
 40
0.0
176
1
 90
0
176
1
290
0
176
1
290
1
176
1
290
1
176
1
290
0
176
1
290
0
176
1
290
0
176
1
290
0
176
1
290
0
176
1
290
0
176
1
 90
50
176
1
 40
0.0
176
1
 40
1.0
176
1
 90
0
176
1
 62
18
420
0
176
1
 90
50
176
1
 90
3
176
1
 62
5
420
255
176
1
290
0
176
1
 90
50
176
1
 90
50
176
1
 90
50
176
1
290
0
176
1
 90
50
176
1
 62
256
176
0
 40
1.0
176
0
 90
2
176
1
  1
strokes_ogs.tif
176
1
290
0
176
1
 40
1.0
176
1
 40
1.0
176
1
  0
VISUALSTYLE
  5
67
102
{ACAD_REACTORS
330
16
102
}
330
16
100
AcDbVisualStyle
  2
JitterOff
 70
20
177
3
291
1
 70
58
 90
2
176
1
 90
2
176
1
 90
0
176
1
 90
2
176
1
 40
0.6
176
1
 40
30.0
176
1
 62
7
420
16777215
176
1
 90
1
176
1
 90
4
176
1
 62
7
176
1
 62
257
176
1
 90
1
176
1
 90
1
176
1
 40
1.0
176
1
 90
8
176
1
 62
7
176
1
 40
1.0
176
1
 90
1
176
1
 90
6
176
1
 90
2
176
1
 62
7
176
1
 90
5
176
1
 90
0
176
1
 90
0
176
1
290
0
176
1
 90
1
176
1
 40
0.0
176
1
 90
0
176
1
290
0
176
1
290
1
176
1
290
1
176
1
290
0
176
1
290
0
176
1
290
0
176
1
290
0
176
1
290
0
176
1
290
0
176
1
 90
50
176
1
 40
0.0
176
1
 40
1.0
176
1
 90
0
176
1
 62
18
420
0
176
1
 90
50
176
1
 90
3
176
1
 62
5
420
255
176
1
290
0
176
1
 90
50
176
1
 90
50
176
1
 90
50
176
1
290
0
176
1
 90
50
176
1
 62
256
176
0
 40
1.0
176
0
 90
2
176
1
  1
strokes_ogs.tif
176
1
290
0
176
1
 40
1.0
176
1
 40
1.0
176
1
  0
VISUALSTYLE
  5
68
102
{ACAD_REACTORS
330
16
102
}
330
16
100
AcDbVisualStyle
  2
Linepattern
 70
14
177
3
291
1
 70
58
 90
2
176
1
 90
2
176
1
 90
0
176
1
 90
2
176
1
 40
0.6
176
1
 40
30.0
176
1
 62
7
420
16777215
176
1
 90
1
176
1
 90
4
176
1
 62
7
176
1
 62
257
176
1
 90
1
176
1
 90
1
176
1
 40
1.0
176
1
 90
8
176
1
 62
7
176
1
 40
1.0
176
1
 90
1
176
1
 90
6
176
1
 90
2
176
1
 62
7
176
1
 90
5
176
1
 90
0
176
1
 90
0
176
1
290
0
176
1
 90
1
176
1
 40
0.0
176
1
 90
0
176
1
290
0
176
1
290
1
176
1
290
1
176
1
290
0
176
1
290
0
176
1
290
0
176
1
290
0
176
1
290
0
176
1
290
0
176
1
 90
50
176
1
 40
0.0
176
1
 40
1.0
176
1
 90
0
176
1
 62
18
420
0
176
1
 90
50
176
1
 90
3
176
1
 62
5
420
255
176
1
290
0
176
1
 90
50
176
1
 90
50
176
1
 90
50
176
1
290
0
176
1
 90
50
176
1
 62
256
176
0
 40
1.0
176
0
 90
2
176
1
  1
strokes_ogs.tif
176
1
290
0
176
1
 40
1.0
176
1
 40
1.0
176
1
  0
VISUALSTYLE
  5
69
102
{ACAD_REACTORS
330
16
102
}
330
16
100
AcDbVisualStyle
  2
Modeling
 70
10
177
3
291
0
 70
58
 90
2
176
1
 90
2
176
1
 90
0
176
1
 90
2
176
1
 40
0.6
176
1
 40
30.0
176
1
 62
7
420
16777215
176
1
 90
1
176
1
 90
4
176
1
 62
7
176
1
 62
257
176
1
 90
1
176
1
 90
1
176
1
 40
1.0
176
1
 90
8
176
1
 62
7
176
1
 40
1.0
176
1
 90
1
176
1
 90
6
176
1
 90
2
176
1
 62
7
176
1
 90
5
176
1
 90
0
176
1
 90
0
176
1
290
0
176
1
 90
1
176
1
 40
0.0
176
1
 90
0
176
1
290
0
176
1
290
1
176
1
290
1
176
1
290
0
176
1
290
0
176
1
290
0
176
1
290
0
176
1
290
0
176
1
290
0
176
1
 90
50
176
1
 40
0.0
176
1
 40
1.0
176
1
 90
0
176
1
 62
18
420
0
176
1
 90
50
176
1
 90
3
176
1
 62
5
420
255
176
1
290
0
176
1
 90
50
176
1
 90
50
176
1
 90
50
176
1
290
0
176
1
 90
50
176
1
 62
256
176
0
 40
1.0
176
0
 90
2
176
1
  1
strokes_ogs.tif
176
1
290
0
176
1
 40
1.0
176
1
 40
1.0
176
1
  0
VISUALSTYLE
  5
6A
102
{ACAD_REACTORS
330
16
102
}
330
16
100
AcDbVisualStyle
  2
OverhangOff
 70
21
177
3
291
1
 70
58
 90
2
176
1
 90
2
176
1
 90
0
176
1
 90
2
176
1
 40
0.6
176
1
 40
30.0
176
1
 62
7
420
16777215
176
1
 90
1
176
1
 90
4
176
1
 62
7
176
1
 62
257
176
1
 90
1
176
1
 90
1
176
1
 40
1.0
176
1
 90
8
176
1
 62
7
176
1
 40
1.0
176
1
 90
1
176
1
 90
6
176
1
 90
2
176
1
 62
7
176
1
 90
5
176
1
 90
0
176
1
 90
0
176
1
290
0
176
1
 90
1
176
1
 40
0.0
176
1
 90
0
176
1
290
0
176
1
290
1
176
1
290
1
176
1
290
0
176
1
290
0
176
1
290
0
176
1
290
0
176
1
290
0
176
1
290
0
176
1
 90
50
176
1
 40
0.0
176
1
 40
1.0
176
1
 90
0
176
1
 62
18
420
0
176
1
 90
50
176
1
 90
3
176
1
 62
5
420
255
176
1
290
0
176
1
 90
50
176
1
 90
50
176
1
 90
50
176
1
290
0
176
1
 90
50
176
1
 62
256
176
0
 40
1.0
176
0
 90
2
176
1
  1
strokes_ogs.tif
176
1
290
0
176
1
 40
1.0
176
1
 40
1.0
176
1
  0
VISUALSTYLE
  5
6B
102
{ACAD_REACTORS
330
16
102
}
330
16
100
AcDbVisualStyle
  2
Realistic
 70
8
177
3
291
0
 70
58
 90
2
176
1
 90
2
176
1
 90
0
176
1
 90
2
176
1
 40
0.6
176
1
 40
30.0
176
1
 62
7
420
16777215
176
1
 90
1
176
1
 90
4
176
1
 62
7
176
1
 62
257
176
1
 90
1
176
1
 90
1
176
1
 40
1.0
176
1
 90
8
176
1
 62
7
176
1
 40
1.0
176
1
 90
1
176
1
 90
6
176
1
 90
2
176
1
 62
7
176
1
 90
5
176
1
 90
0
176
1
 90
0
176
1
290
0
176
1
 90
1
176
1
 40
0.0
176
1
 90
0
176
1
290
0
176
1
290
1
176
1
290
1
176
1
290
0
176
1
290
0
176
1
290
0
176
1
290
0
176
1
290
0
176
1
290
0
176
1
 90
50
176
1
 40
0.0
176
1
 40
1.0
176
1
 90
0
176
1
 62
18
420
0
176
1
 90
50
176
1
 90
3
176
1
 62
5
420
255
176
1
290
0
176
1
 90
50
176
1
 90
50
176
1
 90
50
176
1
290
0
176
1
 90
50
176
1
 62
256
176
0
 40
1.0
176
0
 90
2
176
1
  1
strokes_ogs.tif
176
1
290
0
176
1
 40
1.0
176
1
 40
1.0
176
1
  0
VISUALSTYLE
  5
6C
102
{ACAD_REACTORS
330
16
102
}
330
16
100
AcDbVisualStyle
  2
Shaded
 70
27
177
3
291
0
 70
58
 90
2
176
1
 90
2
176
1
 90
0
176
1
 90
2
176
1
 40
0.6
176
1
 40
30.0
176
1
 62
7
420
16777215
176
1
 90
1
176
1
 90
4
176
1
 62
7
176
1
 62
257
176
1
 90
1
176
1
 90
1
176
1
 40
1.0
176
1
 90
8
176
1
 62
7
176
1
 40
1.0
176
1
 90
1
176
1
 90
6
176
1
 90
2
176
1
 62
7
176
1
 90
5
176
1
 90
0
176
1
 90
0
176
1
290
0
176
1
 90
1
176
1
 40
0.0
176
1
 90
0
176
1
290
0
176
1
290
1
176
1
290
1
176
1
290
0
176
1
290
0
176
1
290
0
176
1
290
0
176
1
290
0
176
1
290
0
176
1
 90
50
176
1
 40
0.0
176
1
 40
1.0
176
1
 90
0
176
1
 62
18
420
0
176
1
 90
50
176
1
 90
3
176
1
 62
5
420
255
176
1
290
0
176
1
 90
50
176
1
 90
50
176
1
 90
50
176
1
290
0
176
1
 90
50
176
1
 62
256
176
0
 40
1.0
176
0
 90
2
176
1
  1
strokes_ogs.tif
176
1
290
0
176
1
 40
1.0
176
1
 40
1.0
176
1
  0
VISUALSTYLE
  5
6D
102
{ACAD_REACTORS
330
16
102
}
330
16
100
AcDbVisualStyle
  2
Shaded with edges
 70
26
177
3
291
0
 70
58
 90
2
176
1
 90
2
176
1
 90
0
176
1
 90
2
176
1
 40
0.6
176
1
 40
30.0
176
1
 62
7
420
16777215
176
1
 90
1
176
1
 90
4
176
1
 62
7
176
1
 62
257
176
1
 90
1
176
1
 90
1
176
1
 40
1.0
176
1
 90
8
176
1
 62
7
176
1
 40
1.0
176
1
 90
1
176
1
 90
6
176
1
 90
2
176
1
 62
7
176
1
 90
5
176
1
 90
0
176
1
 90
0
176
1
290
0
176
1
 90
1
176
1
 40
0.0
176
1
 90
0
176
1
290
0
176
1
290
1
176
1
290
1
176
1
290
0
176
1
290
0
176
1
290
0
176
1
290
0
176
1
290
0
176
1
290
0
176
1
 90
50
176
1
 40
0.0
176
1
 40
1.0
176
1
 90
0
176
1
 62
18
420
0
176
1
 90
50
176
1
 90
3
176
1
 62
5
420
255
176
1
290
0
176
1
 90
50
176
1
 90
50
176
1
 90
50
176
1
290
0
176
1
 90
50
176
1
 62
256
176
0
 40
1.0
176
0
 90
2
176
1
  1
strokes_ogs.tif
176
1
290
0
176
1
 40
1.0
176
1
 40
1.0
176
1
  0
VISUALSTYLE
  5
6E
102
{ACAD_REACTORS
330
16
102
}
330
16
100
AcDbVisualStyle
  2
Shades of Gray
 70
23
177
3
291
0
 70
58
 90
2
176
1
 90
2
176
1
 90
0
176
1
 90
2
176
1
 40
0.6
176
1
 40
30.0
176
1
 62
7
420
16777215
176
1
 90
1
176
1
 90
4
176
1
 62
7
176
1
 62
257
176
1
 90
1
176
1
 90
1
176
1
 40
1.0
176
1
 90
8
176
1
 62
7
176
1
 40
1.0
176
1
 90
1
176
1
 90
6
176
1
 90
2
176
1
 62
7
176
1
 90
5
176
1
 90
0
176
1
 90
0
176
1
290
0
176
1
 90
1
176
1
 40
0.0
176
1
 90
0
176
1
290
0
176
1
290
1
176
1
290
1
176
1
290
0
176
1
290
0
176
1
290
0
176
1
290
0
176
1
290
0
176
1
290
0
176
1
 90
50
176
1
 40
0.0
176
1
 40
1.0
176
1
 90
0
176
1
 62
18
420
0
176
1
 90
50
176
1
 90
3
176
1
 62
5
420
255
176
1
290
0
176
1
 90
50
176
1
 90
50
176
1
 90
50
176
1
290
0
176
1
 90
50
176
1
 62
256
176
0
 40
1.0
176
0
 90
2
176
1
  1
strokes_ogs.tif
176
1
290
0
176
1
 40
1.0
176
1
 40
1.0
176
1
  0
VISUALSTYLE
  5
6F
102
{ACAD_REACTORS
330
16
102
}
330
16
100
AcDbVisualStyle
  2
Sketchy
 70
24
177
3
291
0
 70
58
 90
2
176
1
 90
2
176
1
 90
0
176
1
 90
1
176
1
 40
0.6
176
1
 40
30.0
176
1
 62
7
420
16777215
176
1
 90
1
176
1
 90
4
176
1
 62
7
176
1
 62
257
176
1
 90
1
176
1
 90
1
176
1
 40
1.0
176
1
 90
8
176
1
 62
7
176
1
 40
1.0
176
1
 90
1
176
1
 90
6
176
1
 90
2
176
1
 62
7
176
1
 90
5
176
1
 90
0
176
1
 90
0
176
1
290
0
176
1
 90
1
176
1
 40
0.0
176
1
 90
0
176
1
290
0
176
1
290
1
176
1
290
1
176
1
290
0
176
1
290
0
176
1
290
0
176
1
290
0
176
1
290
0
176
1
290
0
176
1
 90
50
176
1
 40
0.0
176
1
 40
1.0
176
1
 90
0
176
1
 62
18
420
0
176
1
 90
50
176
1
 90
3
176
1
 62
5
420
255
176
1
290
0
176
1
 90
50
176
1
 90
50
176
1
 90
50
176
1
290
0
176
1
 90
50
176
1
 62
256
176
0
 40
1.0
176
0
 90
2
176
1
  1
strokes_ogs.tif
176
1
290
0
176
1
 40
1.0
176
1
 40
1.0
176
1
  0
VISUALSTYLE
  5
70
102
{ACAD_REACTORS
330
16
102
}
330
16
100
AcDbVisualStyle
  2
Thicken
 70
13
177
3
291
1
 70
58
 90
2
176
1
 90
2
176
1
 90
0
176
1
 90
2
176
1
 40
0.6
176
1
 40
30.0
176
1
 62
7
420
16777215
176
1
 90
1
176
1
 90
4
176
1
 62
7
176
1
 62
257
176
1
 90
1
176
1
 90
1
176
1
 40
1.0
176
1
 90
8
176
1
 62
7
176
1
 40
1.0
176
1
 90
1
176
1
 90
6
176
1
 90
2
176
1
 62
7
176
1
 90
5
176
1
 90
0
176
1
 90
0
176
1
290
0
176
1
 90
1
176
1
 40
0.0
176
1
 90
0
176
1
290
0
176
1
290
1
176
1
290
1
176
1
290
0
176
1
290
0
176
1
290
0
176
1
290
0
176
1
290
0
176
1
290
0
176
1
 90
50
176
1
 40
0.0
176
1
 40
1.0
176
1
 90
0
176
1
 62
18
420
0
176
1
 90
50
176
1
 90
3
176
1
 62
5
420
255
176
1
290
0
176
1
 90
50
176
1
 90
50
176
1
 90
50
176
1
290
0
176
1
 90
50
176
1
 62
256
176
0
 40
1.0
176
0
 90
2
176
1
  1
strokes_ogs.tif
176
1
290
0
176
1
 40
1.0
176
1
 40
1.0
176
1
  0
VISUALSTYLE
  5
71
102
{ACAD_REACTORS
330
16
102
}
330
16
100
AcDbVisualStyle
  2
Wireframe
 70
5
177
3
291
0
 70
58
 90
2
176
1
 90
2
176
1
 90
0
176
1
 90
0
176
1
 40
0.6
176
1
 40
30.0
176
1
 62
7
420
16777215
176
1
 90
1
176
1
 90
4
176
1
 62
7
176
1
 62
257
176
1
 90
1
176
1
 90
1
176
1
 40
1.0
176
1
 90
8
176
1
 62
7
176
1
 40
1.0
176
1
 90
1
176
1
 90
6
176
1
 90
2
176
1
 62
7
176
1
 90
5
176
1
 90
0
176
1
 90
0
176
1
290
0
176
1
 90
1
176
1
 40
0.0
176
1
 90
0
176
1
290
0
176
1
290
1
176
1
290
1
176
1
290
0
176
1
290
0
176
1
290
0
176
1
290
0
176
1
290
0
176
1
290
0
176
1
 90
50
176
1
 40
0.0
176
1
 40
1.0
176
1
 90
0
176
1
 62
18
420
0
176
1
 90
50
176
1
 90
3
176
1
 62
5
420
255
176
1
290
0
176
1
 90
50
176
1
 90
50
176
1
 90
50
176
1
290
0
176
1
 90
50
176
1
 62
256
176
0
 40
1.0
176
0
 90
2
176
1
  1
strokes_ogs.tif
176
1
290
0
176
1
 40
1.0
176
1
 40
1.0
176
1
  0
VISUALSTYLE
  5
72
102
{ACAD_REACTORS
330
16
102
}
330
16
100
AcDbVisualStyle
  2
X-Ray
 70
25
177
3
291
0
 70
58
 90
2
176
1
 90
2
176
1
 90
0
176
1
 90
2
176
1
 40
0.5
176
1
 40
30.0
176
1
 62
7
420
16777215
176
1
 90
1
176
1
 90
4
176
1
 62
7
176
1
 62
257
176
1
 90
1
176
1
 90
1
176
1
 40
1.0
176
1
 90
8
176
1
 62
7
176
1
 40
1.0
176
1
 90
1
176
1
 90
6
176
1
 90
2
176
1
 62
7
176
1
 90
5
176
1
 90
0
176
1
 90
0
176
1
290
0
176
1
 90
1
176
1
 40
0.0
176
1
 90
0
176
1
290
0
176
1
290
1
176
1
290
1
176
1
290
0
176
1
290
0
176
1
290
0
176
1
290
0
176
1
290
0
176
1
290
0
176
1
 90
50
176
1
 40
0.0
176
1
 40
1.0
176
1
 90
0
176
1
 62
18
420
0
176
1
 90
50
176
1
 90
3
176
1
 62
5
420
255
176
1
290
0
176
1
 90
50
176
1
 90
50
176
1
 90
50
176
1
290
0
176
1
 90
50
176
1
 62
256
176
0
 40
1.0
176
0
 90
2
176
1
  1
strokes_ogs.tif
176
1
290
0
176
1
 40
1.0
176
1
 40
1.0
176
1
  0
DICTIONARYVAR
  5
4EE
330
2D
100
DictionaryVariables
280
0
  1
1.4.4 @ 2026-09-29T04:14:15.579723+00:00
  0
ENDSEC
  0
EOF
