  0
SECTION
  2
HEADER
  9
$ACADVER
  1
AC1032
  9
$ACADMAINTVER
 90
4
  9
$DWGCODEPAGE
  3
ANSI_1252
  9
$LASTSAVEDBY
  1
ezdxf
  9
$REQUIREDVERSIONS
160
0
  9
$INSBASE
 10
0.0
 20
0.0
 30
0.0
  9
$EXTMIN
 10
1e+20
 20
1e+20
 30
1e+20
  9
$EXTMAX
 10
-1e+20
 20
-1e+20
 30
-1e+20
  9
$LIMMIN
 10
0.0
 20
0.0
  9
$LIMMAX
 10
420.0
 20
297.0
  9
$ORTHOMODE
 70
0
  9
$REGENMODE
 70
1
  9
$FILLMODE
 70
1
  9
$QTEXTMODE
 70
0
  9
$MIRRTEXT
 70
1
  9
$LTSCALE
 40
1.0
  9
$ATTMODE
 70
1
  9
$TEXTSIZE
 40
2.5
  9
$TRACEWID
 40
1.0
  9
$TEXTSTYLE
  7
OpenSans
  9
$CLAYER
  8
0
  9
$CELTYPE
  6
ByLayer
  9
$CECOLOR
 62
256
  9
$CELTSCALE
 40
1.0
  9
$DISPSILH
 70
0
  9
$DIMSCALE
 40
1.0
  9
$DIMASZ
 40
0.175
  9
$DIMEXO
 40
0.125
  9
$DIMDLI
 40
3.75
  9
$DIMRND
 40
0.0
  9
$DIMDLE
 40
0.0
  9
$DIMEXE
 40
0.375
  9
$DIMTP
 40
0.0
  9
$DIMTM
 40
0.0
  9
$DIMTXT
 40
0.25
  9
$DIMCEN
 40
2.5
  9
$DIMTSZ
 40
0.0
  9
$DIMTOL
 70
0
  9
$DIMLIM
 70
0
  9
$DIMTIH
 70
0
  9
$DIMTOH
 70
0
  9
$DIMSE1
 70
0
  9
$DIMSE2
 70
0
  9
$DIMTAD
 70
1
  9
$DIMZIN
 70
12
  9
$DIMBLK
  1
ARCHTICK
  9
$DIMASO
 70
1
  9
$DIMSHO
 70
1
  9
$DIMPOST
  1

  9
$DIMAPOST
  1

  9
$DIMALT
 70
0
  9
$DIMALTD
 70
3
  9
$DIMALTF
 40
0.03937007874
  9
$DIMLFAC
 40
100.0
  9
$DIMTOFL
 70
1
  9
$DIMTVP
 40
0.0
  9
$DIMTIX
 70
0
  9
$DIMSOXD
 70
0
  9
$DIMSAH
 70
0
  9
$DIMBLK1
  1

  9
$DIMBLK2
  1

  9
$DIMSTYLE
  2
EZDXF
  9
$DIMCLRD
 70
0
  9
$DIMCLRE
 70
0
  9
$DIMCLRT
 70
0
  9
$DIMTFAC
 40
0.5
  9
$DIMGAP
 40
0.1
  9
$DIMJUST
 70
0
  9
$DIMSD1
 70
0
  9
$DIMSD2
 70
0
  9
$DIMTOLJ
 70
0
  9
$DIMTZIN
 70
8
  9
$DIMALTZ
 70
0
  9
$DIMALTTZ
 70
0
  9
$DIMUPT
 70
1
  9
$DIMDEC
 70
2
  9
$DIMTDEC
 70
2
  9
$DIMALTU
 70
2
  9
$DIMALTTD
 70
3
  9
$DIMTXSTY
  7
OpenSansCondensed-Light
  9
$DIMAUNIT
 70
0
  9
$DIMADEC
 70
2
  9
$DIMALTRND
 40
0.0
  9
$DIMAZIN
 70
3
  9
$DIMDSEP
 70
46
  9
$DIMATFIT
 70
3
  9
$DIMFRAC
 70
0
  9
$DIMLDRBLK
  1

  9
$DIMLUNIT
 70
2
  9
$DIMLWD
 70
-2
  9
$DIMLWE
 70
-2
  9
$DIMTMOVE
 70
2
  9
$DIMFXL
 40
1.0
  9
$DIMFXLON
 70
0
  9
$DIMJOGANG
 40
0.785398163397
  9
$DIMTFILL
 70
0
  9
$DIMTFILLCLR
 70
0
  9
$DIMARCSYM
 70
0
  9
$DIMLTYPE
  6

  9
$DIMLTEX1
  6

  9
$DIMLTEX2
  6

  9
$DIMTXTDIRECTION
 70
0
  9
$LUNITS
 70
2
  9
$LUPREC
 70
4
  9
$SKETCHINC
 40
1.0
  9
$FILLETRAD
 40
10.0
  9
$AUNITS
 70
0
  9
$AUPREC
 70
2
  9
$MENU
  1
.
  9
$ELEVATION
 40
0.0
  9
$PELEVATION
 40
0.0
  9
$THICKNESS
 40
0.0
  9
$LIMCHECK
 70
0
  9
$CHAMFERA
 40
0.0
  9
$CHAMFERB
 40
0.0
  9
$CHAMFERC
 40
0.0
  9
$CHAMFERD
 40
0.0
  9
$SKPOLY
 70
0
  9
$TDCREATE
 40
2461315.1616666666
  9
$TDUCREATE
 40
2458532.153996898
  9
$TDUPDATE
 40
2461315.1616666666
  9
$TDUUPDATE
 40
2458532.1544311
  9
$TDINDWG
 40
0.0
  9
$TDUSRTIMER
 40
0.0
  9
$USRTIMER
 70
1
  9
$ANGBASE
 50
0.0
  9
$ANGDIR
 70
0
  9
$PDMODE
 70
0
  9
$PDSIZE
 40
0.0
  9
$PLINEWID
 40
0.0
  9
$SPLFRAME
 70
0
  9
$SPLINETYPE
 70
6
  9
$SPLINESEGS
 70
8
  9
$HANDSEED
  5
F2
  9
$SURFTAB1
 70
6
  9
$SURFTAB2
 70
6
  9
$SURFTYPE
 70
6
  9
$SURFU
 70
6
  9
$SURFV
 70
6
  9
$UCSBASE
  2

  9
$UCSNAME
  2

  9
$UCSORG
 10
0.0
 20
0.0
 30
0.0
  9
$UCSXDIR
 10
1.0
 20
0.0
 30
0.0
  9
$UCSYDIR
 10
0.0
 20
1.0
 30
0.0
  9
$UCSORTHOREF
  2

  9
$UCSORTHOVIEW
 70
0
  9
$UCSORGTOP
 10
0.0
 20
0.0
 30
0.0
  9
$UCSORGBOTTOM
 10
0.0
 20
0.0
 30
0.0
  9
$UCSORGLEFT
 10
0.0
 20
0.0
 30
0.0
  9
$UCSORGRIGHT
 10
0.0
 20
0.0
 30
0.0
  9
$UCSORGFRONT
 10
0.0
 20
0.0
 30
0.0
  9
$UCSORGBACK
 10
0.0
 20
0.0
 30
0.0
  9
$PUCSBASE
  2

  9
$PUCSNAME
  2

  9
$PUCSORG
 10
0.0
 20
0.0
 30
0.0
  9
$PUCSXDIR
 10
1.0
 20
0.0
 30
0.0
  9
$PUCSYDIR
 10
0.0
 20
1.0
 30
0.0
  9
$PUCSORTHOREF
  2

  9
$PUCSORTHOVIEW
 70
0
  9
$PUCSORGTOP
 10
0.0
 20
0.0
 30
0.0
  9
$PUCSORGBOTTOM
 10
0.0
 20
0.0
 30
0.0
  9
$PUCSORGLEFT
 10
0.0
 20
0.0
 30
0.0
  9
$PUCSORGRIGHT
 10
0.0
 20
0.0
 30
0.0
  9
$PUCSORGFRONT
 10
0.0
 20
0.0
 30
0.0
  9
$PUCSORGBACK
 10
0.0
 20
0.0
 30
0.0
  9
$USERI1
 70
0
  9
$USERI2
 70
0
  9
$USERI3
 70
0
  9
$USERI4
 70
0
  9
$USERI5
 70
0
  9
$USERR1
 40
0.0
  9
$USERR2
 40
0.0
  9
$USERR3
 40
0.0
  9
$USERR4
 40
0.0
  9
$USERR5
 40
0.0
  9
$WORLDVIEW
 70
1
  9
$SHADEDGE
 70
3
  9
$SHADEDIF
 70
70
  9
$TILEMODE
 70
1
  9
$MAXACTVP
 70
64
  9
$PINSBASE
 10
0.0
 20
0.0
 30
0.0
  9
$PLIMCHECK
 70
0
  9
$PEXTMIN
 10
1e+20
 20
1e+20
 30
1e+20
  9
$PEXTMAX
 10
-1e+20
 20
-1e+20
 30
-1e+20
  9
$PLIMMIN
 10
0.0
 20
0.0
  9
$PLIMMAX
 10
420.0
 20
297.0
  9
$UNITMODE
 70
0
  9
$VISRETAIN
 70
1
  9
$PLINEGEN
 70
0
  9
$PSLTSCALE
 70
1
  9
$TREEDEPTH
 70
3020
  9
$CMLSTYLE
  2
Standard
  9
$CMLJUST
 70
0
  9
$CMLSCALE
 40
20.0
  9
$PROXYGRAPHICS
 70
1
  9
$MEASUREMENT
 70
1
  9
$CELWEIGHT
370
-1
  9
$ENDCAPS
280
0
  9
$JOINSTYLE
280
0
  9
$LWDISPLAY
290
0
  9
$INSUNITS
 70
21
  9
$HYPERLINKBASE
  1

  9
$STYLESHEET
  1

  9
$XEDIT
290
1
  9
$CEPSNTYPE
380
0
  9
$PSTYLEMODE
290
1
  9
$FINGERPRINTGUID
  2
{BC2E8A46-B442-4701-AE28-BE4570F20B17}
  9
$VERSIONGUID
  2
{99639FE4-6D62-469E-A6F3-0AED51817021}
  9
$EXTNAMES
290
1
  9
$PSVPSCALE
 40
0.0
  9
$OLESTARTUP
290
0
  9
$SORTENTS
280
127
  9
$INDEXCTL
280
0
  9
$HIDETEXT
280
1
  9
$XCLIPFRAME
280
1
  9
$HALOGAP
280
0
  9
$OBSCOLOR
 70
257
  9
$OBSLTYPE
280
0
  9
$INTERSECTIONDISPLAY
280
0
  9
$INTERSECTIONCOLOR
 70
257
  9
$DIMASSOC
280
2
  9
$PROJECTNAME
  1

  9
$CAMERADISPLAY
290
0
  9
$LENSLENGTH
 40
50.0
  9
$CAMERAHEIGHT
 40
0.0
  9
$STEPSPERSEC
 40
24.0
  9
$STEPSIZE
 40
100.0
  9
$3DDWFPREC
 40
2.0
  9
$PSOLWIDTH
 40
0.005
  9
$PSOLHEIGHT
 40
0.08
  9
$LOFTANG1
 40
1.570796326795
  9
$LOFTANG2
 40
1.570796326795
  9
$LOFTMAG1
 40
0.0
  9
$LOFTMAG2
 40
0.0
  9
$LOFTPARAM
 70
7
  9
$LOFTNORMALS
280
1
  9
$LATITUDE
 40
37.795
  9
$LONGITUDE
 40
-122.394
  9
$NORTHDIRECTION
 40
0.0
  9
$TIMEZONE
 70
-8000
  9
$LIGHTGLYPHDISPLAY
280
1
  9
$TILEMODELIGHTSYNCH
280
1
  9
$CMATERIAL
347
20
  9
$SOLIDHIST
280
0
  9
$SHOWHIST
280
1
  9
$DWFFRAME
280
2
  9
$DGNFRAME
280
2
  9
$REALWORLDSCALE
290
1
  9
$INTERFERECOLOR
 62
256
  9
$CSHADOW
280
0
  9
$SHADOWPLANELOCATION
 40
0.0
  0
ENDSEC
  0
SECTION
  2
CLASSES
  0
CLASS
  1
ACDBDICTIONARYWDFLT
  2
AcDbDictionaryWithDefault
  3
ObjectDBX Classes
 90
0
 91
0
280
0
281
0
  0
CLASS
  1
SUN
  2
AcDbSun
  3
SCENEOE
 90
1153
 91
0
280
0
281
0
  0
CLASS
  1
VISUALSTYLE
  2
AcDbVisualStyle
  3
ObjectDBX Classes
 90
4095
 91
0
280
0
281
0
  0
CLASS
  1
MATERIAL
  2
AcDbMaterial
  3
ObjectDBX Classes
 90
1153
 91
0
280
0
281
0
  0
CLASS
  1
SCALE
  2
AcDbScale
  3
ObjectDBX Classes
 90
1153
 91
0
280
0
281
0
  0
CLASS
  1
TABLESTYLE
  2
AcDbTableStyle
  3
ObjectDBX Classes
 90
4095
 91
0
280
0
281
0
  0
CLASS
  1
MLEADERSTYLE
  2
AcDbMLeaderStyle
  3
ACDB_MLEADERSTYLE_CLASS
 90
4095
 91
0
280
0
281
0
  0
CLASS
  1
DICTIONARYVAR
  2
AcDbDictionaryVar
  3
ObjectDBX Classes
 90
0
 91
0
280
0
281
0
  0
CLASS
  1
CELLSTYLEMAP
  2
AcDbCellStyleMap
  3
ObjectDBX Classes
 90
1152
 91
0
280
0
281
0
  0
CLASS
  1
MENTALRAYRENDERSETTINGS
  2
AcDbMentalRayRenderSettings
  3
SCENEOE
 90
1024
 91
0
280
0
281
0
  0
CLASS
  1
ACDBDETAILVIEWSTYLE
  2
AcDbDetailViewStyle
  3
ObjectDBX Classes
 90
1025
 91
0
280
0
281
0
  0
CLASS
  1
ACDBSECTIONVIEWSTYLE
  2
AcDbSectionViewStyle
  3
ObjectDBX Classes
 90
1025
 91
0
280
0
281
0
  0
CLASS
  1
RASTERVARIABLES
  2
AcDbRasterVariables
  3
ISM
 90
0
 91
0
280
0
281
0
  0
CLASS
  1
LAYOUT
  2
AcDbLayout
  3
ObjectDBX Classes
 90
0
 91
0
280
0
281
0
  0
CLASS
  1
ACDBPLACEHOLDER
  2
AcDbPlaceHolder
  3
ObjectDBX Classes
 90
0
 91
0
280
0
281
0
  0
ENDSEC
  0
SECTION
  2
TABLES
  0
TABLE
  2
VPORT
  5
8
330
0
100
AcDbSymbolTable
 70
1
  0
VPORT
  5
23
330
8
100
AcDbSymbolTableRecord
100
AcDbViewportTableRecord
  2
*Active
 70
0
 10
0.0
 20
0.0
 11
1.0
 21
1.0
 12
0.0
 22
0.0
 13
0.0
 23
0.0
 14
0.5
 24
0.5
 15
0.5
 25
0.5
 16
0.0
 26
0.0
 36
1.0
 17
0.0
 27
0.0
 37
0.0
 40
1000.0
 41
1.34
 42
50.0
 43
0.0
 44
0.0
 50
0.0
 51
0.0
 71
0
 72
1000
 73
1
 74
3
 75
0
 76
0
 77
0
 78
0
281
0
 65
0
146
0.0
  0
ENDTAB
  0
TABLE
  2
LTYPE
  5
2
330
0
100
AcDbSymbolTable
 70
21
  0
LTYPE
  5
24
330
2
100
AcDbSymbolTableRecord
100
AcDbLinetypeTableRecord
  2
ByBlock
 70
0
  3

 72
65
 73
0
 40
0.0
  0
LTYPE
  5
25
330
2
100
AcDbSymbolTableRecord
100
AcDbLinetypeTableRecord
  2
ByLayer
 70
0
  3

 72
65
 73
0
 40
0.0
  0
LTYPE
  5
26
330
2
100
AcDbSymbolTableRecord
100
AcDbLinetypeTableRecord
  2
Continuous
 70
0
  3

 72
65
 73
0
 40
0.0
  0
LTYPE
  5
2F
330
2
100
AcDbSymbolTableRecord
100
AcDbLinetypeTableRecord
  2
CENTER
 70
0
  3
Center ____ _ ____ _ ____ _ ____ _ ____ _ ____
 72
65
 73
4
 40
5.08
 49
3.175
 74
0
 49
-0.635
 74
0
 49
0.635
 74
0
 49
-0.635
 74
0
  0
LTYPE
  5
30
330
2
100
AcDbSymbolTableRecord
100
AcDbLinetypeTableRecord
  2
CENTERX2
 70
0
  3
Center (2x) ________  __  ________  __  ________
 72
65
 73
4
 40
8.89
 49
6.35
 74
0
 49
-0.635
 74
0
 49
1.27
 74
0
 49
-0.635
 74
0
  0
LTYPE
  5
31
330
2
100
AcDbSymbolTableRecord
100
AcDbLinetypeTableRecord
  2
CENTER2
 70
0
  3
Center (.5x) ____ _ ____ _ ____ _ ____ _ ____
 72
65
 73
4
 40
2.54
 49
1.587
 74
0
 49
-0.318
 74
0
 49
0.318
 74
0
 49
-0.318
 74
0
  0
LTYPE
  5
32
330
2
100
AcDbSymbolTableRecord
100
AcDbLinetypeTableRecord
  2
DASHED
 70
0
  3
Dashed __ __ __ __ __ __ __ __ __ __ __ __ __ _
 72
65
 73
2
 40
1.524
 49
1.27
 74
0
 49
-0.254
 74
0
  0
LTYPE
  5
33
330
2
100
AcDbSymbolTableRecord
100
AcDbLinetypeTableRecord
  2
DASHEDX2
 70
0
  3
Dashed (2x) ____  ____  ____  ____  ____  ____
 72
65
 73
2
 40
3.048
 49
2.54
 74
0
 49
-0.508
 74
0
  0
LTYPE
  5
34
330
2
100
AcDbSymbolTableRecord
100
AcDbLinetypeTableRecord
  2
DASHED2
 70
0
  3
Dashed (.5x) _ _ _ _ _ _ _ _ _ _ _ _ _ _
 72
65
 73
2
 40
0.762
 49
0.635
 74
0
 49
-0.127
 74
0
  0
LTYPE
  5
35
330
2
100
AcDbSymbolTableRecord
100
AcDbLinetypeTableRecord
  2
PHANTOM
 70
0
  3
Phantom ______  __  __  ______  __  __  ______
 72
65
 73
6
 40
6.35
 49
3.175
 74
0
 49
-0.635
 74
0
 49
0.635
 74
0
 49
-0.635
 74
0
 49
0.635
 74
0
 49
-0.635
 74
0
  0
LTYPE
  5
36
330
2
100
AcDbSymbolTableRecord
100
AcDbLinetypeTableRecord
  2
PHANTOMX2
 70
0
  3
Phantom (2x)____________    ____    ____    ____________
 72
65
 73
6
 40
10.795
 49
6.35
 74
0
 49
-0.635
 74
0
 49
1.27
 74
0
 49
-0.635
 74
0
 49
1.27
 74
0
 49
-0.635
 74
0
  0
LTYPE
  5
37
330
2
100
AcDbSymbolTableRecord
100
AcDbLinetypeTableRecord
  2
PHANTOM2
 70
0
  3
Phantom (.5x) ___ _ _ ___ _ _ ___ _ _ ___ _ _ ___
 72
65
 73
6
 40
3.175
 49
1.587
 74
0
 49
-0.318
 74
0
 49
0.318
 74
0
 49
-0.318
 74
0
 49
0.318
 74
0
 49
-0.318
 74
0
  0
LTYPE
  5
38
330
2
100
AcDbSymbolTableRecord
100
AcDbLinetypeTableRecord
  2
DASHDOT
 70
0
  3
Dash dot __ . __ . __ . __ . __ . __ . __ . __
 72
65
 73
4
 40
3.556
 49
2.54
 74
0
 49
-0.508
 74
0
 49
0.0
 74
0
 49
-0.508
 74
0
  0
LTYPE
  5
39
330
2
100
AcDbSymbolTableRecord
100
AcDbLinetypeTableRecord
  2
DASHDOTX2
 70
0
  3
Dash dot (2x) ____  .  ____  .  ____  .  ____
 72
65
 73
4
 40
6.096
 49
5.08
 74
0
 49
-0.508
 74
0
 49
0.0
 74
0
 49
-0.508
 74
0
  0
LTYPE
  5
3A
330
2
100
AcDbSymbolTableRecord
100
AcDbLinetypeTableRecord
  2
DASHDOT2
 70
0
  3
Dash dot (.5x) _ . _ . _ . _ . _ . _ . _ . _
 72
65
 73
4
 40
1.778
 49
1.27
 74
0
 49
-0.254
 74
0
 49
0.0
 74
0
 49
-0.254
 74
0
  0
LTYPE
  5
3B
330
2
100
AcDbSymbolTableRecord
100
AcDbLinetypeTableRecord
  2
DOT
 70
0
  3
Dot .  .  .  .  .  .  .  .  .  .  .  .  .  .  .  .
 72
65
 73
2
 40
0.508
 49
0.0
 74
0
 49
-0.508
 74
0
  0
LTYPE
  5
3C
330
2
100
AcDbSymbolTableRecord
100
AcDbLinetypeTableRecord
  2
DOTX2
 70
0
  3
Dot (2x) .    .    .    .    .    .    .    . 
 72
65
 73
2
 40
1.016
 49
0.0
 74
0
 49
-1.016
 74
0
  0
LTYPE
  5
3D
330
2
100
AcDbSymbolTableRecord
100
AcDbLinetypeTableRecord
  2
DOT2
 70
0
  3
Dot (.5) . . . . . . . . . . . . . . . . . . . 
 72
65
 73
2
 40
0.254
 49
0.0
 74
0
 49
-0.254
 74
0
  0
LTYPE
  5
3E
330
2
100
AcDbSymbolTableRecord
100
AcDbLinetypeTableRecord
  2
DIVIDE
 70
0
  3
Divide __ . . __ . . __ . . __ . . __ . . __
 72
65
 73
6
 40
4.064
 49
2.54
 74
0
 49
-0.508
 74
0
 49
0.0
 74
0
 49
-0.508
 74
0
 49
0.0
 74
0
 49
-0.508
 74
0
  0
LTYPE
  5
3F
330
2
100
AcDbSymbolTableRecord
100
AcDbLinetypeTableRecord
  2
DIVIDEX2
 70
0
  3
Divide (2x) ____  . .  ____  . .  ____  . .  ____
 72
65
 73
6
 40
6.604
 49
5.08
 74
0
 49
-0.508
 74
0
 49
0.0
 74
0
 49
-0.508
 74
0
 49
0.0
 74
0
 49
-0.508
 74
0
  0
LTYPE
  5
40
330
2
100
AcDbSymbolTableRecord
100
AcDbLinetypeTableRecord
  2
DIVIDE2
 70
0
  3
Divide(.5x) _ . _ . _ . _ . _ . _ . _ . _
 72
65
 73
6
 40
2.032
 49
1.27
 74
0
 49
-0.254
 74
0
 49
0.0
 74
0
 49
-0.254
 74
0
 49
0.0
 74
0
 49
-0.254
 74
0
  0
ENDTAB
  0
TABLE
  2
LAYER
  5
1
330
0
100
AcDbSymbolTable
 70
9
  0
LAYER
  5
27
330
1
100
AcDbSymbolTableRecord
100
AcDbLayerTableRecord
  2
0
 70
0
 62
7
  6
Continuous
370
-3
390
13
347
21
  0
LAYER
  5
28
330
1
100
AcDbSymbolTableRecord
100
AcDbLayerTableRecord
  2
Defpoints
 70
0
 62
7
  6
Continuous
290
0
370
-3
390
13
347
21
  0
LAYER
  5
8A
330
1
100
AcDbSymbolTableRecord
100
AcDbLayerTableRecord
  2
L-GOLF-FWY
 70
0
 62
3
  6
Continuous
370
-3
390
13
347
21
  0
LAYER
  5
8B
330
1
100
AcDbSymbolTableRecord
100
AcDbLayerTableRecord
  2
L-GOLF-GRN
 70
0
 62
82
  6
Continuous
370
-3
390
13
347
21
  0
LAYER
  5
8C
330
1
100
AcDbSymbolTableRecord
100
AcDbLayerTableRecord
  2
L-GOLF-TEE
 70
0
 62
1
  6
Continuous
370
-3
390
13
347
21
  0
LAYER
  5
8D
330
1
100
AcDbSymbolTableRecord
100
AcDbLayerTableRecord
  2
L-GOLF-CL
 70
0
 62
7
  6
Continuous
370
-3
390
13
347
21
  0
LAYER
  5
8E
330
1
100
AcDbSymbolTableRecord
100
AcDbLayerTableRecord
  2
L-GOLF-ANNO
 70
0
 62
2
  6
Continuous
370
-3
390
13
347
21
  0
LAYER
  5
8F
330
1
100
AcDbSymbolTableRecord
100
AcDbLayerTableRecord
  2
L-GOLF-FREE
 70
0
 62
8
  6
Continuous
370
-3
390
13
347
21
  0
LAYER
  5
90
330
1
100
AcDbSymbolTableRecord
100
AcDbLayerTableRecord
  2
G-ANNO-ESTATE
 70
0
 62
6
  6
Continuous
370
-3
390
13
347
21
  0
ENDTAB
  0
TABLE
  2
STYLE
  5
5
330
0
100
AcDbSymbolTable
 70
26
  0
STYLE
  5
29
330
5
100
AcDbSymbolTableRecord
100
AcDbTextStyleTableRecord
  2
Standard
 70
0
 40
0.0
 41
1.0
 50
0.0
 71
0
 42
2.5
  3
txt
  4

  0
STYLE
  5
41
330
5
100
AcDbSymbolTableRecord
100
AcDbTextStyleTableRecord
  2
OpenSans-Light
 70
0
 40
0.0
 41
1.0
 50
0.0
 71
0
 42
2.5
  3
OpenSans-Light.ttf
  4

  0
STYLE
  5
42
330
5
100
AcDbSymbolTableRecord
100
AcDbTextStyleTableRecord
  2
OpenSans-Light-Italic
 70
0
 40
0.0
 41
1.0
 50
0.0
 71
0
 42
2.5
  3
OpenSans-LightItalic.ttf
  4

  0
STYLE
  5
43
330
5
100
AcDbSymbolTableRecord
100
AcDbTextStyleTableRecord
  2
OpenSans
 70
0
 40
0.0
 41
1.0
 50
0.0
 71
0
 42
2.5
  3
OpenSans-Regular.ttf
  4

  0
STYLE
  5
44
330
5
100
AcDbSymbolTableRecord
100
AcDbTextStyleTableRecord
  2
OpenSans-Italic
 70
0
 40
0.0
 41
1.0
 50
0.0
 71
0
 42
2.5
  3
OpenSans-Italic.ttf
  4

  0
STYLE
  5
45
330
5
100
AcDbSymbolTableRecord
100
AcDbTextStyleTableRecord
  2
OpenSans-SemiBold
 70
0
 40
0.0
 41
1.0
 50
0.0
 71
0
 42
2.5
  3
OpenSans-SemiBold.ttf
  4

  0
STYLE
  5
46
330
5
100
AcDbSymbolTableRecord
100
AcDbTextStyleTableRecord
  2
OpenSans-SemiBoldItalic
 70
0
 40
0.0
 41
1.0
 50
0.0
 71
0
 42
2.5
  3
OpenSans-SemiBoldItalic.ttf
  4

  0
STYLE
  5
47
330
5
100
AcDbSymbolTableRecord
100
AcDbTextStyleTableRecord
  2
OpenSans-Bold
 70
0
 40
0.0
 41
1.0
 50
0.0
 71
0
 42
2.5
  3
OpenSans-Bold.ttf
  4

  0
STYLE
  5
48
330
5
100
AcDbSymbolTableRecord
100
AcDbTextStyleTableRecord
  2
OpenSans-BoldItalic
 70
0
 40
0.0
 41
1.0
 50
0.0
 71
0
 42
2.5
  3
OpenSans-BoldItalic.ttf
  4

  0
STYLE
  5
49
330
5
100
AcDbSymbolTableRecord
100
AcDbTextStyleTableRecord
  2
OpenSans-ExtraBold
 70
0
 40
0.0
 41
1.0
 50
0.0
 71
0
 42
2.5
  3
OpenSans-ExtraBold.ttf
  4

  0
STYLE
  5
4A
330
5
100
AcDbSymbolTableRecord
100
AcDbTextStyleTableRecord
  2
OpenSans-ExtraBoldItalic
 70
0
 40
0.0
 41
1.0
 50
0.0
 71
0
 42
2.5
  3
OpenSans-ExtraBoldItalic.ttf
  4

  0
STYLE
  5
4B
330
5
100
AcDbSymbolTableRecord
100
AcDbTextStyleTableRecord
  2
OpenSansCondensed-Bold
 70
0
 40
0.0
 41
1.0
 50
0.0
 71
0
 42
2.5
  3
OpenSansCondensed-Bold.ttf
  4

  0
STYLE
  5
4C
330
5
100
AcDbSymbolTableRecord
100
AcDbTextStyleTableRecord
  2
OpenSansCondensed-Light
 70
0
 40
0.0
 41
1.0
 50
0.0
 71
0
 42
2.5
  3
OpenSansCondensed-Light.ttf
  4

  0
STYLE
  5
4D
330
5
100
AcDbSymbolTableRecord
100
AcDbTextStyleTableRecord
  2
OpenSansCondensed-Italic
 70
0
 40
0.0
 41
1.0
 50
0.0
 71
0
 42
2.5
  3
OpenSansCondensed-LightItalic.ttf
  4

  0
STYLE
  5
4E
330
5
100
AcDbSymbolTableRecord
100
AcDbTextStyleTableRecord
  2
LiberationSans
 70
0
 40
0.0
 41
1.0
 50
0.0
 71
0
 42
2.5
  3
LiberationSans-Regular.ttf
  4

  0
STYLE
  5
4F
330
5
100
AcDbSymbolTableRecord
100
AcDbTextStyleTableRecord
  2
LiberationSans-Bold
 70
0
 40
0.0
 41
1.0
 50
0.0
 71
0
 42
2.5
  3
LiberationSans-Bold.ttf
  4

  0
STYLE
  5
50
330
5
100
AcDbSymbolTableRecord
100
AcDbTextStyleTableRecord
  2
LiberationSans-BoldItalic
 70
0
 40
0.0
 41
1.0
 50
0.0
 71
0
 42
2.5
  3
LiberationSans-BoldItalic.ttf
  4

  0
STYLE
  5
51
330
5
100
AcDbSymbolTableRecord
100
AcDbTextStyleTableRecord
  2
LiberationSans-Italic
 70
0
 40
0.0
 41
1.0
 50
0.0
 71
0
 42
2.5
  3
LiberationSans-Italic.ttf
  4

  0
STYLE
  5
52
330
5
100
AcDbSymbolTableRecord
100
AcDbTextStyleTableRecord
  2
LiberationSerif
 70
0
 40
0.0
 41
1.0
 50
0.0
 71
0
 42
2.5
  3
LiberationSerif-Regular.ttf
  4

  0
STYLE
  5
53
330
5
100
AcDbSymbolTableRecord
100
AcDbTextStyleTableRecord
  2
LiberationSerif-Bold
 70
0
 40
0.0
 41
1.0
 50
0.0
 71
0
 42
2.5
  3
LiberationSerif-Bold.ttf
  4

  0
STYLE
  5
54
330
5
100
AcDbSymbolTableRecord
100
AcDbTextStyleTableRecord
  2
LiberationSerif-BoldItalic
 70
0
 40
0.0
 41
1.0
 50
0.0
 71
0
 42
2.5
  3
LiberationSerif-BoldItalic.ttf
  4

  0
STYLE
  5
55
330
5
100
AcDbSymbolTableRecord
100
AcDbTextStyleTableRecord
  2
LiberationSerif-Italic
 70
0
 40
0.0
 41
1.0
 50
0.0
 71
0
 42
2.5
  3
LiberationSerif-Italic.ttf
  4

  0
STYLE
  5
56
330
5
100
AcDbSymbolTableRecord
100
AcDbTextStyleTableRecord
  2
LiberationMono
 70
0
 40
0.0
 41
1.0
 50
0.0
 71
0
 42
2.5
  3
LiberationMono-Regular.ttf
  4

  0
STYLE
  5
57
330
5
100
AcDbSymbolTableRecord
100
AcDbTextStyleTableRecord
  2
LiberationMono-Bold
 70
0
 40
0.0
 41
1.0
 50
0.0
 71
0
 42
2.5
  3
LiberationMono-Bold.ttf
  4

  0
STYLE
  5
58
330
5
100
AcDbSymbolTableRecord
100
AcDbTextStyleTableRecord
  2
LiberationMono-BoldItalic
 70
0
 40
0.0
 41
1.0
 50
0.0
 71
0
 42
2.5
  3
LiberationMono-BoldItalic.ttf
  4

  0
STYLE
  5
59
330
5
100
AcDbSymbolTableRecord
100
AcDbTextStyleTableRecord
  2
LiberationMono-Italic
 70
0
 40
0.0
 41
1.0
 50
0.0
 71
0
 42
2.5
  3
LiberationMono-Italic.ttf
  4

  0
ENDTAB
  0
TABLE
  2
VIEW
  5
7
330
0
100
AcDbSymbolTable
 70
0
  0
ENDTAB
  0
TABLE
  2
UCS
  5
6
330
0
100
AcDbSymbolTable
 70
0
  0
ENDTAB
  0
TABLE
  2
APPID
  5
3
330
0
100
AcDbSymbolTable
 70
3
  0
APPID
  5
2A
330
3
100
AcDbSymbolTableRecord
100
AcDbRegAppTableRecord
  2
ACAD
 70
0
  0
APPID
  5
EF
330
3
100
AcDbSymbolTableRecord
100
AcDbRegAppTableRecord
  2
HATCHBACKGROUNDCOLOR
 70
0
  0
APPID
  5
F0
330
3
100
AcDbSymbolTableRecord
100
AcDbRegAppTableRecord
  2
EZDXF
 70
0
  0
ENDTAB
  0
TABLE
  2
DIMSTYLE
  5
4
330
0
100
AcDbSymbolTable
 70
12
100
AcDbDimStyleTable
  0
DIMSTYLE
105
2B
330
4
100
AcDbSymbolTableRecord
100
AcDbDimStyleTableRecord
  2
Standard
 70
0
 40
1.0
 41
2.5
 42
0.625
 43
3.75
 44
1.25
 45
0.0
 46
0.0
 47
0.0
 48
0.0
 49
2.5
140
2.5
141
2.5
142
0.0
143
0.03937007874
144
1.0
145
0.0
146
1.0
147
0.625
148
0.0
 69
0
 70
0
 71
0
 72
0
 73
0
 74
0
 75
0
 76
0
 77
1
 78
8
 79
3
170
0
171
3
172
1
173
0
174
0
175
0
176
0
177
0
178
0
179
2
271
2
272
2
273
2
274
3
275
0
276
0
277
2
278
44
279
0
280
0
281
0
282
0
283
0
284
8
285
0
286
0
288
0
289
3
290
0
371
-2
372
-2
  0
DIMSTYLE
105
73
330
4
100
AcDbSymbolTableRecord
100
AcDbDimStyleTableRecord
  2
EZDXF
 70
0
 40
1.0
 41
0.175
 42
0.125
 43
3.75
 44
0.375
 45
0.0
 46
0.0
 47
0.0
 48
0.0
 49
2.5
140
0.25
141
2.5
142
0.0
143
0.03937007874
144
100.0
145
0.0
146
0.5
147
0.1
148
0.0
 69
0
 70
0
 71
0
 72
0
 73
0
 74
0
 75
0
 76
0
 77
1
 78
12
 79
3
170
0
171
3
172
1
173
0
174
0
175
0
176
0
177
0
178
0
179
2
271
2
272
2
273
2
274
3
275
0
276
0
277
2
278
46
279
2
280
0
281
0
282
0
283
0
284
8
285
0
286
0
288
1
289
3
290
0
340
4C
342
74
371
-2
372
-2
  0
DIMSTYLE
105
7C
330
4
100
AcDbSymbolTableRecord
100
AcDbDimStyleTableRecord
  2
EZ_M_100_H25_CM
 70
0
 40
1.0
 41
0.25
 42
0.125
 43
3.75
 44
0.375
 45
0.0
 46
0.0
 47
0.0
 48
0.0
 49
2.5
140
0.25
141
2.5
142
0.125
143
0.03937007874
144
100.0
145
0.0
146
0.5
147
0.1
148
0.0
 69
0
 70
0
 71
0
 72
0
 73
0
 74
0
 75
0
 76
0
 77
1
 78
12
 79
3
170
0
171
3
172
1
173
0
174
0
175
0
176
0
177
0
178
0
179
2
271
2
272
2
273
2
274
3
275
0
276
0
277
2
278
46
279
2
280
0
281
0
282
0
283
0
284
8
285
0
286
0
288
1
289
3
290
0
340
4C
371
-2
372
-2
  0
DIMSTYLE
105
7D
330
4
100
AcDbSymbolTableRecord
100
AcDbDimStyleTableRecord
  2
EZ_M_50_H25_CM
 70
0
 40
1.0
 41
0.125
 42
0.0625
 43
3.75
 44
0.1875
 45
0.0
 46
0.0
 47
0.0
 48
0.0
 49
2.5
140
0.125
141
2.5
142
0.0625
143
0.03937007874
144
100.0
145
0.0
146
0.5
147
0.05
148
0.0
 69
0
 70
0
 71
0
 72
0
 73
0
 74
0
 75
0
 76
0
 77
1
 78
12
 79
3
170
0
171
3
172
1
173
0
174
0
175
0
176
0
177
0
178
0
179
2
271
2
272
2
273
2
274
3
275
0
276
0
277
2
278
46
279
2
280
0
281
0
282
0
283
0
284
8
285
0
286
0
288
1
289
3
290
0
340
4C
371
-2
372
-2
  0
DIMSTYLE
105
7E
330
4
100
AcDbSymbolTableRecord
100
AcDbDimStyleTableRecord
  2
EZ_M_25_H25_CM
 70
0
 40
1.0
 41
0.0625
 42
0.03125
 43
3.75
 44
0.09375
 45
0.0
 46
0.0
 47
0.0
 48
0.0
 49
2.5
140
0.0625
141
2.5
142
0.03125
143
0.03937007874
144
100.0
145
0.0
146
0.5
147
0.025
148
0.0
 69
0
 70
0
 71
0
 72
0
 73
0
 74
0
 75
0
 76
0
 77
1
 78
12
 79
3
170
0
171
3
172
1
173
0
174
0
175
0
176
0
177
0
178
0
179
2
271
2
272
2
273
2
274
3
275
0
276
0
277
2
278
46
279
2
280
0
281
0
282
0
283
0
284
8
285
0
286
0
288
1
289
3
290
0
340
4C
371
-2
372
-2
  0
DIMSTYLE
105
7F
330
4
100
AcDbSymbolTableRecord
100
AcDbDimStyleTableRecord
  2
EZ_M_20_H25_CM
 70
0
 40
1.0
 41
0.05
 42
0.025
 43
3.75
 44
0.07500000000000001
 45
0.0
 46
0.0
 47
0.0
 48
0.0
 49
2.5
140
0.05
141
2.5
142
0.025
143
0.03937007874
144
100.0
145
0.0
146
0.5
147
0.020000000000000004
148
0.0
 69
0
 70
0
 71
0
 72
0
 73
0
 74
0
 75
0
 76
0
 77
1
 78
12
 79
3
170
0
171
3
172
1
173
0
174
0
175
0
176
0
177
0
178
0
179
2
271
2
272
2
273
2
274
3
275
0
276
0
277
2
278
46
279
2
280
0
281
0
282
0
283
0
284
8
285
0
286
0
288
1
289
3
290
0
340
4C
371
-2
372
-2
  0
DIMSTYLE
105
80
330
4
100
AcDbSymbolTableRecord
100
AcDbDimStyleTableRecord
  2
EZ_M_10_H25_CM
 70
0
 40
1.0
 41
0.025
 42
0.0125
 43
3.75
 44
0.037500000000000006
 45
0.0
 46
0.0
 47
0.0
 48
0.0
 49
2.5
140
0.025
141
2.5
142
0.0125
143
0.03937007874
144
100.0
145
0.0
146
0.5
147
0.010000000000000002
148
0.0
 69
0
 70
0
 71
0
 72
0
 73
0
 74
0
 75
0
 76
0
 77
1
 78
12
 79
3
170
0
171
3
172
1
173
0
174
0
175
0
176
0
177
0
178
0
179
2
271
2
272
2
273
2
274
3
275
0
276
0
277
2
278
46
279
2
280
0
281
0
282
0
283
0
284
8
285
0
286
0
288
1
289
3
290
0
340
4C
371
-2
372
-2
  0
DIMSTYLE
105
81
330
4
100
AcDbSymbolTableRecord
100
AcDbDimStyleTableRecord
  2
EZ_M_5_H25_CM
 70
0
 40
1.0
 41
0.0125
 42
0.00625
 43
3.75
 44
0.018750000000000003
 45
0.0
 46
0.0
 47
0.0
 48
0.0
 49
2.5
140
0.0125
141
2.5
142
0.00625
143
0.03937007874
144
100.0
145
0.0
146
0.5
147
0.005000000000000001
148
0.0
 69
0
 70
0
 71
0
 72
0
 73
0
 74
0
 75
0
 76
0
 77
1
 78
12
 79
3
170
0
171
3
172
1
173
0
174
0
175
0
176
0
177
0
178
0
179
2
271
2
272
2
273
2
274
3
275
0
276
0
277
2
278
46
279
2
280
0
281
0
282
0
283
0
284
8
285
0
286
0
288
1
289
3
290
0
340
4C
371
-2
372
-2
  0
DIMSTYLE
105
82
330
4
100
AcDbSymbolTableRecord
100
AcDbDimStyleTableRecord
  2
EZ_M_1_H25_CM
 70
0
 40
1.0
 41
0.0025
 42
0.00125
 43
3.75
 44
0.00375
 45
0.0
 46
0.0
 47
0.0
 48
0.0
 49
2.5
140
0.0025
141
2.5
142
0.00125
143
0.03937007874
144
100.0
145
0.0
146
0.5
147
0.001
148
0.0
 69
0
 70
0
 71
0
 72
0
 73
0
 74
0
 75
0
 76
0
 77
1
 78
12
 79
3
170
0
171
3
172
1
173
0
174
0
175
0
176
0
177
0
178
0
179
2
271
2
272
2
273
2
274
3
275
0
276
0
277
2
278
46
279
2
280
0
281
0
282
0
283
0
284
8
285
0
286
0
288
1
289
3
290
0
340
4C
371
-2
372
-2
  0
DIMSTYLE
105
83
330
4
100
AcDbSymbolTableRecord
100
AcDbDimStyleTableRecord
  2
EZ_RADIUS
 70
0
 40
1.0
 41
0.25
 42
0.125
 43
3.75
 44
0.375
 45
0.0
 46
0.0
 47
0.0
 48
0.0
 49
2.5
140
0.25
141
0.0
142
0.0
143
0.03937007874
144
100.0
145
0.0
146
0.5
147
0.1
148
0.0
 69
0
 70
0
 71
0
 72
0
 73
0
 74
0
 75
0
 76
0
 77
1
 78
12
 79
3
170
0
171
3
172
0
173
0
174
0
175
0
176
0
177
0
178
0
179
2
271
2
272
2
273
2
274
3
275
0
276
0
277
2
278
46
279
1
280
0
281
0
282
0
283
0
284
8
285
0
286
0
288
1
289
3
290
0
340
4C
342
84
371
-2
372
-2
  0
DIMSTYLE
105
88
330
4
100
AcDbSymbolTableRecord
100
AcDbDimStyleTableRecord
  2
EZ_RADIUS_INSIDE
 70
0
 40
1.0
 41
0.25
 42
0.125
 43
3.75
 44
0.375
 45
0.0
 46
0.0
 47
0.0
 48
0.0
 49
2.5
140
0.25
141
0.0
142
0.0
143
0.03937007874
144
100.0
145
0.0
146
0.5
147
0.1
148
0.0
 69
0
 70
0
 71
0
 72
0
 73
0
 74
0
 75
0
 76
0
 77
0
 78
12
 79
3
170
0
171
3
172
0
173
0
174
1
175
0
176
0
177
0
178
0
179
2
271
2
272
2
273
2
274
3
275
0
276
0
277
2
278
46
279
0
280
0
281
0
282
0
283
0
284
8
285
0
286
0
288
1
289
0
290
0
340
4C
342
84
371
-2
372
-2
  0
DIMSTYLE
105
89
330
4
100
AcDbSymbolTableRecord
100
AcDbDimStyleTableRecord
  2
EZ_CURVED
 70
0
 40
1.0
 41
0.25
 42
0.125
 43
3.75
 44
0.375
 45
0.0
 46
0.0
 47
0.0
 48
0.0
 49
2.5
140
0.25
141
2.5
142
0.0
143
0.03937007874
144
100.0
145
0.0
146
0.5
147
0.1
148
0.0
 69
0
 70
0
 71
0
 72
0
 73
0
 74
0
 75
0
 76
0
 77
1
 78
12
 79
2
 90
2
170
0
171
3
172
1
173
0
174
0
175
0
176
0
177
0
178
0
179
2
271
2
272
2
273
2
274
3
275
0
276
0
277
2
278
46
279
2
280
0
281
0
282
0
283
0
284
8
285
0
286
0
288
1
289
3
290
0
340
4C
371
-2
372
-2
  0
ENDTAB
  0
TABLE
  2
BLOCK_RECORD
  5
9
330
0
100
AcDbSymbolTable
 70
5
  0
BLOCK_RECORD
  5
17
330
9
100
AcDbSymbolTableRecord
100
AcDbBlockTableRecord
  2
*Model_Space
340
1A
 70
0
280
1
281
0
  0
BLOCK_RECORD
  5
1B
330
9
100
AcDbSymbolTableRecord
100
AcDbBlockTableRecord
  2
*Paper_Space
340
1E
 70
0
280
1
281
0
  0
BLOCK_RECORD
  5
74
330
9
100
AcDbSymbolTableRecord
100
AcDbBlockTableRecord
  2
_ARCHTICK
340
0
 70
0
280
1
281
0
  0
BLOCK_RECORD
  5
78
330
9
100
AcDbSymbolTableRecord
100
AcDbBlockTableRecord
  2
_CLOSEDFILLED
340
0
 70
0
280
1
281
0
  0
BLOCK_RECORD
  5
84
330
9
100
AcDbSymbolTableRecord
100
AcDbBlockTableRecord
  2
_CLOSEDBLANK
340
0
 70
0
280
1
281
0
  0
ENDTAB
  0
ENDSEC
  0
SECTION
  2
BLOCKS
  0
BLOCK
  5
18
330
17
100
AcDbEntity
  8
0
100
AcDbBlockBegin
  2
*Model_Space
 70
0
 10
0.0
 20
0.0
 30
0.0
  3
*Model_Space
  1

  0
ENDBLK
  5
19
330
17
100
AcDbEntity
  8
0
100
AcDbBlockEnd
  0
BLOCK
  5
1C
330
1B
100
AcDbEntity
  8
0
100
AcDbBlockBegin
  2
*Paper_Space
 70
0
 10
0.0
 20
0.0
 30
0.0
  3
*Paper_Space
  1

  0
ENDBLK
  5
1D
330
1B
100
AcDbEntity
  8
0
100
AcDbBlockEnd
  0
BLOCK
  5
75
330
74
100
AcDbEntity
  8
0
100
AcDbBlockBegin
  2
_ARCHTICK
 70
0
 10
0.0
 20
0.0
 30
0.0
  3
_ARCHTICK
  1

  0
LWPOLYLINE
  5
77
330
74
100
AcDbEntity
  8
0
  6
BYBLOCK
 62
0
100
AcDbPolyline
 90
2
 70
0
 43
0.15
 10
-0.5
 20
-0.5
 10
0.5
 20
0.5
  0
ENDBLK
  5
76
330
74
100
AcDbEntity
  8
0
100
AcDbBlockEnd
  0
BLOCK
  5
79
330
78
100
AcDbEntity
  8
0
100
AcDbBlockBegin
  2
_CLOSEDFILLED
 70
0
 10
0.0
 20
0.0
 30
0.0
  3
_CLOSEDFILLED
  1

  0
SOLID
  5
7B
330
78
100
AcDbEntity
  8
0
  6
BYBLOCK
 62
0
100
AcDbTrace
 10
-1.0
 20
0.16439898372402537
 30
0.0
 11
0.0
 21
0.0
 31
0.0
 12
-1.0
 22
-0.16439898372402537
 32
0.0
 13
-1.0
 23
-0.16439898372402537
 33
0.0
  0
ENDBLK
  5
7A
330
78
100
AcDbEntity
  8
0
100
AcDbBlockEnd
  0
BLOCK
  5
85
330
84
100
AcDbEntity
  8
0
100
AcDbBlockBegin
  2
_CLOSEDBLANK
 70
0
 10
0.0
 20
0.0
 30
0.0
  3
_CLOSEDBLANK
  1

  0
LWPOLYLINE
  5
87
330
84
100
AcDbEntity
  8
0
  6
BYBLOCK
 62
0
100
AcDbPolyline
 90
3
 70
1
 10
-1.0
 20
0.16439898372402537
 10
0.0
 20
0.0
 10
-1.0
 20
-0.16439898372402537
  0
ENDBLK
  5
86
330
84
100
AcDbEntity
  8
0
100
AcDbBlockEnd
  0
ENDSEC
  0
SECTION
  2
ENTITIES
  0
LWPOLYLINE
  5
91
330
17
100
AcDbEntity
  8
G-ANNO-ESTATE
100
AcDbPolyline
 90
9
 70
1
 10
425730.0
 20
1577180.0
 10
425730.0
 20
1578500.0
 10
425730.0
 20
1579820.0
 10
427050.0
 20
1579820.0
 10
427050.0
 20
1578500.0
 10
428370.0
 20
1578500.0
 10
428370.0
 20
1577180.0
 10
427050.0
 20
1577180.0
 10
425730.0
 20
1577180.0
  0
LWPOLYLINE
  5
92
330
17
100
AcDbEntity
  8
L-GOLF-FREE
100
AcDbPolyline
 90
1356
 70
1
 10
425805.0050862738
 20
1578375.2971340972
 10
425805.02029335505
 20
1578375.396840127
 10
425805.04546654876
 20
1578375.4945072043
 10
425805.0803497796
 20
1578375.5891418064
 10
425805.1245881961
 20
1578375.679781258
 10
425805.17773178103
 20
1578375.7655035253
 10
425805.23923992855
 20
1578375.845436594
 10
425805.3084869442
 20
1578375.9187673414
 10
425805.3847684094
 20
1578375.984749807
 10
425805.4673083473
 20
1578376.0427127809
 10
425805.55526711646
 20
1578376.0920666321
 10
425805.64774995204
 20
1578376.1323093062
 10
425805.7438160681
 20
1578376.1630314323
 10
425805.84248822735
 20
1578376.1839204887
 10
425805.9427626827
 20
1578376.1947639803
 10
425806.0436193873
 20
1578376.195451601
 10
425806.1440323717
 20
1578376.1859763558
 10
425806.2429801799
 20
1578376.1664346326
 10
425816.85804949235
 20
1578373.5074981884
 10
425816.88199080987
 20
1578373.5021219857
 10
425820.7079057349
 20
1578372.7411001904
 10
425820.73208200943
 20
1578372.736905209
 10
425832.35658455186
 20
1578371.0125731449
 10
425832.38093754573
 20
1578371.0095694894
 10
425836.263022828
 20
1578370.627217462
 10
425836.2874938601
 20
1578370.6254123703
 10
425848.0250353509
 20
1578370.0487839328
 10
425848.0495654862
 20
1578370.0481817517
 10
425851.9504345138
 20
1578370.0481817517
 10
425851.9749646491
 20
1578370.0487839328
 10
425863.7125061399
 20
1578370.6254123703
 10
425863.736977172
 20
1578370.627217462
 10
425867.61906245427
 20
1578371.0095694894
 10
425867.64341544814
 20
1578371.0125731449
 10
425879.26791799057
 20
1578372.736905209
 10
425879.2920942651
 20
1578372.7411001904
 10
425883.11800919013
 20
1578373.5021219857
 10
425883.14195050765
 20
1578373.5074981884
 10
425894.5414637963
 20
1578376.3629276198
 10
425894.56511248293
 20
1578376.3694720927
 10
425898.29801138677
 20
1578377.5018345953
 10
425898.32131047227
 20
1578377.5095315736
 10
425909.386050959
 20
1578381.4685590244
 10
425909.40894429147
 20
1578381.4773899573
 10
425913.0128773458
 20
1578382.9701879062
 10
425913.0353097957
 20
1578382.9801315274
 10
425923.6587179842
 20
1578388.0046294006
 10
425923.68063550035
 20
1578388.0156617512
 10
425927.1208948379
 20
1578389.8545186776
 10
425927.14224463154
 20
1578389.8666131862
 10
425937.2220112904
 20
1578395.9081928185
 10
425937.2427419093
 20
1578395.921320338
 10
425940.4861959592
 20
1578398.0885270475
 10
425940.5062574772
 20
1578398.1026559626
 10
425949.94530894846
 20
1578405.1031336423
 10
425949.96465301816
 20
1578405.1182299026
 10
425952.9800655542
 20
1578407.5929150167
 10
425952.9986455875
 20
1578407.6089422635
 10
425961.70607864315
 20
1578415.500899563
 10
425961.72384987527
 20
1578415.5178191825
 10
425964.48218081676
 20
1578418.276150124
 10
425964.49910043855
 20
1578418.2939213584
 10
425972.39105773525
 20
1578427.0013544112
 10
425972.40708498535
 20
1578427.0199344482
 10
425974.8817700935
 20
1578430.0353469772
 10
425974.8968663614
 20
1578430.0546910567
 10
425981.89734403754
 20
1578439.4937425228
 10
425981.9114729511
 20
1578439.5138040388
 10
425984.0786796597
 20
1578442.7572580876
 10
425984.0918071843
 20
1578442.7779887144
 10
425990.13338681555
 20
1578452.8577553716
 10
425990.1454813202
 20
1578452.879105158
 10
425991.98433824716
 20
1578456.3193644965
 10
425991.99537060066
 20
1578456.3412820187
 10
425997.0198684734
 20
1578466.9646902066
 10
425997.02981209406
 20
1578466.9871226554
 10
425998.52261003974
 20
1578470.5910557017
 10
425998.53144097707
 20
1578470.6139490458
 10
426002.490468427
 20
1578481.6786895292
 10
426002.4981654032
 20
1578481.7019886086
 10
426003.6305279078
 20
1578485.4348875186
 10
426003.6370723811
 20
1578485.4585362065
 10
426006.4925018109
 20
1578496.8580494896
 10
426006.4978780148
 20
1578496.8819908127
 10
426007.2588998086
 20
1578500.707905731
 10
426007.263094791
 20
1578500.73208201
 10
426008.98742685514
 20
1578512.3565845513
 10
426008.99043051084
 20
1578512.3809375484
 10
426009.37278253713
 20
1578516.2630228193
 10
426009.37458763004
 20
1578516.2874938676
 10
426009.95121606695
 20
1578528.025035346
 10
426009.9518182482
 20
1578528.0495654906
 10
426009.9518182482
 20
1578531.9504345094
 10
426009.95121606695
 20
1578531.974964654
 10
426009.37458763004
 20
1578543.7125061324
 10
426009.37278253713
 20
1578543.7369771807
 10
426008.99043051084
 20
1578547.6190624516
 10
426008.98742685514
 20
1578547.6434154487
 10
426007.263094791
 20
1578559.26791799
 10
426007.2588998086
 20
1578559.292094269
 10
426006.4978780148
 20
1578563.1180091873
 10
426006.4925018109
 20
1578563.1419505104
 10
426003.6370723811
 20
1578574.5414637935
 10
426003.6305279078
 20
1578574.5651124814
 10
426002.77011086984
 20
1578577.401527331
 10
426002.7454139696
 20
1578577.5010547359
 10
426002.73103961436
 20
1578577.6025880757
 10
426002.7271389596
 20
1578577.7050596622
 10
426002.73375302326
 20
1578577.8073919413
 10
426002.75081225415
 20
1578577.9085088235
 10
426002.7781372636
 20
1578578.0073469994
 10
426002.81544071157
 20
1578578.1028671227
 10
426002.8623303284
 20
1578578.194064738
 10
426002.9183130397
 20
1578578.2799808437
 10
426002.98280015134
 20
1578578.359711977
 10
426018.25574894575
 20
1578595.3785902134
 10
426018.32349645765
 20
1578595.4471296223
 10
426018.3975269123
 20
1578595.508829442
 10
426018.47715276096
 20
1578595.5631166429
 10
426018.5616344885
 20
1578595.6094870393
 10
426018.6501874814
 20
1578595.647509972
 10
426018.7419893147
 20
1578595.6768323078
 10
426018.83618739014
 20
1578595.697181719
 10
426018.9319068549
 20
1578595.7083692127
 10
426019.02825872635
 20
1578595.710290887
 10
426019.12434814835
 20
1578595.7029288942
 10
426019.21928270237
 20
1578595.6863516083
 10
426019.3121806955
 20
1578595.660712988
 10
426019.4021793491
 20
1578595.6262511497
 10
426019.4884428119
 20
1578595.5832861532
 10
426019.57016992266
 20
1578595.5322170302
 10
426019.646601651
 20
1578595.473518079
 10
426019.7170281467
 20
1578595.407734459
 10
426019.78079533245
 20
1578595.3354771272
 10
426019.8373109784
 20
1578595.257417165
 10
426019.8860502025
 20
1578595.174279544
 10
426019.9265603452
 20
1578595.0868363953
 10
426019.9584651737
 20
1578594.9958998356
 10
426019.9814683758
 20
1578594.9023144273
 10
426019.995356312
 20
1578594.806949333
 10
426020.0
 20
1578594.7106902446
 10
426020.0
 20
1578440.0122724636
 10
426020.00060218124
 20
1578439.987742319
 10
426020.1914063893
 20
1578436.1038334386
 10
426020.196212964
 20
1578436.0550314665
 10
426020.7649867528
 20
1578432.22067004
 10
426020.7745536126
 20
1578432.1725741883
 10
426021.7164217419
 20
1578428.4124258412
 10
426021.7306567524
 20
1578428.3654993002
 10
426023.036548518
 20
1578424.7157763145
 10
426023.05531458766
 20
1578424.6704710145
 10
426024.712653538
 20
1578421.1663222178
 10
426024.73576994013
 20
1578421.1230744715
 10
426026.72859499336
 20
1578417.7982467357
 10
426026.7558391057
 20
1578417.7574730401
 10
426029.0649582689
 20
1578414.643986271
 10
426029.09606771194
 20
1578414.606079305
 10
426031.6992429049
 20
1578411.7339180824
 10
426031.73391808243
 20
1578411.699242905
 10
426034.6060793029
 20
1578409.0960677138
 10
426034.64398627216
 20
1578409.064958268
 10
426037.75747304136
 20
1578406.7558391048
 10
426037.7982467345
 20
1578406.7285949942
 10
426041.1230744719
 20
1578404.7357699398
 10
426041.1663222184
 20
1578404.7126535377
 10
426044.6704710134
 20
1578403.0553145881
 10
426044.7157763148
 20
1578403.0365485179
 10
426048.3654993015
 20
1578401.730656752
 10
426048.4124258391
 20
1578401.7164217425
 10
426052.1725741904
 20
1578400.774553612
 10
426052.2206700396
 20
1578400.764986753
 10
426056.0550314659
 20
1578400.1962129644
 10
426056.1038334384
 20
1578400.1914063895
 10
426059.9877423243
 20
1578400.000602181
 10
426060.01227245945
 20
1578400.0
 10
426469.98772754055
 20
1578400.0
 10
426470.0122576757
 20
1578400.000602181
 10
426473.8961665616
 20
1578400.1914063895
 10
426473.9449685341
 20
1578400.1962129644
 10
426477.7793299604
 20
1578400.764986753
 10
426477.8274258096
 20
1578400.774553612
 10
426481.5875741609
 20
1578401.7164217425
 10
426481.6345006985
 20
1578401.730656752
 10
426485.2842236852
 20
1578403.0365485179
 10
426485.3295289866
 20
1578403.0553145881
 10
426488.8336777816
 20
1578404.7126535377
 10
426488.8769255281
 20
1578404.7357699398
 10
426492.2017532655
 20
1578406.7285949942
 10
426492.24252695864
 20
1578406.7558391048
 10
426495.35601372784
 20
1578409.064958268
 10
426495.3939206971
 20
1578409.0960677138
 10
426498.26608191757
 20
1578411.699242905
 10
426498.3007570951
 20
1578411.7339180824
 10
426500.90393228806
 20
1578414.606079305
 10
426500.9350417311
 20
1578414.643986271
 10
426503.2441608943
 20
1578417.7574730401
 10
426503.27140500664
 20
1578417.7982467357
 10
426505.26423005987
 20
1578421.1230744715
 10
426505.287346462
 20
1578421.1663222178
 10
426506.94468541234
 20
1578424.6704710145
 10
426506.963451482
 20
1578424.7157763145
 10
426508.2693432476
 20
1578428.3654993002
 10
426508.2835782581
 20
1578428.4124258412
 10
426509.2254463874
 20
1578432.1725741883
 10
426509.2350132472
 20
1578432.22067004
 10
426509.803787036
 20
1578436.0550314665
 10
426509.8085936107
 20
1578436.1038334386
 10
426509.99939781876
 20
1578439.987742319
 10
426510.0
 20
1578440.0122724636
 10
426510.0
 20
1578901.4372773254
 10
426510.00481527334
 20
1578901.5352944657
 10
426510.0192147196
 20
1578901.6323676475
 10
426510.04305966425
 20
1578901.7275620026
 10
426510.0761204675
 20
1578901.8199607579
 10
426510.11807873566
 20
1578901.9086740622
 10
426510.1685303877
 20
1578901.9928475583
 10
426510.2269895466
 20
1578902.0716706095
 10
426510.2928932188
 20
1578902.1443841066
 10
426510.36560671584
 20
1578902.2102877789
 10
426510.44442976697
 20
1578902.2687469376
 10
426510.5286032632
 20
1578902.3191985898
 10
426510.61731656763
 20
1578902.361156858
 10
426510.70971532277
 20
1578902.394217661
 10
426510.804909678
 20
1578902.418062606
 10
426510.90198285965
 20
1578902.4324620522
 10
426511.0
 20
1578902.4372773254
 10
426511.09801714035
 20
1578902.4324620522
 10
426511.195090322
 20
1578902.418062606
 10
426511.29028467723
 20
1578902.394217661
 10
426512.69787947414
 20
1578901.9672284476
 10
426512.7215281608
 20
1578901.9606839747
 10
426536.49630762805
 20
1578896.0054117364
 10
426536.5202489501
 20
1578896.0000355328
 10
426540.3461638648
 20
1578895.2390137396
 10
426540.3703401549
 20
1578895.2348187554
 10
426564.61435630865
 20
1578891.6385586774
 10
426564.6387093025
 20
1578891.635555022
 10
426568.52079458535
 20
1578891.2532029946
 10
426568.5452656175
 20
1578891.2513979028
 10
426593.0250353511
 20
1578890.0487839328
 10
426593.04956548644
 20
1578890.0481817517
 10
426596.95043451356
 20
1578890.0481817517
 10
426596.9749646489
 20
1578890.0487839328
 10
426621.4547343825
 20
1578891.2513979028
 10
426621.47920541465
 20
1578891.2532029946
 10
426625.3612906975
 20
1578891.635555022
 10
426625.38564369135
 20
1578891.6385586774
 10
426649.6296598451
 20
1578895.2348187554
 10
426649.6538361352
 20
1578895.2390137396
 10
426653.4797510499
 20
1578896.0000355328
 10
426653.50369237195
 20
1578896.0054117364
 10
426677.2784718392
 20
1578901.9606839747
 10
426677.30212052586
 20
1578901.9672284476
 10
426681.0350194302
 20
1578903.0995909504
 10
426681.0583185157
 20
1578903.1072879287
 10
426704.1348971668
 20
1578911.3642197982
 10
426704.1577904993
 20
1578911.3730507311
 10
426707.761723553
 20
1578912.8658486798
 10
426707.7841560029
 20
1578912.875792301
 10
426729.9402937717
 20
1578923.3548650353
 10
426729.96221128677
 20
1578923.3658973854
 10
426733.4024706314
 20
1578925.2047543158
 10
426733.4238204137
 20
1578925.216848818
 10
426754.4461415828
 20
1578937.8171432193
 10
426754.4668721994
 20
1578937.8302707374
 10
426757.710326256
 20
1578939.997477451
 10
426757.7303877678
 20
1578940.0116063617
 10
426777.4164358895
 20
1578954.611774705
 10
426777.4357799592
 20
1578954.6268709651
 10
426780.4511924956
 20
1578957.1015560795
 10
426780.46977252886
 20
1578957.1175833263
 10
426798.6299601975
 20
1578973.5770180088
 10
426798.6477314296
 20
1578973.5939376282
 10
426801.4060623709
 20
1578976.3522685696
 10
426801.4229819927
 20
1578976.3700398041
 10
426817.88241667236
 20
1578994.53022747
 10
426817.89844392246
 20
1578994.548807507
 10
426820.37312903063
 20
1578997.564220036
 10
426820.3882252985
 20
1578997.5835641155
 10
426834.9883936368
 20
1579017.2696122301
 10
426835.0025225504
 20
1579017.289673746
 10
426837.1697292591
 20
1579020.5331277952
 10
426837.1828567837
 20
1579020.553858422
 10
426849.7831511809
 20
1579041.5761795845
 10
426849.79524568556
 20
1579041.597529371
 10
426851.6341026124
 20
1579045.037788709
 10
426851.6451349659
 20
1579045.059706231
 10
426862.12420769985
 20
1579067.2158439988
 10
426862.1341513205
 20
1579067.2382764476
 10
426863.62694926636
 20
1579070.8422094944
 10
426863.6357802037
 20
1579070.8651028385
 10
426871.8927120723
 20
1579093.9416814866
 10
426871.9004090485
 20
1579093.964980566
 10
426873.0327715529
 20
1579097.6978794755
 10
426873.0393160262
 20
1579097.7215281634
 10
426878.9945882633
 20
1579121.4963076273
 10
426878.9999644672
 20
1579121.5202489505
 10
426879.76098626107
 20
1579125.346163869
 10
426879.7651812434
 20
1579125.370340148
 10
426883.36144132254
 20
1579149.6143563085
 10
426883.36444497824
 20
1579149.6387093056
 10
426883.74679700454
 20
1579153.5207945765
 10
426883.74860209745
 20
1579153.5452656248
 10
426884.95121606695
 20
1579178.025035346
 10
426884.9518182482
 20
1579178.0495654906
 10
426884.9518182482
 20
1579181.9504345094
 10
426884.95121606695
 20
1579181.974964654
 10
426883.74860209745
 20
1579206.4547343752
 10
426883.74679700454
 20
1579206.4792054235
 10
426883.36444497824
 20
1579210.3612906944
 10
426883.36144132254
 20
1579210.3856436915
 10
426879.7651812434
 20
1579234.629659852
 10
426879.76098626107
 20
1579234.653836131
 10
426878.9999644672
 20
1579238.4797510495
 10
426878.9945882633
 20
1579238.5036923727
 10
426873.0393160262
 20
1579262.2784718366
 10
426873.0327715529
 20
1579262.3021205245
 10
426871.9004090485
 20
1579266.035019434
 10
426871.8927120723
 20
1579266.0583185134
 10
426863.6357802037
 20
1579289.1348971615
 10
426863.62694926636
 20
1579289.1577905056
 10
426862.1341513205
 20
1579292.7617235524
 10
426862.12420769985
 20
1579292.7841560012
 10
426851.6451349659
 20
1579314.940293769
 10
426851.6341026124
 20
1579314.9622112908
 10
426850.689319001
 20
1579316.7297771054
 10
426850.6468447037
 20
1579316.8197385978
 10
426850.6135192751
 20
1579316.9134752068
 10
426850.5896725414
 20
1579317.0100592081
 10
426850.575540517
 20
1579317.1085346972
 10
426850.5712630685
 20
1579317.2079270484
 10
426850.5768825303
 20
1579317.3072525621
 10
426850.5923432859
 20
1579317.4055282006
 10
426850.61749231815
 20
1579317.5017813158
 10
426850.6520807235
 20
1579317.5950592782
 10
426850.6957661759
 20
1579317.684438903
 10
426850.7481163145
 20
1579317.7690355873
 10
426850.8086130228
 20
1579317.848012067
 10
426850.8766575567
 20
1579317.9205867006
 10
426850.9515764701
 20
1579317.9860412073
 10
426851.0326282804
 20
1579318.043727775
 10
426851.11901080684
 20
1579318.0930754717
 10
426851.20986910973
 20
1579318.133595897
 10
426851.3043039521
 20
1579318.1648880139
 10
426851.4013806995
 20
1579318.1866421206
 10
426875.84337785735
 20
1579322.3995702448
 10
426875.8674923756
 20
1579322.4043399908
 10
426885.426026756
 20
1579324.5404385992
 10
426885.4733857861
 20
1579324.5534965992
 10
426894.76429633895
 20
1579327.6140067873
 10
426894.81014429627
 20
1579327.6316520143
 10
426903.75563435274
 20
1579331.5896754148
 10
426903.7995280966
 20
1579331.6117373193
 10
426912.31313731836
 20
1579336.4290186735
 10
426912.35465261893
 20
1579336.4552840285
 10
426920.35409489746
 20
1579342.0852631377
 10
426920.39283049235
 20
1579342.1154780784
 10
426927.8007892811
 20
1579348.503739831
 10
426927.8363707775
 20
1579348.5376123188
 10
426934.58124635037
 20
1579355.62241261
 10
426934.6133298522
 20
1579355.6596152661
 10
426940.62993134395
 20
1579363.3724777754
 10
426940.65820675384
 20
1579363.4126510245
 10
426945.8883822504
 20
1579371.6790290624
 10
426945.91257628007
 20
1579371.7217846217
 10
426950.3057748632
 20
1579380.4617816338
 10
426950.3256536711
 20
1579380.5067062604
 10
426953.8394140094
 20
1579389.6358480516
 10
426953.85478546034
 20
1579389.6825075338
 10
426956.45514620625
 20
1579399.1125587313
 10
426956.4658617326
 20
1579399.1605020969
 10
426958.1276897666
 20
1579408.8003189615
 10
426958.13364580023
 20
1579408.8490828257
 10
426958.84087915026
 20
1579418.6054941835
 10
426958.84201812465
 20
1579418.654607232
 10
426958.58782120864
 20
1579428.4333149956
 10
426958.5841321153
 20
1579428.4823025388
 10
426957.36943656777
 20
1579438.2009964604
 10
426957.36578916706
 20
1579438.2253060618
 10
426952.71882059355
 20
1579464.7371246875
 10
426952.7140014332
 20
1579464.7611425875
 10
426950.55997489
 20
1579474.2809024346
 10
426950.5468446146
 20
1579474.3280652266
 10
426947.90221283934
 20
1579482.294280703
 10
426947.87528107886
 20
1579482.3915798995
 10
426947.8582971468
 20
1579482.4910987387
 10
426947.8514341511
 20
1579482.59182288
 10
426947.8547620425
 20
1579482.692725697
 10
426947.86824690166
 20
1579482.7927787425
 10
426947.89175128477
 20
1579482.8909622305
 10
426947.9250356244
 20
1579482.9862754305
 10
426947.9677606716
 20
1579483.077746867
 10
426948.01949095336
 20
1579483.1644442216
 10
426948.07969921106
 20
1579483.2454838357
 10
426948.1477717749
 20
1579483.3200397168
 10
426948.2230148184
 20
1579483.3873519574
 10
426953.0756755336
 20
1579487.3060724249
 10
426953.1123069359
 20
1579487.3387531932
 10
426960.07788979175
 20
1579494.1965667456
 10
426960.11113771907
 20
1579494.2326841557
 10
426966.37020462035
 20
1579501.7408818596
 10
426966.3997481939
 20
1579501.780087339
 10
426971.89189148246
 20
1579509.8662058935
 10
426971.9174455688
 20
1579509.9081210599
 10
426973.12162929215
 20
1579512.1210162966
 10
426973.1725535271
 20
1579512.2045808737
 10
426973.2314016512
 20
1579512.2827679222
 10
426973.2976101162
 20
1579512.3548286979
 10
426973.3705448888
 20
1579512.4200731243
 10
426973.44950752263
 20
1579512.4778764003
 10
426973.5337418465
 20
1579512.5276849833
 10
426973.6224412059
 20
1579512.5690218904
 10
426973.71475618775
 20
1579512.6014912664
 10
426973.80980275455
 20
1579512.6247821744
 10
426973.9066707103
 20
1579512.638671573
 10
426974.0044324168
 20
1579512.6430264534
 10
426974.1021516772
 20
1579512.6378051115
 10
426974.1988927007
 20
1579512.6230575487
 10
426974.29372906487
 20
1579512.5989249921
 10
426974.38575258665
 20
1579512.5656385429
 10
426974.4740820196
 20
1579512.5235169628
 10
426974.5578714932
 20
1579512.472963621
 10
426974.636318613
 20
1579512.4144626325
 10
426974.7086721445
 20
1579512.3485742214
 10
426974.77423920744
 20
1579512.2759293558
 10
426974.8323919109
 20
1579512.1972237057
 10
426974.88257336617
 20
1579512.1132109817
 10
426974.9243030197
 20
1579512.024695716
 10
426974.9571812553
 20
1579511.9325255589
 10
426974.9808932204
 20
1579511.8375831607
 10
426974.9952118419
 20
1579511.7407777202
 10
426975.0
 20
1579511.6430362766
 10
426975.0
 20
1578825.7912725913
 10
426974.9953831202
 20
1578825.6952911136
 10
426974.98157511186
 20
1578825.6001959057
 10
426974.9587034749
 20
1578825.5068650541
 10
426974.92697940045
 20
1578825.4161603532
 10
426974.8866958211
 20
1578825.3289193488
 10
426974.83822470554
 20
1578825.245947603
 10
426974.78201362456
 20
1578825.168011257
 10
426974.71858161775
 20
1578825.0958299562
 10
426974.648514401
 20
1578825.030070206
 10
426974.57245895814
 20
1578824.9713392153
 10
426974.4911175668
 20
1578824.9201792923
 10
426974.405241314
 20
1578824.8770628357
 10
426974.3156231602
 20
1578824.842387972
 10
426974.22309061803
 20
1578824.816474881
 10
426974.12849811075
 20
1578824.7995628377
 10
426974.0327190828
 20
1578824.7918080038
 10
426973.93663793465
 20
1578824.793281986
 10
426973.8411418566
 20
1578824.8039711732
 10
426973.7471126365
 20
1578824.8237768644
 10
426973.6554185175
 20
1578824.852516179
 10
426973.5669061811
 20
1578824.8899237444
 10
426973.4823929289
 20
1578824.9356541485
 10
426973.40265913605
 20
1578824.9892851275
 10
426973.32844104513
 20
1578825.050321466
 10
426972.6547127458
 20
1578825.660953203
 10
426972.6361327126
 20
1578825.6769804498
 10
426969.62072017655
 20
1578828.1516655637
 10
426969.60137610685
 20
1578828.166761824
 10
426960.9505551471
 20
1578834.5826479143
 10
426960.9304936291
 20
1578834.5967768293
 10
426957.6870395821
 20
1578836.7639835367
 10
426957.66630895855
 20
1578836.7771110595
 10
426948.4282772611
 20
1578842.3141741718
 10
426948.4069274724
 20
1578842.3262686776
 10
426944.9666681318
 20
1578844.1651256054
 10
426944.9447506157
 20
1578844.176157956
 10
426935.20847547177
 20
1578848.7810731474
 10
426935.18604302185
 20
1578848.7910167687
 10
426931.5821099679
 20
1578850.2838147175
 10
426931.5592166355
 20
1578850.2926456505
 10
426921.41846369987
 20
1578853.921065069
 10
426921.39516461437
 20
1578853.9287620473
 10
426917.6622657099
 20
1578855.0611245502
 10
426917.63861702324
 20
1578855.067669023
 10
426907.19104728935
 20
1578857.6846490072
 10
426907.1671059673
 20
1578857.6900252108
 10
426903.3411910454
 20
1578858.4510470054
 10
426903.3170147717
 20
1578858.4552419868
 10
426892.6632440442
 20
1578860.0355795887
 10
426892.6388910532
 20
1578860.0385832437
 10
426888.75680576876
 20
1578860.4209352713
 10
426888.7323347361
 20
1578860.422740363
 10
426877.97496464883
 20
1578860.9512160672
 10
426877.9504345135
 20
1578860.9518182483
 10
426874.0495654865
 20
1578860.9518182483
 10
426874.02503535117
 20
1578860.9512160672
 10
426863.2676652639
 20
1578860.422740363
 10
426863.24319423124
 20
1578860.4209352713
 10
426859.3611089468
 20
1578860.0385832437
 10
426859.3367559558
 20
1578860.0355795887
 10
426848.6829852283
 20
1578858.4552419868
 10
426848.6588089546
 20
1578858.4510470054
 10
426844.8328940327
 20
1578857.6900252108
 10
426844.80895271065
 20
1578857.6846490072
 10
426834.36138297676
 20
1578855.067669023
 10
426834.3377342901
 20
1578855.0611245502
 10
426830.60483538563
 20
1578853.9287620473
 10
426830.58153630013
 20
1578853.921065069
 10
426820.4407833645
 20
1578850.2926456505
 10
426820.4178900321
 20
1578850.2838147175
 10
426816.81395697815
 20
1578848.7910167687
 10
426816.79152452823
 20
1578848.7810731474
 10
426807.0552493843
 20
1578844.176157956
 10
426807.0333318682
 20
1578844.1651256054
 10
426803.5930725276
 20
1578842.3262686776
 10
426803.5717227389
 20
1578842.3141741718
 10
426794.33369104145
 20
1578836.7771110595
 10
426794.3129604179
 20
1578836.7639835367
 10
426791.0695063709
 20
1578834.5967768293
 10
426791.0494448529
 20
1578834.5826479143
 10
426782.39862389315
 20
1578828.166761824
 10
426782.37927982345
 20
1578828.1516655637
 10
426779.3638672874
 20
1578825.6769804498
 10
426779.3452872542
 20
1578825.660953203
 10
426771.36498916877
 20
1578818.4280326252
 10
426771.34721793665
 20
1578818.4111130058
 10
426768.58888699533
 20
1578815.6527820642
 10
426768.57196737354
 20
1578815.6350108297
 10
426765.4495065608
 20
1578812.189906217
 10
426765.36811615253
 20
1578812.1098138825
 10
426765.27812561294
 20
1578812.039522465
 10
426761.6929604541
 20
1578809.555160551
 10
426761.6540156763
 20
1578809.525237114
 10
426754.201520801
 20
1578803.1930010917
 10
426754.1657016255
 20
1578803.1593990913
 10
426747.37081988156
 20
1578796.1261583725
 10
426747.3384723245
 20
1578796.0892024066
 10
426741.26684299594
 20
1578788.4228988485
 10
426741.23827954085
 20
1578788.382945919
 10
426735.94855521683
 20
1578780.1576368343
 10
426735.9240517875
 20
1578780.1150728879
 10
426731.467331772
 20
1578771.4102156437
 10
426731.44712507306
 20
1578771.3654518502
 10
426727.8664617581
 20
1578762.2651363
 10
426727.85074698954
 20
1578762.2186050843
 10
426725.18072996504
 20
1578752.8107412478
 10
426725.16965893353
 20
1578752.7628921068
 10
426723.4360808491
 20
1578743.1383609541
 10
426723.42976050236
 20
1578743.089656117
 10
426722.64936790767
 20
1578733.3414316475
 10
426722.6478593007
 20
1578733.2923416093
 10
426722.82819087204
 20
1578723.5145927144
 10
426722.83150857803
 20
1578723.465591687
 10
426723.97082229285
 20
1578713.7527724698
 10
426723.9789342627
 20
1578713.7043338078
 10
426726.06884844165
 20
1578704.1382594418
 10
426726.0746822244
 20
1578704.1143867336
 10
426726.3095915968
 20
1578703.2462246767
 10
426726.3320563171
 20
1578703.1410657128
 10
426726.34309958835
 20
1578703.034102553
 10
426726.5772596367
 20
1578698.2676652696
 10
426726.57906472945
 20
1578698.243194224
 10
426726.96141675586
 20
1578694.3611089517
 10
426726.96442041156
 20
1578694.3367559547
 10
426728.54475801304
 20
1578683.68298523
 10
426728.5489529954
 20
1578683.658808951
 10
426729.30997478927
 20
1578679.8328940321
 10
426729.3153509932
 20
1578679.8089527092
 10
426731.9323309763
 20
1578669.3613829787
 10
426731.9388754496
 20
1578669.337734291
 10
426733.0712379541
 20
1578665.6048353815
 10
426733.07893493026
 20
1578665.581536302
 10
426736.707354348
 20
1578655.4407833696
 10
426736.7161852853
 20
1578655.4178900255
 10
426738.2089832311
 20
1578651.8139569787
 10
426738.21892685175
 20
1578651.79152453
 10
426742.8238420429
 20
1578642.0552493867
 10
426742.8348743964
 20
1578642.0333318647
 10
426743.8549952803
 20
1578640.124819927
 10
426743.89332643617
 20
1578640.0447484807
 10
426743.9244053459
 20
1578639.9615931117
 10
426743.95480420126
 20
1578639.8677507818
 10
426743.97215790977
 20
1578639.8219640108
 10
426747.87014586315
 20
1578630.885193474
 10
426747.89189747197
 20
1578630.841324953
 10
426752.6458254324
 20
1578622.3289606129
 10
426752.6717660856
 20
1578622.287431561
 10
426758.23598753125
 20
1578614.281207896
 10
426758.26586815197
 20
1578614.2424170673
 10
426764.58695624437
 20
1578606.819208663
 10
426764.62048992014
 20
1578606.7835285251
 10
426771.6377504978
 20
1578600.0146119415
 10
426771.6746152416
 20
1578599.982385091
 10
426779.3206695951
 20
1578593.932754475
 10
426779.3605114429
 20
1578593.904290344
 10
426787.5619432747
 20
1578588.6320333653
 10
426787.6043796664
 20
1578588.607605266
 10
426795.0093201678
 20
1578584.8153430817
 10
426795.0675958159
 20
1578584.783003347
 10
426803.57172273623
 20
1578579.6858258299
 10
426803.5930725299
 20
1578579.6737313212
 10
426807.0333318682
 20
1578577.8348743946
 10
426807.0552493843
 20
1578577.823842044
 10
426816.79152452823
 20
1578573.2189268526
 10
426816.81395697815
 20
1578573.2089832313
 10
426820.4178900321
 20
1578571.7161852825
 10
426820.4407833645
 20
1578571.7073543495
 10
426830.58153630013
 20
1578568.078934931
 10
426830.60483538563
 20
1578568.0712379527
 10
426834.3377342901
 20
1578566.9388754498
 10
426834.36138297676
 20
1578566.932330977
 10
426844.80895271065
 20
1578564.3153509928
 10
426844.8328940327
 20
1578564.3099747892
 10
426848.6588089546
 20
1578563.5489529946
 10
426848.6829852283
 20
1578563.5447580132
 10
426859.3367559558
 20
1578561.9644204113
 10
426859.3611089468
 20
1578561.9614167563
 10
426863.24319423124
 20
1578561.5790647287
 10
426863.2676652639
 20
1578561.577259637
 10
426874.02503535117
 20
1578561.0487839328
 10
426874.0495654865
 20
1578561.0481817517
 10
426877.9504345135
 20
1578561.0481817517
 10
426877.97496464883
 20
1578561.0487839328
 10
426888.7323347361
 20
1578561.577259637
 10
426888.75680576876
 20
1578561.5790647287
 10
426892.6388910532
 20
1578561.9614167563
 10
426892.6632440442
 20
1578561.9644204113
 10
426903.3170147717
 20
1578563.5447580132
 10
426903.3411910454
 20
1578563.5489529946
 10
426907.1671059673
 20
1578564.3099747892
 10
426907.19104728935
 20
1578564.3153509928
 10
426917.63861702324
 20
1578566.932330977
 10
426917.6622657099
 20
1578566.9388754498
 10
426921.39516461437
 20
1578568.0712379527
 10
426921.41846369987
 20
1578568.078934931
 10
426931.5592166355
 20
1578571.7073543495
 10
426931.5821099679
 20
1578571.7161852825
 10
426935.18604302185
 20
1578573.2089832313
 10
426935.20847547177
 20
1578573.2189268526
 10
426944.9447506157
 20
1578577.823842044
 10
426944.9666681318
 20
1578577.8348743946
 10
426948.4069274724
 20
1578579.6737313224
 10
426948.4282772611
 20
1578579.6858258282
 10
426957.66630895855
 20
1578585.2228889405
 10
426957.6870395821
 20
1578585.2360164633
 10
426960.9304936291
 20
1578587.4032231707
 10
426960.9505551471
 20
1578587.4173520857
 10
426966.37575524993
 20
1578591.4409547055
 10
426966.4569296426
 20
1578591.495222605
 10
426966.54300966335
 20
1578591.541315088
 10
426966.6331746006
 20
1578591.578792695
 10
426966.72656479606
 20
1578591.607298104
 10
426966.8222898407
 20
1578591.6265595364
 10
426966.91943706456
 20
1578591.6363933478
 10
426967.0170802381
 20
1578591.6367057802
 10
426967.11428840325
 20
1578591.6274938544
 10
426967.21013474953
 20
1578591.6088454
 10
426967.3037054503
 20
1578591.580938216
 10
426967.3941083757
 20
1578591.5440383784
 10
426967.4804815983
 20
1578591.4984977003
 10
426967.562001611
 20
1578591.4447503795
 10
426967.6378911786
 20
1578591.3833088588
 10
426967.70742674824
 20
1578591.314758939
 10
426967.76994534774
 20
1578591.2397541946
 10
426972.4321948094
 20
1578585.0558341686
 10
426972.46351794805
 20
1578585.018264531
 10
426974.7358069335
 20
1578582.549293343
 10
426974.7955106489
 20
1578582.4780415765
 10
426974.84834008006
 20
1578582.4015536748
 10
426974.89383870945
 20
1578582.320490597
 10
426974.93161336763
 20
1578582.2355528371
 10
426974.96133763064
 20
1578582.1474743716
 10
426974.9827546407
 20
1578582.0570163175
 10
426974.99567932606
 20
1578581.9649603541
 10
426975.0
 20
1578581.8721019693
 10
426975.0
 20
1578500.0122724636
 10
426975.00060218124
 20
1578499.987742319
 10
426975.35994095576
 20
1578492.6732335272
 10
426975.36474753055
 20
1578492.6244315552
 10
426976.4375019387
 20
1578485.3925087694
 10
426976.4470687985
 20
1578485.3444129177
 10
426978.22350999125
 20
1578478.2524621375
 10
426978.2377450018
 20
1578478.2055355965
 10
426980.7007648801
 20
1578471.3218561816
 10
426980.7195309498
 20
1578471.2765508816
 10
426983.8454092858
 20
1578464.6674364288
 10
426983.86852568795
 20
1578464.6241886825
 10
426987.62715856277
 20
1578458.35328858
 10
426987.6544026751
 20
1578458.3125148844
 10
426992.0095924002
 20
1578452.4402213267
 10
426992.04070184566
 20
1578452.4023143577
 10
426996.95050556236
 20
1578446.985180742
 10
426996.98518074164
 20
1578446.9505055626
 10
427002.4023143572
 20
1578442.0407018461
 10
427002.4402213265
 20
1578442.0095924004
 10
427008.3125148857
 20
1578437.6544026742
 10
427008.3532885788
 20
1578437.6271585636
 10
427014.62418868294
 20
1578433.8685256876
 10
427014.6674364295
 20
1578433.8454092855
 10
427021.27655088063
 20
1578430.7195309503
 10
427021.321856182
 20
1578430.70076488
 10
427028.2055355976
 20
1578428.2377450014
 10
427028.2524621352
 20
1578428.223509992
 10
427035.34441291983
 20
1578426.447068798
 10
427035.392508769
 20
1578426.4375019388
 10
427042.62443155446
 20
1578425.3647475308
 10
427042.6732335268
 20
1578425.3599409559
 10
427049.9877423242
 20
1578425.000602181
 10
427050.0122724595
 20
1578425.0
 10
428294.0
 20
1578425.0
 10
428294.09801714035
 20
1578424.9951847268
 10
428294.195090322
 20
1578424.9807852805
 10
428294.29028467723
 20
1578424.9569403357
 10
428294.38268343237
 20
1578424.9238795326
 10
428294.4713967368
 20
1578424.8819212643
 10
428294.55557023303
 20
1578424.8314696122
 10
428294.63439328416
 20
1578424.7730104534
 10
428294.7071067812
 20
1578424.7071067812
 10
428294.7730104534
 20
1578424.634393284
 10
428294.8314696123
 20
1578424.555570233
 10
428294.88192126434
 20
1578424.4713967368
 10
428294.9238795325
 20
1578424.3826834324
 10
428294.95694033575
 20
1578424.2902846772
 10
428294.9807852804
 20
1578424.195090322
 10
428294.99518472666
 20
1578424.0980171403
 10
428295.0
 20
1578424.0
 10
428295.0
 20
1577256.0
 10
428294.99518472666
 20
1577255.9019828597
 10
428294.9807852804
 20
1577255.804909678
 10
428294.95694033575
 20
1577255.7097153228
 10
428294.9238795325
 20
1577255.6173165676
 10
428294.88192126434
 20
1577255.5286032632
 10
428294.8314696123
 20
1577255.444429767
 10
428294.7730104534
 20
1577255.365606716
 10
428294.7071067812
 20
1577255.2928932188
 10
428294.63439328416
 20
1577255.2269895466
 10
428294.55557023303
 20
1577255.1685303878
 10
428294.4713967368
 20
1577255.1180787357
 10
428294.38268343237
 20
1577255.0761204674
 10
428294.29028467723
 20
1577255.0430596643
 10
428294.195090322
 20
1577255.0192147195
 10
428294.09801714035
 20
1577255.0048152732
 10
428294.0
 20
1577255.0
 10
426671.0
 20
1577255.0
 10
426670.90198285965
 20
1577255.0048152732
 10
426670.804909678
 20
1577255.0192147195
 10
426670.70971532277
 20
1577255.0430596643
 10
426670.61731656763
 20
1577255.0761204674
 10
426670.5286032632
 20
1577255.1180787357
 10
426670.44442976697
 20
1577255.1685303878
 10
426670.36560671584
 20
1577255.2269895466
 10
426670.2928932188
 20
1577255.2928932188
 10
426670.2269895466
 20
1577255.365606716
 10
426670.1685303877
 20
1577255.444429767
 10
426670.11807873566
 20
1577255.5286032632
 10
426670.0761204675
 20
1577255.6173165676
 10
426670.04305966425
 20
1577255.7097153228
 10
426670.0192147196
 20
1577255.804909678
 10
426670.00481527334
 20
1577255.9019828597
 10
426670.0
 20
1577256.0
 10
426670.0
 20
1577259.0
 10
426670.00481527334
 20
1577259.0980171403
 10
426670.0192147196
 20
1577259.195090322
 10
426670.04305966425
 20
1577259.2902846772
 10
426670.0761204675
 20
1577259.3826834324
 10
426670.11807873566
 20
1577259.4713967368
 10
426670.1685303877
 20
1577259.555570233
 10
426670.2269895466
 20
1577259.634393284
 10
426670.2928932188
 20
1577259.7071067812
 10
426670.36560671584
 20
1577259.7730104534
 10
426670.44442976697
 20
1577259.8314696122
 10
426670.5286032632
 20
1577259.8819212643
 10
426670.61731656763
 20
1577259.9238795326
 10
426670.70971532277
 20
1577259.9569403357
 10
426670.804909678
 20
1577259.9807852805
 10
426670.90198285965
 20
1577259.9951847268
 10
426671.0
 20
1577260.0
 10
427009.98772754055
 20
1577260.0
 10
427010.0122576757
 20
1577260.000602181
 10
427013.8961665616
 20
1577260.1914063895
 10
427013.9449685341
 20
1577260.1962129644
 10
427017.7793299604
 20
1577260.764986753
 10
427017.8274258096
 20
1577260.774553612
 10
427021.5875741609
 20
1577261.7164217425
 10
427021.6345006985
 20
1577261.730656752
 10
427025.2842236852
 20
1577263.0365485179
 10
427025.3295289866
 20
1577263.0553145881
 10
427028.8336777816
 20
1577264.7126535377
 10
427028.8769255281
 20
1577264.7357699398
 10
427032.2017532655
 20
1577266.7285949942
 10
427032.24252695864
 20
1577266.7558391048
 10
427035.35601372784
 20
1577269.064958268
 10
427035.3939206971
 20
1577269.0960677138
 10
427038.26608191757
 20
1577271.699242905
 10
427038.3007570951
 20
1577271.7339180824
 10
427040.90393228806
 20
1577274.606079305
 10
427040.9350417311
 20
1577274.643986271
 10
427043.2441608943
 20
1577277.7574730401
 10
427043.27140500664
 20
1577277.7982467357
 10
427045.26423005987
 20
1577281.1230744715
 10
427045.287346462
 20
1577281.1663222178
 10
427046.94468541234
 20
1577284.6704710145
 10
427046.963451482
 20
1577284.7157763145
 10
427048.2693432476
 20
1577288.3654993002
 10
427048.2835782581
 20
1577288.4124258412
 10
427049.2254463874
 20
1577292.1725741883
 10
427049.2350132472
 20
1577292.22067004
 10
427049.803787036
 20
1577296.0550314665
 10
427049.8085936107
 20
1577296.1038334386
 10
427049.99939781876
 20
1577299.987742319
 10
427050.0
 20
1577300.0122724636
 10
427050.0
 20
1577759.9877275364
 10
427049.99939781876
 20
1577760.012257681
 10
427049.8085936107
 20
1577763.8961665614
 10
427049.803787036
 20
1577763.9449685335
 10
427049.2350132472
 20
1577767.77932996
 10
427049.2254463874
 20
1577767.8274258117
 10
427048.2835782581
 20
1577771.5875741588
 10
427048.2693432476
 20
1577771.6345006998
 10
427046.963451482
 20
1577775.2842236855
 10
427046.94468541234
 20
1577775.3295289855
 10
427045.287346462
 20
1577778.8336777822
 10
427045.26423005987
 20
1577778.8769255285
 10
427043.27140500664
 20
1577782.2017532643
 10
427043.2441608943
 20
1577782.2425269599
 10
427040.9350417311
 20
1577785.356013729
 10
427040.90393228806
 20
1577785.393920695
 10
427038.3007570951
 20
1577788.2660819176
 10
427038.26608191757
 20
1577788.300757095
 10
427035.3939206971
 20
1577790.9039322862
 10
427035.35601372784
 20
1577790.935041732
 10
427032.24252695864
 20
1577793.2441608952
 10
427032.2017532655
 20
1577793.2714050058
 10
427028.8769255281
 20
1577795.2642300602
 10
427028.8336777816
 20
1577795.2873464623
 10
427025.3295289866
 20
1577796.9446854119
 10
427025.2842236852
 20
1577796.9634514821
 10
427021.6345006985
 20
1577798.269343248
 10
427021.5875741609
 20
1577798.2835782575
 10
427017.8274258096
 20
1577799.225446388
 10
427017.7793299604
 20
1577799.235013247
 10
427013.9449685341
 20
1577799.8037870356
 10
427013.8961665616
 20
1577799.8085936105
 10
427010.0122576757
 20
1577799.999397819
 10
427009.98772754055
 20
1577800.0
 10
426946.46722605574
 20
1577800.0
 10
426946.3698511444
 20
1577800.0047522285
 10
426946.2734017287
 20
1577800.0189637467
 10
426946.17879450804
 20
1577800.042499482
 10
426946.0869286726
 20
1577800.0751357395
 10
426945.99867735733
 20
1577800.1165623297
 10
426945.914879343
 20
1577800.1663855154
 10
426945.83633108425
 20
1577800.2241317541
 10
426945.7637791397
 20
1577800.2892521992
 10
426945.6979130761
 20
1577800.3611279163
 10
426945.6393589147
 20
1577800.4390757657
 10
426945.58867318096
 20
1577800.5223548952
 10
426945.54633761523
 20
1577800.610173782
 10
426945.51275459415
 20
1577800.7016977556
 10
426945.48824330606
 20
1577800.79605693
 10
426945.47303671745
 20
1577800.8923544725
 10
426945.46727935865
 20
1577800.9896751274
 10
426945.47102595033
 20
1577801.0870939144
 10
426945.4842408831
 20
1577801.1836849214
 10
426945.50679855613
 20
1577801.2785301025
 10
426945.53848457115
 20
1577801.3707280066
 10
426945.5789977697
 20
1577801.459402342
 10
426945.62795309577
 20
1577801.5437103077
 10
426948.71013233915
 20
1577806.3013719895
 10
426948.73472719535
 20
1577806.343755851
 10
426953.21233795915
 20
1577815.0131739785
 10
426953.2326631759
 20
1577815.0577630398
 10
426956.8395990321
 20
1577824.1240645195
 10
426956.85545914544
 20
1577824.170429976
 10
426959.557033038
 20
1577833.5464263135
 10
426959.5682755253
 20
1577833.5941222797
 10
426961.33850705065
 20
1577843.1896467141
 10
426961.3450237954
 20
1577843.2382145086
 10
426962.16792232543
 20
1577852.9732128952
 10
426962.16938782705
 20
1577852.997689027
 10
426966.30113638606
 20
1577970.071402759
 10
426966.3013996763
 20
1577970.0959445816
 10
426966.1662428973
 20
1577979.873995862
 10
426966.16315872077
 20
1577979.9229482862
 10
426965.0713869021
 20
1577989.628440886
 10
426965.0635182946
 20
1577989.6768551108
 10
426963.0254809719
 20
1577999.2285542372
 10
426963.01290374855
 20
1577999.2759637856
 10
426960.0482374565
 20
1578008.5818386045
 10
426960.03107279894
 20
1578008.6277866869
 10
426956.16834216466
 20
1578017.5981748826
 10
426956.14675545273
 20
1578017.6422187926
 10
426951.42317797313
 20
1578026.1906904737
 10
426951.39737719664
 20
1578026.2324058434
 10
426945.8584646442
 20
1578034.276596298
 10
426945.8286983959
 20
1578034.315581197
 10
426939.5278183177
 20
1578041.777984468
 10
426939.49437339517
 20
1578041.8138632774
 10
426932.49223491136
 20
1578048.6225789434
 10
426932.45543355576
 20
1578048.6550059714
 10
426924.8195024294
 20
1578054.7444319022
 10
426924.77969922405
 20
1578054.7730947125
 10
426916.5835478186
 20
1578060.0845591556
 10
426916.54112626985
 20
1578060.1091815806
 10
426907.86372469
 20
1578064.5915084558
 10
426907.81909352966
 20
1578064.611853259
 10
426898.7440487328
 20
1578068.2218552462
 10
426898.6976379783
 20
1578068.2377264067
 10
426889.31238823186
 20
1578070.9406210543
 10
426889.26464505075
 20
1578070.9518656523
 10
426879.65961744
 20
1578072.721610512
 10
426879.61100184213
 20
1578072.7281202045
 10
426869.8665053153
 20
1578073.5486941012
 10
426869.8420054516
 20
1578073.5501526156
 10
426837.195177778
 20
1578074.6903804776
 10
426837.17064559885
 20
1578074.6906349417
 10
426827.3965177453
 20
1578074.5521520323
 10
426827.3475857154
 20
1578074.5490531104
 10
426817.6462757783
 20
1578073.454737454
 10
426817.59788298846
 20
1578073.4468580568
 10
426808.05051629746
 20
1578071.4070711646
 10
426808.003128649
 20
1578071.3944871514
 10
426798.70162137836
 20
1578068.4288668365
 10
426798.655695087
 20
1578068.411699358
 10
426797.26817496226
 20
1578067.8139081378
 10
426797.17095174576
 20
1578067.7778741103
 10
426797.0705199402
 20
1578067.752100919
 10
426796.9679592682
 20
1578067.7368656467
 10
426796.86437233957
 20
1578067.7323320848
 10
426796.7608727972
 20
1578067.7385489726
 10
426796.6585733445
 20
1578067.7554494736
 10
426796.5585737829
 20
1578067.782851894
 10
426796.46194918815
 20
1578067.8204616355
 10
426796.26440117264
 20
1578067.9094069146
 10
426796.21875755384
 20
1578067.9273195427
 10
426786.9661813234
 20
1578071.0438719406
 10
426786.9190018912
 20
1578071.0572249726
 10
426777.4055277351
 20
1578073.2519630676
 10
426777.3572667609
 20
1578073.2606279333
 10
426767.67449428875
 20
1578074.512419891
 10
426767.62561643333
 20
1578074.5163131643
 10
426757.85450621124
 20
1578074.8134793583
 10
426757.8299718278
 20
1578074.8136231904
 10
426726.9045732568
 20
1578074.235913942
 10
426726.8800559317
 20
1578074.2348535208
 10
426717.12470730767
 20
1578073.5727060253
 10
426717.07599830424
 20
1578073.5669876304
 10
426707.4446525323
 20
1578071.9537606393
 10
426707.396738689
 20
1578071.9432949421
 10
426697.9699220683
 20
1578069.3936967207
 10
426697.9232649282
 20
1578069.378584535
 10
426688.7917829272
 20
1578065.917174537
 10
426688.7468319181
 20
1578065.897561432
 10
426679.9986451452
 20
1578061.5576822981
 10
426679.95583327074
 20
1578061.533757203
 10
426671.67521017056
 20
1578056.3572135798
 10
426671.6349498233
 20
1578056.3292069575
 10
426663.90165495983
 20
1578050.3658628156
 10
426663.8643339515
 20
1578050.3340444432
 10
426656.75285964867
 20
1578043.6413427442
 10
426656.7188374781
 20
1578043.6060191153
 10
426650.29768626497
 20
1578036.2484284884
 10
426650.26729065995
 20
1578036.2099398668
 10
426644.5983154039
 20
1578028.2583335964
 10
426644.57183915394
 20
1578028.2170507286
 10
426639.7096472565
 20
1578019.7480240616
 10
426639.68734540115
 20
1578019.7043446158
 10
426635.67877278116
 20
1578010.799476941
 10
426635.660860145
 20
1578010.7538216636
 10
426632.5445200847
 20
1578001.4988906884
 10
426632.53116921516
 20
1578001.4516993633
 10
426630.33708040754
 20
1577991.9358548366
 10
426630.32841990946
 20
1577991.8875820441
 10
426629.0777173018
 20
1577982.2024870135
 10
426629.0738305984
 20
1577982.1535977481
 10
426628.7781905822
 20
1577972.3802736902
 10
426628.77805084933
 20
1577972.3557338445
 10
426630.11602301395
 20
1577901.3930273142
 10
426630.11708732735
 20
1577901.368515589
 10
426630.78067747224
 20
1577891.615431281
 10
426630.78640200925
 20
1577891.5667339049
 10
426632.400632065
 20
1577881.9377448868
 10
426632.4111016945
 20
1577881.8898429899
 10
426634.96126241743
 20
1577872.4654147092
 10
426634.9763763338
 20
1577872.4187695098
 10
426638.4379137109
 20
1577863.2896442984
 10
426638.4575263895
 20
1577863.2447049208
 10
426642.79711129324
 20
1577854.4987818105
 10
426642.8210338956
 20
1577854.455980948
 10
426647.9968829871
 20
1577846.1774693448
 10
426648.0248851775
 20
1577846.1372191
 10
426653.98716321803
 20
1577838.405827975
 10
426654.01897537865
 20
1577838.3685158954
 10
426660.71027506364
 20
1577831.2586863125
 10
426660.7455908927
 20
1577831.2246716556
 10
426668.10148559517
 20
1577824.8048600233
 10
426668.1399650541
 20
1577824.7744702983
 10
426676.08962914307
 20
1577819.1064892493
 10
426676.13090174115
 20
1577819.0800170563
 10
426684.5977925216
 20
1577814.2184402852
 10
426684.64146087196
 20
1577814.1961405084
 10
426687.3768187847
 20
1577812.964554846
 10
426687.4599123441
 20
1577812.9223808853
 10
426687.53871949186
 20
1577812.872655479
 10
426687.61255593103
 20
1577812.8158104017
 10
426687.6807805263
 20
1577812.7523392495
 10
426687.7428008711
 20
1577812.682793154
 10
426687.79807843146
 20
1577812.6077759964
 10
426687.8461332222
 20
1577812.527939165
 10
426687.88654797483
 20
1577812.4439758973
 10
426687.9189717606
 20
1577812.3566152614
 10
426688.19878221775
 20
1577811.479423088
 10
426688.215964032
 20
1577811.4334806066
 10
426692.08205886924
 20
1577802.4643769616
 10
426692.1036621721
 20
1577802.420340343
 10
426692.62152194045
 20
1577801.4839645156
 10
426692.6650144275
 20
1577801.3952348437
 10
426692.6995373921
 20
1577801.3026458812
 10
426692.7247537331
 20
1577801.2071017174
 10
426692.7404172241
 20
1577801.1095352983
 10
426692.7463749183
 20
1577801.010899316
 10
426692.7425686414
 20
1577800.912156907
 10
426692.72903556
 20
1577800.8142722463
 10
426692.70590781857
 20
1577800.718201134
 10
426692.67341124907
 20
1577800.6248816606
 10
426692.631863166
 20
1577800.5352250498
 10
426692.58166926773
 20
1577800.4501067575
 10
426692.52331967506
 20
1577800.370357926
 10
426692.4573841457
 20
1577800.2967572666
 10
426692.38450651034
 20
1577800.230023457
 10
426692.3053983865
 20
1577800.1708081225
 10
426692.2208322295
 20
1577800.1196894746
 10
426692.13163378974
 20
1577800.0771666637
 10
426692.0386740501
 20
1577800.043654906
 10
426691.9428607207
 20
1577800.019481429
 10
426691.84512937564
 20
1577800.0048822756
 10
426691.7464343176
 20
1577800.0
 10
426620.01227245945
 20
1577800.0
 10
426619.9877423243
 20
1577799.999397819
 10
426616.1038334384
 20
1577799.8085936105
 10
426616.0550314659
 20
1577799.8037870356
 10
426612.2206700396
 20
1577799.235013247
 10
426612.1725741904
 20
1577799.225446388
 10
426608.4124258391
 20
1577798.2835782575
 10
426608.3654993015
 20
1577798.269343248
 10
426604.7157763148
 20
1577796.9634514821
 10
426604.6704710134
 20
1577796.9446854119
 10
426601.1663222184
 20
1577795.2873464623
 10
426601.1230744719
 20
1577795.2642300602
 10
426597.7982467345
 20
1577793.2714050058
 10
426597.75747304136
 20
1577793.2441608952
 10
426594.64398627216
 20
1577790.935041732
 10
426594.6060793029
 20
1577790.9039322862
 10
426591.73391808243
 20
1577788.300757095
 10
426591.6992429049
 20
1577788.2660819176
 10
426589.09606771194
 20
1577785.393920695
 10
426589.0649582689
 20
1577785.356013729
 10
426586.7558391057
 20
1577782.2425269599
 10
426586.72859499336
 20
1577782.2017532643
 10
426584.73576994013
 20
1577778.8769255285
 10
426584.712653538
 20
1577778.8336777822
 10
426583.05531458766
 20
1577775.3295289855
 10
426583.036548518
 20
1577775.2842236855
 10
426581.7306567524
 20
1577771.6345006998
 10
426581.7164217419
 20
1577771.5875741588
 10
426580.7745536126
 20
1577767.8274258117
 10
426580.7649867528
 20
1577767.77932996
 10
426580.196212964
 20
1577763.9449685335
 10
426580.1914063893
 20
1577763.8961665614
 10
426580.00060218124
 20
1577760.012257681
 10
426580.0
 20
1577759.9877275364
 10
426580.0
 20
1577671.0
 10
426579.99518472666
 20
1577670.9019828597
 10
426579.9807852804
 20
1577670.804909678
 10
426579.95694033575
 20
1577670.7097153228
 10
426579.9238795325
 20
1577670.6173165676
 10
426579.88192126434
 20
1577670.5286032632
 10
426579.8314696123
 20
1577670.444429767
 10
426579.7730104534
 20
1577670.365606716
 10
426579.7071067812
 20
1577670.2928932188
 10
426579.63439328416
 20
1577670.2269895466
 10
426579.55557023303
 20
1577670.1685303878
 10
426579.4713967368
 20
1577670.1180787357
 10
426579.38268343237
 20
1577670.0761204674
 10
426579.29028467723
 20
1577670.0430596643
 10
426579.195090322
 20
1577670.0192147195
 10
426579.09801714035
 20
1577670.0048152732
 10
426579.0
 20
1577670.0
 10
426361.31689041166
 20
1577670.0
 10
426361.2199301582
 20
1577670.0047117455
 10
426361.1238836088
 20
1577670.0188025816
 10
426361.02965585736
 20
1577670.0421397227
 10
426360.93813485827
 20
1577670.0745032518
 10
426360.8501830588
 20
1577670.1155881917
 10
426360.766629272
 20
1577670.1650073784
 10
426360.6882608663
 20
1577670.2222951108
 10
426360.6158163457
 20
1577670.2869115386
 10
426360.54997839034
 20
1577670.358247749
 10
426360.4913674238
 20
1577670.4356315064
 10
426360.44053576596
 20
1577670.5183335855
 10
426360.3979624285
 20
1577670.6055746437
 10
426360.3640486009
 20
1577670.6965325656
 10
426360.3391138698
 20
1577670.7903502106
 10
426360.32339320745
 20
1577670.8861434883
 10
426360.31703475735
 20
1577670.983009692
 10
426360.3200984383
 20
1577671.0800360038
 10
426360.3325553798
 20
1577671.1763080969
 10
426360.35428819386
 20
1577671.270918752
 10
426360.38509208156
 20
1577671.362976407
 10
426360.4246767627
 20
1577671.4516135566
 10
426360.4726692114
 20
1577671.53599493
 10
426360.5286171713
 20
1577671.6153253599
 10
426360.5919934171
 20
1577671.6888572765
 10
426360.66220072354
 20
1577671.7558977525
 10
426360.7385774925
 20
1577671.8158150327
 10
426363.59263454744
 20
1577673.8389918571
 10
426363.6312536078
 20
1577673.8693258706
 10
426371.0149863091
 20
1577680.279989993
 10
426371.05044139974
 20
1577680.3139682347
 10
426377.769269955
 20
1577687.4184362597
 10
426377.8012186491
 20
1577687.4557305663
 10
426383.7902525518
 20
1577695.185387478
 10
426383.81838628976
 20
1577695.2256376627
 10
426389.0197833959
 20
1577703.5058303638
 10
426389.04383046075
 20
1577703.5486476887
 10
426393.407355631
 20
1577712.2994060034
 10
426393.42708377616
 20
1577712.3443769389
 10
426396.9105940461
 20
1577721.4811859678
 10
426396.9258127356
 20
1577721.5278761808
 10
426399.49566433096
 20
1577730.9624925382
 10
426399.5062265836
 20
1577731.0104510973
 10
426401.1375998547
 20
1577740.6517551735
 10
426401.14340366
 20
1577740.7005188938
 10
426401.8205427888
 20
1577750.4553948862
 10
426401.8215320935
 20
1577750.5044928074
 10
426401.53789726435
 20
1577760.2787280362
 10
426401.5340625138
 20
1577760.3276859703
 10
426400.2923930744
 20
1577770.0268807835
 10
426400.2837713045
 20
1577770.0752258946
 10
426398.0933088431
 20
1577779.6176874263
 10
426398.08722430177
 20
1577779.6414947002
 10
426385.5965059534
 20
1577823.9458386984
 10
426385.58928343526
 20
1577823.9692452382
 10
426382.48392968066
 20
1577833.2220313891
 10
426382.4660991457
 20
1577833.2676229917
 10
426378.4752813823
 20
1577842.1609675656
 10
426378.4530752827
 20
1577842.2045956692
 10
426373.6111966013
 20
1577850.664762039
 10
426373.5848280638
 20
1577850.706007915
 10
426367.93835894956
 20
1577858.6517986648
 10
426367.9080810453
 20
1577858.6902664579
 10
426361.51121412625
 20
1577866.0454209603
 10
426361.4773174565
 20
1577866.0807414632
 10
426354.39144739247
 20
1577872.7746677834
 10
426354.354257282
 20
1577872.8065020072
 10
426346.647391518
 20
1577878.7749544245
 10
426346.6072649025
 20
1577878.802996837
 10
426338.35337096296
 20
1577883.988692448
 10
426338.31069295976
 20
1577884.0126739102
 10
426329.5889885329
 20
1577888.3658424097
 10
426329.5441687551
 20
1577888.3855327538
 10
426320.43836138595
 20
1577891.864394115
 10
426320.39182999654
 20
1577891.8796043608
 10
426310.9893137137
 20
1577894.4507698123
 10
426310.94151729863
 20
1577894.4613539798
 10
426301.33253382903
 20
1577896.1001464673
 10
426301.28393111617
 20
1577896.1060029739
 10
426291.5607037668
 20
1577896.7966940012
 10
426291.5117612367
 20
1577896.797766637
 10
426281.7676097922
 20
1577896.5337272177
 10
426281.7187971663
 20
1577896.5300056885
 10
426272.0472422362
 20
1577895.313769972
 10
426271.999028
 20
1577895.305289995
 10
426262.4809420443
 20
1577893.145819402
 10
426262.4571935822
 20
1577893.1398159603
 10
426232.7094454721
 20
1577884.839360288
 10
426232.6147714972
 20
1577884.817836844
 10
426232.51845649845
 20
1577884.80559588
 10
426232.4214083816
 20
1577884.8027527845
 10
426232.32454196294
 20
1577884.8093343577
 10
426232.228770346
 20
1577884.8252785595
 10
426232.13499631424
 20
1577884.8504350926
 10
426232.0441038212
 20
1577884.884566821
 10
426231.95694965764
 20
1577884.9273520047
 10
426231.87435537536
 20
1577884.9783873328
 10
426231.79709954275
 20
1577885.0371917246
 10
426231.72591040574
 20
1577885.1032108655
 10
426231.6614590231
 20
1577885.175822431
 10
426231.6043529405
 20
1577885.2543419541
 10
426231.5551304641
 20
1577885.3380292768
 10
426231.51425558544
 20
1577885.4260955274
 10
426229.4980650826
 20
1577890.3875757921
 10
426229.4774347361
 20
1577890.4319731921
 10
426224.94141900993
 20
1577899.0604965494
 10
426224.9165432008
 20
1577899.102662105
 10
426219.5579592087
 20
1577907.2459066408
 10
426219.52907670307
 20
1577907.2854356335
 10
426213.3993587472
 20
1577914.8652385164
 10
426213.3667467766
 20
1577914.901751523
 10
426206.52473087906
 20
1577921.8453581082
 10
426206.48870246747
 20
1577921.8785046604
 10
426199.0000616346
 20
1577928.1192668257
 10
426198.9609626012
 20
1577928.1487287662
 10
426190.8975764564
 20
1577933.6267446347
 10
426190.85578209435
 20
1577933.6522391725
 10
426182.29504695185
 20
1577938.314928075
 10
426182.25095842185
 20
1577938.3362105023
 10
426173.2750443897
 20
1577942.1388176784
 10
426173.2290848815
 20
1577942.1556837137
 10
426163.9241471651
 20
1577945.0617098827
 10
426163.8767578032
 20
1577945.073997643
 10
426154.33210973634
 20
1577947.0555493482
 10
426154.28374540043
 20
1577947.063140886
 10
426144.5910011574
 20
1577948.1011982304
 10
426144.542126074
 20
1577948.104020678
 10
426134.7943213525
 20
1577948.1886198793
 10
426134.745404636
 20
1577948.1866461462
 10
426125.03610361565
 20
1577947.316975181
 10
426124.9876148043
 20
1577947.3102242122
 10
426115.4100120875
 20
1577945.4946306061
 10
426115.3624165952
 20
1577945.4831672
 10
426105.9966826035
 20
1577942.7356279583
 10
426105.97335256316
 20
1577942.7281583706
 10
426093.7526920343
 20
1577938.482651934
 10
426093.7296800411
 20
1577938.474017864
 10
426084.64814606536
 20
1577934.809518558
 10
426084.60355337284
 20
1577934.7889215772
 10
426075.9365722607
 20
1577930.2562002926
 10
426075.89421722444
 20
1577930.2313247134
 10
426067.7141317416
 20
1577924.869578221
 10
426067.6744236239
 20
1577924.8406644082
 10
426060.060275123
 20
1577918.70170142
 10
426060.02359760646
 20
1577918.669028756
 10
426053.0489589829
 20
1577911.8121679572
 10
426053.01566646795
 20
1577911.7760521446
 10
426046.74793125404
 20
1577904.267549022
 10
426046.718345434
 20
1577904.2283390337
 10
426041.21807659214
 20
1577896.1407456626
 10
426041.1924833502
 20
1577896.0988203783
 10
426036.51282808377
 20
1577887.510284387
 10
426036.491474715
 20
1577887.466048911
 10
426032.67765092046
 20
1577878.4595583642
 10
426032.6607437575
 20
1577878.413440134
 10
426029.74960310094
 20
1577869.076021647
 10
426029.7373055098
 20
1577869.028466282
 10
426027.75697734085
 20
1577859.4503441146
 10
426027.7494081495
 20
1577859.4018111278
 10
426026.7190276969
 20
1577849.675535375
 10
426026.7162600437
 20
1577849.626493722
 10
426026.64578351873
 20
1577839.8460460354
 10
426026.64784414676
 20
1577839.7969695914
 10
426027.5379525398
 20
1577830.056855068
 10
426027.54482153803
 20
1577830.0082180398
 10
426029.38691403816
 20
1577820.4025520503
 10
426029.3985250336
 20
1577820.3548244024
 10
426032.17829256813
 20
1577810.9646323351
 10
426032.1858464447
 20
1577810.9412435014
 10
426036.3394759753
 20
1577799.085288696
 10
426036.3481394724
 20
1577799.0623751646
 10
426040.0226601973
 20
1577790.0200370424
 10
426040.04329053604
 20
1577789.9756396287
 10
426044.5793049435
 20
1577781.3471134847
 10
426044.60418074793
 20
1577781.3049479134
 10
426049.96276385314
 20
1577773.161700574
 10
426049.9916463543
 20
1577773.1221715685
 10
426056.1213638431
 20
1577765.5423659235
 10
426056.15397581196
 20
1577765.5058529037
 10
426062.99599164544
 20
1577758.5622436502
 10
426063.0320200555
 20
1577758.5290970867
 10
426070.52066120517
 20
1577752.2883323971
 10
426070.5597602367
 20
1577752.2588704478
 10
426078.6231470429
 20
1577746.7808522505
 10
426078.6649414106
 20
1577746.7553577009
 10
426087.2256775211
 20
1577742.0926667077
 10
426087.2697660604
 20
1577742.0713842688
 10
426096.2456813301
 20
1577738.268775275
 10
426096.29164085275
 20
1577738.2519092285
 10
426100.89223103184
 20
1577736.8150978577
 10
426100.98537699244
 20
1577736.7808482382
 10
426101.07466939266
 20
1577736.7375345721
 10
426101.15922877326
 20
1577736.6855834646
 10
426101.23822229146
 20
1577736.6255065931
 10
426101.3108719238
 20
1577736.557895667
 10
426101.376462129
 20
1577736.4834166
 10
426101.4343468956
 20
1577736.4028029523
 10
426101.48395610467
 20
1577736.316848704
 10
426101.5248011448
 20
1577736.2264004364
 10
426101.55647972476
 20
1577736.132348993
 10
426111.9969013179
 20
1577699.1637296043
 10
426112.00413432607
 20
1577699.140326255
 10
426115.1136353451
 20
1577689.8889146196
 10
426115.13148632366
 20
1577689.8433309225
 10
426119.1262934991
 20
1577680.9517585472
 10
426119.14851917786
 20
1577680.9081403168
 10
426123.99419619865
 20
1577672.4501288563
 10
426124.02058326395
 20
1577672.4088947237
 10
426129.6706230263
 20
1577664.4656211964
 10
426129.7009182237
 20
1577664.4271669134
 10
426136.1010936339
 20
1577657.0748680637
 10
426136.1350062025
 20
1577657.0395626992
 10
426143.2238906267
 20
1577650.3488033076
 10
426143.26109508355
 20
1577650.3169857122
 10
426150.9706519045
 20
1577644.3519813311
 10
426151.0107911769
 20
1577644.3239568768
 10
426151.7037950579
 20
1577643.8889952505
 10
426151.7830938445
 20
1577643.833706973
 10
426151.85668363236
 20
1577643.7710201775
 10
426151.9238767183
 20
1577643.7015206784
 10
426151.9840451768
 20
1577643.6258579544
 10
426152.0366267282
 20
1577643.5447390808
 10
426152.081129993
 20
1577643.458922121
 10
426152.11713908415
 20
1577643.3692090418
 10
426152.1443174935
 20
1577643.2764382209
 10
426152.1624112362
 20
1577643.1814766093
 10
426152.17125122464
 20
1577643.0852116323
 10
426152.1707548484
 20
1577642.9885428948
 10
426152.16092674603
 20
1577642.8923737751
 10
426152.1418587621
 20
1577642.7976029823
 10
426152.1137290887
 20
1577642.705116158
 10
426151.7306567524
 20
1577641.6345006998
 10
426151.7164217419
 20
1577641.5875741588
 10
426150.7745536126
 20
1577637.8274258117
 10
426150.7649867528
 20
1577637.77932996
 10
426150.196212964
 20
1577633.9449685335
 10
426150.1914063893
 20
1577633.8961665614
 10
426150.00060218124
 20
1577630.012257681
 10
426150.0
 20
1577629.9877275364
 10
426150.0
 20
1577256.0
 10
426149.99518472666
 20
1577255.9019828597
 10
426149.9807852804
 20
1577255.804909678
 10
426149.95694033575
 20
1577255.7097153228
 10
426149.9238795325
 20
1577255.6173165676
 10
426149.88192126434
 20
1577255.5286032632
 10
426149.8314696123
 20
1577255.444429767
 10
426149.7730104534
 20
1577255.365606716
 10
426149.7071067812
 20
1577255.2928932188
 10
426149.63439328416
 20
1577255.2269895466
 10
426149.55557023303
 20
1577255.1685303878
 10
426149.4713967368
 20
1577255.1180787357
 10
426149.38268343237
 20
1577255.0761204674
 10
426149.29028467723
 20
1577255.0430596643
 10
426149.195090322
 20
1577255.0192147195
 10
426149.09801714035
 20
1577255.0048152732
 10
426149.0
 20
1577255.0
 10
425806.0
 20
1577255.0
 10
425805.90198285965
 20
1577255.0048152732
 10
425805.804909678
 20
1577255.0192147195
 10
425805.70971532277
 20
1577255.0430596643
 10
425805.61731656763
 20
1577255.0761204674
 10
425805.5286032632
 20
1577255.1180787357
 10
425805.44442976697
 20
1577255.1685303878
 10
425805.36560671584
 20
1577255.2269895466
 10
425805.2928932188
 20
1577255.2928932188
 10
425805.2269895466
 20
1577255.365606716
 10
425805.1685303877
 20
1577255.444429767
 10
425805.11807873566
 20
1577255.5286032632
 10
425805.0761204675
 20
1577255.6173165676
 10
425805.04305966425
 20
1577255.7097153228
 10
425805.0192147196
 20
1577255.804909678
 10
425805.00481527334
 20
1577255.9019828597
 10
425805.0
 20
1577256.0
 10
425805.0
 20
1578375.1964033793
 10
425805.0050862738
 20
1578375.2971340972
  0
LWPOLYLINE
  5
93
330
17
100
AcDbEntity
  8
L-GOLF-FREE
100
AcDbPolyline
 90
558
 70
1
 10
425805.0055272111
 20
1579653.5776343753
 10
425805.0220477445
 20
1579653.6814683499
 10
425805.04937897495
 20
1579653.7829938447
 10
425805.08721877175
 20
1579653.8810885546
 10
425805.13514883764
 20
1579653.9746680986
 10
425806.8304639536
 20
1579656.895210814
 10
425806.8530081549
 20
1579656.9388580776
 10
425810.9093683603
 20
1579665.8400456512
 10
425810.9275178132
 20
1579665.885695647
 10
425814.0902518904
 20
1579675.1421696788
 10
425814.1038311802
 20
1579675.1893811997
 10
425816.3423713473
 20
1579684.7116779939
 10
425816.3512492301
 20
1579684.75999474
 10
425817.6439600279
 20
1579694.456081432
 10
425817.6480506992
 20
1579694.505036423
 10
425817.98243809526
 20
1579704.281200466
 10
425817.9817020188
 20
1579704.330320554
 10
425817.35453416366
 20
1579714.0920754585
 10
425817.3489784538
 20
1579714.1408858951
 10
425815.76631691604
 20
1579723.793884434
 10
425815.75599526794
 20
1579723.841913472
 10
425813.2331364497
 20
1579733.292859547
 10
425813.2181486232
 20
1579733.339642981
 10
425810.28415382816
 20
1579741.1531824996
 10
425810.25415604166
 20
1579741.24682095
 10
425809.58810054295
 20
1579743.74210354
 10
425809.56776328734
 20
1579743.8362978823
 10
425809.5565869375
 20
1579743.9320123915
 10
425809.55467527907
 20
1579744.0283582457
 10
425809.562046064
 20
1579744.1244407601
 10
425809.5786308459
 20
1579744.2193676955
 10
425809.6042756155
 20
1579744.3122575434
 10
425809.63874223095
 20
1579744.4022477122
 10
425809.6817106291
 20
1579744.4885025374
 10
425809.73278179776
 20
1579744.5702210406
 10
425809.79148148093
 20
1579744.64664437
 10
425809.857264583
 20
1579744.7170628444
 10
425809.9295202302
 20
1579744.7808225458
 10
425810.0075774439
 20
1579744.8373313898
 10
425810.0907113708
 20
1579744.8860646253
 10
425810.1781500145
 20
1579744.9265697072
 10
425810.2690814042
 20
1579744.9584704977
 10
425810.36266113474
 20
1579744.9814707604
 10
425810.45802020817
 20
1579744.9953569109
 10
425810.55427310313
 20
1579745.0
 10
426549.7731925015
 20
1579745.0
 10
426549.8699344254
 20
1579744.9953094998
 10
426549.9657688133
 20
1579744.9812820004
 10
426550.0597966426
 20
1579744.9580490938
 10
426550.15113583836
 20
1579744.9258287284
 10
426550.2389295474
 20
1579744.8849231629
 10
426550.32235417695
 20
1579744.8357161325
 10
426550.40062712046
 20
1579744.7786692488
 10
426550.47301409935
 20
1579744.7143176682
 10
426550.5388360515
 20
1579744.6432650732
 10
426550.5974755009
 20
1579744.5661780082
 10
426550.64838235104
 20
1579744.483779627
 10
426550.6910790446
 20
1579744.3968429086
 10
426550.72516504396
 20
1579744.3061834066
 10
426550.75032058824
 20
1579744.212651598
 10
426550.76630969334
 20
1579744.1171249046
 10
426550.77298236545
 20
1579744.0204994623
 10
426550.77027600823
 20
1579743.9236817146
 10
426550.75821600994
 20
1579743.8275799088
 10
426550.73691550555
 20
1579743.733095576
 10
426550.706574315
 20
1579743.6411150738
 10
426550.6674770691
 20
1579743.5525012712
 10
426550.6199905391
 20
1579743.4680854545
 10
426550.56456019613
 20
1579743.3886595287
 10
426550.5017060324
 20
1579743.314968588
 10
426550.43201768264
 20
1579743.2477039276
 10
426550.35614889354
 20
1579743.187496557
 10
426550.27481139015
 20
1579743.1349112818
 10
426550.18876819964
 20
1579743.0904414041
 10
426543.16483881435
 20
1579739.8812206113
 10
426543.12124758353
 20
1579739.858653185
 10
426534.67256188544
 20
1579734.9441365604
 10
426534.63139514386
 20
1579734.9174011147
 10
426526.7056543362
 20
1579729.1976636846
 10
426526.66730933153
 20
1579729.1670182087
 10
426519.34099355305
 20
1579722.6972530873
 10
426519.3058402969
 20
1579722.6629932958
 10
426512.649645484
 20
1579715.5056310573
 10
426512.6180231913
 20
1579715.468087543
 10
426506.69617888774
 20
1579707.6921937915
 10
426506.6683927028
 20
1579707.6517288368
 10
426501.53804227035
 20
1579699.3323377483
 10
426501.5143603179
 20
1579699.289341823
 10
426497.2250095313
 20
1579690.5067321043
 10
426497.2056603304
 20
1579690.4616200977
 10
426493.7986996627
 20
1579681.3005403252
 10
426493.78386992624
 20
1579681.2537475517
 10
426491.29217514605
 20
1579671.8025983765
 10
426491.28200797533
 20
1579671.7545763678
 10
426489.72962291347
 20
1579662.1045574949
 10
426489.72421641723
 20
1579662.0557696442
 10
426489.1261209517
 20
1579652.2999997907
 10
426489.12552730035
 20
1579652.2509168785
 10
426489.48749280645
 20
1579642.4835352143
 10
426489.49171772855
 20
1579642.4346308706
 10
426490.81190909253
 20
1579632.7377126312
 10
426490.8158193584
 20
1579632.7134641015
 10
426502.2757444689
 20
1579571.2892187887
 10
426502.28082978114
 20
1579571.265238785
 10
426504.5406578093
 20
1579561.7632124447
 10
426504.5543153305
 20
1579561.716164982
 10
426507.72973429307
 20
1579552.4926826884
 10
426507.7479330915
 20
1579552.4471986762
 10
426511.81125993
 20
1579543.5789809169
 10
426511.833825086
 20
1579543.5354975287
 10
426516.7460050405
 20
1579535.1077813855
 10
426516.7727196683
 20
1579535.066716562
 10
426522.48653920257
 20
1579527.160505232
 10
426522.5171465379
 20
1579527.1222536631
 10
426528.9776871409
 20
1579519.8135378822
 10
426529.01189299737
 20
1579519.7784672284
 10
426536.1570590293
 20
1579513.1374948919
 10
426536.1945346407
 20
1579513.1059422314
 10
426543.95565016987
 20
1579507.1965432013
 10
426543.99603533547
 20
1579507.1688118067
 10
426552.29850421916
 20
1579502.0477844086
 10
426552.34141077416
 20
1579502.0241408218
 10
426561.1054336399
 20
1579497.7407059304
 10
426561.15044918406
 20
1579497.7213774032
 10
426570.2917904132
 20
1579494.3167053573
 10
426570.3384822901
 20
1579494.3018776616
 10
426579.76927966665
 20
1579491.8086925459
 10
426579.8171990843
 20
1579491.7985082022
 10
426589.4468082841
 20
1579490.240773323
 10
426589.495494663
 20
1579490.235330218
 10
426599.2313604673
 20
1579489.6280177815
 10
426599.2803458624
 20
1579489.6273682304
 10
426609.02889176406
 20
1579489.9763154357
 10
426609.07770535507
 20
1579489.980465682
 10
426618.75738727476
 20
1579491.2839553424
 10
426618.7815937549
 20
1579491.2878214617
 10
426713.95993475907
 20
1579508.8922982384
 10
426714.05670698296
 20
1579508.905349064
 10
426714.1542907071
 20
1579508.9088992963
 10
426714.25175545237
 20
1579508.902915084
 10
426714.3481718741
 20
1579508.8874534871
 10
426714.44262062374
 20
1579508.862661935
 10
426714.5342011148
 20
1579508.8287768199
 10
426714.62204010994
 20
1579508.7861212422
 10
426714.7053000481
 20
1579508.7351019315
 10
426714.78318703006
 20
1579508.6762053662
 10
426714.85495838884
 20
1579508.609993136
 10
426714.91992977116
 20
1579508.5370965872
 10
426714.9774816627
 20
1579508.4582108017
 10
426715.0270652953
 20
1579508.3740879705
 10
426719.4939889201
 20
1579499.872124676
 10
426719.5188696775
 20
1579499.8299306096
 10
426724.87894033885
 20
1579491.6812047963
 10
426724.90783270146
 20
1579491.64164949
 10
426731.03997841605
 20
1579484.0568700698
 10
426731.0726047561
 20
1579484.0203336112
 10
426734.41881918296
 20
1579480.6239385374
 10
426734.48249941395
 20
1579480.55280995
 10
426734.53910656186
 20
1579480.4759329145
 10
426734.5881246838
 20
1579480.3940081229
 10
426734.6291070067
 20
1579480.3077822742
 10
426734.6616799993
 20
1579480.2180412693
 10
426734.68554677675
 20
1579480.1256030484
 10
426734.7004898065
 20
1579480.0313101343
 10
426734.70637289115
 20
1579479.9360219552
 10
426734.7031424096
 20
1579479.84060701
 10
426734.69082780596
 20
1579479.7459349534
 10
426734.66954132094
 20
1579479.6528686688
 10
426734.6394769692
 20
1579479.562256404
 10
426732.59587068955
 20
1579474.2637681554
 10
426732.5804781654
 20
1579474.2171609055
 10
426729.97501162597
 20
1579464.797413854
 10
426729.9642658679
 20
1579464.749521327
 10
426728.2955141681
 20
1579455.11960138
 10
426728.28951885435
 20
1579455.070885657
 10
426727.5735826262
 20
1579445.3237052583
 10
426727.5723956013
 20
1579445.2746363636
 10
426727.7215093539
 20
1579439.2985110604
 10
426727.7192239471
 20
1579439.2015508444
 10
426727.70755645813
 20
1579439.105268051
 10
426727.6866166374
 20
1579439.010568365
 10
426727.6566014554
 20
1579438.9183425799
 10
426727.61779325025
 20
1579438.829458218
 10
426727.5705570715
 20
1579438.7447513705
 10
426727.5153372465
 20
1579438.665018833
 10
426727.45265320106
 20
1579438.5910106103
 10
426727.3830945729
 20
1579438.523422861
 10
426727.30731566594
 20
1579438.4628913498
 10
426727.2260292947
 20
1579438.4099854669
 10
426727.1400000802
 20
1579438.3652028716
 10
426727.0500372567
 20
1579438.3289648117
 10
426726.9569870601
 20
1579438.301612161
 10
426726.86172476766
 20
1579438.2834022122
 10
426726.7651464648
 20
1579438.2745062571
 10
426726.66816061595
 20
1579438.2750079762
 10
426726.5716795192
 20
1579438.2849026495
 10
426726.4766107245
 20
1579438.3040972026
 10
426726.38384849724
 20
1579438.3324110822
 10
426726.2942654058
 20
1579438.3695779536
 10
426707.7841560029
 20
1579447.124207699
 10
426707.761723553
 20
1579447.1341513202
 10
426704.1577904993
 20
1579448.6269492689
 10
426704.1348971668
 20
1579448.6357802018
 10
426681.0583185157
 20
1579456.8927120713
 10
426681.0350194302
 20
1579456.9004090496
 10
426677.30212052586
 20
1579458.0327715524
 10
426677.2784718392
 20
1579458.0393160253
 10
426653.50369237195
 20
1579463.9945882636
 10
426653.4797510499
 20
1579463.9999644672
 10
426649.6538361352
 20
1579464.7609862604
 10
426649.6296598451
 20
1579464.7651812446
 10
426625.38564369135
 20
1579468.3614413226
 10
426625.3612906975
 20
1579468.364444978
 10
426621.47920541465
 20
1579468.7467970054
 10
426621.4547343825
 20
1579468.7486020972
 10
426596.9749646489
 20
1579469.9512160672
 10
426596.95043451356
 20
1579469.9518182483
 10
426593.04956548644
 20
1579469.9518182483
 10
426593.0250353511
 20
1579469.9512160672
 10
426568.5452656175
 20
1579468.7486020972
 10
426568.52079458535
 20
1579468.7467970054
 10
426564.6387093025
 20
1579468.364444978
 10
426564.61435630865
 20
1579468.3614413226
 10
426540.3703401549
 20
1579464.7651812446
 10
426540.3461638648
 20
1579464.7609862604
 10
426536.5202489501
 20
1579463.9999644672
 10
426536.49630762805
 20
1579463.9945882636
 10
426512.7215281608
 20
1579458.0393160253
 10
426512.69787947414
 20
1579458.0327715524
 10
426508.9649805698
 20
1579456.9004090496
 10
426508.9416814843
 20
1579456.8927120713
 10
426485.8651028332
 20
1579448.6357802018
 10
426485.8422095007
 20
1579448.6269492689
 10
426482.238276447
 20
1579447.1341513202
 10
426482.2158439971
 20
1579447.124207699
 10
426460.0597062283
 20
1579436.6451349647
 10
426460.03778871323
 20
1579436.6341026146
 10
426456.5975293686
 20
1579434.7952456842
 10
426456.5761795863
 20
1579434.783151182
 10
426435.5538584172
 20
1579422.1828567807
 10
426435.5331278006
 20
1579422.1697292626
 10
426432.289673744
 20
1579420.002522549
 10
426432.2696122322
 20
1579419.9883936383
 10
426412.5835641105
 20
1579405.388225295
 10
426412.5642200408
 20
1579405.3731290349
 10
426409.5488075044
 20
1579402.8984439205
 10
426409.53022747114
 20
1579402.8824166737
 10
426391.3700398025
 20
1579386.4229819912
 10
426391.3522685704
 20
1579386.4060623718
 10
426388.5939376291
 20
1579383.6477314304
 10
426388.5770180073
 20
1579383.6299601959
 10
426383.6568407805
 20
1579378.2013811755
 10
426383.58744861005
 20
1579378.131989005
 10
426383.5115889597
 20
1579378.0697325987
 10
426383.4299923994
 20
1579378.0152115203
 10
426383.3434447486
 20
1579377.9689508372
 10
426383.2527795086
 20
1579377.931396065
 10
426383.1588698351
 20
1579377.902908877
 10
426383.0626201296
 20
1579377.8837636204
 10
426382.9649573295
 20
1579377.874144674
 10
426382.86682198086
 20
1579377.874144674
 10
426382.7691591807
 20
1579377.8837636204
 10
426382.6729094752
 20
1579377.902908877
 10
426382.5789998017
 20
1579377.931396065
 10
426381.63450069894
 20
1579378.2693432479
 10
426381.58757415984
 20
1579378.2835782578
 10
426377.8274258096
 20
1579379.225446388
 10
426377.7793299604
 20
1579379.235013247
 10
426373.9449685341
 20
1579379.8037870356
 10
426373.8961665616
 20
1579379.8085936105
 10
426370.0122576757
 20
1579379.999397819
 10
426369.98772754055
 20
1579380.0
 10
426291.0
 20
1579380.0
 10
426290.90198285965
 20
1579380.0048152732
 10
426290.804909678
 20
1579380.0192147195
 10
426290.70971532277
 20
1579380.0430596643
 10
426290.61731656763
 20
1579380.0761204674
 10
426290.5286032632
 20
1579380.1180787357
 10
426290.44442976697
 20
1579380.1685303878
 10
426290.36560671584
 20
1579380.2269895466
 10
426290.2928932188
 20
1579380.2928932188
 10
426290.2269895466
 20
1579380.365606716
 10
426290.1685303877
 20
1579380.444429767
 10
426290.11807873566
 20
1579380.5286032632
 10
426290.0761204675
 20
1579380.6173165676
 10
426290.04305966425
 20
1579380.7097153228
 10
426290.0192147196
 20
1579380.804909678
 10
426290.00481527334
 20
1579380.9019828597
 10
426290.0
 20
1579381.0
 10
426290.0
 20
1579384.2715179864
 10
426290.0047671664
 20
1579384.3690454538
 10
426290.0190232138
 20
1579384.465643062
 10
426290.0426322204
 20
1579384.560389817
 10
426290.0753690899
 20
1579384.652382372
 10
426290.11692169827
 20
1579384.740743639
 10
426290.166893869
 20
1579384.8246311524
 10
426290.22480915085
 20
1579384.903245101
 10
426290.2901153602
 20
1579384.9758359531
 10
426290.36218984594
 20
1579385.0417116033
 10
426290.440345426
 20
1579385.1002439712
 10
426290.52383693896
 20
1579385.1508749898
 10
426290.61186834896
 20
1579385.193121926
 10
426290.70360033534
 20
1579385.2265819837
 10
426290.79815829475
 20
1579385.2509361433
 10
426290.89464068017
 20
1579385.2659522044
 10
426290.9921275964
 20
1579385.2714869985
 10
426291.0896895707
 20
1579385.2674877555
 10
426291.1863964148
 20
1579385.2539926053
 10
426295.8674609675
 20
1579384.3658947006
 10
426295.91590198607
 20
1579384.3591406855
 10
426305.6156751977
 20
1579383.4879422833
 10
426305.6645444527
 20
1579383.4859562428
 10
426315.40302425076
 20
1579383.567186451
 10
426315.45185357373
 20
1579383.569987411
 10
426325.1357445649
 20
1579384.602868039
 10
426325.18406617234
 20
1579384.6104291657
 10
426334.7205959336
 20
1579386.5850651367
 10
426334.7679468982
 20
1579386.597313994
 10
426344.0657547403
 20
1579389.4947881438
 10
426344.1116814364
 20
1579389.5116073869
 10
426353.08169363893
 20
1579393.3041616878
 10
426353.12575609016
 20
1579393.3253901892
 10
426361.6820392477
 20
1579397.9766916793
 10
426361.7238153245
 20
1579398.0021260646
 10
426369.78439958557
 20
1579403.467614918
 10
426369.8234890766
 20
1579403.4970115284
 10
426377.31115341955
 20
1579409.7243279375
 10
426377.34718183987
 20
1579409.7574051481
 10
426384.1901938672
 20
1579416.6868909453
 10
426384.2228160609
 20
1579416.7233318726
 10
426390.3556191873
 20
1579424.2886020471
 10
426390.38452263386
 20
1579424.3280575871
 10
426395.7551076994
 20
1579432.466855737
 10
426395.7680827278
 20
1579432.4876062241
 10
426413.50875665783
 20
1579462.4679067403
 10
426413.52077042655
 20
1579462.4893997207
 10
426418.0951776287
 20
1579471.1683196118
 10
426418.11595063517
 20
1579471.2129281396
 10
426421.8099048736
 20
1579480.2882790384
 10
426421.82618961687
 20
1579480.3347144334
 10
426424.6096125935
 20
1579489.7293857087
 10
426424.62125115073
 20
1579489.77719766
 10
426426.4671505648
 20
1579499.4000842967
 10
426426.47403007094
 20
1579499.4488091464
 10
426427.36450527445
 20
1579509.2065930024
 10
426427.3665590157
 20
1579509.2557582427
 10
426427.2929746073
 20
1579519.0538130081
 10
426427.2901826673
 20
1579519.1029418565
 10
426426.2532522332
 20
1579528.846250696
 10
426426.24564168695
 20
1579528.894866724
 10
426424.2554208814
 20
1579538.4889436995
 10
426424.243065532
 20
1579538.5365754538
 10
426421.3188545621
 20
1579547.8883818064
 10
426421.301874226
 20
1579547.9345673767
 10
426417.47203068755
 20
1579556.9534137736
 10
426417.4505900327
 20
1579556.9977052722
 10
426412.7522539104
 20
1579565.5961312675
 10
426412.72656085854
 20
1579565.6380991766
 10
426407.2052943647
 20
1579573.7327213555
 10
426407.1755980727
 20
1579573.7719586939
 10
426400.88494380383
 20
1579581.2842792897
 10
426400.85153225035
 20
1579581.3204055536
 10
426393.85249395587
 20
1579588.1775736834
 10
426393.81569115183
 20
1579588.2102385354
 10
426386.1761421456
 20
1579594.3457566744
 10
426386.13630499213
 20
1579594.3746433423
 10
426377.92001308786
 20
1579599.7357438966
 10
426377.89906677563
 20
1579599.748687253
 10
426347.1151788705
 20
1579617.7388030526
 10
426347.0937681469
 20
1579617.7506226148
 10
426338.45024586
 20
1579622.249929505
 10
426338.4058396391
 20
1579622.2703499633
 10
426329.37546004826
 20
1579625.8991481266
 10
426329.32927127834
 20
1579625.9151326641
 10
426319.98757554963
 20
1579628.644354634
 10
426319.9400461284
 20
1579628.655750323
 10
426310.3764070275
 20
1579630.45928541
 10
426310.32799166767
 20
1579630.4659832285
 10
426300.63390531624
 20
1579631.326576864
 10
426300.5850672104
 20
1579631.328512733
 10
426290.8532777205
 20
1579631.2379315486
 10
426290.80448411475
 20
1579631.235086947
 10
426281.12809631287
 20
1579630.1941975397
 10
426281.07981401274
 20
1579630.186599682
 10
426271.5514026939
 20
1579628.2053603262
 10
426271.5040936276
 20
1579628.1930819035
 10
426262.2148178777
 20
1579625.290447276
 10
426262.1689346493
 20
1579625.2736057558
 10
426253.20766573463
 20
1579621.4773456017
 10
426253.1636473133
 20
1579621.4561021081
 10
426244.6161184266
 20
1579616.8025355586
 10
426244.57438593946
 20
1579616.77709333
 10
426236.52237198775
 20
1579611.3107414364
 10
426236.4833246918
 20
1579611.2813438792
 10
426229.0038599524
 20
1579605.0545036786
 10
426228.9678714175
 20
1579605.0214320424
 10
426222.132512542
 20
1579598.0936762253
 10
426222.0999270732
 20
1579598.0572469088
 10
426215.97406849463
 20
1579590.4948538768
 10
426215.9451978442
 20
1579590.4554154077
 10
426210.5807102524
 20
1579582.32052064
 10
426210.56774994073
 20
1579582.2997805402
 10
426192.85932792275
 20
1579552.3556476915
 10
426192.84733157244
 20
1579552.3341736023
 10
426188.2794592919
 20
1579543.6630618542
 10
426188.2587148386
 20
1579543.6184950361
 10
426184.5695816163
 20
1579534.5519155976
 10
426184.55331654643
 20
1579534.5055261503
 10
426181.77288958314
 20
1579525.1203360846
 10
426181.76126130606
 20
1579525.072572955
 10
426179.91644916165
 20
1579515.4596007394
 10
426179.9095702144
 20
1579515.4109261727
 10
426179.0182267069
 20
1579505.6632047254
 10
426179.0161636628
 20
1579505.614089787
 10
426179.0869150823
 20
1579495.8259561076
 10
426179.08968790714
 20
1579495.7768761257
 10
426179.58504023566
 20
1579491.1054475445
 10
426179.59059066
 20
1579491.0070297525
 10
426179.58642445545
 20
1579490.9085436533
 10
426179.5725821045
 20
1579490.8109462233
 10
426179.54919811134
 20
1579490.7151858043
 10
426179.5164996953
 20
1579490.6221928874
 10
426179.47480458254
 20
1579490.5328710726
 10
426179.424517919
 20
1579490.4480882885
 10
426179.3661283336
 20
1579490.3686683583
 10
426179.30020319036
 20
1579490.295382995
 10
426179.2273830752
 20
1579490.2289443028
 10
426179.1483755717
 20
1579490.1699978577
 10
426179.0639483853
 20
1579490.1191164346
 10
426178.9749218841
 20
1579490.0767944418
 10
426178.8821611267
 20
1579490.0434431166
 10
426178.7865674574
 20
1579490.0193865292
 10
426178.6890697474
 20
1579490.0048584344
 10
426178.59061536903
 20
1579490.0
 10
425850.01227245945
 20
1579490.0
 10
425849.9877423243
 20
1579489.999397819
 10
425846.1038334384
 20
1579489.8085936105
 10
425846.0550314659
 20
1579489.8037870356
 10
425842.2206700396
 20
1579489.235013247
 10
425842.1725741904
 20
1579489.225446388
 10
425838.4124258391
 20
1579488.2835782575
 10
425838.3654993015
 20
1579488.269343248
 10
425834.7157763148
 20
1579486.9634514821
 10
425834.6704710134
 20
1579486.9446854119
 10
425831.1663222184
 20
1579485.2873464623
 10
425831.1230744719
 20
1579485.2642300602
 10
425827.7982467345
 20
1579483.2714050058
 10
425827.75747304136
 20
1579483.2441608952
 10
425824.64398627216
 20
1579480.935041732
 10
425824.6060793029
 20
1579480.9039322862
 10
425821.73391808243
 20
1579478.300757095
 10
425821.6992429049
 20
1579478.2660819176
 10
425819.09606771194
 20
1579475.393920695
 10
425819.0649582689
 20
1579475.356013729
 10
425816.7558391057
 20
1579472.2425269599
 10
425816.72859499336
 20
1579472.2017532643
 10
425814.73576994013
 20
1579468.8769255285
 10
425814.712653538
 20
1579468.8336777822
 10
425813.05531458766
 20
1579465.3295289855
 10
425813.036548518
 20
1579465.2842236855
 10
425811.7306567524
 20
1579461.6345006998
 10
425811.7164217419
 20
1579461.5875741588
 10
425810.7745536126
 20
1579457.8274258117
 10
425810.7649867528
 20
1579457.77932996
 10
425810.196212964
 20
1579453.9449685335
 10
425810.1914063893
 20
1579453.8961665614
 10
425810.00060218124
 20
1579450.012257681
 10
425810.0
 20
1579449.9877275364
 10
425810.0
 20
1579100.0122724636
 10
425810.00060218124
 20
1579099.987742319
 10
425810.1914063893
 20
1579096.1038334386
 10
425810.196212964
 20
1579096.0550314665
 10
425810.7649867528
 20
1579092.22067004
 10
425810.7745536126
 20
1579092.1725741883
 10
425811.7164217419
 20
1579088.4124258412
 10
425811.7306567524
 20
1579088.3654993002
 10
425813.036548518
 20
1579084.7157763145
 10
425813.05531458766
 20
1579084.6704710145
 10
425814.712653538
 20
1579081.1663222178
 10
425814.73576994013
 20
1579081.1230744715
 10
425816.72859499336
 20
1579077.7982467357
 10
425816.7558391057
 20
1579077.7574730401
 10
425819.0649582689
 20
1579074.643986271
 10
425819.09606771194
 20
1579074.606079305
 10
425821.6992429049
 20
1579071.7339180824
 10
425821.73391808243
 20
1579071.699242905
 10
425824.6060793029
 20
1579069.0960677138
 10
425824.64398627216
 20
1579069.064958268
 10
425827.75747304136
 20
1579066.7558391048
 10
425827.7982467345
 20
1579066.7285949942
 10
425831.1230744719
 20
1579064.7357699398
 10
425831.1663222184
 20
1579064.7126535377
 10
425834.6704710134
 20
1579063.0553145881
 10
425834.7157763148
 20
1579063.0365485179
 10
425838.3654993015
 20
1579061.730656752
 10
425838.4124258391
 20
1579061.7164217425
 10
425842.1725741904
 20
1579060.774553612
 10
425842.2206700396
 20
1579060.764986753
 10
425846.0550314659
 20
1579060.1962129644
 10
425846.1038334384
 20
1579060.1914063895
 10
425849.9877423243
 20
1579060.000602181
 10
425850.01227245945
 20
1579060.0
 10
425971.34760525567
 20
1579060.0
 10
425971.4461412771
 20
1579059.9951334847
 10
425971.5437182444
 20
1579059.980581305
 10
425971.639386438
 20
1579059.9564850975
 10
425971.7322147165
 20
1579059.9230793912
 10
425971.82129957934
 20
1579059.8806893253
 10
425971.9057739609
 20
1579059.8297274832
 10
425971.9848156695
 20
1579059.7706898784
 10
425972.05765538965
 20
1579059.7041511252
 10
425972.12358417024
 20
1579059.6307588478
 10
425972.18196032435
 20
1579059.5512273754
 10
425972.2322156752
 20
1579059.46633079
 10
425972.27386108576
 20
1579059.3768953928
 10
425972.3064912202
 20
1579059.2837916615
 10
425972.3297884882
 20
1579059.187925777
 10
425972.34352613695
 20
1579059.0902308053
 10
425972.3475704574
 20
1579058.9916576145
 10
425972.341882086
 20
1579058.8931656203
 10
425972.3265163879
 20
1579058.7957134484
 10
425972.30162291793
 20
1579058.7002496037
 10
425972.26744396496
 20
1579058.6077032387
 10
425972.22431219375
 20
1579058.51897511
 10
425972.1726474072
 20
1579058.4349288114
 10
425972.1129524603
 20
1579058.356382368
 10
425920.9189807516
 20
1578997.4799222082
 10
425920.77118596184
 20
1578997.303149749
 10
425920.32934471295
 20
1578996.7715614804
 10
425920.1825744152
 20
1578996.5939451775
 10
425806.7727111583
 20
1578858.536458235
 10
425806.70678654476
 20
1578858.4637891634
 10
425806.63405780407
 20
1578858.397930383
 10
425806.55522508494
 20
1578858.3395159068
 10
425806.4710472979
 20
1578858.2891080815
 10
425806.3823348098
 20
1578858.2471921763
 10
425806.2899416424
 20
1578858.2141717088
 10
425806.19475725066
 20
1578858.1903645624
 10
425806.09769796033
 20
1578858.1759999245
 10
425805.99969814654
 20
1578858.1712160816
 10
425805.9017012386
 20
1578858.1760590868
 10
425805.804650638
 20
1578858.1904823175
 10
425805.7094806362
 20
1578858.2143469232
 10
425805.6171074202
 20
1578858.247423163
 10
425805.52842025325
 20
1578858.2893926168
 10
425805.4442729131
 20
1578858.3398512516
 10
425805.3654754735
 20
1578858.398313309
 10
425805.29278650554
 20
1578858.464215984
 10
425805.22690577485
 20
1578858.5369248418
 10
425805.1684675052
 20
1578858.6157399248
 10
425805.1180342731
 20
1578858.699902492
 10
425805.07609159156
 20
1578858.7886023237
 10
425805.0430432364
 20
1578858.8809855196
 10
425805.01920735923
 20
1578858.9761627207
 10
425805.0048134243
 20
1578859.0732176707
 10
425805.0
 20
1578859.171216036
 10
425805.0
 20
1579653.4726397458
 10
425805.0055272111
 20
1579653.5776343753
  0
LWPOLYLINE
  5
94
330
17
100
AcDbEntity
  8
L-GOLF-FWY
100
AcDbPolyline
 90
86
 70
1
 10
426289.9771725854
 20
1577927.9572898143
 10
426289.57398808986
 20
1577925.2392407272
 10
426288.9063296391
 20
1577922.5737987806
 10
426287.9806271489
 20
1577919.9866336375
 10
426286.80579564034
 20
1577917.5026611125
 10
426285.393149383
 20
1577915.145803219
 10
426283.7562929327
 20
1577912.938757787
 10
426281.91099011176
 20
1577910.9027798704
 10
426279.87501219515
 20
1577909.0574770495
 10
426277.6679667631
 20
1577907.420620599
 10
426275.3111088697
 20
1577906.0079743417
 10
426272.8271363448
 20
1577904.8331428333
 10
426270.2399712017
 20
1577903.9074403432
 10
426267.574529255
 20
1577903.2397818924
 10
426264.8564801678
 20
1577902.8365973968
 10
426262.11200023856
 20
1577902.7017697436
 10
426259.36752030934
 20
1577902.8365973968
 10
426256.64947122213
 20
1577903.2397818924
 10
426253.9840292754
 20
1577903.9074403432
 10
426251.3968641323
 20
1577904.8331428333
 10
426248.91289160744
 20
1577906.0079743417
 10
426246.55603371403
 20
1577907.420620599
 10
426244.34898828197
 20
1577909.0574770495
 10
426242.31301036535
 20
1577910.9027798704
 10
426240.6729690678
 20
1577912.7122865953
 10
426229.9381336276
 20
1577903.7046901367
 10
425944.1763967888
 20
1578244.2622666403
 10
425942.8439798781
 20
1578244.4599120186
 10
425937.60829034005
 20
1578245.7713839754
 10
425932.526358809
 20
1578247.5897281526
 10
425927.6471270636
 20
1578249.8974329017
 10
425923.01758477296
 20
1578252.6722737642
 10
425918.68231696
 20
1578255.8875275059
 10
425914.68307462375
 20
1578259.5122294754
 10
425911.0583726541
 20
1578263.5114718117
 10
425907.84311891237
 20
1578267.8467396246
 10
425905.0682780499
 20
1578272.4762819153
 10
425902.7605733009
 20
1578277.3555136607
 10
425900.9422291238
 20
1578282.4374451917
 10
425899.63075716683
 20
1578287.67313473
 10
425898.83878762205
 20
1578293.0121597226
 10
425898.57394758903
 20
1578298.4031024408
 10
425898.83878762205
 20
1578303.794045159
 10
425899.63075716683
 20
1578309.1330701516
 10
425900.9422291238
 20
1578314.3687596899
 10
425902.7605733009
 20
1578319.4506912208
 10
425905.0682780499
 20
1578324.3299229662
 10
425907.84311891237
 20
1578328.959465257
 10
425911.0583726541
 20
1578333.2947330698
 10
425914.68307462375
 20
1578337.293975406
 10
425918.68231696
 20
1578340.9186773757
 10
425923.01758477296
 20
1578344.1339311174
 10
425927.6471270636
 20
1578346.9087719799
 10
425932.526358809
 20
1578349.216476729
 10
425937.60829034005
 20
1578351.0348209061
 10
425942.8439798781
 20
1578352.346292863
 10
425948.1830048709
 20
1578353.1382624076
 10
425953.57394758903
 20
1578353.4031024408
 10
425958.96489030716
 20
1578353.1382624076
 10
425964.30391529994
 20
1578352.346292863
 10
425969.539604838
 20
1578351.0348209061
 10
425974.6215363691
 20
1578349.216476729
 10
425979.50076811446
 20
1578346.9087719799
 10
425984.1303104051
 20
1578344.1339311174
 10
425988.46557821805
 20
1578340.9186773757
 10
425992.4648205543
 20
1578337.293975406
 10
425996.089522524
 20
1578333.2947330698
 10
425999.3047762657
 20
1578328.959465257
 10
426002.0796171282
 20
1578324.3299229662
 10
426004.3873218772
 20
1578319.4506912208
 10
426006.2056660543
 20
1578314.3687596899
 10
426007.51713801123
 20
1578309.1330701516
 10
426008.309107556
 20
1578303.794045159
 10
426008.57394758903
 20
1578298.4031024408
 10
426008.56438501657
 20
1578298.2084518063
 10
426294.28586684953
 20
1577957.6988493504
 10
426283.5510314093
 20
1577948.691252892
 10
426283.7562929327
 20
1577948.4647817002
 10
426285.393149383
 20
1577946.2577362682
 10
426286.80579564034
 20
1577943.9008783747
 10
426287.9806271489
 20
1577941.4169058497
 10
426288.9063296391
 20
1577938.8297407066
 10
426289.57398808986
 20
1577936.16429876
 10
426289.9771725854
 20
1577933.446249673
 10
426290.11200023856
 20
1577930.7017697436
 10
426289.9771725854
 20
1577927.9572898143
  0
LWPOLYLINE
  5
95
330
17
100
AcDbEntity
  8
L-GOLF-GRN
100
AcDbPolyline
 90
65
 70
1
 10
425983.82394758903
 20
1578298.4031024408
 10
425983.6782855709
 20
1578295.4380839458
 10
425983.2427023212
 20
1578292.5016201998
 10
425982.5213927449
 20
1578289.6219909538
 10
425981.5213034475
 20
1578286.8269286116
 10
425980.2520658356
 20
1578284.1433511518
 10
425978.72590336116
 20
1578281.597102892
 10
425976.95751380327
 20
1578279.2127055947
 10
425974.9639277199
 20
1578277.01312231
 10
425972.76434443495
 20
1578275.0195362265
 10
425970.37994713784
 20
1578273.2511466686
 10
425967.833698878
 20
1578271.7249841942
 10
425965.15012141806
 20
1578270.4557465822
 10
425962.355059076
 20
1578269.455657285
 10
425959.47542983
 20
1578268.7343477085
 10
425956.538966084
 20
1578268.2987644589
 10
425953.57394758903
 20
1578268.1531024408
 10
425950.60892909404
 20
1578268.2987644589
 10
425947.67246534803
 20
1578268.7343477085
 10
425944.7928361021
 20
1578269.455657285
 10
425941.99777376
 20
1578270.4557465822
 10
425939.31419630005
 20
1578271.7249841942
 10
425936.7679480402
 20
1578273.2511466686
 10
425934.3835507431
 20
1578275.0195362265
 10
425932.18396745814
 20
1578277.01312231
 10
425930.1903813748
 20
1578279.2127055947
 10
425928.4219918169
 20
1578281.597102892
 10
425926.8958293425
 20
1578284.1433511518
 10
425925.6265917306
 20
1578286.8269286116
 10
425924.62650243315
 20
1578289.6219909538
 10
425923.90519285685
 20
1578292.5016201998
 10
425923.4696096072
 20
1578295.4380839458
 10
425923.32394758903
 20
1578298.4031024408
 10
425923.4696096072
 20
1578301.3681209357
 10
425923.90519285685
 20
1578304.3045846818
 10
425924.62650243315
 20
1578307.1842139277
 10
425925.6265917306
 20
1578309.97927627
 10
425926.8958293425
 20
1578312.6628537297
 10
425928.4219918169
 20
1578315.2091019896
 10
425930.1903813748
 20
1578317.5934992868
 10
425932.18396745814
 20
1578319.7930825716
 10
425934.3835507431
 20
1578321.786668655
 10
425936.7679480402
 20
1578323.555058213
 10
425939.31419630005
 20
1578325.0812206874
 10
425941.99777376
 20
1578326.3504582993
 10
425944.7928361021
 20
1578327.3505475966
 10
425947.67246534803
 20
1578328.071857173
 10
425950.60892909404
 20
1578328.5074404227
 10
425953.57394758903
 20
1578328.6531024408
 10
425956.538966084
 20
1578328.5074404227
 10
425959.47542983
 20
1578328.071857173
 10
425962.355059076
 20
1578327.3505475966
 10
425965.15012141806
 20
1578326.3504582993
 10
425967.833698878
 20
1578325.0812206874
 10
425970.37994713784
 20
1578323.555058213
 10
425972.76434443495
 20
1578321.786668655
 10
425974.9639277199
 20
1578319.7930825716
 10
425976.95751380327
 20
1578317.5934992868
 10
425978.72590336116
 20
1578315.2091019896
 10
425980.2520658356
 20
1578312.6628537297
 10
425981.5213034475
 20
1578309.97927627
 10
425982.5213927449
 20
1578307.1842139277
 10
425983.2427023212
 20
1578304.3045846818
 10
425983.6782855709
 20
1578301.3681209357
 10
425983.82394758903
 20
1578298.4031024408
  0
LWPOLYLINE
  5
96
330
17
100
AcDbEntity
  8
L-GOLF-TEE
100
AcDbPolyline
 90
65
 70
1
 10
426276.11200023856
 20
1577930.7017697436
 10
426276.04458641197
 20
1577929.329529779
 10
426275.8429941642
 20
1577927.9705052353
 10
426275.5091649388
 20
1577926.637784262
 10
426275.0463136937
 20
1577925.3442016905
 10
426274.4588979394
 20
1577924.102215428
 10
426273.7525748108
 20
1577922.9237864814
 10
426272.93414658564
 20
1577921.8202637653
 10
426272.0114951752
 20
1577920.802274807
 10
426270.99350621685
 20
1577919.8796233966
 10
426269.8899835008
 20
1577919.0611951714
 10
426268.7115545541
 20
1577918.3548720428
 10
426267.4695682917
 20
1577917.7674562884
 10
426266.1759857201
 20
1577917.3046050433
 10
426264.84326474677
 20
1577916.970775818
 10
426263.48424020316
 20
1577916.76918357
 10
426262.11200023856
 20
1577916.7017697436
 10
426260.73976027395
 20
1577916.76918357
 10
426259.38073573034
 20
1577916.970775818
 10
426258.048014757
 20
1577917.3046050433
 10
426256.75443218544
 20
1577917.7674562884
 10
426255.512445923
 20
1577918.3548720428
 10
426254.3340169763
 20
1577919.0611951714
 10
426253.23049426026
 20
1577919.8796233966
 10
426252.2125053019
 20
1577920.802274807
 10
426251.2898538915
 20
1577921.8202637653
 10
426250.4714256663
 20
1577922.9237864814
 10
426249.7651025377
 20
1577924.102215428
 10
426249.1776867834
 20
1577925.3442016905
 10
426248.7148355383
 20
1577926.637784262
 10
426248.3810063129
 20
1577927.9705052353
 10
426248.17941406515
 20
1577929.329529779
 10
426248.11200023856
 20
1577930.7017697436
 10
426248.17941406515
 20
1577932.0740097081
 10
426248.3810063129
 20
1577933.433034252
 10
426248.7148355383
 20
1577934.7657552252
 10
426249.1776867834
 20
1577936.0593377966
 10
426249.7651025377
 20
1577937.3013240593
 10
426250.4714256663
 20
1577938.4797530058
 10
426251.2898538915
 20
1577939.5832757219
 10
426252.2125053019
 20
1577940.6012646803
 10
426253.23049426026
 20
1577941.5239160906
 10
426254.3340169763
 20
1577942.3423443157
 10
426255.512445923
 20
1577943.0486674444
 10
426256.75443218544
 20
1577943.6360831987
 10
426258.048014757
 20
1577944.098934444
 10
426259.38073573034
 20
1577944.4327636692
 10
426260.73976027395
 20
1577944.634355917
 10
426262.11200023856
 20
1577944.7017697436
 10
426263.48424020316
 20
1577944.634355917
 10
426264.84326474677
 20
1577944.4327636692
 10
426266.1759857201
 20
1577944.098934444
 10
426267.4695682917
 20
1577943.6360831987
 10
426268.7115545541
 20
1577943.0486674444
 10
426269.8899835008
 20
1577942.3423443157
 10
426270.99350621685
 20
1577941.5239160906
 10
426272.0114951752
 20
1577940.6012646803
 10
426272.93414658564
 20
1577939.5832757219
 10
426273.7525748108
 20
1577938.4797530058
 10
426274.4588979394
 20
1577937.3013240593
 10
426275.0463136937
 20
1577936.0593377966
 10
426275.5091649388
 20
1577934.7657552252
 10
426275.8429941642
 20
1577933.433034252
 10
426276.04458641197
 20
1577932.0740097081
 10
426276.11200023856
 20
1577930.7017697436
  0
LINE
  5
97
330
17
100
AcDbEntity
  8
L-GOLF-CL
100
AcDbLine
 10
426262.11200023856
 20
1577930.7017697436
 30
0.0
 11
425953.57394758903
 21
1578298.4031024408
 31
0.0
  0
TEXT
  5
98
330
17
100
AcDbEntity
  8
L-GOLF-ANNO
100
AcDbText
 10
426282.11200023856
 20
1577950.7017697436
 30
0.0
 40
14.0
  1
1  PAR 3  160 YD
 11
426282.11200023856
 21
1577950.7017697436
 31
0.0
100
AcDbText
  0
LWPOLYLINE
  5
99
330
17
100
AcDbEntity
  8
L-GOLF-FWY
100
AcDbPolyline
 90
85
 70
1
 10
425938.84983648924
 20
1577505.1659573128
 10
425938.05786694447
 20
1577499.8269323201
 10
425936.7463949875
 20
1577494.5912427818
 10
425934.9280508104
 20
1577489.5093112509
 10
425932.6203460614
 20
1577484.6300795055
 10
425929.84550519893
 20
1577480.0005372148
 10
425926.6302514572
 20
1577475.6652694019
 10
425923.00554948754
 20
1577471.6660270656
 10
425919.0063071513
 20
1577468.041325096
 10
425914.67103933834
 20
1577464.8260713543
 10
425910.0414970477
 20
1577462.0512304918
 10
425905.1622653023
 20
1577459.7435257428
 10
425900.08033377124
 20
1577457.9251815656
 10
425894.8446442332
 20
1577456.6137096088
 10
425889.5056192404
 20
1577455.821740064
 10
425884.11467652227
 20
1577455.556900031
 10
425878.72373380413
 20
1577455.821740064
 10
425873.38470881135
 20
1577456.6137096088
 10
425868.1490192733
 20
1577457.9251815656
 10
425863.0670877422
 20
1577459.7435257428
 10
425858.18785599683
 20
1577462.0512304918
 10
425853.5583137062
 20
1577464.8260713543
 10
425849.22304589325
 20
1577468.041325096
 10
425845.223803557
 20
1577471.6660270656
 10
425841.5991015873
 20
1577475.6652694019
 10
425838.3838478456
 20
1577480.0005372148
 10
425835.6090069831
 20
1577484.6300795055
 10
425833.3013022341
 20
1577489.5093112509
 10
425831.482958057
 20
1577494.5912427818
 10
425830.17148610007
 20
1577499.8269323201
 10
425829.3795165553
 20
1577505.1659573128
 10
425829.11467652227
 20
1577510.556900031
 10
425829.3795165553
 20
1577515.947842749
 10
425830.17148610007
 20
1577521.2868677417
 10
425831.482958057
 20
1577526.52255728
 10
425833.3013022341
 20
1577531.604488811
 10
425835.6090069831
 20
1577536.4837205564
 10
425838.3838478456
 20
1577541.113262847
 10
425841.5991015873
 20
1577545.44853066
 10
425845.223803557
 20
1577549.4477729963
 10
425848.9140143908
 20
1577552.7923851386
 10
425946.9416574959
 20
1578108.7347753004
 10
425960.75193649775
 20
1578106.2996505012
 10
425960.84159527114
 20
1578106.9040808547
 10
425961.5092537219
 20
1578109.5695228013
 10
425962.4349562121
 20
1578112.1566879444
 10
425963.60978772066
 20
1578114.6406604694
 10
425965.022433978
 20
1578116.997518363
 10
425966.6592904283
 20
1578119.204563795
 10
425968.50459324924
 20
1578121.2405417114
 10
425970.54057116585
 20
1578123.0858445324
 10
425972.7476165979
 20
1578124.7227009828
 10
425975.1044744913
 20
1578126.1353472401
 10
425977.5884470162
 20
1578127.3101787486
 10
425980.1756121593
 20
1578128.2358812387
 10
425982.841054106
 20
1578128.9035396895
 10
425985.5591031932
 20
1578129.3067241851
 10
425988.30358312244
 20
1578129.4415518383
 10
425991.04806305165
 20
1578129.3067241851
 10
425993.76611213887
 20
1578128.9035396895
 10
425996.4315540856
 20
1578128.2358812387
 10
425999.0187192287
 20
1578127.3101787486
 10
426001.50269175356
 20
1578126.1353472401
 10
426003.85954964696
 20
1578124.7227009828
 10
426006.066595079
 20
1578123.0858445324
 10
426008.10257299565
 20
1578121.2405417114
 10
426009.9478758166
 20
1578119.204563795
 10
426011.5847322669
 20
1578116.997518363
 10
426012.9973785242
 20
1578114.6406604694
 10
426014.17221003276
 20
1578112.1566879444
 10
426015.09791252296
 20
1578109.5695228013
 10
426015.76557097374
 20
1578106.9040808547
 10
426016.16875546926
 20
1578104.1860317676
 10
426016.30358312244
 20
1578101.4415518383
 10
426016.16875546926
 20
1578098.697071909
 10
426015.85522974713
 20
1578096.5834531754
 10
426029.66550874896
 20
1578094.1483283762
 10
425931.6265506958
 20
1577538.141767955
 10
425932.6203460614
 20
1577536.4837205564
 10
425934.9280508104
 20
1577531.604488811
 10
425936.7463949875
 20
1577526.52255728
 10
425938.05786694447
 20
1577521.2868677417
 10
425938.84983648924
 20
1577515.947842749
 10
425939.11467652227
 20
1577510.556900031
 10
425938.84983648924
 20
1577505.1659573128
  0
LWPOLYLINE
  5
9A
330
17
100
AcDbEntity
  8
L-GOLF-GRN
100
AcDbPolyline
 90
65
 70
1
 10
425914.36467652227
 20
1577510.556900031
 10
425914.2190145041
 20
1577507.591881536
 10
425913.78343125444
 20
1577504.65541779
 10
425913.06212167814
 20
1577501.775788544
 10
425912.0620323807
 20
1577498.9807262018
 10
425910.7927947688
 20
1577496.297148742
 10
425909.2666322944
 20
1577493.750900482
 10
425907.4982427365
 20
1577491.366503185
 10
425905.50465665315
 20
1577489.1669199
 10
425903.3050733682
 20
1577487.1733338167
 10
425900.9206760711
 20
1577485.4049442587
 10
425898.37442781124
 20
1577483.8787817843
 10
425895.6908503513
 20
1577482.6095441724
 10
425892.8957880092
 20
1577481.609454875
 10
425890.01615876326
 20
1577480.8881452987
 10
425887.07969501725
 20
1577480.452562049
 10
425884.11467652227
 20
1577480.306900031
 10
425881.1496580273
 20
1577480.452562049
 10
425878.21319428127
 20
1577480.8881452987
 10
425875.3335650353
 20
1577481.609454875
 10
425872.53850269323
 20
1577482.6095441724
 10
425869.8549252333
 20
1577483.8787817843
 10
425867.30867697345
 20
1577485.4049442587
 10
425864.92427967634
 20
1577487.1733338167
 10
425862.7246963914
 20
1577489.1669199
 10
425860.731110308
 20
1577491.366503185
 10
425858.96272075013
 20
1577493.750900482
 10
425857.4365582757
 20
1577496.297148742
 10
425856.1673206638
 20
1577498.9807262018
 10
425855.1672313664
 20
1577501.775788544
 10
425854.4459217901
 20
1577504.65541779
 10
425854.0103385404
 20
1577507.591881536
 10
425853.86467652227
 20
1577510.556900031
 10
425854.0103385404
 20
1577513.521918526
 10
425854.4459217901
 20
1577516.458382272
 10
425855.1672313664
 20
1577519.338011518
 10
425856.1673206638
 20
1577522.13307386
 10
425857.4365582757
 20
1577524.8166513199
 10
425858.96272075013
 20
1577527.3628995798
 10
425860.731110308
 20
1577529.747296877
 10
425862.7246963914
 20
1577531.9468801618
 10
425864.92427967634
 20
1577533.9404662452
 10
425867.30867697345
 20
1577535.7088558031
 10
425869.8549252333
 20
1577537.2350182775
 10
425872.53850269323
 20
1577538.5042558894
 10
425875.3335650353
 20
1577539.5043451868
 10
425878.21319428127
 20
1577540.2256547632
 10
425881.1496580273
 20
1577540.6612380128
 10
425884.11467652227
 20
1577540.806900031
 10
425887.07969501725
 20
1577540.6612380128
 10
425890.01615876326
 20
1577540.2256547632
 10
425892.8957880092
 20
1577539.5043451868
 10
425895.6908503513
 20
1577538.5042558894
 10
425898.37442781124
 20
1577537.2350182775
 10
425900.9206760711
 20
1577535.7088558031
 10
425903.3050733682
 20
1577533.9404662452
 10
425905.50465665315
 20
1577531.9468801618
 10
425907.4982427365
 20
1577529.747296877
 10
425909.2666322944
 20
1577527.3628995798
 10
425910.7927947688
 20
1577524.8166513199
 10
425912.0620323807
 20
1577522.13307386
 10
425913.06212167814
 20
1577519.338011518
 10
425913.78343125444
 20
1577516.458382272
 10
425914.2190145041
 20
1577513.521918526
 10
425914.36467652227
 20
1577510.556900031
  0
LWPOLYLINE
  5
9B
330
17
100
AcDbEntity
  8
L-GOLF-TEE
100
AcDbPolyline
 90
65
 70
1
 10
426002.30358312244
 20
1578101.4415518383
 10
426002.23616929585
 20
1578100.0693118738
 10
426002.0345770481
 20
1578098.71028733
 10
426001.7007478227
 20
1578097.3775663567
 10
426001.2378965776
 20
1578096.0839837852
 10
426000.6504808233
 20
1578094.8419975226
 10
425999.9441576947
 20
1578093.663568576
 10
425999.1257294695
 20
1578092.56004586
 10
425998.2030780591
 20
1578091.5420569016
 10
425997.18508910073
 20
1578090.6194054913
 10
425996.0815663847
 20
1578089.8009772662
 10
425994.903137438
 20
1578089.0946541375
 10
425993.66115117556
 20
1578088.5072383832
 10
425992.367568604
 20
1578088.044387138
 10
425991.03484763065
 20
1578087.7105579127
 10
425989.67582308705
 20
1578087.5089656648
 10
425988.30358312244
 20
1578087.4415518383
 10
425986.93134315783
 20
1578087.5089656648
 10
425985.5723186142
 20
1578087.7105579127
 10
425984.2395976409
 20
1578088.044387138
 10
425982.9460150693
 20
1578088.5072383832
 10
425981.7040288069
 20
1578089.0946541375
 10
425980.5255998602
 20
1578089.8009772662
 10
425979.42207714415
 20
1578090.6194054913
 10
425978.4040881858
 20
1578091.5420569016
 10
425977.48143677536
 20
1578092.56004586
 10
425976.6630085502
 20
1578093.663568576
 10
425975.9566854216
 20
1578094.8419975226
 10
425975.3692696673
 20
1578096.0839837852
 10
425974.9064184222
 20
1578097.3775663567
 10
425974.5725891968
 20
1578098.71028733
 10
425974.37099694903
 20
1578100.0693118738
 10
425974.30358312244
 20
1578101.4415518383
 10
425974.37099694903
 20
1578102.8137918029
 10
425974.5725891968
 20
1578104.1728163466
 10
425974.9064184222
 20
1578105.50553732
 10
425975.3692696673
 20
1578106.7991198914
 10
425975.9566854216
 20
1578108.041106154
 10
425976.6630085502
 20
1578109.2195351005
 10
425977.48143677536
 20
1578110.3230578166
 10
425978.4040881858
 20
1578111.341046775
 10
425979.42207714415
 20
1578112.2636981853
 10
425980.5255998602
 20
1578113.0821264104
 10
425981.7040288069
 20
1578113.788449539
 10
425982.9460150693
 20
1578114.3758652934
 10
425984.2395976409
 20
1578114.8387165386
 10
425985.5723186142
 20
1578115.172545764
 10
425986.93134315783
 20
1578115.3741380118
 10
425988.30358312244
 20
1578115.4415518383
 10
425989.67582308705
 20
1578115.3741380118
 10
425991.03484763065
 20
1578115.172545764
 10
425992.367568604
 20
1578114.8387165386
 10
425993.66115117556
 20
1578114.3758652934
 10
425994.903137438
 20
1578113.788449539
 10
425996.0815663847
 20
1578113.0821264104
 10
425997.18508910073
 20
1578112.2636981853
 10
425998.2030780591
 20
1578111.341046775
 10
425999.1257294695
 20
1578110.3230578166
 10
425999.9441576947
 20
1578109.2195351005
 10
426000.6504808233
 20
1578108.041106154
 10
426001.2378965776
 20
1578106.7991198914
 10
426001.7007478227
 20
1578105.50553732
 10
426002.0345770481
 20
1578104.1728163466
 10
426002.23616929585
 20
1578102.8137918029
 10
426002.30358312244
 20
1578101.4415518383
  0
LINE
  5
9C
330
17
100
AcDbEntity
  8
L-GOLF-CL
100
AcDbLine
 10
425988.30358312244
 20
1578101.4415518383
 30
0.0
 11
425884.11467652227
 21
1577510.556900031
 31
0.0
  0
TEXT
  5
9D
330
17
100
AcDbEntity
  8
L-GOLF-ANNO
100
AcDbText
 10
426008.30358312244
 20
1578121.4415518383
 30
0.0
 40
14.0
  1
2  PAR 3  200 YD
 11
426008.30358312244
 21
1578121.4415518383
 31
0.0
100
AcDbText
  0
LWPOLYLINE
  5
9E
330
17
100
AcDbEntity
  8
L-GOLF-FWY
100
AcDbPolyline
 90
85
 70
1
 10
426011.57666437357
 20
1577331.8892902576
 10
426010.9090059228
 20
1577329.223848311
 10
426009.9833034326
 20
1577326.636683168
 10
426008.80847192404
 20
1577324.152710643
 10
426007.3958256667
 20
1577321.7958527494
 10
426005.75896921643
 20
1577319.5888073174
 10
426003.91366639547
 20
1577317.5528294009
 10
426001.87768847885
 20
1577315.70752658
 10
425999.6706430468
 20
1577314.0706701295
 10
425997.3137851534
 20
1577312.6580238722
 10
425994.8298126285
 20
1577311.4831923638
 10
425992.2426474854
 20
1577310.5574898736
 10
425989.5772055387
 20
1577309.8898314228
 10
425986.8591564515
 20
1577309.4866469272
 10
425984.11467652227
 20
1577309.351819274
 10
425981.37019659305
 20
1577309.4866469272
 10
425978.65214750584
 20
1577309.8898314228
 10
425975.98670555913
 20
1577310.5574898736
 10
425973.399540416
 20
1577311.4831923638
 10
425970.91556789115
 20
1577312.6580238722
 10
425968.55870999774
 20
1577314.0706701295
 10
425966.3516645657
 20
1577315.70752658
 10
425964.31568664906
 20
1577317.5528294009
 10
425962.4703838281
 20
1577319.5888073174
 10
425960.8335273778
 20
1577321.7958527494
 10
425959.4208811205
 20
1577324.152710643
 10
425958.24604961195
 20
1577326.636683168
 10
425957.32034712174
 20
1577329.223848311
 10
425956.65268867096
 20
1577331.8892902576
 10
425956.24950417544
 20
1577334.6073393447
 10
425956.11467652227
 20
1577337.351819274
 10
425956.24950417544
 20
1577340.0962992033
 10
425956.5630298976
 20
1577342.209917937
 10
425942.75275089574
 20
1577344.645042736
 10
425999.11614630884
 20
1577664.2977424343
 10
425998.1223509432
 20
1577665.9557898329
 10
425995.8146461942
 20
1577670.8350215782
 10
425993.9963020171
 20
1577675.9169531092
 10
425992.68483006017
 20
1577681.1526426475
 10
425991.8928605154
 20
1577686.4916676402
 10
425991.62802048237
 20
1577691.8826103583
 10
425991.8928605154
 20
1577697.2735530764
 10
425992.68483006017
 20
1577702.612578069
 10
425993.9963020171
 20
1577707.8482676074
 10
425995.8146461942
 20
1577712.9301991384
 10
425998.1223509432
 20
1577717.8094308837
 10
426000.8971918057
 20
1577722.4389731744
 10
426004.1124455474
 20
1577726.7742409874
 10
426007.7371475171
 20
1577730.7734833236
 10
426011.73638985335
 20
1577734.3981852932
 10
426016.0716576663
 20
1577737.613439035
 10
426020.70119995694
 20
1577740.3882798974
 10
426025.5804317023
 20
1577742.6959846464
 10
426030.6623632334
 20
1577744.5143288237
 10
426035.89805277146
 20
1577745.8258007804
 10
426041.23707776424
 20
1577746.6177703252
 10
426046.62802048237
 20
1577746.8826103583
 10
426052.0189632005
 20
1577746.6177703252
 10
426057.3579881933
 20
1577745.8258007804
 10
426062.59367773135
 20
1577744.5143288237
 10
426067.6756092624
 20
1577742.6959846464
 10
426072.5548410078
 20
1577740.3882798974
 10
426077.18438329845
 20
1577737.613439035
 10
426081.5196511114
 20
1577734.3981852932
 10
426085.51889344765
 20
1577730.7734833236
 10
426089.1435954173
 20
1577726.7742409874
 10
426092.35884915903
 20
1577722.4389731744
 10
426095.1336900215
 20
1577717.8094308837
 10
426097.4413947705
 20
1577712.9301991384
 10
426099.2597389476
 20
1577707.8482676074
 10
426100.57121090457
 20
1577702.612578069
 10
426101.36318044935
 20
1577697.2735530764
 10
426101.62802048237
 20
1577691.8826103583
 10
426101.36318044935
 20
1577686.4916676402
 10
426100.57121090457
 20
1577681.1526426475
 10
426099.2597389476
 20
1577675.9169531092
 10
426097.4413947705
 20
1577670.8350215782
 10
426095.1336900215
 20
1577665.9557898329
 10
426092.35884915903
 20
1577661.3262475422
 10
426089.1435954173
 20
1577656.9909797292
 10
426085.51889344765
 20
1577652.991737393
 10
426081.8286826138
 20
1577649.6471252507
 10
426025.4766021488
 20
1577330.058595812
 10
426011.66632314696
 20
1577332.493720611
 10
426011.57666437357
 20
1577331.8892902576
  0
LWPOLYLINE
  5
9F
330
17
100
AcDbEntity
  8
L-GOLF-GRN
100
AcDbPolyline
 90
65
 70
1
 10
426076.87802048237
 20
1577691.8826103583
 10
426076.7323584642
 20
1577688.9175918633
 10
426076.29677521455
 20
1577685.9811281173
 10
426075.57546563825
 20
1577683.1014988713
 10
426074.5753763408
 20
1577680.3064365292
 10
426073.3061387289
 20
1577677.6228590694
 10
426071.7799762545
 20
1577675.0766108094
 10
426070.0115866966
 20
1577672.6922135123
 10
426068.01800061326
 20
1577670.4926302275
 10
426065.8184173283
 20
1577668.499044144
 10
426063.4340200312
 20
1577666.730654586
 10
426060.88777177135
 20
1577665.2044921117
 10
426058.2041943114
 20
1577663.9352544998
 10
426055.4091319693
 20
1577662.9351652025
 10
426052.52950272337
 20
1577662.213855626
 10
426049.59303897736
 20
1577661.7782723764
 10
426046.62802048237
 20
1577661.6326103583
 10
426043.6630019874
 20
1577661.7782723764
 10
426040.7265382414
 20
1577662.213855626
 10
426037.8469089954
 20
1577662.9351652025
 10
426035.05184665334
 20
1577663.9352544998
 10
426032.3682691934
 20
1577665.2044921117
 10
426029.82202093356
 20
1577666.730654586
 10
426027.43762363645
 20
1577668.499044144
 10
426025.2380403515
 20
1577670.4926302275
 10
426023.24445426813
 20
1577672.6922135123
 10
426021.47606471024
 20
1577675.0766108094
 10
426019.9499022358
 20
1577677.6228590694
 10
426018.6806646239
 20
1577680.3064365292
 10
426017.6805753265
 20
1577683.1014988713
 10
426016.9592657502
 20
1577685.9811281173
 10
426016.5236825005
 20
1577688.9175918633
 10
426016.37802048237
 20
1577691.8826103583
 10
426016.5236825005
 20
1577694.8476288533
 10
426016.9592657502
 20
1577697.7840925993
 10
426017.6805753265
 20
1577700.6637218453
 10
426018.6806646239
 20
1577703.4587841874
 10
426019.9499022358
 20
1577706.1423616472
 10
426021.47606471024
 20
1577708.6886099072
 10
426023.24445426813
 20
1577711.0730072043
 10
426025.2380403515
 20
1577713.2725904891
 10
426027.43762363645
 20
1577715.2661765725
 10
426029.82202093356
 20
1577717.0345661305
 10
426032.3682691934
 20
1577718.560728605
 10
426035.05184665334
 20
1577719.8299662168
 10
426037.8469089954
 20
1577720.8300555141
 10
426040.7265382414
 20
1577721.5513650905
 10
426043.6630019874
 20
1577721.9869483402
 10
426046.62802048237
 20
1577722.1326103583
 10
426049.59303897736
 20
1577721.9869483402
 10
426052.52950272337
 20
1577721.5513650905
 10
426055.4091319693
 20
1577720.8300555141
 10
426058.2041943114
 20
1577719.8299662168
 10
426060.88777177135
 20
1577718.560728605
 10
426063.4340200312
 20
1577717.0345661305
 10
426065.8184173283
 20
1577715.2661765725
 10
426068.01800061326
 20
1577713.2725904891
 10
426070.0115866966
 20
1577711.0730072043
 10
426071.7799762545
 20
1577708.6886099072
 10
426073.3061387289
 20
1577706.1423616472
 10
426074.5753763408
 20
1577703.4587841874
 10
426075.57546563825
 20
1577700.6637218453
 10
426076.29677521455
 20
1577697.7840925993
 10
426076.7323584642
 20
1577694.8476288533
 10
426076.87802048237
 20
1577691.8826103583
  0
LWPOLYLINE
  5
A0
330
17
100
AcDbEntity
  8
L-GOLF-TEE
100
AcDbPolyline
 90
65
 70
1
 10
425998.11467652227
 20
1577337.351819274
 10
425998.0472626957
 20
1577335.9795793095
 10
425997.8456704479
 20
1577334.6205547657
 10
425997.5118412225
 20
1577333.2878337924
 10
425997.0489899774
 20
1577331.994251221
 10
425996.4615742231
 20
1577330.7522649583
 10
425995.7552510945
 20
1577329.5738360118
 10
425994.93682286935
 20
1577328.4703132957
 10
425994.0141714589
 20
1577327.4523243373
 10
425992.99618250056
 20
1577326.529672927
 10
425991.8926597845
 20
1577325.7112447019
 10
425990.7142308378
 20
1577325.0049215732
 10
425989.4722445754
 20
1577324.417505819
 10
425988.17866200383
 20
1577323.9546545737
 10
425986.8459410305
 20
1577323.6208253484
 10
425985.4869164869
 20
1577323.4192331005
 10
425984.11467652227
 20
1577323.351819274
 10
425982.74243655766
 20
1577323.4192331005
 10
425981.38341201405
 20
1577323.6208253484
 10
425980.0506910407
 20
1577323.9546545737
 10
425978.75710846914
 20
1577324.417505819
 10
425977.5151222067
 20
1577325.0049215732
 10
425976.33669326
 20
1577325.7112447019
 10
425975.233170544
 20
1577326.529672927
 10
425974.21518158563
 20
1577327.4523243373
 10
425973.2925301752
 20
1577328.4703132957
 10
425972.47410195
 20
1577329.5738360118
 10
425971.7677788214
 20
1577330.7522649583
 10
425971.18036306713
 20
1577331.994251221
 10
425970.717511822
 20
1577333.2878337924
 10
425970.3836825966
 20
1577334.6205547657
 10
425970.18209034886
 20
1577335.9795793095
 10
425970.11467652227
 20
1577337.351819274
 10
425970.18209034886
 20
1577338.7240592386
 10
425970.3836825966
 20
1577340.0830837823
 10
425970.717511822
 20
1577341.4158047556
 10
425971.18036306713
 20
1577342.709387327
 10
425971.7677788214
 20
1577343.9513735897
 10
425972.47410195
 20
1577345.1298025362
 10
425973.2925301752
 20
1577346.2333252523
 10
425974.21518158563
 20
1577347.2513142107
 10
425975.233170544
 20
1577348.173965621
 10
425976.33669326
 20
1577348.9923938462
 10
425977.5151222067
 20
1577349.6987169748
 10
425978.75710846914
 20
1577350.2861327291
 10
425980.0506910407
 20
1577350.7489839743
 10
425981.38341201405
 20
1577351.0828131996
 10
425982.74243655766
 20
1577351.2844054475
 10
425984.11467652227
 20
1577351.351819274
 10
425985.4869164869
 20
1577351.2844054475
 10
425986.8459410305
 20
1577351.0828131996
 10
425988.17866200383
 20
1577350.7489839743
 10
425989.4722445754
 20
1577350.2861327291
 10
425990.7142308378
 20
1577349.6987169748
 10
425991.8926597845
 20
1577348.9923938462
 10
425992.99618250056
 20
1577348.173965621
 10
425994.0141714589
 20
1577347.2513142107
 10
425994.93682286935
 20
1577346.2333252523
 10
425995.7552510945
 20
1577345.1298025362
 10
425996.4615742231
 20
1577343.9513735897
 10
425997.0489899774
 20
1577342.709387327
 10
425997.5118412225
 20
1577341.4158047556
 10
425997.8456704479
 20
1577340.0830837823
 10
425998.0472626957
 20
1577338.7240592386
 10
425998.11467652227
 20
1577337.351819274
  0
LINE
  5
A1
330
17
100
AcDbEntity
  8
L-GOLF-CL
100
AcDbLine
 10
425984.11467652227
 20
1577337.351819274
 30
0.0
 11
426046.62802048237
 21
1577691.8826103583
 31
0.0
  0
TEXT
  5
A2
330
17
100
AcDbEntity
  8
L-GOLF-ANNO
100
AcDbText
 10
426004.11467652227
 20
1577357.351819274
 30
0.0
 40
14.0
  1
3  PAR 3  120 YD
 11
426004.11467652227
 21
1577357.351819274
 31
0.0
100
AcDbText
  0
LWPOLYLINE
  5
A3
330
17
100
AcDbEntity
  8
L-GOLF-FWY
100
AcDbPolyline
 90
85
 70
1
 10
426553.1369510272
 20
1578175.4706653669
 10
426552.3449814824
 20
1578170.1316403742
 10
426551.03350952547
 20
1578164.895950836
 10
426549.2151653484
 20
1578159.814019305
 10
426546.9074605994
 20
1578154.9347875596
 10
426544.1326197369
 20
1578150.3052452689
 10
426540.9173659952
 20
1578145.969977456
 10
426537.2926640255
 20
1578141.9707351197
 10
426533.29342168925
 20
1578138.34603315
 10
426528.9581538763
 20
1578135.1307794084
 10
426524.32861158566
 20
1578132.355938546
 10
426519.4493798403
 20
1578130.0482337968
 10
426514.3674483092
 20
1578128.2298896196
 10
426509.13175877114
 20
1578126.9184176628
 10
426503.79273377836
 20
1578126.1264481181
 10
426498.4017910602
 20
1578125.861608085
 10
426493.0108483421
 20
1578126.1264481181
 10
426487.6718233493
 20
1578126.9184176628
 10
426482.43613381125
 20
1578128.2298896196
 10
426477.35420228017
 20
1578130.0482337968
 10
426472.4749705348
 20
1578132.355938546
 10
426467.84542824415
 20
1578135.1307794084
 10
426463.5101604312
 20
1578138.34603315
 10
426459.51091809495
 20
1578141.9707351197
 10
426456.1663059524
 20
1578145.6609459538
 10
426136.5777765138
 20
1578202.0130264186
 10
426139.01290131296
 20
1578215.8233054203
 10
426138.4084709594
 20
1578215.9129641938
 10
426135.7430290127
 20
1578216.5806226446
 10
426133.1558638696
 20
1578217.5063251348
 10
426130.6718913447
 20
1578218.6811566432
 10
426128.3150334513
 20
1578220.0938029005
 10
426126.10798801924
 20
1578221.730659351
 10
426124.0720101026
 20
1578223.575962172
 10
426122.22670728166
 20
1578225.6119400884
 10
426120.58985083137
 20
1578227.8189855204
 10
426119.17720457405
 20
1578230.175843414
 10
426118.0023730655
 20
1578232.659815939
 10
426117.0766705753
 20
1578235.246981082
 10
426116.4090121245
 20
1578237.9124230286
 10
426116.005827629
 20
1578240.6304721157
 10
426115.8709999758
 20
1578243.374952045
 10
426116.005827629
 20
1578246.1194319744
 10
426116.4090121245
 20
1578248.8374810615
 10
426117.0766705753
 20
1578251.502923008
 10
426118.0023730655
 20
1578254.0900881512
 10
426119.17720457405
 20
1578256.5740606762
 10
426120.58985083137
 20
1578258.9309185697
 10
426122.22670728166
 20
1578261.1379640016
 10
426124.0720101026
 20
1578263.1739419182
 10
426126.10798801924
 20
1578265.019244739
 10
426128.3150334513
 20
1578266.6561011896
 10
426130.6718913447
 20
1578268.0687474469
 10
426133.1558638696
 20
1578269.2435789553
 10
426135.7430290127
 20
1578270.1692814454
 10
426138.4084709594
 20
1578270.8369398962
 10
426141.1265200466
 20
1578271.2401243919
 10
426143.8709999758
 20
1578271.374952045
 10
426146.61547990504
 20
1578271.2401243919
 10
426148.7290986387
 20
1578270.9265986697
 10
426151.16422343784
 20
1578284.7368776714
 10
426470.8169231361
 20
1578228.3734822583
 10
426472.4749705348
 20
1578229.367277624
 10
426477.35420228017
 20
1578231.6749823731
 10
426482.43613381125
 20
1578233.4933265503
 10
426487.6718233493
 20
1578234.8047985071
 10
426493.0108483421
 20
1578235.5967680519
 10
426498.4017910602
 20
1578235.861608085
 10
426503.79273377836
 20
1578235.5967680519
 10
426509.13175877114
 20
1578234.8047985071
 10
426514.3674483092
 20
1578233.4933265503
 10
426519.4493798403
 20
1578231.6749823731
 10
426524.32861158566
 20
1578229.367277624
 10
426528.9581538763
 20
1578226.5924367616
 10
426533.29342168925
 20
1578223.3771830199
 10
426537.2926640255
 20
1578219.7524810503
 10
426540.9173659952
 20
1578215.753238714
 10
426544.1326197369
 20
1578211.4179709011
 10
426546.9074605994
 20
1578206.7884286104
 10
426549.2151653484
 20
1578201.909196865
 10
426551.03350952547
 20
1578196.827265334
 10
426552.3449814824
 20
1578191.5915757958
 10
426553.1369510272
 20
1578186.2525508031
 10
426553.4017910602
 20
1578180.861608085
 10
426553.1369510272
 20
1578175.4706653669
  0
LWPOLYLINE
  5
A4
330
17
100
AcDbEntity
  8
L-GOLF-GRN
100
AcDbPolyline
 90
65
 70
1
 10
426528.6517910602
 20
1578180.861608085
 10
426528.50612904207
 20
1578177.89658959
 10
426528.0705457924
 20
1578174.960125844
 10
426527.3492362161
 20
1578172.080496598
 10
426526.3491469187
 20
1578169.2854342558
 10
426525.0799093068
 20
1578166.601856796
 10
426523.55374683236
 20
1578164.0556085361
 10
426521.78535727446
 20
1578161.671211239
 10
426519.7917711911
 20
1578159.4716279542
 10
426517.59218790615
 20
1578157.4780418708
 10
426515.20779060904
 20
1578155.7096523128
 10
426512.6615423492
 20
1578154.1834898384
 10
426509.97796488926
 20
1578152.9142522265
 10
426507.1829025472
 20
1578151.9141629292
 10
426504.3032733012
 20
1578151.1928533528
 10
426501.3668095552
 20
1578150.757270103
 10
426498.4017910602
 20
1578150.611608085
 10
426495.43677256524
 20
1578150.757270103
 10
426492.50030881923
 20
1578151.1928533528
 10
426489.6206795733
 20
1578151.9141629292
 10
426486.8256172312
 20
1578152.9142522265
 10
426484.14203977125
 20
1578154.1834898384
 10
426481.5957915114
 20
1578155.7096523128
 10
426479.2113942143
 20
1578157.4780418708
 10
426477.01181092934
 20
1578159.4716279542
 10
426475.018224846
 20
1578161.671211239
 10
426473.2498352881
 20
1578164.0556085361
 10
426471.7236728137
 20
1578166.601856796
 10
426470.45443520177
 20
1578169.2854342558
 10
426469.45434590435
 20
1578172.080496598
 10
426468.73303632805
 20
1578174.960125844
 10
426468.2974530784
 20
1578177.89658959
 10
426468.1517910602
 20
1578180.861608085
 10
426468.2974530784
 20
1578183.82662658
 10
426468.73303632805
 20
1578186.763090326
 10
426469.45434590435
 20
1578189.642719572
 10
426470.45443520177
 20
1578192.4377819141
 10
426471.7236728137
 20
1578195.121359374
 10
426473.2498352881
 20
1578197.6676076339
 10
426475.018224846
 20
1578200.052004931
 10
426477.01181092934
 20
1578202.2515882158
 10
426479.2113942143
 20
1578204.2451742992
 10
426481.5957915114
 20
1578206.0135638572
 10
426484.14203977125
 20
1578207.5397263316
 10
426486.8256172312
 20
1578208.8089639435
 10
426489.6206795733
 20
1578209.8090532408
 10
426492.50030881923
 20
1578210.5303628172
 10
426495.43677256524
 20
1578210.965946067
 10
426498.4017910602
 20
1578211.111608085
 10
426501.3668095552
 20
1578210.965946067
 10
426504.3032733012
 20
1578210.5303628172
 10
426507.1829025472
 20
1578209.8090532408
 10
426509.97796488926
 20
1578208.8089639435
 10
426512.6615423492
 20
1578207.5397263316
 10
426515.20779060904
 20
1578206.0135638572
 10
426517.59218790615
 20
1578204.2451742992
 10
426519.7917711911
 20
1578202.2515882158
 10
426521.78535727446
 20
1578200.052004931
 10
426523.55374683236
 20
1578197.6676076339
 10
426525.0799093068
 20
1578195.121359374
 10
426526.3491469187
 20
1578192.4377819141
 10
426527.3492362161
 20
1578189.642719572
 10
426528.0705457924
 20
1578186.763090326
 10
426528.50612904207
 20
1578183.82662658
 10
426528.6517910602
 20
1578180.861608085
  0
LWPOLYLINE
  5
A5
330
17
100
AcDbEntity
  8
L-GOLF-TEE
100
AcDbPolyline
 90
65
 70
1
 10
426157.8709999758
 20
1578243.374952045
 10
426157.80358614924
 20
1578242.0027120805
 10
426157.6019939015
 20
1578240.6436875367
 10
426157.2681646761
 20
1578239.3109665634
 10
426156.80531343096
 20
1578238.017383992
 10
426156.2178976767
 20
1578236.7753977294
 10
426155.5115745481
 20
1578235.5969687828
 10
426154.6931463229
 20
1578234.4934460667
 10
426153.77049491246
 20
1578233.4754571083
 10
426152.7525059541
 20
1578232.552805698
 10
426151.6489832381
 20
1578231.734377473
 10
426150.4705542914
 20
1578231.0280543442
 10
426149.22856802895
 20
1578230.44063859
 10
426147.9349854574
 20
1578229.9777873447
 10
426146.60226448404
 20
1578229.6439581194
 10
426145.24323994044
 20
1578229.4423658715
 10
426143.8709999758
 20
1578229.374952045
 10
426142.4987600112
 20
1578229.4423658715
 10
426141.1397354676
 20
1578229.6439581194
 10
426139.80701449426
 20
1578229.9777873447
 10
426138.5134319227
 20
1578230.44063859
 10
426137.27144566027
 20
1578231.0280543442
 10
426136.09301671357
 20
1578231.734377473
 10
426134.98949399753
 20
1578232.552805698
 10
426133.9715050392
 20
1578233.4754571083
 10
426133.04885362874
 20
1578234.4934460667
 10
426132.23042540357
 20
1578235.5969687828
 10
426131.52410227497
 20
1578236.7753977294
 10
426130.9366865207
 20
1578238.017383992
 10
426130.47383527557
 20
1578239.3109665634
 10
426130.1400060502
 20
1578240.6436875367
 10
426129.9384138024
 20
1578242.0027120805
 10
426129.8709999758
 20
1578243.374952045
 10
426129.9384138024
 20
1578244.7471920096
 10
426130.1400060502
 20
1578246.1062165534
 10
426130.47383527557
 20
1578247.4389375267
 10
426130.9366865207
 20
1578248.732520098
 10
426131.52410227497
 20
1578249.9745063607
 10
426132.23042540357
 20
1578251.1529353072
 10
426133.04885362874
 20
1578252.2564580233
 10
426133.9715050392
 20
1578253.2744469817
 10
426134.98949399753
 20
1578254.197098392
 10
426136.09301671357
 20
1578255.0155266172
 10
426137.27144566027
 20
1578255.7218497458
 10
426138.5134319227
 20
1578256.3092655002
 10
426139.80701449426
 20
1578256.7721167454
 10
426141.1397354676
 20
1578257.1059459706
 10
426142.4987600112
 20
1578257.3075382186
 10
426143.8709999758
 20
1578257.374952045
 10
426145.24323994044
 20
1578257.3075382186
 10
426146.60226448404
 20
1578257.1059459706
 10
426147.9349854574
 20
1578256.7721167454
 10
426149.22856802895
 20
1578256.3092655002
 10
426150.4705542914
 20
1578255.7218497458
 10
426151.6489832381
 20
1578255.0155266172
 10
426152.7525059541
 20
1578254.197098392
 10
426153.77049491246
 20
1578253.2744469817
 10
426154.6931463229
 20
1578252.2564580233
 10
426155.5115745481
 20
1578251.1529353072
 10
426156.2178976767
 20
1578249.9745063607
 10
426156.80531343096
 20
1578248.732520098
 10
426157.2681646761
 20
1578247.4389375267
 10
426157.6019939015
 20
1578246.1062165534
 10
426157.80358614924
 20
1578244.7471920096
 10
426157.8709999758
 20
1578243.374952045
  0
LINE
  5
A6
330
17
100
AcDbEntity
  8
L-GOLF-CL
100
AcDbLine
 10
426143.8709999758
 20
1578243.374952045
 30
0.0
 11
426498.4017910602
 21
1578180.861608085
 31
0.0
  0
TEXT
  5
A7
330
17
100
AcDbEntity
  8
L-GOLF-ANNO
100
AcDbText
 10
426163.8709999758
 20
1578263.374952045
 30
0.0
 40
14.0
  1
4  PAR 3  120 YD
 11
426163.8709999758
 21
1578263.374952045
 31
0.0
100
AcDbText
  0
LWPOLYLINE
  5
A8
330
17
100
AcDbEntity
  8
L-GOLF-FWY
100
AcDbPolyline
 90
85
 70
1
 10
426632.70323789946
 20
1578105.1136156726
 10
426629.95875797025
 20
1578104.9787880194
 10
426627.21427804104
 20
1578105.1136156726
 10
426624.4962289538
 20
1578105.5168001682
 10
426621.8307870071
 20
1578106.184458619
 10
426619.243621864
 20
1578107.1101611091
 10
426616.75964933913
 20
1578108.2849926176
 10
426614.4027914457
 20
1578109.6976388749
 10
426612.19574601366
 20
1578111.3344953253
 10
426610.15976809704
 20
1578113.1797981462
 10
426608.3144652761
 20
1578115.2157760628
 10
426606.6776088258
 20
1578117.4228214948
 10
426605.2649625685
 20
1578119.7796793883
 10
426604.09013105993
 20
1578122.2636519133
 10
426603.1644285697
 20
1578124.8508170564
 10
426602.49677011895
 20
1578127.516259003
 10
426602.0935856234
 20
1578130.23430809
 10
426601.95875797025
 20
1578132.9787880194
 10
426602.0935856234
 20
1578135.7232679487
 10
426602.49677011895
 20
1578138.4413170358
 10
426603.1644285697
 20
1578141.1067589824
 10
426604.09013105993
 20
1578143.6939241255
 10
426605.2649625685
 20
1578146.1778966505
 10
426606.6776088258
 20
1578148.534754544
 10
426608.3144652761
 20
1578150.741799976
 10
426610.15976809704
 20
1578152.7777778925
 10
426612.19574601366
 20
1578154.6230807134
 10
426614.4027914457
 20
1578156.259937164
 10
426616.75964933913
 20
1578157.6725834212
 10
426619.243621864
 20
1578158.8474149297
 10
426621.8307870071
 20
1578159.7731174198
 10
426624.4962289538
 20
1578160.4407758706
 10
426625.1006593074
 20
1578160.530434644
 10
426622.66553450824
 20
1578174.3407136458
 10
427178.60792466975
 20
1578272.3683567508
 10
427181.9525368123
 20
1578276.058567585
 10
427185.95177914854
 20
1578279.6832695545
 10
427190.2870469615
 20
1578282.8985232962
 10
427194.9165892521
 20
1578285.6733641587
 10
427199.7958209975
 20
1578287.9810689078
 10
427204.8777525286
 20
1578289.799413085
 10
427210.11344206665
 20
1578291.1108850418
 10
427215.4524670594
 20
1578291.9028545865
 10
427220.84340977756
 20
1578292.1676946196
 10
427226.2343524957
 20
1578291.9028545865
 10
427231.5733774885
 20
1578291.1108850418
 10
427236.80906702654
 20
1578289.799413085
 10
427241.8909985576
 20
1578287.9810689078
 10
427246.770230303
 20
1578285.6733641587
 10
427251.39977259364
 20
1578282.8985232962
 10
427255.7350404066
 20
1578279.6832695545
 10
427259.73428274284
 20
1578276.058567585
 10
427263.3589847125
 20
1578272.0593252487
 10
427266.5742384542
 20
1578267.7240574358
 10
427269.3490793167
 20
1578263.094515145
 10
427271.6567840657
 20
1578258.2152833997
 10
427273.4751282428
 20
1578253.1333518687
 10
427274.78660019976
 20
1578247.8976623304
 10
427275.57856974454
 20
1578242.5586373378
 10
427275.84340977756
 20
1578237.1676946196
 10
427275.57856974454
 20
1578231.7767519015
 10
427274.78660019976
 20
1578226.4377269088
 10
427273.4751282428
 20
1578221.2020373705
 10
427271.6567840657
 20
1578216.1201058396
 10
427269.3490793167
 20
1578211.2408740942
 10
427266.5742384542
 20
1578206.6113318035
 10
427263.3589847125
 20
1578202.2760639905
 10
427259.73428274284
 20
1578198.2768216543
 10
427255.7350404066
 20
1578194.6521196847
 10
427251.39977259364
 20
1578191.436865943
 10
427246.770230303
 20
1578188.6620250805
 10
427241.8909985576
 20
1578186.3543203315
 10
427236.80906702654
 20
1578184.5359761543
 10
427231.5733774885
 20
1578183.2245041975
 10
427226.2343524957
 20
1578182.4325346528
 10
427220.84340977756
 20
1578182.1676946196
 10
427215.4524670594
 20
1578182.4325346528
 10
427210.11344206665
 20
1578183.2245041975
 10
427204.8777525286
 20
1578184.5359761543
 10
427199.7958209975
 20
1578186.3543203315
 10
427194.9165892521
 20
1578188.6620250805
 10
427193.25854185346
 20
1578189.6558204463
 10
426637.25198143226
 20
1578091.616862393
 10
426634.8168566331
 20
1578105.4271413947
 10
426632.70323789946
 20
1578105.1136156726
  0
LWPOLYLINE
  5
A9
330
17
100
AcDbEntity
  8
L-GOLF-GRN
100
AcDbPolyline
 90
65
 70
1
 10
427251.09340977756
 20
1578237.1676946196
 10
427250.9477477594
 20
1578234.2026761246
 10
427250.51216450974
 20
1578231.2662123786
 10
427249.79085493344
 20
1578228.3865831327
 10
427248.790765636
 20
1578225.5915207905
 10
427247.5215280241
 20
1578222.9079433307
 10
427245.9953655497
 20
1578220.3616950708
 10
427244.2269759918
 20
1578217.9772977736
 10
427242.23338990845
 20
1578215.7777144888
 10
427240.0338066235
 20
1578213.7841284054
 10
427237.6494093264
 20
1578212.0157388474
 10
427235.10316106654
 20
1578210.489576373
 10
427232.4195836066
 20
1578209.220338761
 10
427229.6245212645
 20
1578208.2202494638
 10
427226.74489201856
 20
1578207.4989398874
 10
427223.80842827255
 20
1578207.0633566377
 10
427220.84340977756
 20
1578206.9176946196
 10
427217.8783912826
 20
1578207.0633566377
 10
427214.94192753657
 20
1578207.4989398874
 10
427212.0622982906
 20
1578208.2202494638
 10
427209.26723594853
 20
1578209.220338761
 10
427206.5836584886
 20
1578210.489576373
 10
427204.03741022875
 20
1578212.0157388474
 10
427201.65301293164
 20
1578213.7841284054
 10
427199.4534296467
 20
1578215.7777144888
 10
427197.4598435633
 20
1578217.9772977736
 10
427195.6914540054
 20
1578220.3616950708
 10
427194.165291531
 20
1578222.9079433307
 10
427192.8960539191
 20
1578225.5915207905
 10
427191.8959646217
 20
1578228.3865831327
 10
427191.1746550454
 20
1578231.2662123786
 10
427190.7390717957
 20
1578234.2026761246
 10
427190.59340977756
 20
1578237.1676946196
 10
427190.7390717957
 20
1578240.1327131146
 10
427191.1746550454
 20
1578243.0691768606
 10
427191.8959646217
 20
1578245.9488061066
 10
427192.8960539191
 20
1578248.7438684488
 10
427194.165291531
 20
1578251.4274459085
 10
427195.6914540054
 20
1578253.9736941685
 10
427197.4598435633
 20
1578256.3580914657
 10
427199.4534296467
 20
1578258.5576747505
 10
427201.65301293164
 20
1578260.5512608339
 10
427204.03741022875
 20
1578262.3196503918
 10
427206.5836584886
 20
1578263.8458128662
 10
427209.26723594853
 20
1578265.1150504781
 10
427212.0622982906
 20
1578266.1151397754
 10
427214.94192753657
 20
1578266.8364493519
 10
427217.8783912826
 20
1578267.2720326015
 10
427220.84340977756
 20
1578267.4176946196
 10
427223.80842827255
 20
1578267.2720326015
 10
427226.74489201856
 20
1578266.8364493519
 10
427229.6245212645
 20
1578266.1151397754
 10
427232.4195836066
 20
1578265.1150504781
 10
427235.10316106654
 20
1578263.8458128662
 10
427237.6494093264
 20
1578262.3196503918
 10
427240.0338066235
 20
1578260.5512608339
 10
427242.23338990845
 20
1578258.5576747505
 10
427244.2269759918
 20
1578256.3580914657
 10
427245.9953655497
 20
1578253.9736941685
 10
427247.5215280241
 20
1578251.4274459085
 10
427248.790765636
 20
1578248.7438684488
 10
427249.79085493344
 20
1578245.9488061066
 10
427250.51216450974
 20
1578243.0691768606
 10
427250.9477477594
 20
1578240.1327131146
 10
427251.09340977756
 20
1578237.1676946196
  0
LWPOLYLINE
  5
AA
330
17
100
AcDbEntity
  8
L-GOLF-TEE
100
AcDbPolyline
 90
65
 70
1
 10
426643.95875797025
 20
1578132.9787880194
 10
426643.89134414366
 20
1578131.6065480548
 10
426643.6897518959
 20
1578130.247523511
 10
426643.3559226705
 20
1578128.9148025378
 10
426642.8930714254
 20
1578127.6212199663
 10
426642.3056556711
 20
1578126.3792337037
 10
426641.5993325425
 20
1578125.2008047572
 10
426640.78090431733
 20
1578124.097282041
 10
426639.8582529069
 20
1578123.0792930827
 10
426638.84026394854
 20
1578122.1566416724
 10
426637.7367412325
 20
1578121.3382134472
 10
426636.5583122858
 20
1578120.6318903186
 10
426635.31632602337
 20
1578120.0444745643
 10
426634.0227434518
 20
1578119.581623319
 10
426632.69002247846
 20
1578119.2477940938
 10
426631.33099793486
 20
1578119.0462018459
 10
426629.95875797025
 20
1578118.9787880194
 10
426628.58651800564
 20
1578119.0462018459
 10
426627.22749346204
 20
1578119.2477940938
 10
426625.8947724887
 20
1578119.581623319
 10
426624.6011899171
 20
1578120.0444745643
 10
426623.3592036547
 20
1578120.6318903186
 10
426622.180774708
 20
1578121.3382134472
 10
426621.07725199196
 20
1578122.1566416724
 10
426620.0592630336
 20
1578123.0792930827
 10
426619.13661162317
 20
1578124.097282041
 10
426618.318183398
 20
1578125.2008047572
 10
426617.6118602694
 20
1578126.3792337037
 10
426617.0244445151
 20
1578127.6212199663
 10
426616.56159327
 20
1578128.9148025378
 10
426616.2277640446
 20
1578130.247523511
 10
426616.02617179684
 20
1578131.6065480548
 10
426615.95875797025
 20
1578132.9787880194
 10
426616.02617179684
 20
1578134.351027984
 10
426616.2277640446
 20
1578135.7100525277
 10
426616.56159327
 20
1578137.042773501
 10
426617.0244445151
 20
1578138.3363560725
 10
426617.6118602694
 20
1578139.578342335
 10
426618.318183398
 20
1578140.7567712816
 10
426619.13661162317
 20
1578141.8602939977
 10
426620.0592630336
 20
1578142.878282956
 10
426621.07725199196
 20
1578143.8009343664
 10
426622.180774708
 20
1578144.6193625915
 10
426623.3592036547
 20
1578145.3256857202
 10
426624.6011899171
 20
1578145.9131014745
 10
426625.8947724887
 20
1578146.3759527197
 10
426627.22749346204
 20
1578146.709781945
 10
426628.58651800564
 20
1578146.911374193
 10
426629.95875797025
 20
1578146.9787880194
 10
426631.33099793486
 20
1578146.911374193
 10
426632.69002247846
 20
1578146.709781945
 10
426634.0227434518
 20
1578146.3759527197
 10
426635.31632602337
 20
1578145.9131014745
 10
426636.5583122858
 20
1578145.3256857202
 10
426637.7367412325
 20
1578144.6193625915
 10
426638.84026394854
 20
1578143.8009343664
 10
426639.8582529069
 20
1578142.878282956
 10
426640.78090431733
 20
1578141.8602939977
 10
426641.5993325425
 20
1578140.7567712816
 10
426642.3056556711
 20
1578139.578342335
 10
426642.8930714254
 20
1578138.3363560725
 10
426643.3559226705
 20
1578137.042773501
 10
426643.6897518959
 20
1578135.7100525277
 10
426643.89134414366
 20
1578134.351027984
 10
426643.95875797025
 20
1578132.9787880194
  0
LINE
  5
AB
330
17
100
AcDbEntity
  8
L-GOLF-CL
100
AcDbLine
 10
426629.95875797025
 20
1578132.9787880194
 30
0.0
 11
427220.84340977756
 21
1578237.1676946196
 31
0.0
  0
TEXT
  5
AC
330
17
100
AcDbEntity
  8
L-GOLF-ANNO
100
AcDbText
 10
426649.95875797025
 20
1578152.9787880194
 30
0.0
 40
14.0
  1
5  PAR 3  200 YD
 11
426649.95875797025
 21
1578152.9787880194
 31
0.0
100
AcDbText
  0
LWPOLYLINE
  5
AD
330
17
100
AcDbEntity
  8
L-GOLF-FWY
100
AcDbPolyline
 90
85
 70
1
 10
427737.37475637114
 20
1578016.7631794317
 10
427736.58278682636
 20
1578011.424154439
 10
427735.2713148694
 20
1578006.1884649007
 10
427733.4529706923
 20
1578001.1065333697
 10
427731.1452659433
 20
1577996.2273016244
 10
427728.3704250808
 20
1577991.5977593337
 10
427725.1551713391
 20
1577987.2624915207
 10
427721.53046936943
 20
1577983.2632491845
 10
427717.5312270332
 20
1577979.638547215
 10
427713.19595922023
 20
1577976.4232934732
 10
427708.5664169296
 20
1577973.6484526107
 10
427703.6871851842
 20
1577971.3407478617
 10
427698.60525365314
 20
1577969.5224036844
 10
427693.36956411507
 20
1577968.2109317277
 10
427688.0305391223
 20
1577967.418962183
 10
427682.63959640416
 20
1577967.1541221498
 10
427677.248653686
 20
1577967.418962183
 10
427671.90962869325
 20
1577968.2109317277
 10
427666.6739391552
 20
1577969.5224036844
 10
427661.5920076241
 20
1577971.3407478617
 10
427656.7127758787
 20
1577973.6484526107
 10
427652.0832335881
 20
1577976.4232934732
 10
427647.74796577514
 20
1577979.638547215
 10
427643.7487234389
 20
1577983.2632491845
 10
427640.40411129635
 20
1577986.9534600186
 10
427143.55018631555
 20
1578074.5622124635
 10
427145.9853111147
 20
1578088.3724914652
 10
427145.38088076113
 20
1578088.4621502387
 10
427142.7154388144
 20
1578089.1298086895
 10
427140.1282736713
 20
1578090.0555111796
 10
427137.64430114644
 20
1578091.230342688
 10
427135.28744325304
 20
1578092.6429889454
 10
427133.080397821
 20
1578094.2798453958
 10
427131.04441990436
 20
1578096.1251482167
 10
427129.1991170834
 20
1578098.1611261333
 10
427127.5622606331
 20
1578100.3681715652
 10
427126.1496143758
 20
1578102.7250294588
 10
427124.97478286724
 20
1578105.2090019837
 10
427124.04908037704
 20
1578107.7961671269
 10
427123.38142192626
 20
1578110.4616090734
 10
427122.97823743074
 20
1578113.1796581605
 10
427122.84340977756
 20
1578115.9241380899
 10
427122.97823743074
 20
1578118.6686180192
 10
427123.38142192626
 20
1578121.3866671063
 10
427124.04908037704
 20
1578124.052109053
 10
427124.97478286724
 20
1578126.639274196
 10
427126.1496143758
 20
1578129.123246721
 10
427127.5622606331
 20
1578131.4801046145
 10
427129.1991170834
 20
1578133.6871500465
 10
427131.04441990436
 20
1578135.723127963
 10
427133.080397821
 20
1578137.568430784
 10
427135.28744325304
 20
1578139.2052872344
 10
427137.64430114644
 20
1578140.6179334917
 10
427140.1282736713
 20
1578141.7927650001
 10
427142.7154388144
 20
1578142.7184674903
 10
427145.38088076113
 20
1578143.386125941
 10
427148.09892984835
 20
1578143.7893104367
 10
427150.84340977756
 20
1578143.9241380899
 10
427153.5878897068
 20
1578143.7893104367
 10
427155.7015084404
 20
1578143.4757847146
 10
427158.13663323957
 20
1578157.2860637163
 10
427655.05472848006
 20
1578069.665996323
 10
427656.7127758787
 20
1578070.659791689
 10
427661.5920076241
 20
1578072.967496438
 10
427666.6739391552
 20
1578074.7858406152
 10
427671.90962869325
 20
1578076.097312572
 10
427677.248653686
 20
1578076.8892821167
 10
427682.63959640416
 20
1578077.1541221498
 10
427688.0305391223
 20
1578076.8892821167
 10
427693.36956411507
 20
1578076.097312572
 10
427698.60525365314
 20
1578074.7858406152
 10
427703.6871851842
 20
1578072.967496438
 10
427708.5664169296
 20
1578070.659791689
 10
427713.19595922023
 20
1578067.8849508264
 10
427717.5312270332
 20
1578064.6696970847
 10
427721.53046936943
 20
1578061.0449951151
 10
427725.1551713391
 20
1578057.0457527789
 10
427728.3704250808
 20
1578052.710484966
 10
427731.1452659433
 20
1578048.0809426752
 10
427733.4529706923
 20
1578043.2017109299
 10
427735.2713148694
 20
1578038.119779399
 10
427736.58278682636
 20
1578032.8840898606
 10
427737.37475637114
 20
1578027.545064868
 10
427737.63959640416
 20
1578022.1541221498
 10
427737.37475637114
 20
1578016.7631794317
  0
LWPOLYLINE
  5
AE
330
17
100
AcDbEntity
  8
L-GOLF-GRN
100
AcDbPolyline
 90
65
 70
1
 10
427712.88959640416
 20
1578022.1541221498
 10
427712.743934386
 20
1578019.1891036548
 10
427712.30835113634
 20
1578016.2526399088
 10
427711.58704156004
 20
1578013.3730106628
 10
427710.5869522626
 20
1578010.5779483207
 10
427709.3177146507
 20
1578007.894370861
 10
427707.7915521763
 20
1578005.348122601
 10
427706.0231626184
 20
1578002.9637253038
 10
427704.02957653505
 20
1578000.764142019
 10
427701.8299932501
 20
1577998.7705559356
 10
427699.445595953
 20
1577997.0021663776
 10
427696.89934769314
 20
1577995.4760039032
 10
427694.2157702332
 20
1577994.2067662913
 10
427691.4207078911
 20
1577993.206676994
 10
427688.54107864515
 20
1577992.4853674176
 10
427685.60461489914
 20
1577992.049784168
 10
427682.63959640416
 20
1577991.9041221498
 10
427679.6745779092
 20
1577992.049784168
 10
427676.73811416316
 20
1577992.4853674176
 10
427673.8584849172
 20
1577993.206676994
 10
427671.0634225751
 20
1577994.2067662913
 10
427668.3798451152
 20
1577995.4760039032
 10
427665.83359685534
 20
1577997.0021663776
 10
427663.44919955824
 20
1577998.7705559356
 10
427661.2496162733
 20
1578000.764142019
 10
427659.2560301899
 20
1578002.9637253038
 10
427657.487640632
 20
1578005.348122601
 10
427655.9614781576
 20
1578007.894370861
 10
427654.6922405457
 20
1578010.5779483207
 10
427653.6921512483
 20
1578013.3730106628
 10
427652.970841672
 20
1578016.2526399088
 10
427652.5352584223
 20
1578019.1891036548
 10
427652.38959640416
 20
1578022.1541221498
 10
427652.5352584223
 20
1578025.1191406448
 10
427652.970841672
 20
1578028.0556043908
 10
427653.6921512483
 20
1578030.9352336368
 10
427654.6922405457
 20
1578033.730295979
 10
427655.9614781576
 20
1578036.4138734387
 10
427657.487640632
 20
1578038.9601216987
 10
427659.2560301899
 20
1578041.3445189958
 10
427661.2496162733
 20
1578043.5441022806
 10
427663.44919955824
 20
1578045.537688364
 10
427665.83359685534
 20
1578047.306077922
 10
427668.3798451152
 20
1578048.8322403964
 10
427671.0634225751
 20
1578050.1014780083
 10
427673.8584849172
 20
1578051.1015673056
 10
427676.73811416316
 20
1578051.822876882
 10
427679.6745779092
 20
1578052.2584601317
 10
427682.63959640416
 20
1578052.4041221498
 10
427685.60461489914
 20
1578052.2584601317
 10
427688.54107864515
 20
1578051.822876882
 10
427691.4207078911
 20
1578051.1015673056
 10
427694.2157702332
 20
1578050.1014780083
 10
427696.89934769314
 20
1578048.8322403964
 10
427699.445595953
 20
1578047.306077922
 10
427701.8299932501
 20
1578045.537688364
 10
427704.02957653505
 20
1578043.5441022806
 10
427706.0231626184
 20
1578041.3445189958
 10
427707.7915521763
 20
1578038.9601216987
 10
427709.3177146507
 20
1578036.4138734387
 10
427710.5869522626
 20
1578033.730295979
 10
427711.58704156004
 20
1578030.9352336368
 10
427712.30835113634
 20
1578028.0556043908
 10
427712.743934386
 20
1578025.1191406448
 10
427712.88959640416
 20
1578022.1541221498
  0
LWPOLYLINE
  5
AF
330
17
100
AcDbEntity
  8
L-GOLF-TEE
100
AcDbPolyline
 90
65
 70
1
 10
427164.84340977756
 20
1578115.9241380899
 10
427164.775995951
 20
1578114.5518981253
 10
427164.5744037032
 20
1578113.1928735815
 10
427164.2405744778
 20
1578111.8601526082
 10
427163.7777232327
 20
1578110.5665700368
 10
427163.1903074784
 20
1578109.3245837742
 10
427162.4839843498
 20
1578108.1461548277
 10
427161.66555612464
 20
1578107.0426321116
 10
427160.7429047142
 20
1578106.0246431532
 10
427159.72491575585
 20
1578105.1019917428
 10
427158.6213930398
 20
1578104.2835635177
 10
427157.4429640931
 20
1578103.577240389
 10
427156.2009778307
 20
1578102.9898246347
 10
427154.9073952591
 20
1578102.5269733896
 10
427153.5746742858
 20
1578102.1931441643
 10
427152.21564974217
 20
1578101.9915519163
 10
427150.84340977756
 20
1578101.9241380899
 10
427149.47116981295
 20
1578101.9915519163
 10
427148.11214526935
 20
1578102.1931441643
 10
427146.779424296
 20
1578102.5269733896
 10
427145.48584172444
 20
1578102.9898246347
 10
427144.243855462
 20
1578103.577240389
 10
427143.0654265153
 20
1578104.2835635177
 10
427141.96190379927
 20
1578105.1019917428
 10
427140.94391484093
 20
1578106.0246431532
 10
427140.0212634305
 20
1578107.0426321116
 10
427139.2028352053
 20
1578108.1461548277
 10
427138.4965120767
 20
1578109.3245837742
 10
427137.90909632243
 20
1578110.5665700368
 10
427137.4462450773
 20
1578111.8601526082
 10
427137.1124158519
 20
1578113.1928735815
 10
427136.91082360415
 20
1578114.5518981253
 10
427136.84340977756
 20
1578115.9241380899
 10
427136.91082360415
 20
1578117.2963780544
 10
427137.1124158519
 20
1578118.6554025982
 10
427137.4462450773
 20
1578119.9881235715
 10
427137.90909632243
 20
1578121.281706143
 10
427138.4965120767
 20
1578122.5236924055
 10
427139.2028352053
 20
1578123.702121352
 10
427140.0212634305
 20
1578124.8056440682
 10
427140.94391484093
 20
1578125.8236330266
 10
427141.96190379927
 20
1578126.746284437
 10
427143.0654265153
 20
1578127.564712662
 10
427144.243855462
 20
1578128.2710357907
 10
427145.48584172444
 20
1578128.858451545
 10
427146.779424296
 20
1578129.3213027902
 10
427148.11214526935
 20
1578129.6551320155
 10
427149.47116981295
 20
1578129.8567242634
 10
427150.84340977756
 20
1578129.9241380899
 10
427152.21564974217
 20
1578129.8567242634
 10
427153.5746742858
 20
1578129.6551320155
 10
427154.9073952591
 20
1578129.3213027902
 10
427156.2009778307
 20
1578128.858451545
 10
427157.4429640931
 20
1578128.2710357907
 10
427158.6213930398
 20
1578127.564712662
 10
427159.72491575585
 20
1578126.746284437
 10
427160.7429047142
 20
1578125.8236330266
 10
427161.66555612464
 20
1578124.8056440682
 10
427162.4839843498
 20
1578123.702121352
 10
427163.1903074784
 20
1578122.5236924055
 10
427163.7777232327
 20
1578121.281706143
 10
427164.2405744778
 20
1578119.9881235715
 10
427164.5744037032
 20
1578118.6554025982
 10
427164.775995951
 20
1578117.2963780544
 10
427164.84340977756
 20
1578115.9241380899
  0
LINE
  5
B0
330
17
100
AcDbEntity
  8
L-GOLF-CL
100
AcDbLine
 10
427150.84340977756
 20
1578115.9241380899
 30
0.0
 11
427682.63959640416
 21
1578022.1541221498
 31
0.0
  0
TEXT
  5
B1
330
17
100
AcDbEntity
  8
L-GOLF-ANNO
100
AcDbText
 10
427170.84340977756
 20
1578135.9241380899
 30
0.0
 40
14.0
  1
6  PAR 3  180 YD
 11
427170.84340977756
 21
1578135.9241380899
 31
0.0
100
AcDbText
  0
LWPOLYLINE
  5
B2
330
17
100
AcDbEntity
  8
L-GOLF-FWY
100
AcDbPolyline
 90
85
 70
1
 10
428149.7437766051
 20
1577626.7729140755
 10
428148.95180706034
 20
1577621.4338890829
 10
428147.6403351034
 20
1577616.1981995446
 10
428145.8219909263
 20
1577611.1162680136
 10
428143.5142861773
 20
1577606.2370362682
 10
428140.7394453148
 20
1577601.6074939775
 10
428137.5241915731
 20
1577597.2722261646
 10
428133.8994896034
 20
1577593.2729838283
 10
428129.90024726716
 20
1577589.6482818588
 10
428125.5649794542
 20
1577586.433028117
 10
428120.93543716357
 20
1577583.6581872546
 10
428116.0562054182
 20
1577581.3504825055
 10
428110.9742738871
 20
1577579.5321383283
 10
428105.73858434905
 20
1577578.2206663715
 10
428100.3995593563
 20
1577577.4286968268
 10
428095.00861663814
 20
1577577.1638567937
 10
428089.61767392
 20
1577577.4286968268
 10
428084.2786489272
 20
1577578.2206663715
 10
428079.04295938916
 20
1577579.5321383283
 10
428073.9610278581
 20
1577581.3504825055
 10
428069.0817961127
 20
1577583.6581872546
 10
428064.45225382206
 20
1577586.433028117
 10
428060.1169860091
 20
1577589.6482818588
 10
428056.11774367286
 20
1577593.2729838283
 10
428052.4930417032
 20
1577597.2722261646
 10
428049.2777879615
 20
1577601.6074939775
 10
428046.502947099
 20
1577606.2370362682
 10
428044.19524235
 20
1577611.1162680136
 10
428043.34414273093
 20
1577613.4949320995
 10
427554.3933743675
 20
1577895.7907898347
 10
427561.40836591815
 20
1577907.9411116152
 10
427559.837407843
 20
1577908.8827076491
 10
427557.6303624109
 20
1577910.5195640996
 10
427555.5943844943
 20
1577912.3648669205
 10
427553.74908167333
 20
1577914.400844837
 10
427552.11222522304
 20
1577916.607890269
 10
427550.6995789657
 20
1577918.9647481625
 10
427549.5247474572
 20
1577921.4487206875
 10
427548.599044967
 20
1577924.0358858306
 10
427547.9313865162
 20
1577926.7013277772
 10
427547.5282020207
 20
1577929.4193768643
 10
427547.3933743675
 20
1577932.1638567937
 10
427547.5282020207
 20
1577934.908336723
 10
427547.9313865162
 20
1577937.62638581
 10
427548.599044967
 20
1577940.2918277567
 10
427549.5247474572
 20
1577942.8789928998
 10
427550.6995789657
 20
1577945.3629654248
 10
427552.11222522304
 20
1577947.7198233183
 10
427553.74908167333
 20
1577949.9268687502
 10
427555.5943844943
 20
1577951.9628466668
 10
427557.6303624109
 20
1577953.8081494877
 10
427559.837407843
 20
1577955.4450059382
 10
427562.1942657364
 20
1577956.8576521955
 10
427564.67823826126
 20
1577958.032483704
 10
427567.26540340437
 20
1577958.958186194
 10
427569.9308453511
 20
1577959.6258446448
 10
427572.6488944383
 20
1577960.0290291405
 10
427575.3933743675
 20
1577960.1638567937
 10
427578.1378542967
 20
1577960.0290291405
 10
427580.8559033839
 20
1577959.6258446448
 10
427583.52134533064
 20
1577958.958186194
 10
427586.10851047374
 20
1577958.032483704
 10
427588.5924829986
 20
1577956.8576521955
 10
427589.37838281685
 20
1577956.3866019722
 10
427596.3933743675
 20
1577968.5369237526
 10
428085.31102611386
 20
1577686.2601859053
 10
428089.61767392
 20
1577686.8990167605
 10
428095.00861663814
 20
1577687.1638567937
 10
428100.3995593563
 20
1577686.8990167605
 10
428105.73858434905
 20
1577686.1070472158
 10
428110.9742738871
 20
1577684.795575259
 10
428116.0562054182
 20
1577682.9772310818
 10
428120.93543716357
 20
1577680.6695263328
 10
428125.5649794542
 20
1577677.8946854703
 10
428129.90024726716
 20
1577674.6794317286
 10
428133.8994896034
 20
1577671.054729759
 10
428137.5241915731
 20
1577667.0554874227
 10
428140.7394453148
 20
1577662.7202196098
 10
428143.5142861773
 20
1577658.090677319
 10
428145.8219909263
 20
1577653.2114455737
 10
428147.6403351034
 20
1577648.1295140428
 10
428148.95180706034
 20
1577642.8938245045
 10
428149.7437766051
 20
1577637.5547995118
 10
428150.00861663814
 20
1577632.1638567937
 10
428149.7437766051
 20
1577626.7729140755
  0
LWPOLYLINE
  5
B3
330
17
100
AcDbEntity
  8
L-GOLF-GRN
100
AcDbPolyline
 90
65
 70
1
 10
428125.25861663814
 20
1577632.1638567937
 10
428125.11295462
 20
1577629.1988382987
 10
428124.6773713703
 20
1577626.2623745527
 10
428123.956061794
 20
1577623.3827453067
 10
428122.9559724966
 20
1577620.5876829645
 10
428121.6867348847
 20
1577617.9041055047
 10
428120.16057241027
 20
1577615.3578572448
 10
428118.3921828524
 20
1577612.9734599476
 10
428116.398596769
 20
1577610.7738766628
 10
428114.19901348406
 20
1577608.7802905794
 10
428111.81461618695
 20
1577607.0119010215
 10
428109.2683679271
 20
1577605.485738547
 10
428106.58479046717
 20
1577604.2165009351
 10
428103.7897281251
 20
1577603.2164116378
 10
428100.91009887913
 20
1577602.4951020614
 10
428097.9736351331
 20
1577602.0595188118
 10
428095.00861663814
 20
1577601.9138567937
 10
428092.04359814315
 20
1577602.0595188118
 10
428089.10713439714
 20
1577602.4951020614
 10
428086.2275051512
 20
1577603.2164116378
 10
428083.4324428091
 20
1577604.2165009351
 10
428080.74886534916
 20
1577605.485738547
 10
428078.2026170893
 20
1577607.0119010215
 10
428075.8182197922
 20
1577608.7802905794
 10
428073.61863650725
 20
1577610.7738766628
 10
428071.6250504239
 20
1577612.9734599476
 10
428069.856660866
 20
1577615.3578572448
 10
428068.3304983916
 20
1577617.9041055047
 10
428067.0612607797
 20
1577620.5876829645
 10
428066.06117148226
 20
1577623.3827453067
 10
428065.33986190596
 20
1577626.2623745527
 10
428064.9042786563
 20
1577629.1988382987
 10
428064.75861663814
 20
1577632.1638567937
 10
428064.9042786563
 20
1577635.1288752886
 10
428065.33986190596
 20
1577638.0653390347
 10
428066.06117148226
 20
1577640.9449682806
 10
428067.0612607797
 20
1577643.7400306228
 10
428068.3304983916
 20
1577646.4236080826
 10
428069.856660866
 20
1577648.9698563425
 10
428071.6250504239
 20
1577651.3542536397
 10
428073.61863650725
 20
1577653.5538369245
 10
428075.8182197922
 20
1577655.547423008
 10
428078.2026170893
 20
1577657.3158125659
 10
428080.74886534916
 20
1577658.8419750403
 10
428083.4324428091
 20
1577660.1112126522
 10
428086.2275051512
 20
1577661.1113019495
 10
428089.10713439714
 20
1577661.832611526
 10
428092.04359814315
 20
1577662.2681947756
 10
428095.00861663814
 20
1577662.4138567937
 10
428097.9736351331
 20
1577662.2681947756
 10
428100.91009887913
 20
1577661.832611526
 10
428103.7897281251
 20
1577661.1113019495
 10
428106.58479046717
 20
1577660.1112126522
 10
428109.2683679271
 20
1577658.8419750403
 10
428111.81461618695
 20
1577657.3158125659
 10
428114.19901348406
 20
1577655.547423008
 10
428116.398596769
 20
1577653.5538369245
 10
428118.3921828524
 20
1577651.3542536397
 10
428120.16057241027
 20
1577648.9698563425
 10
428121.6867348847
 20
1577646.4236080826
 10
428122.9559724966
 20
1577643.7400306228
 10
428123.956061794
 20
1577640.9449682806
 10
428124.6773713703
 20
1577638.0653390347
 10
428125.11295462
 20
1577635.1288752886
 10
428125.25861663814
 20
1577632.1638567937
  0
LWPOLYLINE
  5
B4
330
17
100
AcDbEntity
  8
L-GOLF-TEE
100
AcDbPolyline
 90
65
 70
1
 10
427589.3933743675
 20
1577932.1638567937
 10
427589.3259605409
 20
1577930.791616829
 10
427589.12436829315
 20
1577929.4325922853
 10
427588.79053906776
 20
1577928.099871312
 10
427588.32768782263
 20
1577926.8062887406
 10
427587.74027206836
 20
1577925.564302478
 10
427587.03394893976
 20
1577924.3858735315
 10
427586.2155207146
 20
1577923.2823508154
 10
427585.29286930413
 20
1577922.264361857
 10
427584.2748803458
 20
1577921.3417104466
 10
427583.17135762976
 20
1577920.5232822215
 10
427581.99292868306
 20
1577919.8169590929
 10
427580.7509424206
 20
1577919.2295433385
 10
427579.45735984907
 20
1577918.7666920933
 10
427578.1246388757
 20
1577918.432862868
 10
427576.7656143321
 20
1577918.2312706201
 10
427575.3933743675
 20
1577918.1638567937
 10
427574.0211344029
 20
1577918.2312706201
 10
427572.6621098593
 20
1577918.432862868
 10
427571.32938888593
 20
1577918.7666920933
 10
427570.0358063144
 20
1577919.2295433385
 10
427568.79382005194
 20
1577919.8169590929
 10
427567.61539110524
 20
1577920.5232822215
 10
427566.5118683892
 20
1577921.3417104466
 10
427565.49387943087
 20
1577922.264361857
 10
427564.5712280204
 20
1577923.2823508154
 10
427563.75279979524
 20
1577924.3858735315
 10
427563.04647666664
 20
1577925.564302478
 10
427562.45906091237
 20
1577926.8062887406
 10
427561.99620966724
 20
1577928.099871312
 10
427561.66238044185
 20
1577929.4325922853
 10
427561.4607881941
 20
1577930.791616829
 10
427561.3933743675
 20
1577932.1638567937
 10
427561.4607881941
 20
1577933.5360967582
 10
427561.66238044185
 20
1577934.895121302
 10
427561.99620966724
 20
1577936.2278422753
 10
427562.45906091237
 20
1577937.5214248467
 10
427563.04647666664
 20
1577938.7634111093
 10
427563.75279979524
 20
1577939.9418400559
 10
427564.5712280204
 20
1577941.045362772
 10
427565.49387943087
 20
1577942.0633517304
 10
427566.5118683892
 20
1577942.9860031407
 10
427567.61539110524
 20
1577943.8044313658
 10
427568.79382005194
 20
1577944.5107544945
 10
427570.0358063144
 20
1577945.0981702488
 10
427571.32938888593
 20
1577945.561021494
 10
427572.6621098593
 20
1577945.8948507193
 10
427574.0211344029
 20
1577946.0964429672
 10
427575.3933743675
 20
1577946.1638567937
 10
427576.7656143321
 20
1577946.0964429672
 10
427578.1246388757
 20
1577945.8948507193
 10
427579.45735984907
 20
1577945.561021494
 10
427580.7509424206
 20
1577945.0981702488
 10
427581.99292868306
 20
1577944.5107544945
 10
427583.17135762976
 20
1577943.8044313658
 10
427584.2748803458
 20
1577942.9860031407
 10
427585.29286930413
 20
1577942.0633517304
 10
427586.2155207146
 20
1577941.045362772
 10
427587.03394893976
 20
1577939.9418400559
 10
427587.74027206836
 20
1577938.7634111093
 10
427588.32768782263
 20
1577937.5214248467
 10
427588.79053906776
 20
1577936.2278422753
 10
427589.12436829315
 20
1577934.895121302
 10
427589.3259605409
 20
1577933.5360967582
 10
427589.3933743675
 20
1577932.1638567937
  0
LINE
  5
B5
330
17
100
AcDbEntity
  8
L-GOLF-CL
100
AcDbLine
 10
427575.3933743675
 20
1577932.1638567937
 30
0.0
 11
428095.00861663814
 21
1577632.1638567937
 31
0.0
  0
TEXT
  5
B6
330
17
100
AcDbEntity
  8
L-GOLF-ANNO
100
AcDbText
 10
427595.3933743675
 20
1577952.1638567937
 30
0.0
 40
14.0
  1
7  PAR 3  200 YD
 11
427595.3933743675
 21
1577952.1638567937
 31
0.0
100
AcDbText
  0
LWPOLYLINE
  5
B7
330
17
100
AcDbEntity
  8
L-GOLF-FWY
100
AcDbPolyline
 90
85
 70
1
 10
427991.31682207494
 20
1577581.5365567987
 10
427990.9136375794
 20
1577578.8185077116
 10
427990.24597912864
 20
1577576.153065765
 10
427989.32027663843
 20
1577573.565900622
 10
427988.1454451299
 20
1577571.081928097
 10
427986.7327988726
 20
1577568.7250702034
 10
427985.0959424223
 20
1577566.5180247715
 10
427983.2506396013
 20
1577564.482046855
 10
427981.2146616847
 20
1577562.636744034
 10
427979.00761625264
 20
1577560.9998875835
 10
427976.65075835923
 20
1577559.5872413262
 10
427974.16678583436
 20
1577558.4124098178
 10
427971.57962069125
 20
1577557.4867073277
 10
427968.91417874454
 20
1577556.8190488769
 10
427966.1961296573
 20
1577556.4158643812
 10
427963.4516497281
 20
1577556.281036728
 10
427960.7071697989
 20
1577556.4158643812
 10
427958.59355106525
 20
1577556.7293901034
 10
427956.1584262661
 20
1577542.9191111017
 10
427400.1518658449
 20
1577640.958069155
 10
427398.49381844624
 20
1577639.9642737892
 10
427393.61458670086
 20
1577637.6565690401
 10
427388.5326551698
 20
1577635.838224863
 10
427383.2969656317
 20
1577634.5267529062
 10
427377.95794063894
 20
1577633.7347833614
 10
427372.5669979208
 20
1577633.4699433283
 10
427367.17605520267
 20
1577633.7347833614
 10
427361.8370302099
 20
1577634.5267529062
 10
427356.6013406718
 20
1577635.838224863
 10
427351.51940914075
 20
1577637.6565690401
 10
427346.64017739537
 20
1577639.9642737892
 10
427342.0106351047
 20
1577642.7391146517
 10
427337.6753672918
 20
1577645.9543683934
 10
427333.6761249555
 20
1577649.579070363
 10
427330.05142298585
 20
1577653.5783126992
 10
427326.83616924414
 20
1577657.9135805122
 10
427324.06132838165
 20
1577662.5431228029
 10
427321.75362363266
 20
1577667.4223545482
 10
427319.93527945556
 20
1577672.5042860792
 10
427318.6238074986
 20
1577677.7399756175
 10
427317.8318379538
 20
1577683.0790006102
 10
427317.5669979208
 20
1577688.4699433283
 10
427317.8318379538
 20
1577693.8608860464
 10
427318.6238074986
 20
1577699.199911039
 10
427319.93527945556
 20
1577704.4356005774
 10
427321.75362363266
 20
1577709.5175321084
 10
427324.06132838165
 20
1577714.3967638537
 10
427326.83616924414
 20
1577719.0263061444
 10
427330.05142298585
 20
1577723.3615739574
 10
427333.6761249555
 20
1577727.3608162936
 10
427337.6753672918
 20
1577730.9855182632
 10
427342.0106351047
 20
1577734.200772005
 10
427346.64017739537
 20
1577736.9756128674
 10
427351.51940914075
 20
1577739.2833176164
 10
427356.6013406718
 20
1577741.1016617937
 10
427361.8370302099
 20
1577742.4131337504
 10
427367.17605520267
 20
1577743.2051032952
 10
427372.5669979208
 20
1577743.4699433283
 10
427377.95794063894
 20
1577743.2051032952
 10
427383.2969656317
 20
1577742.4131337504
 10
427388.5326551698
 20
1577741.1016617937
 10
427393.61458670086
 20
1577739.2833176164
 10
427398.49381844624
 20
1577736.9756128674
 10
427403.1233607369
 20
1577734.200772005
 10
427407.4586285498
 20
1577730.9855182632
 10
427411.4578708861
 20
1577727.3608162936
 10
427414.8024830286
 20
1577723.6706054595
 10
427970.7448731901
 20
1577625.6429623545
 10
427968.309748391
 20
1577611.8326833528
 10
427968.91417874454
 20
1577611.7430245792
 10
427971.57962069125
 20
1577611.0753661285
 10
427974.16678583436
 20
1577610.1496636383
 10
427976.65075835923
 20
1577608.97483213
 10
427979.00761625264
 20
1577607.5621858726
 10
427981.2146616847
 20
1577605.925329422
 10
427983.2506396013
 20
1577604.0800266012
 10
427985.0959424223
 20
1577602.0440486846
 10
427986.7327988726
 20
1577599.8370032527
 10
427988.1454451299
 20
1577597.4801453592
 10
427989.32027663843
 20
1577594.9961728342
 10
427990.24597912864
 20
1577592.409007691
 10
427990.9136375794
 20
1577589.7435657445
 10
427991.31682207494
 20
1577587.0255166574
 10
427991.4516497281
 20
1577584.281036728
 10
427991.31682207494
 20
1577581.5365567987
  0
LWPOLYLINE
  5
B8
330
17
100
AcDbEntity
  8
L-GOLF-GRN
100
AcDbPolyline
 90
65
 70
1
 10
427402.8169979208
 20
1577688.4699433283
 10
427402.67133590265
 20
1577685.5049248333
 10
427402.235752653
 20
1577682.5684610873
 10
427401.5144430767
 20
1577679.6888318413
 10
427400.51435377926
 20
1577676.8937694991
 10
427399.24511616735
 20
1577674.2101920394
 10
427397.71895369294
 20
1577671.6639437794
 10
427395.95056413504
 20
1577669.2795464823
 10
427393.9569780517
 20
1577667.0799631975
 10
427391.7573947667
 20
1577665.086377114
 10
427389.3729974696
 20
1577663.317987556
 10
427386.8267492098
 20
1577661.7918250817
 10
427384.14317174983
 20
1577660.5225874698
 10
427381.34810940776
 20
1577659.5224981725
 10
427378.4684801618
 20
1577658.801188596
 10
427375.5320164158
 20
1577658.3656053464
 10
427372.5669979208
 20
1577658.2199433283
 10
427369.6019794258
 20
1577658.3656053464
 10
427366.6655156798
 20
1577658.801188596
 10
427363.78588643385
 20
1577659.5224981725
 10
427360.9908240918
 20
1577660.5225874698
 10
427358.3072466318
 20
1577661.7918250817
 10
427355.760998372
 20
1577663.317987556
 10
427353.3766010749
 20
1577665.086377114
 10
427351.1770177899
 20
1577667.0799631975
 10
427349.18343170657
 20
1577669.2795464823
 10
427347.41504214867
 20
1577671.6639437794
 10
427345.88887967425
 20
1577674.2101920394
 10
427344.61964206235
 20
1577676.8937694991
 10
427343.6195527649
 20
1577679.6888318413
 10
427342.8982431886
 20
1577682.5684610873
 10
427342.46265993896
 20
1577685.5049248333
 10
427342.3169979208
 20
1577688.4699433283
 10
427342.46265993896
 20
1577691.4349618233
 10
427342.8982431886
 20
1577694.3714255693
 10
427343.6195527649
 20
1577697.2510548152
 10
427344.61964206235
 20
1577700.0461171574
 10
427345.88887967425
 20
1577702.7296946172
 10
427347.41504214867
 20
1577705.2759428772
 10
427349.18343170657
 20
1577707.6603401743
 10
427351.1770177899
 20
1577709.8599234591
 10
427353.3766010749
 20
1577711.8535095425
 10
427355.760998372
 20
1577713.6218991005
 10
427358.3072466318
 20
1577715.148061575
 10
427360.9908240918
 20
1577716.4172991868
 10
427363.78588643385
 20
1577717.417388484
 10
427366.6655156798
 20
1577718.1386980605
 10
427369.6019794258
 20
1577718.5742813102
 10
427372.5669979208
 20
1577718.7199433283
 10
427375.5320164158
 20
1577718.5742813102
 10
427378.4684801618
 20
1577718.1386980605
 10
427381.34810940776
 20
1577717.417388484
 10
427384.14317174983
 20
1577716.4172991868
 10
427386.8267492098
 20
1577715.148061575
 10
427389.3729974696
 20
1577713.6218991005
 10
427391.7573947667
 20
1577711.8535095425
 10
427393.9569780517
 20
1577709.8599234591
 10
427395.95056413504
 20
1577707.6603401743
 10
427397.71895369294
 20
1577705.2759428772
 10
427399.24511616735
 20
1577702.7296946172
 10
427400.51435377926
 20
1577700.0461171574
 10
427401.5144430767
 20
1577697.2510548152
 10
427402.235752653
 20
1577694.3714255693
 10
427402.67133590265
 20
1577691.4349618233
 10
427402.8169979208
 20
1577688.4699433283
  0
LWPOLYLINE
  5
B9
330
17
100
AcDbEntity
  8
L-GOLF-TEE
100
AcDbPolyline
 90
65
 70
1
 10
427977.4516497281
 20
1577584.281036728
 10
427977.3842359015
 20
1577582.9087967635
 10
427977.18264365377
 20
1577581.5497722197
 10
427976.8488144284
 20
1577580.2170512464
 10
427976.38596318325
 20
1577578.923468675
 10
427975.798547429
 20
1577577.6814824124
 10
427975.0922243004
 20
1577576.5030534659
 10
427974.2737960752
 20
1577575.3995307498
 10
427973.35114466475
 20
1577574.3815417914
 10
427972.3331557064
 20
1577573.458890381
 10
427971.2296329904
 20
1577572.640462156
 10
427970.0512040437
 20
1577571.9341390273
 10
427968.80921778124
 20
1577571.346723273
 10
427967.5156352097
 20
1577570.8838720277
 10
427966.1829142363
 20
1577570.5500428025
 10
427964.8238896927
 20
1577570.3484505545
 10
427963.4516497281
 20
1577570.281036728
 10
427962.0794097635
 20
1577570.3484505545
 10
427960.7203852199
 20
1577570.5500428025
 10
427959.38766424655
 20
1577570.8838720277
 10
427958.094081675
 20
1577571.346723273
 10
427956.85209541256
 20
1577571.9341390273
 10
427955.67366646585
 20
1577572.640462156
 10
427954.5701437498
 20
1577573.458890381
 10
427953.5521547915
 20
1577574.3815417914
 10
427952.62950338103
 20
1577575.3995307498
 10
427951.81107515586
 20
1577576.5030534659
 10
427951.10475202726
 20
1577577.6814824124
 10
427950.517336273
 20
1577578.923468675
 10
427950.05448502785
 20
1577580.2170512464
 10
427949.72065580246
 20
1577581.5497722197
 10
427949.5190635547
 20
1577582.9087967635
 10
427949.4516497281
 20
1577584.281036728
 10
427949.5190635547
 20
1577585.6532766926
 10
427949.72065580246
 20
1577587.0123012364
 10
427950.05448502785
 20
1577588.3450222097
 10
427950.517336273
 20
1577589.6386047811
 10
427951.10475202726
 20
1577590.8805910437
 10
427951.81107515586
 20
1577592.0590199903
 10
427952.62950338103
 20
1577593.1625427064
 10
427953.5521547915
 20
1577594.1805316648
 10
427954.5701437498
 20
1577595.103183075
 10
427955.67366646585
 20
1577595.9216113002
 10
427956.85209541256
 20
1577596.6279344289
 10
427958.094081675
 20
1577597.2153501832
 10
427959.38766424655
 20
1577597.6782014284
 10
427960.7203852199
 20
1577598.0120306537
 10
427962.0794097635
 20
1577598.2136229016
 10
427963.4516497281
 20
1577598.281036728
 10
427964.8238896927
 20
1577598.2136229016
 10
427966.1829142363
 20
1577598.0120306537
 10
427967.5156352097
 20
1577597.6782014284
 10
427968.80921778124
 20
1577597.2153501832
 10
427970.0512040437
 20
1577596.6279344289
 10
427971.2296329904
 20
1577595.9216113002
 10
427972.3331557064
 20
1577595.103183075
 10
427973.35114466475
 20
1577594.1805316648
 10
427974.2737960752
 20
1577593.1625427064
 10
427975.0922243004
 20
1577592.0590199903
 10
427975.798547429
 20
1577590.8805910437
 10
427976.38596318325
 20
1577589.6386047811
 10
427976.8488144284
 20
1577588.3450222097
 10
427977.18264365377
 20
1577587.0123012364
 10
427977.3842359015
 20
1577585.6532766926
 10
427977.4516497281
 20
1577584.281036728
  0
LINE
  5
BA
330
17
100
AcDbEntity
  8
L-GOLF-CL
100
AcDbLine
 10
427963.4516497281
 20
1577584.281036728
 30
0.0
 11
427372.5669979208
 21
1577688.4699433283
 31
0.0
  0
TEXT
  5
BB
330
17
100
AcDbEntity
  8
L-GOLF-ANNO
100
AcDbText
 10
427983.4516497281
 20
1577604.281036728
 30
0.0
 40
14.0
  1
8  PAR 3  200 YD
 11
427983.4516497281
 21
1577604.281036728
 31
0.0
100
AcDbText
  0
LWPOLYLINE
  5
BC
330
17
100
AcDbEntity
  8
L-GOLF-FWY
100
AcDbPolyline
 90
85
 70
1
 10
427507.6783923043
 20
1577775.715728755
 10
427507.27520780877
 20
1577772.997679668
 10
427506.607549358
 20
1577770.3322377214
 10
427505.6818468678
 20
1577767.7450725783
 10
427504.50701535924
 20
1577765.2611000533
 10
427503.0943691019
 20
1577762.9042421598
 10
427501.4575126516
 20
1577760.6971967279
 10
427499.61220983067
 20
1577758.6612188113
 10
427497.57623191405
 20
1577756.8159159904
 10
427495.369186482
 20
1577755.17905954
 10
427493.0123285886
 20
1577753.7664132826
 10
427490.5283560637
 20
1577752.5915817742
 10
427487.9411909206
 20
1577751.665879284
 10
427485.2757489739
 20
1577750.9982208333
 10
427482.5576998867
 20
1577750.5950363376
 10
427479.81321995746
 20
1577750.4602086844
 10
427477.06874002825
 20
1577750.5950363376
 10
427474.35069094104
 20
1577750.9982208333
 10
427471.6852489943
 20
1577751.665879284
 10
427469.0980838512
 20
1577752.5915817742
 10
427466.61411132634
 20
1577753.7664132826
 10
427465.8282115081
 20
1577754.237463506
 10
427458.81321995746
 20
1577742.0871417255
 10
427021.85709243815
 20
1577994.3638795728
 10
427017.550444632
 20
1577993.7250487176
 10
427012.1595019139
 20
1577993.4602086844
 10
427006.76855919574
 20
1577993.7250487176
 10
427001.42953420297
 20
1577994.5170182623
 10
426996.1938446649
 20
1577995.828490219
 10
426991.1119131338
 20
1577997.6468343963
 10
426986.23268138844
 20
1577999.9545391453
 10
426981.6031390978
 20
1578002.7293800078
 10
426977.26787128486
 20
1578005.9446337495
 10
426973.2686289486
 20
1578009.569335719
 10
426969.6439269789
 20
1578013.5685780554
 10
426966.4286732372
 20
1578017.9038458683
 10
426963.6538323747
 20
1578022.533388159
 10
426961.34612762573
 20
1578027.4126199044
 10
426959.52778344863
 20
1578032.4945514353
 10
426958.2163114917
 20
1578037.7302409736
 10
426957.4243419469
 20
1578043.0692659663
 10
426957.1595019139
 20
1578048.4602086844
 10
426957.4243419469
 20
1578053.8511514026
 10
426958.2163114917
 20
1578059.1901763952
 10
426959.52778344863
 20
1578064.4258659335
 10
426961.34612762573
 20
1578069.5077974645
 10
426963.6538323747
 20
1578074.3870292099
 10
426966.4286732372
 20
1578079.0165715006
 10
426969.6439269789
 20
1578083.3518393135
 10
426973.2686289486
 20
1578087.3510816498
 10
426977.26787128486
 20
1578090.9757836193
 10
426981.6031390978
 20
1578094.191037361
 10
426986.23268138844
 20
1578096.9658782235
 10
426991.1119131338
 20
1578099.2735829726
 10
426996.1938446649
 20
1578101.0919271498
 10
427001.42953420297
 20
1578102.4033991066
 10
427006.76855919574
 20
1578103.1953686513
 10
427012.1595019139
 20
1578103.4602086844
 10
427017.550444632
 20
1578103.1953686513
 10
427022.8894696248
 20
1578102.4033991066
 10
427028.12515916285
 20
1578101.0919271498
 10
427033.20709069393
 20
1578099.2735829726
 10
427038.0863224393
 20
1578096.9658782235
 10
427042.71586472995
 20
1578094.191037361
 10
427047.0511325429
 20
1578090.9757836193
 10
427051.05037487915
 20
1578087.3510816498
 10
427054.6750768488
 20
1578083.3518393135
 10
427057.89033059054
 20
1578079.0165715006
 10
427060.66517145303
 20
1578074.3870292099
 10
427062.972876202
 20
1578069.5077974645
 10
427063.8239758211
 20
1578067.1291333786
 10
427500.81321995746
 20
1577814.8332756434
 10
427493.7982284068
 20
1577802.682953863
 10
427495.369186482
 20
1577801.741357829
 10
427497.57623191405
 20
1577800.1045013785
 10
427499.61220983067
 20
1577798.2591985576
 10
427501.4575126516
 20
1577796.223220641
 10
427503.0943691019
 20
1577794.016175209
 10
427504.50701535924
 20
1577791.6593173156
 10
427505.6818468678
 20
1577789.1753447906
 10
427506.607549358
 20
1577786.5881796475
 10
427507.27520780877
 20
1577783.9227377009
 10
427507.6783923043
 20
1577781.2046886138
 10
427507.81321995746
 20
1577778.4602086844
 10
427507.6783923043
 20
1577775.715728755
  0
LWPOLYLINE
  5
BD
330
17
100
AcDbEntity
  8
L-GOLF-GRN
100
AcDbPolyline
 90
65
 70
1
 10
427042.4095019139
 20
1578048.4602086844
 10
427042.2638398957
 20
1578045.4951901895
 10
427041.82825664605
 20
1578042.5587264434
 10
427041.10694706975
 20
1578039.6790971975
 10
427040.10685777233
 20
1578036.8840348553
 10
427038.8376201604
 20
1578034.2004573955
 10
427037.311457686
 20
1578031.6542091356
 10
427035.5430681281
 20
1578029.2698118384
 10
427033.54948204476
 20
1578027.0702285536
 10
427031.3498987598
 20
1578025.0766424702
 10
427028.9655014627
 20
1578023.3082529122
 10
427026.41925320285
 20
1578021.7820904378
 10
427023.7356757429
 20
1578020.512852826
 10
427020.94061340083
 20
1578019.5127635286
 10
427018.0609841549
 20
1578018.7914539522
 10
427015.12452040886
 20
1578018.3558707025
 10
427012.1595019139
 20
1578018.2102086844
 10
427009.1944834189
 20
1578018.3558707025
 10
427006.2580196729
 20
1578018.7914539522
 10
427003.3783904269
 20
1578019.5127635286
 10
427000.58332808485
 20
1578020.512852826
 10
426997.8997506249
 20
1578021.7820904378
 10
426995.35350236506
 20
1578023.3082529122
 10
426992.96910506795
 20
1578025.0766424702
 10
426990.769521783
 20
1578027.0702285536
 10
426988.77593569964
 20
1578029.2698118384
 10
426987.00754614174
 20
1578031.6542091356
 10
426985.4813836673
 20
1578034.2004573955
 10
426984.2121460554
 20
1578036.8840348553
 10
426983.212056758
 20
1578039.6790971975
 10
426982.4907471817
 20
1578042.5587264434
 10
426982.05516393203
 20
1578045.4951901895
 10
426981.9095019139
 20
1578048.4602086844
 10
426982.05516393203
 20
1578051.4252271794
 10
426982.4907471817
 20
1578054.3616909254
 10
426983.212056758
 20
1578057.2413201714
 10
426984.2121460554
 20
1578060.0363825136
 10
426985.4813836673
 20
1578062.7199599734
 10
426987.00754614174
 20
1578065.2662082333
 10
426988.77593569964
 20
1578067.6506055305
 10
426990.769521783
 20
1578069.8501888153
 10
426992.96910506795
 20
1578071.8437748987
 10
426995.35350236506
 20
1578073.6121644566
 10
426997.8997506249
 20
1578075.138326931
 10
427000.58332808485
 20
1578076.407564543
 10
427003.3783904269
 20
1578077.4076538403
 10
427006.2580196729
 20
1578078.1289634167
 10
427009.1944834189
 20
1578078.5645466663
 10
427012.1595019139
 20
1578078.7102086844
 10
427015.12452040886
 20
1578078.5645466663
 10
427018.0609841549
 20
1578078.1289634167
 10
427020.94061340083
 20
1578077.4076538403
 10
427023.7356757429
 20
1578076.407564543
 10
427026.41925320285
 20
1578075.138326931
 10
427028.9655014627
 20
1578073.6121644566
 10
427031.3498987598
 20
1578071.8437748987
 10
427033.54948204476
 20
1578069.8501888153
 10
427035.5430681281
 20
1578067.6506055305
 10
427037.311457686
 20
1578065.2662082333
 10
427038.8376201604
 20
1578062.7199599734
 10
427040.10685777233
 20
1578060.0363825136
 10
427041.10694706975
 20
1578057.2413201714
 10
427041.82825664605
 20
1578054.3616909254
 10
427042.2638398957
 20
1578051.4252271794
 10
427042.4095019139
 20
1578048.4602086844
  0
LWPOLYLINE
  5
BE
330
17
100
AcDbEntity
  8
L-GOLF-TEE
100
AcDbPolyline
 90
65
 70
1
 10
427493.81321995746
 20
1577778.4602086844
 10
427493.7458061309
 20
1577777.08796872
 10
427493.5442138831
 20
1577775.728944176
 10
427493.2103846577
 20
1577774.3962232028
 10
427492.7475334126
 20
1577773.1026406314
 10
427492.1601176583
 20
1577771.8606543688
 10
427491.4537945297
 20
1577770.6822254222
 10
427490.63536630454
 20
1577769.5787027061
 10
427489.7127148941
 20
1577768.5607137477
 10
427488.69472593575
 20
1577767.6380623374
 10
427487.5912032197
 20
1577766.8196341123
 10
427486.412774273
 20
1577766.1133109836
 10
427485.1707880106
 20
1577765.5258952293
 10
427483.877205439
 20
1577765.0630439841
 10
427482.5444844657
 20
1577764.7292147588
 10
427481.18545992207
 20
1577764.527622511
 10
427479.81321995746
 20
1577764.4602086844
 10
427478.44097999285
 20
1577764.527622511
 10
427477.08195544925
 20
1577764.7292147588
 10
427475.7492344759
 20
1577765.0630439841
 10
427474.45565190434
 20
1577765.5258952293
 10
427473.2136656419
 20
1577766.1133109836
 10
427472.0352366952
 20
1577766.8196341123
 10
427470.93171397917
 20
1577767.6380623374
 10
427469.91372502083
 20
1577768.5607137477
 10
427468.9910736104
 20
1577769.5787027061
 10
427468.1726453852
 20
1577770.6822254222
 10
427467.4663222566
 20
1577771.8606543688
 10
427466.87890650233
 20
1577773.1026406314
 10
427466.4160552572
 20
1577774.3962232028
 10
427466.0822260318
 20
1577775.728944176
 10
427465.88063378405
 20
1577777.08796872
 10
427465.81321995746
 20
1577778.4602086844
 10
427465.88063378405
 20
1577779.832448649
 10
427466.0822260318
 20
1577781.1914731928
 10
427466.4160552572
 20
1577782.524194166
 10
427466.87890650233
 20
1577783.8177767375
 10
427467.4663222566
 20
1577785.059763
 10
427468.1726453852
 20
1577786.2381919466
 10
427468.9910736104
 20
1577787.3417146627
 10
427469.91372502083
 20
1577788.3597036211
 10
427470.93171397917
 20
1577789.2823550315
 10
427472.0352366952
 20
1577790.1007832566
 10
427473.2136656419
 20
1577790.8071063852
 10
427474.45565190434
 20
1577791.3945221396
 10
427475.7492344759
 20
1577791.8573733848
 10
427477.08195544925
 20
1577792.19120261
 10
427478.44097999285
 20
1577792.392794858
 10
427479.81321995746
 20
1577792.4602086844
 10
427481.18545992207
 20
1577792.392794858
 10
427482.5444844657
 20
1577792.19120261
 10
427483.877205439
 20
1577791.8573733848
 10
427485.1707880106
 20
1577791.3945221396
 10
427486.412774273
 20
1577790.8071063852
 10
427487.5912032197
 20
1577790.1007832566
 10
427488.69472593575
 20
1577789.2823550315
 10
427489.7127148941
 20
1577788.3597036211
 10
427490.63536630454
 20
1577787.3417146627
 10
427491.4537945297
 20
1577786.2381919466
 10
427492.1601176583
 20
1577785.059763
 10
427492.7475334126
 20
1577783.8177767375
 10
427493.2103846577
 20
1577782.524194166
 10
427493.5442138831
 20
1577781.1914731928
 10
427493.7458061309
 20
1577779.832448649
 10
427493.81321995746
 20
1577778.4602086844
  0
LINE
  5
BF
330
17
100
AcDbEntity
  8
L-GOLF-CL
100
AcDbLine
 10
427479.81321995746
 20
1577778.4602086844
 30
0.0
 11
427012.1595019139
 21
1578048.4602086844
 31
0.0
  0
TEXT
  5
C0
330
17
100
AcDbEntity
  8
L-GOLF-ANNO
100
AcDbText
 10
427499.81321995746
 20
1577798.4602086844
 30
0.0
 40
14.0
  1
9  PAR 3  180 YD
 11
427499.81321995746
 21
1577798.4602086844
 31
0.0
100
AcDbText
  0
LWPOLYLINE
  5
C1
330
17
100
AcDbEntity
  8
L-GOLF-FWY
100
AcDbPolyline
 90
85
 70
1
 10
427391.2054067542
 20
1577385.5809382738
 10
427390.41343720944
 20
1577380.2419132811
 10
427389.1019652525
 20
1577375.0062237429
 10
427387.2836210754
 20
1577369.924292212
 10
427384.9759163264
 20
1577365.0450604665
 10
427382.2010754639
 20
1577360.4155181758
 10
427378.9858217222
 20
1577356.0802503629
 10
427375.3611197525
 20
1577352.0810080266
 10
427371.36187741626
 20
1577348.456306057
 10
427367.0266096033
 20
1577345.2410523153
 10
427362.3970673127
 20
1577342.4662114528
 10
427357.5178355673
 20
1577340.1585067038
 10
427352.4359040362
 20
1577338.3401625266
 10
427347.20021449815
 20
1577337.0286905698
 10
427341.8611895054
 20
1577336.236721025
 10
427336.47024678724
 20
1577335.971880992
 10
427331.0793040691
 20
1577336.236721025
 10
427325.74027907633
 20
1577337.0286905698
 10
427320.50458953826
 20
1577338.3401625266
 10
427315.4226580072
 20
1577340.1585067038
 10
427310.5434262618
 20
1577342.4662114528
 10
427305.91388397117
 20
1577345.2410523153
 10
427301.5786161582
 20
1577348.456306057
 10
427297.57937382197
 20
1577352.0810080266
 10
427293.9546718523
 20
1577356.0802503629
 10
427290.7394181106
 20
1577360.4155181758
 10
427287.9645772481
 20
1577365.0450604665
 10
427285.6568724991
 20
1577369.924292212
 10
427283.838528322
 20
1577375.0062237429
 10
427282.52705636504
 20
1577380.2419132811
 10
427281.73508682026
 20
1577385.5809382738
 10
427281.47024678724
 20
1577390.971880992
 10
427281.73508682026
 20
1577396.36282371
 10
427282.3739176756
 20
1577400.6694715163
 10
427000.09717982827
 20
1577889.5871232627
 10
427012.2475016087
 20
1577896.6021148134
 10
427011.77645138546
 20
1577897.3880146316
 10
427010.6016198769
 20
1577899.8719871566
 10
427009.6759173867
 20
1577902.4591522997
 10
427009.00825893594
 20
1577905.1245942463
 10
427008.6050744404
 20
1577907.8426433334
 10
427008.47024678724
 20
1577910.5871232627
 10
427008.6050744404
 20
1577913.331603192
 10
427009.00825893594
 20
1577916.0496522791
 10
427009.6759173867
 20
1577918.7150942257
 10
427010.6016198769
 20
1577921.3022593688
 10
427011.77645138546
 20
1577923.7862318938
 10
427013.1890976428
 20
1577926.1430897873
 10
427014.8259540931
 20
1577928.3501352193
 10
427016.67125691404
 20
1577930.3861131358
 10
427018.70723483065
 20
1577932.2314159567
 10
427020.9142802627
 20
1577933.8682724072
 10
427023.2711381561
 20
1577935.2809186645
 10
427025.755110681
 20
1577936.455750173
 10
427028.3422758241
 20
1577937.381452663
 10
427031.0077177708
 20
1577938.0491111139
 10
427033.725766858
 20
1577938.4522956095
 10
427036.47024678724
 20
1577938.5871232627
 10
427039.21472671645
 20
1577938.4522956095
 10
427041.93277580367
 20
1577938.0491111139
 10
427044.5982177504
 20
1577937.381452663
 10
427047.1853828935
 20
1577936.455750173
 10
427049.66935541836
 20
1577935.2809186645
 10
427052.02621331176
 20
1577933.8682724072
 10
427054.2332587438
 20
1577932.2314159567
 10
427056.26923666045
 20
1577930.3861131358
 10
427058.1145394814
 20
1577928.3501352193
 10
427059.7513959317
 20
1577926.1430897873
 10
427060.6929919658
 20
1577924.572131712
 10
427072.8433137462
 20
1577931.5871232627
 10
427355.1391714813
 20
1577442.6363548993
 10
427357.5178355673
 20
1577441.78525528
 10
427362.3970673127
 20
1577439.477550531
 10
427367.0266096033
 20
1577436.7027096685
 10
427371.36187741626
 20
1577433.4874559268
 10
427375.3611197525
 20
1577429.8627539573
 10
427378.9858217222
 20
1577425.863511621
 10
427382.2010754639
 20
1577421.528243808
 10
427384.9759163264
 20
1577416.8987015174
 10
427387.2836210754
 20
1577412.019469772
 10
427389.1019652525
 20
1577406.937538241
 10
427390.41343720944
 20
1577401.7018487027
 10
427391.2054067542
 20
1577396.36282371
 10
427391.47024678724
 20
1577390.971880992
 10
427391.2054067542
 20
1577385.5809382738
  0
LWPOLYLINE
  5
C2
330
17
100
AcDbEntity
  8
L-GOLF-GRN
100
AcDbPolyline
 90
65
 70
1
 10
427366.72024678724
 20
1577390.971880992
 10
427366.5745847691
 20
1577388.006862497
 10
427366.1390015194
 20
1577385.070398751
 10
427365.4176919431
 20
1577382.190769505
 10
427364.4176026457
 20
1577379.3957071628
 10
427363.1483650338
 20
1577376.712129703
 10
427361.6222025594
 20
1577374.165881443
 10
427359.8538130015
 20
1577371.781484146
 10
427357.8602269181
 20
1577369.581900861
 10
427355.66064363316
 20
1577367.5883147777
 10
427353.27624633606
 20
1577365.8199252198
 10
427350.7299980762
 20
1577364.2937627453
 10
427348.0464206163
 20
1577363.0245251334
 10
427345.2513582742
 20
1577362.0244358361
 10
427342.37172902824
 20
1577361.3031262597
 10
427339.4352652822
 20
1577360.86754301
 10
427336.47024678724
 20
1577360.721880992
 10
427333.50522829226
 20
1577360.86754301
 10
427330.56876454625
 20
1577361.3031262597
 10
427327.6891353003
 20
1577362.0244358361
 10
427324.8940729582
 20
1577363.0245251334
 10
427322.21049549826
 20
1577364.2937627453
 10
427319.6642472384
 20
1577365.8199252198
 10
427317.2798499413
 20
1577367.5883147777
 10
427315.08026665635
 20
1577369.581900861
 10
427313.086680573
 20
1577371.781484146
 10
427311.3182910151
 20
1577374.165881443
 10
427309.7921285407
 20
1577376.712129703
 10
427308.5228909288
 20
1577379.3957071628
 10
427307.52280163136
 20
1577382.190769505
 10
427306.80149205506
 20
1577385.070398751
 10
427306.3659088054
 20
1577388.006862497
 10
427306.22024678724
 20
1577390.971880992
 10
427306.3659088054
 20
1577393.936899487
 10
427306.80149205506
 20
1577396.873363233
 10
427307.52280163136
 20
1577399.752992479
 10
427308.5228909288
 20
1577402.548054821
 10
427309.7921285407
 20
1577405.2316322809
 10
427311.3182910151
 20
1577407.7778805408
 10
427313.086680573
 20
1577410.162277838
 10
427315.08026665635
 20
1577412.3618611228
 10
427317.2798499413
 20
1577414.3554472062
 10
427319.6642472384
 20
1577416.1238367641
 10
427322.21049549826
 20
1577417.6499992386
 10
427324.8940729582
 20
1577418.9192368505
 10
427327.6891353003
 20
1577419.9193261478
 10
427330.56876454625
 20
1577420.6406357242
 10
427333.50522829226
 20
1577421.0762189738
 10
427336.47024678724
 20
1577421.221880992
 10
427339.4352652822
 20
1577421.0762189738
 10
427342.37172902824
 20
1577420.6406357242
 10
427345.2513582742
 20
1577419.9193261478
 10
427348.0464206163
 20
1577418.9192368505
 10
427350.7299980762
 20
1577417.6499992386
 10
427353.27624633606
 20
1577416.1238367641
 10
427355.66064363316
 20
1577414.3554472062
 10
427357.8602269181
 20
1577412.3618611228
 10
427359.8538130015
 20
1577410.162277838
 10
427361.6222025594
 20
1577407.7778805408
 10
427363.1483650338
 20
1577405.2316322809
 10
427364.4176026457
 20
1577402.548054821
 10
427365.4176919431
 20
1577399.752992479
 10
427366.1390015194
 20
1577396.873363233
 10
427366.5745847691
 20
1577393.936899487
 10
427366.72024678724
 20
1577390.971880992
  0
LWPOLYLINE
  5
C3
330
17
100
AcDbEntity
  8
L-GOLF-TEE
100
AcDbPolyline
 90
65
 70
1
 10
427050.47024678724
 20
1577910.5871232627
 10
427050.40283296065
 20
1577909.2148832981
 10
427050.2012407129
 20
1577907.8558587544
 10
427049.8674114875
 20
1577906.523137781
 10
427049.4045602424
 20
1577905.2295552096
 10
427048.8171444881
 20
1577903.987568947
 10
427048.1108213595
 20
1577902.8091400005
 10
427047.2923931343
 20
1577901.7056172844
 10
427046.3697417239
 20
1577900.687628326
 10
427045.35175276553
 20
1577899.7649769157
 10
427044.2482300495
 20
1577898.9465486906
 10
427043.0698011028
 20
1577898.240225562
 10
427041.82781484036
 20
1577897.6528098076
 10
427040.5342322688
 20
1577897.1899585624
 10
427039.20151129545
 20
1577896.856129337
 10
427037.84248675185
 20
1577896.6545370892
 10
427036.47024678724
 20
1577896.5871232627
 10
427035.09800682263
 20
1577896.6545370892
 10
427033.738982279
 20
1577896.856129337
 10
427032.4062613057
 20
1577897.1899585624
 10
427031.1126787341
 20
1577897.6528098076
 10
427029.8706924717
 20
1577898.240225562
 10
427028.692263525
 20
1577898.9465486906
 10
427027.58874080895
 20
1577899.7649769157
 10
427026.5707518506
 20
1577900.687628326
 10
427025.64810044016
 20
1577901.7056172844
 10
427024.829672215
 20
1577902.8091400005
 10
427024.1233490864
 20
1577903.987568947
 10
427023.5359333321
 20
1577905.2295552096
 10
427023.073082087
 20
1577906.523137781
 10
427022.7392528616
 20
1577907.8558587544
 10
427022.53766061383
 20
1577909.2148832981
 10
427022.47024678724
 20
1577910.5871232627
 10
427022.53766061383
 20
1577911.9593632272
 10
427022.7392528616
 20
1577913.318387771
 10
427023.073082087
 20
1577914.6511087443
 10
427023.5359333321
 20
1577915.9446913158
 10
427024.1233490864
 20
1577917.1866775784
 10
427024.829672215
 20
1577918.365106525
 10
427025.64810044016
 20
1577919.468629241
 10
427026.5707518506
 20
1577920.4866181994
 10
427027.58874080895
 20
1577921.4092696097
 10
427028.692263525
 20
1577922.2276978348
 10
427029.8706924717
 20
1577922.9340209635
 10
427031.1126787341
 20
1577923.5214367178
 10
427032.4062613057
 20
1577923.984287963
 10
427033.738982279
 20
1577924.3181171883
 10
427035.09800682263
 20
1577924.5197094362
 10
427036.47024678724
 20
1577924.5871232627
 10
427037.84248675185
 20
1577924.5197094362
 10
427039.20151129545
 20
1577924.3181171883
 10
427040.5342322688
 20
1577923.984287963
 10
427041.82781484036
 20
1577923.5214367178
 10
427043.0698011028
 20
1577922.9340209635
 10
427044.2482300495
 20
1577922.2276978348
 10
427045.35175276553
 20
1577921.4092696097
 10
427046.3697417239
 20
1577920.4866181994
 10
427047.2923931343
 20
1577919.468629241
 10
427048.1108213595
 20
1577918.365106525
 10
427048.8171444881
 20
1577917.1866775784
 10
427049.4045602424
 20
1577915.9446913158
 10
427049.8674114875
 20
1577914.6511087443
 10
427050.2012407129
 20
1577913.318387771
 10
427050.40283296065
 20
1577911.9593632272
 10
427050.47024678724
 20
1577910.5871232627
  0
LINE
  5
C4
330
17
100
AcDbEntity
  8
L-GOLF-CL
100
AcDbLine
 10
427036.47024678724
 20
1577910.5871232627
 30
0.0
 11
427336.47024678724
 21
1577390.971880992
 31
0.0
  0
TEXT
  5
C5
330
17
100
AcDbEntity
  8
L-GOLF-ANNO
100
AcDbText
 10
427056.47024678724
 20
1577930.5871232627
 30
0.0
 40
14.0
  1
10  PAR 3  200 YD
 11
427056.47024678724
 21
1577930.5871232627
 31
0.0
100
AcDbText
  0
LWPOLYLINE
  5
C6
330
17
100
AcDbEntity
  8
L-GOLF-FWY
100
AcDbPolyline
 90
85
 70
1
 10
428082.09005856153
 20
1577454.5971124305
 10
428081.29808901675
 20
1577449.2580874378
 10
428079.9866170598
 20
1577444.0223978995
 10
428078.1682728827
 20
1577438.9404663686
 10
428075.8605681337
 20
1577434.0612346232
 10
428073.0857272712
 20
1577429.4316923325
 10
428069.8704735295
 20
1577425.0964245196
 10
428066.2457715598
 20
1577421.0971821833
 10
428062.2465292236
 20
1577417.4724802137
 10
428057.9112614106
 20
1577414.257226472
 10
428053.28171912
 20
1577411.4823856095
 10
428048.4024873746
 20
1577409.1746808605
 10
428043.32055584353
 20
1577407.3563366833
 10
428038.08486630546
 20
1577406.0448647265
 10
428032.7458413127
 20
1577405.2528951818
 10
428027.35489859455
 20
1577404.9880551486
 10
428021.9639558764
 20
1577405.2528951818
 10
428016.62493088364
 20
1577406.0448647265
 10
428011.3892413456
 20
1577407.3563366833
 10
428006.3073098145
 20
1577409.1746808605
 10
428001.4280780691
 20
1577411.4823856095
 10
427996.7985357785
 20
1577414.257226472
 10
427992.46326796553
 20
1577417.4724802137
 10
427988.4640256293
 20
1577421.0971821833
 10
427985.11941348674
 20
1577424.7873930174
 10
427429.17702332523
 20
1577522.8150361225
 10
427431.6121481244
 20
1577536.6253151242
 10
427431.0077177708
 20
1577536.7149738977
 10
427428.3422758241
 20
1577537.3826323485
 10
427425.755110681
 20
1577538.3083348386
 10
427423.2711381561
 20
1577539.483166347
 10
427420.9142802627
 20
1577540.8958126043
 10
427418.70723483065
 20
1577542.5326690548
 10
427416.67125691404
 20
1577544.3779718757
 10
427414.8259540931
 20
1577546.4139497923
 10
427413.1890976428
 20
1577548.6209952242
 10
427411.77645138546
 20
1577550.9778531177
 10
427410.6016198769
 20
1577553.4618256427
 10
427409.6759173867
 20
1577556.0489907858
 10
427409.00825893594
 20
1577558.7144327324
 10
427408.6050744404
 20
1577561.4324818195
 10
427408.47024678724
 20
1577564.1769617489
 10
427408.6050744404
 20
1577566.9214416782
 10
427409.00825893594
 20
1577569.6394907653
 10
427409.6759173867
 20
1577572.3049327119
 10
427410.6016198769
 20
1577574.892097855
 10
427411.77645138546
 20
1577577.37607038
 10
427413.1890976428
 20
1577579.7329282735
 10
427414.8259540931
 20
1577581.9399737054
 10
427416.67125691404
 20
1577583.975951622
 10
427418.70723483065
 20
1577585.821254443
 10
427420.9142802627
 20
1577587.4581108934
 10
427423.2711381561
 20
1577588.8707571507
 10
427425.755110681
 20
1577590.0455886591
 10
427428.3422758241
 20
1577590.9712911493
 10
427431.0077177708
 20
1577591.6389496
 10
427433.725766858
 20
1577592.0421340957
 10
427436.47024678724
 20
1577592.1769617489
 10
427439.21472671645
 20
1577592.0421340957
 10
427441.3283454501
 20
1577591.7286083736
 10
427443.76347024925
 20
1577605.5388873753
 10
427999.77003067045
 20
1577507.499929322
 10
428001.4280780691
 20
1577508.4937246877
 10
428006.3073098145
 20
1577510.8014294368
 10
428011.3892413456
 20
1577512.619773614
 10
428016.62493088364
 20
1577513.9312455708
 10
428021.9639558764
 20
1577514.7232151155
 10
428027.35489859455
 20
1577514.9880551486
 10
428032.7458413127
 20
1577514.7232151155
 10
428038.08486630546
 20
1577513.9312455708
 10
428043.32055584353
 20
1577512.619773614
 10
428048.4024873746
 20
1577510.8014294368
 10
428053.28171912
 20
1577508.4937246877
 10
428057.9112614106
 20
1577505.7188838252
 10
428062.2465292236
 20
1577502.5036300835
 10
428066.2457715598
 20
1577498.878928114
 10
428069.8704735295
 20
1577494.8796857777
 10
428073.0857272712
 20
1577490.5444179648
 10
428075.8605681337
 20
1577485.914875674
 10
428078.1682728827
 20
1577481.0356439287
 10
428079.9866170598
 20
1577475.9537123977
 10
428081.29808901675
 20
1577470.7180228594
 10
428082.09005856153
 20
1577465.3789978668
 10
428082.35489859455
 20
1577459.9880551486
 10
428082.09005856153
 20
1577454.5971124305
  0
LWPOLYLINE
  5
C7
330
17
100
AcDbEntity
  8
L-GOLF-GRN
100
AcDbPolyline
 90
65
 70
1
 10
428057.60489859455
 20
1577459.9880551486
 10
428057.4592365764
 20
1577457.0230366536
 10
428057.02365332673
 20
1577454.0865729076
 10
428056.30234375043
 20
1577451.2069436617
 10
428055.302254453
 20
1577448.4118813195
 10
428054.0330168411
 20
1577445.7283038597
 10
428052.5068543667
 20
1577443.1820555998
 10
428050.7384648088
 20
1577440.7976583026
 10
428048.74487872544
 20
1577438.5980750178
 10
428046.5452954405
 20
1577436.6044889344
 10
428044.16089814337
 20
1577434.8360993764
 10
428041.61464988353
 20
1577433.309936902
 10
428038.9310724236
 20
1577432.04069929
 10
428036.1360100815
 20
1577431.0406099928
 10
428033.25638083555
 20
1577430.3193004164
 10
428030.31991708954
 20
1577429.8837171667
 10
428027.35489859455
 20
1577429.7380551486
 10
428024.38988009957
 20
1577429.8837171667
 10
428021.45341635356
 20
1577430.3193004164
 10
428018.5737871076
 20
1577431.0406099928
 10
428015.7787247655
 20
1577432.04069929
 10
428013.0951473056
 20
1577433.309936902
 10
428010.54889904574
 20
1577434.8360993764
 10
428008.16450174863
 20
1577436.6044889344
 10
428005.96491846367
 20
1577438.5980750178
 10
428003.9713323803
 20
1577440.7976583026
 10
428002.2029428224
 20
1577443.1820555998
 10
428000.676780348
 20
1577445.7283038597
 10
427999.4075427361
 20
1577448.4118813195
 10
427998.4074534387
 20
1577451.2069436617
 10
427997.6861438624
 20
1577454.0865729076
 10
427997.2505606127
 20
1577457.0230366536
 10
427997.10489859455
 20
1577459.9880551486
 10
427997.2505606127
 20
1577462.9530736436
 10
427997.6861438624
 20
1577465.8895373896
 10
427998.4074534387
 20
1577468.7691666356
 10
427999.4075427361
 20
1577471.5642289778
 10
428000.676780348
 20
1577474.2478064375
 10
428002.2029428224
 20
1577476.7940546975
 10
428003.9713323803
 20
1577479.1784519947
 10
428005.96491846367
 20
1577481.3780352795
 10
428008.16450174863
 20
1577483.3716213629
 10
428010.54889904574
 20
1577485.1400109208
 10
428013.0951473056
 20
1577486.6661733952
 10
428015.7787247655
 20
1577487.9354110071
 10
428018.5737871076
 20
1577488.9355003044
 10
428021.45341635356
 20
1577489.6568098809
 10
428024.38988009957
 20
1577490.0923931305
 10
428027.35489859455
 20
1577490.2380551486
 10
428030.31991708954
 20
1577490.0923931305
 10
428033.25638083555
 20
1577489.6568098809
 10
428036.1360100815
 20
1577488.9355003044
 10
428038.9310724236
 20
1577487.9354110071
 10
428041.61464988353
 20
1577486.6661733952
 10
428044.16089814337
 20
1577485.1400109208
 10
428046.5452954405
 20
1577483.3716213629
 10
428048.74487872544
 20
1577481.3780352795
 10
428050.7384648088
 20
1577479.1784519947
 10
428052.5068543667
 20
1577476.7940546975
 10
428054.0330168411
 20
1577474.2478064375
 10
428055.302254453
 20
1577471.5642289778
 10
428056.30234375043
 20
1577468.7691666356
 10
428057.02365332673
 20
1577465.8895373896
 10
428057.4592365764
 20
1577462.9530736436
 10
428057.60489859455
 20
1577459.9880551486
  0
LWPOLYLINE
  5
C8
330
17
100
AcDbEntity
  8
L-GOLF-TEE
100
AcDbPolyline
 90
65
 70
1
 10
427450.47024678724
 20
1577564.1769617489
 10
427450.40283296065
 20
1577562.8047217843
 10
427450.2012407129
 20
1577561.4456972405
 10
427449.8674114875
 20
1577560.1129762672
 10
427449.4045602424
 20
1577558.8193936958
 10
427448.8171444881
 20
1577557.5774074332
 10
427448.1108213595
 20
1577556.3989784867
 10
427447.2923931343
 20
1577555.2954557706
 10
427446.3697417239
 20
1577554.2774668122
 10
427445.35175276553
 20
1577553.3548154018
 10
427444.2482300495
 20
1577552.5363871767
 10
427443.0698011028
 20
1577551.830064048
 10
427441.82781484036
 20
1577551.2426482937
 10
427440.5342322688
 20
1577550.7797970485
 10
427439.20151129545
 20
1577550.4459678233
 10
427437.84248675185
 20
1577550.2443755753
 10
427436.47024678724
 20
1577550.1769617489
 10
427435.09800682263
 20
1577550.2443755753
 10
427433.738982279
 20
1577550.4459678233
 10
427432.4062613057
 20
1577550.7797970485
 10
427431.1126787341
 20
1577551.2426482937
 10
427429.8706924717
 20
1577551.830064048
 10
427428.692263525
 20
1577552.5363871767
 10
427427.58874080895
 20
1577553.3548154018
 10
427426.5707518506
 20
1577554.2774668122
 10
427425.64810044016
 20
1577555.2954557706
 10
427424.829672215
 20
1577556.3989784867
 10
427424.1233490864
 20
1577557.5774074332
 10
427423.5359333321
 20
1577558.8193936958
 10
427423.073082087
 20
1577560.1129762672
 10
427422.7392528616
 20
1577561.4456972405
 10
427422.53766061383
 20
1577562.8047217843
 10
427422.47024678724
 20
1577564.1769617489
 10
427422.53766061383
 20
1577565.5492017134
 10
427422.7392528616
 20
1577566.9082262572
 10
427423.073082087
 20
1577568.2409472305
 10
427423.5359333321
 20
1577569.534529802
 10
427424.1233490864
 20
1577570.7765160645
 10
427424.829672215
 20
1577571.954945011
 10
427425.64810044016
 20
1577573.0584677272
 10
427426.5707518506
 20
1577574.0764566856
 10
427427.58874080895
 20
1577574.999108096
 10
427428.692263525
 20
1577575.817536321
 10
427429.8706924717
 20
1577576.5238594497
 10
427431.1126787341
 20
1577577.111275204
 10
427432.4062613057
 20
1577577.5741264492
 10
427433.738982279
 20
1577577.9079556745
 10
427435.09800682263
 20
1577578.1095479224
 10
427436.47024678724
 20
1577578.1769617489
 10
427437.84248675185
 20
1577578.1095479224
 10
427439.20151129545
 20
1577577.9079556745
 10
427440.5342322688
 20
1577577.5741264492
 10
427441.82781484036
 20
1577577.111275204
 10
427443.0698011028
 20
1577576.5238594497
 10
427444.2482300495
 20
1577575.817536321
 10
427445.35175276553
 20
1577574.999108096
 10
427446.3697417239
 20
1577574.0764566856
 10
427447.2923931343
 20
1577573.0584677272
 10
427448.1108213595
 20
1577571.954945011
 10
427448.8171444881
 20
1577570.7765160645
 10
427449.4045602424
 20
1577569.534529802
 10
427449.8674114875
 20
1577568.2409472305
 10
427450.2012407129
 20
1577566.9082262572
 10
427450.40283296065
 20
1577565.5492017134
 10
427450.47024678724
 20
1577564.1769617489
  0
LINE
  5
C9
330
17
100
AcDbEntity
  8
L-GOLF-CL
100
AcDbLine
 10
427436.47024678724
 20
1577564.1769617489
 30
0.0
 11
428027.35489859455
 21
1577459.9880551486
 31
0.0
  0
TEXT
  5
CA
330
17
100
AcDbEntity
  8
L-GOLF-ANNO
100
AcDbText
 10
427456.47024678724
 20
1577584.1769617489
 30
0.0
 40
14.0
  1
11  PAR 3  200 YD
 11
427456.47024678724
 21
1577584.1769617489
 31
0.0
100
AcDbText
  0
LWPOLYLINE
  5
CB
330
17
100
AcDbEntity
  8
L-GOLF-FWY
100
AcDbPolyline
 90
85
 70
1
 10
428255.2200709414
 20
1577457.2435752193
 10
428254.81688644586
 20
1577454.5255261322
 10
428254.1492279951
 20
1577451.8600841856
 10
428253.2235255049
 20
1577449.2729190425
 10
428252.04869399633
 20
1577446.7889465175
 10
428250.636047739
 20
1577444.432088624
 10
428248.9991912887
 20
1577442.225043192
 10
428247.15388846776
 20
1577440.1890652755
 10
428245.11791055114
 20
1577438.3437624546
 10
428242.9108651191
 20
1577436.706906004
 10
428240.55400722567
 20
1577435.2942597468
 10
428238.0700347008
 20
1577434.1194282384
 10
428235.4828695577
 20
1577433.1937257482
 10
428232.817427611
 20
1577432.5260672974
 10
428230.09937852377
 20
1577432.1228828018
 10
428227.35489859455
 20
1577431.9880551486
 10
428224.61041866534
 20
1577432.1228828018
 10
428221.8923695781
 20
1577432.5260672974
 10
428219.2269276314
 20
1577433.1937257482
 10
428216.6397624883
 20
1577434.1194282384
 10
428214.15578996344
 20
1577435.2942597468
 10
428211.79893207
 20
1577436.706906004
 10
428209.59188663797
 20
1577438.3437624546
 10
428207.55590872135
 20
1577440.1890652755
 10
428205.7106059004
 20
1577442.225043192
 10
428204.0737494501
 20
1577444.432088624
 10
428202.6611031928
 20
1577446.7889465175
 10
428201.48627168423
 20
1577449.2729190425
 10
428200.560569194
 20
1577451.8600841856
 10
428199.89291074325
 20
1577454.5255261322
 10
428199.48972624773
 20
1577457.2435752193
 10
428199.35489859455
 20
1577459.9880551486
 10
428185.35489859455
 20
1577459.9880551486
 10
428185.35489859455
 20
1578024.527575239
 10
428184.8393236596
 20
1578025.0964245196
 10
428181.6240699179
 20
1578029.4316923325
 10
428178.8492290554
 20
1578034.0612346232
 10
428176.5415243064
 20
1578038.9404663686
 10
428174.7231801293
 20
1578044.0223978995
 10
428173.41170817235
 20
1578049.2580874378
 10
428172.6197386276
 20
1578054.5971124305
 10
428172.35489859455
 20
1578059.9880551486
 10
428172.6197386276
 20
1578065.3789978668
 10
428173.41170817235
 20
1578070.7180228594
 10
428174.7231801293
 20
1578075.9537123977
 10
428176.5415243064
 20
1578081.0356439287
 10
428178.8492290554
 20
1578085.914875674
 10
428181.6240699179
 20
1578090.5444179648
 10
428184.8393236596
 20
1578094.8796857777
 10
428188.4640256293
 20
1578098.878928114
 10
428192.46326796553
 20
1578102.5036300835
 10
428196.7985357785
 20
1578105.7188838252
 10
428201.4280780691
 20
1578108.4937246877
 10
428206.3073098145
 20
1578110.8014294368
 10
428211.3892413456
 20
1578112.619773614
 10
428216.62493088364
 20
1578113.9312455708
 10
428221.9639558764
 20
1578114.7232151155
 10
428227.35489859455
 20
1578114.9880551486
 10
428232.7458413127
 20
1578114.7232151155
 10
428238.08486630546
 20
1578113.9312455708
 10
428243.32055584353
 20
1578112.619773614
 10
428248.4024873746
 20
1578110.8014294368
 10
428253.28171912
 20
1578108.4937246877
 10
428257.9112614106
 20
1578105.7188838252
 10
428262.2465292236
 20
1578102.5036300835
 10
428266.2457715598
 20
1578098.878928114
 10
428269.8704735295
 20
1578094.8796857777
 10
428273.0857272712
 20
1578090.5444179648
 10
428275.8605681337
 20
1578085.914875674
 10
428278.1682728827
 20
1578081.0356439287
 10
428279.9866170598
 20
1578075.9537123977
 10
428281.29808901675
 20
1578070.7180228594
 10
428282.09005856153
 20
1578065.3789978668
 10
428282.35489859455
 20
1578059.9880551486
 10
428282.09005856153
 20
1578054.5971124305
 10
428281.29808901675
 20
1578049.2580874378
 10
428279.9866170598
 20
1578044.0223978995
 10
428278.1682728827
 20
1578038.9404663686
 10
428275.8605681337
 20
1578034.0612346232
 10
428273.0857272712
 20
1578029.4316923325
 10
428269.8704735295
 20
1578025.0964245196
 10
428269.35489859455
 20
1578024.527575239
 10
428269.35489859455
 20
1577459.9880551486
 10
428255.35489859455
 20
1577459.9880551486
 10
428255.2200709414
 20
1577457.2435752193
  0
LWPOLYLINE
  5
CC
330
17
100
AcDbEntity
  8
L-GOLF-GRN
100
AcDbPolyline
 90
65
 70
1
 10
428257.60489859455
 20
1578059.9880551486
 10
428257.4592365764
 20
1578057.0230366536
 10
428257.02365332673
 20
1578054.0865729076
 10
428256.30234375043
 20
1578051.2069436617
 10
428255.302254453
 20
1578048.4118813195
 10
428254.0330168411
 20
1578045.7283038597
 10
428252.5068543667
 20
1578043.1820555998
 10
428250.7384648088
 20
1578040.7976583026
 10
428248.74487872544
 20
1578038.5980750178
 10
428246.5452954405
 20
1578036.6044889344
 10
428244.16089814337
 20
1578034.8360993764
 10
428241.61464988353
 20
1578033.309936902
 10
428238.9310724236
 20
1578032.04069929
 10
428236.1360100815
 20
1578031.0406099928
 10
428233.25638083555
 20
1578030.3193004164
 10
428230.31991708954
 20
1578029.8837171667
 10
428227.35489859455
 20
1578029.7380551486
 10
428224.38988009957
 20
1578029.8837171667
 10
428221.45341635356
 20
1578030.3193004164
 10
428218.5737871076
 20
1578031.0406099928
 10
428215.7787247655
 20
1578032.04069929
 10
428213.0951473056
 20
1578033.309936902
 10
428210.54889904574
 20
1578034.8360993764
 10
428208.16450174863
 20
1578036.6044889344
 10
428205.96491846367
 20
1578038.5980750178
 10
428203.9713323803
 20
1578040.7976583026
 10
428202.2029428224
 20
1578043.1820555998
 10
428200.676780348
 20
1578045.7283038597
 10
428199.4075427361
 20
1578048.4118813195
 10
428198.4074534387
 20
1578051.2069436617
 10
428197.6861438624
 20
1578054.0865729076
 10
428197.2505606127
 20
1578057.0230366536
 10
428197.10489859455
 20
1578059.9880551486
 10
428197.2505606127
 20
1578062.9530736436
 10
428197.6861438624
 20
1578065.8895373896
 10
428198.4074534387
 20
1578068.7691666356
 10
428199.4075427361
 20
1578071.5642289778
 10
428200.676780348
 20
1578074.2478064375
 10
428202.2029428224
 20
1578076.7940546975
 10
428203.9713323803
 20
1578079.1784519947
 10
428205.96491846367
 20
1578081.3780352795
 10
428208.16450174863
 20
1578083.3716213629
 10
428210.54889904574
 20
1578085.1400109208
 10
428213.0951473056
 20
1578086.6661733952
 10
428215.7787247655
 20
1578087.9354110071
 10
428218.5737871076
 20
1578088.9355003044
 10
428221.45341635356
 20
1578089.6568098809
 10
428224.38988009957
 20
1578090.0923931305
 10
428227.35489859455
 20
1578090.2380551486
 10
428230.31991708954
 20
1578090.0923931305
 10
428233.25638083555
 20
1578089.6568098809
 10
428236.1360100815
 20
1578088.9355003044
 10
428238.9310724236
 20
1578087.9354110071
 10
428241.61464988353
 20
1578086.6661733952
 10
428244.16089814337
 20
1578085.1400109208
 10
428246.5452954405
 20
1578083.3716213629
 10
428248.74487872544
 20
1578081.3780352795
 10
428250.7384648088
 20
1578079.1784519947
 10
428252.5068543667
 20
1578076.7940546975
 10
428254.0330168411
 20
1578074.2478064375
 10
428255.302254453
 20
1578071.5642289778
 10
428256.30234375043
 20
1578068.7691666356
 10
428257.02365332673
 20
1578065.8895373896
 10
428257.4592365764
 20
1578062.9530736436
 10
428257.60489859455
 20
1578059.9880551486
  0
LWPOLYLINE
  5
CD
330
17
100
AcDbEntity
  8
L-GOLF-TEE
100
AcDbPolyline
 90
65
 70
1
 10
428241.35489859455
 20
1577459.9880551486
 10
428241.28748476796
 20
1577458.615815184
 10
428241.0858925202
 20
1577457.2567906403
 10
428240.7520632948
 20
1577455.924069667
 10
428240.2892120497
 20
1577454.6304870956
 10
428239.7017962954
 20
1577453.388500833
 10
428238.9954731668
 20
1577452.2100718864
 10
428238.17704494164
 20
1577451.1065491703
 10
428237.2543935312
 20
1577450.088560212
 10
428236.23640457285
 20
1577449.1659088016
 10
428235.1328818568
 20
1577448.3474805765
 10
428233.9544529101
 20
1577447.6411574478
 10
428232.7124666477
 20
1577447.0537416935
 10
428231.4188840761
 20
1577446.5908904483
 10
428230.08616310277
 20
1577446.257061223
 10
428228.72713855916
 20
1577446.055468975
 10
428227.35489859455
 20
1577445.9880551486
 10
428225.98265862995
 20
1577446.055468975
 10
428224.62363408634
 20
1577446.257061223
 10
428223.290913113
 20
1577446.5908904483
 10
428221.99733054143
 20
1577447.0537416935
 10
428220.755344279
 20
1577447.6411574478
 10
428219.5769153323
 20
1577448.3474805765
 10
428218.47339261626
 20
1577449.1659088016
 10
428217.4554036579
 20
1577450.088560212
 10
428216.53275224747
 20
1577451.1065491703
 10
428215.7143240223
 20
1577452.2100718864
 10
428215.0080008937
 20
1577453.388500833
 10
428214.4205851394
 20
1577454.6304870956
 10
428213.9577338943
 20
1577455.924069667
 10
428213.6239046689
 20
1577457.2567906403
 10
428213.42231242114
 20
1577458.615815184
 10
428213.35489859455
 20
1577459.9880551486
 10
428213.42231242114
 20
1577461.3602951132
 10
428213.6239046689
 20
1577462.719319657
 10
428213.9577338943
 20
1577464.0520406303
 10
428214.4205851394
 20
1577465.3456232017
 10
428215.0080008937
 20
1577466.5876094643
 10
428215.7143240223
 20
1577467.7660384108
 10
428216.53275224747
 20
1577468.869561127
 10
428217.4554036579
 20
1577469.8875500853
 10
428218.47339261626
 20
1577470.8102014957
 10
428219.5769153323
 20
1577471.6286297208
 10
428220.755344279
 20
1577472.3349528494
 10
428221.99733054143
 20
1577472.9223686038
 10
428223.290913113
 20
1577473.385219849
 10
428224.62363408634
 20
1577473.7190490742
 10
428225.98265862995
 20
1577473.9206413222
 10
428227.35489859455
 20
1577473.9880551486
 10
428228.72713855916
 20
1577473.9206413222
 10
428230.08616310277
 20
1577473.7190490742
 10
428231.4188840761
 20
1577473.385219849
 10
428232.7124666477
 20
1577472.9223686038
 10
428233.9544529101
 20
1577472.3349528494
 10
428235.1328818568
 20
1577471.6286297208
 10
428236.23640457285
 20
1577470.8102014957
 10
428237.2543935312
 20
1577469.8875500853
 10
428238.17704494164
 20
1577468.869561127
 10
428238.9954731668
 20
1577467.7660384108
 10
428239.7017962954
 20
1577466.5876094643
 10
428240.2892120497
 20
1577465.3456232017
 10
428240.7520632948
 20
1577464.0520406303
 10
428241.0858925202
 20
1577462.719319657
 10
428241.28748476796
 20
1577461.3602951132
 10
428241.35489859455
 20
1577459.9880551486
  0
LINE
  5
CE
330
17
100
AcDbEntity
  8
L-GOLF-CL
100
AcDbLine
 10
428227.35489859455
 20
1577459.9880551486
 30
0.0
 11
428227.35489859455
 21
1578059.9880551486
 31
0.0
  0
TEXT
  5
CF
330
17
100
AcDbEntity
  8
L-GOLF-ANNO
100
AcDbText
 10
428247.35489859455
 20
1577479.9880551486
 30
0.0
 40
14.0
  1
12  PAR 3  200 YD
 11
428247.35489859455
 21
1577479.9880551486
 31
0.0
100
AcDbText
  0
LWPOLYLINE
  5
D0
330
17
100
AcDbEntity
  8
L-GOLF-FWY
100
AcDbPolyline
 90
85
 70
1
 10
428123.66310403135
 20
1578009.3607551537
 10
428123.25991953583
 20
1578006.6427060666
 10
428122.59226108505
 20
1578003.97726412
 10
428121.66655859485
 20
1578001.390098977
 10
428120.4917270863
 20
1577998.906126452
 10
428119.079080829
 20
1577996.5492685584
 10
428117.4422243787
 20
1577994.3422231264
 10
428115.59692155774
 20
1577992.3062452099
 10
428113.5609436411
 20
1577990.460942389
 10
428111.35389820905
 20
1577988.8240859385
 10
428108.99704031565
 20
1577987.4114396812
 10
428106.5130677908
 20
1577986.2366081728
 10
428103.92590264766
 20
1577985.3109056826
 10
428101.26046070096
 20
1577984.6432472318
 10
428098.54241161374
 20
1577984.2400627362
 10
428095.79793168453
 20
1577984.105235083
 10
428093.0534517553
 20
1577984.2400627362
 10
428090.3354026681
 20
1577984.6432472318
 10
428087.6699607214
 20
1577985.3109056826
 10
428086.2327607912
 20
1577985.8251440404
 10
428081.4330856649
 20
1577972.63814501
 10
427550.8924592572
 20
1578165.7391410912
 10
427547.948016462
 20
1578164.685602613
 10
427542.7123269239
 20
1578163.3741306562
 10
427537.37330193113
 20
1578162.5821611115
 10
427531.982359213
 20
1578162.3173210784
 10
427526.59141649486
 20
1578162.5821611115
 10
427521.2523915021
 20
1578163.3741306562
 10
427516.016701964
 20
1578164.685602613
 10
427510.93477043294
 20
1578166.5039467902
 10
427506.05553868756
 20
1578168.8116515393
 10
427501.4259963969
 20
1578171.5864924018
 10
427497.090728584
 20
1578174.8017461435
 10
427493.0914862477
 20
1578178.426448113
 10
427489.46678427805
 20
1578182.4256904493
 10
427486.25153053633
 20
1578186.7609582623
 10
427483.47668967384
 20
1578191.390500553
 10
427481.16898492485
 20
1578196.2697322983
 10
427479.35064074775
 20
1578201.3516638293
 10
427478.0391687908
 20
1578206.5873533676
 10
427477.247199246
 20
1578211.9263783603
 10
427476.982359213
 20
1578217.3173210784
 10
427477.247199246
 20
1578222.7082637965
 10
427478.0391687908
 20
1578228.0472887892
 10
427479.35064074775
 20
1578233.2829783275
 10
427481.16898492485
 20
1578238.3649098584
 10
427483.47668967384
 20
1578243.2441416038
 10
427486.25153053633
 20
1578247.8736838945
 10
427489.46678427805
 20
1578252.2089517075
 10
427493.0914862477
 20
1578256.2081940437
 10
427497.090728584
 20
1578259.8328960133
 10
427501.4259963969
 20
1578263.048149755
 10
427506.05553868756
 20
1578265.8229906175
 10
427510.93477043294
 20
1578268.1306953665
 10
427516.016701964
 20
1578269.9490395437
 10
427521.2523915021
 20
1578271.2605115005
 10
427526.59141649486
 20
1578272.0524810452
 10
427531.982359213
 20
1578272.3173210784
 10
427537.37330193113
 20
1578272.0524810452
 10
427542.7123269239
 20
1578271.2605115005
 10
427547.948016462
 20
1578269.9490395437
 10
427553.02994799305
 20
1578268.1306953665
 10
427557.90917973843
 20
1578265.8229906175
 10
427562.5387220291
 20
1578263.048149755
 10
427566.873989842
 20
1578259.8328960133
 10
427570.8732321783
 20
1578256.2081940437
 10
427574.49793414795
 20
1578252.2089517075
 10
427577.71318788966
 20
1578247.8736838945
 10
427579.6339952726
 20
1578244.6690103826
 10
428110.1627777042
 20
1578051.572325156
 10
428105.36310257786
 20
1578038.3853261257
 10
428106.5130677908
 20
1578037.9738619933
 10
428108.99704031565
 20
1578036.7990304849
 10
428111.35389820905
 20
1578035.3863842275
 10
428113.5609436411
 20
1578033.749527777
 10
428115.59692155774
 20
1578031.9042249562
 10
428117.4422243787
 20
1578029.8682470396
 10
428119.079080829
 20
1578027.6612016077
 10
428120.4917270863
 20
1578025.3043437141
 10
428121.66655859485
 20
1578022.8203711892
 10
428122.59226108505
 20
1578020.233206046
 10
428123.25991953583
 20
1578017.5677640995
 10
428123.66310403135
 20
1578014.8497150124
 10
428123.79793168453
 20
1578012.105235083
 10
428123.66310403135
 20
1578009.3607551537
  0
LWPOLYLINE
  5
D1
330
17
100
AcDbEntity
  8
L-GOLF-GRN
100
AcDbPolyline
 90
65
 70
1
 10
427562.232359213
 20
1578217.3173210784
 10
427562.08669719484
 20
1578214.3523025834
 10
427561.6511139452
 20
1578211.4158388374
 10
427560.9298043689
 20
1578208.5362095914
 10
427559.92971507146
 20
1578205.7411472492
 10
427558.66047745955
 20
1578203.0575697895
 10
427557.13431498513
 20
1578200.5113215295
 10
427555.36592542724
 20
1578198.1269242323
 10
427553.3723393439
 20
1578195.9273409476
 10
427551.1727560589
 20
1578193.9337548641
 10
427548.7883587618
 20
1578192.1653653062
 10
427546.242110502
 20
1578190.6392028318
 10
427543.558533042
 20
1578189.3699652199
 10
427540.76347069995
 20
1578188.3698759226
 10
427537.883841454
 20
1578187.6485663461
 10
427534.947377708
 20
1578187.2129830965
 10
427531.982359213
 20
1578187.0673210784
 10
427529.017340718
 20
1578187.2129830965
 10
427526.080876972
 20
1578187.6485663461
 10
427523.20124772604
 20
1578188.3698759226
 10
427520.40618538397
 20
1578189.3699652199
 10
427517.722607924
 20
1578190.6392028318
 10
427515.1763596642
 20
1578192.1653653062
 10
427512.7919623671
 20
1578193.9337548641
 10
427510.5923790821
 20
1578195.9273409476
 10
427508.59879299876
 20
1578198.1269242323
 10
427506.83040344086
 20
1578200.5113215295
 10
427505.30424096645
 20
1578203.0575697895
 10
427504.03500335454
 20
1578205.7411472492
 10
427503.0349140571
 20
1578208.5362095914
 10
427502.3136044808
 20
1578211.4158388374
 10
427501.87802123115
 20
1578214.3523025834
 10
427501.732359213
 20
1578217.3173210784
 10
427501.87802123115
 20
1578220.2823395734
 10
427502.3136044808
 20
1578223.2188033194
 10
427503.0349140571
 20
1578226.0984325653
 10
427504.03500335454
 20
1578228.8934949075
 10
427505.30424096645
 20
1578231.5770723673
 10
427506.83040344086
 20
1578234.1233206273
 10
427508.59879299876
 20
1578236.5077179244
 10
427510.5923790821
 20
1578238.7073012092
 10
427512.7919623671
 20
1578240.7008872926
 10
427515.1763596642
 20
1578242.4692768506
 10
427517.722607924
 20
1578243.995439325
 10
427520.40618538397
 20
1578245.264676937
 10
427523.20124772604
 20
1578246.2647662342
 10
427526.080876972
 20
1578246.9860758106
 10
427529.017340718
 20
1578247.4216590603
 10
427531.982359213
 20
1578247.5673210784
 10
427534.947377708
 20
1578247.4216590603
 10
427537.883841454
 20
1578246.9860758106
 10
427540.76347069995
 20
1578246.2647662342
 10
427543.558533042
 20
1578245.264676937
 10
427546.242110502
 20
1578243.995439325
 10
427548.7883587618
 20
1578242.4692768506
 10
427551.1727560589
 20
1578240.7008872926
 10
427553.3723393439
 20
1578238.7073012092
 10
427555.36592542724
 20
1578236.5077179244
 10
427557.13431498513
 20
1578234.1233206273
 10
427558.66047745955
 20
1578231.5770723673
 10
427559.92971507146
 20
1578228.8934949075
 10
427560.9298043689
 20
1578226.0984325653
 10
427561.6511139452
 20
1578223.2188033194
 10
427562.08669719484
 20
1578220.2823395734
 10
427562.232359213
 20
1578217.3173210784
  0
LWPOLYLINE
  5
D2
330
17
100
AcDbEntity
  8
L-GOLF-TEE
100
AcDbPolyline
 90
65
 70
1
 10
428109.79793168453
 20
1578012.105235083
 10
428109.73051785794
 20
1578010.7329951185
 10
428109.5289256102
 20
1578009.3739705747
 10
428109.1950963848
 20
1578008.0412496014
 10
428108.73224513966
 20
1578006.74766703
 10
428108.1448293854
 20
1578005.5056807674
 10
428107.4385062568
 20
1578004.3272518208
 10
428106.6200780316
 20
1578003.2237291047
 10
428105.69742662116
 20
1578002.2057401463
 10
428104.6794376628
 20
1578001.283088736
 10
428103.5759149468
 20
1578000.464660511
 10
428102.3974860001
 20
1577999.7583373822
 10
428101.15549973765
 20
1577999.170921628
 10
428099.8619171661
 20
1577998.7080703827
 10
428098.52919619274
 20
1577998.3742411574
 10
428097.17017164914
 20
1577998.1726489095
 10
428095.79793168453
 20
1577998.105235083
 10
428094.4256917199
 20
1577998.1726489095
 10
428093.0666671763
 20
1577998.3742411574
 10
428091.73394620296
 20
1577998.7080703827
 10
428090.4403636314
 20
1577999.170921628
 10
428089.198377369
 20
1577999.7583373822
 10
428088.01994842227
 20
1578000.464660511
 10
428086.91642570624
 20
1578001.283088736
 10
428085.8984367479
 20
1578002.2057401463
 10
428084.97578533745
 20
1578003.2237291047
 10
428084.1573571123
 20
1578004.3272518208
 10
428083.45103398367
 20
1578005.5056807674
 10
428082.8636182294
 20
1578006.74766703
 10
428082.40076698427
 20
1578008.0412496014
 10
428082.0669377589
 20
1578009.3739705747
 10
428081.8653455111
 20
1578010.7329951185
 10
428081.79793168453
 20
1578012.105235083
 10
428081.8653455111
 20
1578013.4774750476
 10
428082.0669377589
 20
1578014.8364995914
 10
428082.40076698427
 20
1578016.1692205647
 10
428082.8636182294
 20
1578017.462803136
 10
428083.45103398367
 20
1578018.7047893987
 10
428084.1573571123
 20
1578019.8832183452
 10
428084.97578533745
 20
1578020.9867410613
 10
428085.8984367479
 20
1578022.0047300197
 10
428086.91642570624
 20
1578022.92738143
 10
428088.01994842227
 20
1578023.7458096552
 10
428089.198377369
 20
1578024.4521327838
 10
428090.4403636314
 20
1578025.0395485382
 10
428091.73394620296
 20
1578025.5023997833
 10
428093.0666671763
 20
1578025.8362290086
 10
428094.4256917199
 20
1578026.0378212566
 10
428095.79793168453
 20
1578026.105235083
 10
428097.17017164914
 20
1578026.0378212566
 10
428098.52919619274
 20
1578025.8362290086
 10
428099.8619171661
 20
1578025.5023997833
 10
428101.15549973765
 20
1578025.0395485382
 10
428102.3974860001
 20
1578024.4521327838
 10
428103.5759149468
 20
1578023.7458096552
 10
428104.6794376628
 20
1578022.92738143
 10
428105.69742662116
 20
1578022.0047300197
 10
428106.6200780316
 20
1578020.9867410613
 10
428107.4385062568
 20
1578019.8832183452
 10
428108.1448293854
 20
1578018.7047893987
 10
428108.73224513966
 20
1578017.462803136
 10
428109.1950963848
 20
1578016.1692205647
 10
428109.5289256102
 20
1578014.8364995914
 10
428109.73051785794
 20
1578013.4774750476
 10
428109.79793168453
 20
1578012.105235083
  0
LINE
  5
D3
330
17
100
AcDbEntity
  8
L-GOLF-CL
100
AcDbLine
 10
428095.79793168453
 20
1578012.105235083
 30
0.0
 11
427531.982359213
 21
1578217.3173210784
 31
0.0
  0
TEXT
  5
D4
330
17
100
AcDbEntity
  8
L-GOLF-ANNO
100
AcDbText
 10
428115.79793168453
 20
1578032.105235083
 30
0.0
 40
14.0
  1
13  PAR 3  200 YD
 11
428115.79793168453
 21
1578032.105235083
 31
0.0
100
AcDbText
  0
LWPOLYLINE
  5
D5
330
17
100
AcDbEntity
  8
L-GOLF-FWY
100
AcDbPolyline
 90
85
 70
1
 10
427553.54862415715
 20
1578327.3252341533
 10
427550.83057506994
 20
1578327.728418649
 10
427548.1651331232
 20
1578328.3960770997
 10
427545.5779679801
 20
1578329.3217795899
 10
427543.09399545525
 20
1578330.4966110983
 10
427540.73713756184
 20
1578331.9092573556
 10
427538.5300921298
 20
1578333.546113806
 10
427536.49411421316
 20
1578335.391416627
 10
427534.6488113922
 20
1578337.4273945435
 10
427533.0119549419
 20
1578339.6344399755
 10
427531.5993086846
 20
1578341.991297869
 10
427530.42447717604
 20
1578344.475270394
 10
427529.49877468584
 20
1578347.062435537
 10
427528.83111623506
 20
1578349.7278774837
 10
427528.42793173954
 20
1578352.4459265708
 10
427528.29310408636
 20
1578355.1904065001
 10
427528.42793173954
 20
1578357.9348864295
 10
427528.83111623506
 20
1578360.6529355166
 10
427529.49877468584
 20
1578363.3183774631
 10
427530.42447717604
 20
1578365.9055426063
 10
427531.5993086846
 20
1578368.3895151312
 10
427533.0119549419
 20
1578370.7463730248
 10
427534.6488113922
 20
1578372.9534184567
 10
427536.49411421316
 20
1578374.9893963733
 10
427538.5300921298
 20
1578376.8346991942
 10
427540.73713756184
 20
1578378.4715556446
 10
427543.09399545525
 20
1578379.884201902
 10
427545.5779679801
 20
1578381.0590334104
 10
427548.1651331232
 20
1578381.9847359005
 10
427550.83057506994
 20
1578382.6523943513
 10
427553.54862415715
 20
1578383.055578847
 10
427556.29310408636
 20
1578383.1904065001
 10
427556.29310408636
 20
1578397.1904065001
 10
427940.8326241769
 20
1578397.1904065001
 10
427941.40147345734
 20
1578397.705981435
 10
427945.7367412703
 20
1578400.9212351767
 10
427950.3662835609
 20
1578403.6960760392
 10
427955.2455153063
 20
1578406.0037807883
 10
427960.3274468374
 20
1578407.8221249655
 10
427965.56313637545
 20
1578409.1335969223
 10
427970.9021613682
 20
1578409.925566467
 10
427976.29310408636
 20
1578410.1904065001
 10
427981.6840468045
 20
1578409.925566467
 10
427987.0230717973
 20
1578409.1335969223
 10
427992.25876133534
 20
1578407.8221249655
 10
427997.3406928664
 20
1578406.0037807883
 10
428002.2199246118
 20
1578403.6960760392
 10
428006.84946690244
 20
1578400.9212351767
 10
428011.1847347154
 20
1578397.705981435
 10
428015.18397705164
 20
1578394.0812794655
 10
428018.8086790213
 20
1578390.0820371292
 10
428022.023932763
 20
1578385.7467693163
 10
428024.7987736255
 20
1578381.1172270256
 10
428027.1064783745
 20
1578376.2379952802
 10
428028.9248225516
 20
1578371.1560637492
 10
428030.23629450856
 20
1578365.920374211
 10
428031.02826405334
 20
1578360.5813492183
 10
428031.29310408636
 20
1578355.1904065001
 10
428031.02826405334
 20
1578349.799463782
 10
428030.23629450856
 20
1578344.4604387893
 10
428028.9248225516
 20
1578339.224749251
 10
428027.1064783745
 20
1578334.14281772
 10
428024.7987736255
 20
1578329.2635859747
 10
428022.023932763
 20
1578324.634043684
 10
428018.8086790213
 20
1578320.298775871
 10
428015.18397705164
 20
1578316.2995335348
 10
428011.1847347154
 20
1578312.6748315652
 10
428006.84946690244
 20
1578309.4595778235
 10
428002.2199246118
 20
1578306.684736961
 10
427997.3406928664
 20
1578304.377032212
 10
427992.25876133534
 20
1578302.5586880348
 10
427987.0230717973
 20
1578301.247216078
 10
427981.6840468045
 20
1578300.4552465333
 10
427976.29310408636
 20
1578300.1904065001
 10
427970.9021613682
 20
1578300.4552465333
 10
427965.56313637545
 20
1578301.247216078
 10
427960.3274468374
 20
1578302.5586880348
 10
427955.2455153063
 20
1578304.377032212
 10
427950.3662835609
 20
1578306.684736961
 10
427945.7367412703
 20
1578309.4595778235
 10
427941.40147345734
 20
1578312.6748315652
 10
427940.8326241769
 20
1578313.1904065001
 10
427556.29310408636
 20
1578313.1904065001
 10
427556.29310408636
 20
1578327.1904065001
 10
427553.54862415715
 20
1578327.3252341533
  0
LWPOLYLINE
  5
D6
330
17
100
AcDbEntity
  8
L-GOLF-GRN
100
AcDbPolyline
 90
65
 70
1
 10
428006.54310408636
 20
1578355.1904065001
 10
428006.3974420682
 20
1578352.2253880051
 10
428005.96185881854
 20
1578349.2889242591
 10
428005.24054924224
 20
1578346.4092950132
 10
428004.2404599448
 20
1578343.614232671
 10
428002.9712223329
 20
1578340.9306552112
 10
428001.4450598585
 20
1578338.3844069513
 10
427999.6766703006
 20
1578336.000009654
 10
427997.68308421725
 20
1578333.8004263693
 10
427995.4835009323
 20
1578331.806840286
 10
427993.0991036352
 20
1578330.038450728
 10
427990.55285537534
 20
1578328.5122882535
 10
427987.8692779154
 20
1578327.2430506416
 10
427985.0742155733
 20
1578326.2429613443
 10
427982.19458632736
 20
1578325.521651768
 10
427979.25812258135
 20
1578325.0860685182
 10
427976.29310408636
 20
1578324.9404065001
 10
427973.3280855914
 20
1578325.0860685182
 10
427970.39162184537
 20
1578325.521651768
 10
427967.5119925994
 20
1578326.2429613443
 10
427964.71693025733
 20
1578327.2430506416
 10
427962.0333527974
 20
1578328.5122882535
 10
427959.48710453755
 20
1578330.038450728
 10
427957.10270724044
 20
1578331.806840286
 10
427954.9031239555
 20
1578333.8004263693
 10
427952.9095378721
 20
1578336.000009654
 10
427951.14114831423
 20
1578338.3844069513
 10
427949.6149858398
 20
1578340.9306552112
 10
427948.3457482279
 20
1578343.614232671
 10
427947.3456589305
 20
1578346.4092950132
 10
427946.6243493542
 20
1578349.2889242591
 10
427946.1887661045
 20
1578352.2253880051
 10
427946.04310408636
 20
1578355.1904065001
 10
427946.1887661045
 20
1578358.155424995
 10
427946.6243493542
 20
1578361.0918887411
 10
427947.3456589305
 20
1578363.971517987
 10
427948.3457482279
 20
1578366.7665803293
 10
427949.6149858398
 20
1578369.450157789
 10
427951.14114831423
 20
1578371.996406049
 10
427952.9095378721
 20
1578374.3808033462
 10
427954.9031239555
 20
1578376.580386631
 10
427957.10270724044
 20
1578378.5739727144
 10
427959.48710453755
 20
1578380.3423622723
 10
427962.0333527974
 20
1578381.8685247467
 10
427964.71693025733
 20
1578383.1377623586
 10
427967.5119925994
 20
1578384.137851656
 10
427970.39162184537
 20
1578384.8591612324
 10
427973.3280855914
 20
1578385.294744482
 10
427976.29310408636
 20
1578385.4404065001
 10
427979.25812258135
 20
1578385.294744482
 10
427982.19458632736
 20
1578384.8591612324
 10
427985.0742155733
 20
1578384.137851656
 10
427987.8692779154
 20
1578383.1377623586
 10
427990.55285537534
 20
1578381.8685247467
 10
427993.0991036352
 20
1578380.3423622723
 10
427995.4835009323
 20
1578378.5739727144
 10
427997.68308421725
 20
1578376.580386631
 10
427999.6766703006
 20
1578374.3808033462
 10
428001.4450598585
 20
1578371.996406049
 10
428002.9712223329
 20
1578369.450157789
 10
428004.2404599448
 20
1578366.7665803293
 10
428005.24054924224
 20
1578363.971517987
 10
428005.96185881854
 20
1578361.0918887411
 10
428006.3974420682
 20
1578358.155424995
 10
428006.54310408636
 20
1578355.1904065001
  0
LWPOLYLINE
  5
D7
330
17
100
AcDbEntity
  8
L-GOLF-TEE
100
AcDbPolyline
 90
65
 70
1
 10
427570.29310408636
 20
1578355.1904065001
 10
427570.2256902598
 20
1578353.8181665356
 10
427570.024098012
 20
1578352.4591419918
 10
427569.6902687866
 20
1578351.1264210185
 10
427569.2274175415
 20
1578349.832838447
 10
427568.6400017872
 20
1578348.5908521845
 10
427567.9336786586
 20
1578347.412423238
 10
427567.11525043345
 20
1578346.3089005218
 10
427566.192599023
 20
1578345.2909115634
 10
427565.17461006466
 20
1578344.368260153
 10
427564.0710873486
 20
1578343.549831928
 10
427562.8926584019
 20
1578342.8435087993
 10
427561.6506721395
 20
1578342.256093045
 10
427560.35708956793
 20
1578341.7932417998
 10
427559.0243685946
 20
1578341.4594125745
 10
427557.66534405097
 20
1578341.2578203266
 10
427556.29310408636
 20
1578341.1904065001
 10
427554.92086412176
 20
1578341.2578203266
 10
427553.56183957815
 20
1578341.4594125745
 10
427552.2291186048
 20
1578341.7932417998
 10
427550.93553603324
 20
1578342.256093045
 10
427549.6935497708
 20
1578342.8435087993
 10
427548.5151208241
 20
1578343.549831928
 10
427547.41159810807
 20
1578344.368260153
 10
427546.39360914973
 20
1578345.2909115634
 10
427545.4709577393
 20
1578346.3089005218
 10
427544.6525295141
 20
1578347.412423238
 10
427543.9462063855
 20
1578348.5908521845
 10
427543.35879063123
 20
1578349.832838447
 10
427542.8959393861
 20
1578351.1264210185
 10
427542.5621101607
 20
1578352.4591419918
 10
427542.36051791295
 20
1578353.8181665356
 10
427542.29310408636
 20
1578355.1904065001
 10
427542.36051791295
 20
1578356.5626464647
 10
427542.5621101607
 20
1578357.9216710085
 10
427542.8959393861
 20
1578359.2543919818
 10
427543.35879063123
 20
1578360.5479745532
 10
427543.9462063855
 20
1578361.7899608158
 10
427544.6525295141
 20
1578362.9683897623
 10
427545.4709577393
 20
1578364.0719124784
 10
427546.39360914973
 20
1578365.0899014368
 10
427547.41159810807
 20
1578366.0125528472
 10
427548.5151208241
 20
1578366.8309810723
 10
427549.6935497708
 20
1578367.537304201
 10
427550.93553603324
 20
1578368.1247199553
 10
427552.2291186048
 20
1578368.5875712004
 10
427553.56183957815
 20
1578368.9214004257
 10
427554.92086412176
 20
1578369.1229926737
 10
427556.29310408636
 20
1578369.1904065001
 10
427557.66534405097
 20
1578369.1229926737
 10
427559.0243685946
 20
1578368.9214004257
 10
427560.35708956793
 20
1578368.5875712004
 10
427561.6506721395
 20
1578368.1247199553
 10
427562.8926584019
 20
1578367.537304201
 10
427564.0710873486
 20
1578366.8309810723
 10
427565.17461006466
 20
1578366.0125528472
 10
427566.192599023
 20
1578365.0899014368
 10
427567.11525043345
 20
1578364.0719124784
 10
427567.9336786586
 20
1578362.9683897623
 10
427568.6400017872
 20
1578361.7899608158
 10
427569.2274175415
 20
1578360.5479745532
 10
427569.6902687866
 20
1578359.2543919818
 10
427570.024098012
 20
1578357.9216710085
 10
427570.2256902598
 20
1578356.5626464647
 10
427570.29310408636
 20
1578355.1904065001
  0
LINE
  5
D8
330
17
100
AcDbEntity
  8
L-GOLF-CL
100
AcDbLine
 10
427556.29310408636
 20
1578355.1904065001
 30
0.0
 11
427976.29310408636
 21
1578355.1904065001
 31
0.0
  0
TEXT
  5
D9
330
17
100
AcDbEntity
  8
L-GOLF-ANNO
100
AcDbText
 10
427576.29310408636
 20
1578375.1904065001
 30
0.0
 40
14.0
  1
14  PAR 3  140 YD
 11
427576.29310408636
 21
1578375.1904065001
 31
0.0
100
AcDbText
  0
LWPOLYLINE
  5
DA
330
17
100
AcDbEntity
  8
L-GOLF-FWY
100
AcDbPolyline
 90
85
 70
1
 10
427820.33973553334
 20
1578198.767712216
 10
427817.62168644613
 20
1578199.1708967115
 10
427814.9562444994
 20
1578199.8385551623
 10
427812.3690793563
 20
1578200.7642576525
 10
427809.88510683144
 20
1578201.9390891609
 10
427807.52824893803
 20
1578203.3517354182
 10
427805.32120350597
 20
1578204.9885918687
 10
427803.28522558935
 20
1578206.8338946896
 10
427801.4399227684
 20
1578208.8698726061
 10
427799.8030663181
 20
1578211.076918038
 10
427798.3904200608
 20
1578213.4337759316
 10
427797.21558855224
 20
1578215.9177484566
 10
427796.28988606203
 20
1578218.5049135997
 10
427795.62222761125
 20
1578221.1703555463
 10
427795.21904311574
 20
1578223.8884046334
 10
427795.08421546256
 20
1578226.6328845627
 10
427795.21904311574
 20
1578229.377364492
 10
427795.62222761125
 20
1578232.0954135791
 10
427796.28988606203
 20
1578234.7608555257
 10
427797.21558855224
 20
1578237.3480206688
 10
427798.3904200608
 20
1578239.8319931938
 10
427799.8030663181
 20
1578242.1888510874
 10
427801.4399227684
 20
1578244.3958965193
 10
427803.28522558935
 20
1578246.4318744359
 10
427805.32120350597
 20
1578248.2771772568
 10
427807.52824893803
 20
1578249.9140337072
 10
427809.88510683144
 20
1578251.3266799645
 10
427812.3690793563
 20
1578252.501511473
 10
427814.9562444994
 20
1578253.4272139631
 10
427817.62168644613
 20
1578254.094872414
 10
427820.33973553334
 20
1578254.4980569095
 10
427823.08421546256
 20
1578254.6328845627
 10
427823.08421546256
 20
1578268.6328845627
 10
428087.6237355531
 20
1578268.6328845627
 10
428088.19258483354
 20
1578269.1484594976
 10
428092.5278526465
 20
1578272.3637132393
 10
428097.1573949371
 20
1578275.1385541018
 10
428102.0366266825
 20
1578277.4462588509
 10
428107.1185582136
 20
1578279.264603028
 10
428112.35424775165
 20
1578280.5760749849
 10
428117.6932727444
 20
1578281.3680445296
 10
428123.08421546256
 20
1578281.6328845627
 10
428128.4751581807
 20
1578281.3680445296
 10
428133.81418317347
 20
1578280.5760749849
 10
428139.04987271153
 20
1578279.264603028
 10
428144.1318042426
 20
1578277.4462588509
 10
428149.011035988
 20
1578275.1385541018
 10
428153.64057827863
 20
1578272.3637132393
 10
428157.9758460916
 20
1578269.1484594976
 10
428161.97508842783
 20
1578265.523757528
 10
428165.5997903975
 20
1578261.5245151918
 10
428168.8150441392
 20
1578257.1892473788
 10
428171.5898850017
 20
1578252.5597050881
 10
428173.8975897507
 20
1578247.6804733428
 10
428175.7159339278
 20
1578242.5985418118
 10
428177.02740588476
 20
1578237.3628522735
 10
428177.81937542954
 20
1578232.0238272808
 10
428178.08421546256
 20
1578226.6328845627
 10
428177.81937542954
 20
1578221.2419418446
 10
428177.02740588476
 20
1578215.902916852
 10
428175.7159339278
 20
1578210.6672273136
 10
428173.8975897507
 20
1578205.5852957827
 10
428171.5898850017
 20
1578200.7060640373
 10
428168.8150441392
 20
1578196.0765217466
 10
428165.5997903975
 20
1578191.7412539336
 10
428161.97508842783
 20
1578187.7420115974
 10
428157.9758460916
 20
1578184.1173096278
 10
428153.64057827863
 20
1578180.902055886
 10
428149.011035988
 20
1578178.1272150236
 10
428144.1318042426
 20
1578175.8195102746
 10
428139.04987271153
 20
1578174.0011660974
 10
428133.81418317347
 20
1578172.6896941406
 10
428128.4751581807
 20
1578171.8977245959
 10
428123.08421546256
 20
1578171.6328845627
 10
428117.6932727444
 20
1578171.8977245959
 10
428112.35424775165
 20
1578172.6896941406
 10
428107.1185582136
 20
1578174.0011660974
 10
428102.0366266825
 20
1578175.8195102746
 10
428097.1573949371
 20
1578178.1272150236
 10
428092.5278526465
 20
1578180.902055886
 10
428088.19258483354
 20
1578184.1173096278
 10
428087.6237355531
 20
1578184.6328845627
 10
427823.08421546256
 20
1578184.6328845627
 10
427823.08421546256
 20
1578198.6328845627
 10
427820.33973553334
 20
1578198.767712216
  0
LWPOLYLINE
  5
DB
330
17
100
AcDbEntity
  8
L-GOLF-GRN
100
AcDbPolyline
 90
65
 70
1
 10
428153.33421546256
 20
1578226.6328845627
 10
428153.1885534444
 20
1578223.6678660677
 10
428152.75297019474
 20
1578220.7314023217
 10
428152.03166061844
 20
1578217.8517730758
 10
428151.031571321
 20
1578215.0567107336
 10
428149.7623337091
 20
1578212.3731332738
 10
428148.2361712347
 20
1578209.8268850138
 10
428146.4677816768
 20
1578207.4424877167
 10
428144.47419559344
 20
1578205.242904432
 10
428142.2746123085
 20
1578203.2493183485
 10
428139.8902150114
 20
1578201.4809287905
 10
428137.34396675153
 20
1578199.954766316
 10
428134.6603892916
 20
1578198.6855287042
 10
428131.8653269495
 20
1578197.685439407
 10
428128.98569770355
 20
1578196.9641298305
 10
428126.04923395754
 20
1578196.5285465808
 10
428123.08421546256
 20
1578196.3828845627
 10
428120.1191969676
 20
1578196.5285465808
 10
428117.18273322156
 20
1578196.9641298305
 10
428114.3031039756
 20
1578197.685439407
 10
428111.5080416335
 20
1578198.6855287042
 10
428108.8244641736
 20
1578199.954766316
 10
428106.27821591374
 20
1578201.4809287905
 10
428103.89381861663
 20
1578203.2493183485
 10
428101.69423533167
 20
1578205.242904432
 10
428099.7006492483
 20
1578207.4424877167
 10
428097.9322596904
 20
1578209.8268850138
 10
428096.406097216
 20
1578212.3731332738
 10
428095.1368596041
 20
1578215.0567107336
 10
428094.1367703067
 20
1578217.8517730758
 10
428093.4154607304
 20
1578220.7314023217
 10
428092.9798774807
 20
1578223.6678660677
 10
428092.83421546256
 20
1578226.6328845627
 10
428092.9798774807
 20
1578229.5979030577
 10
428093.4154607304
 20
1578232.5343668037
 10
428094.1367703067
 20
1578235.4139960497
 10
428095.1368596041
 20
1578238.2090583919
 10
428096.406097216
 20
1578240.8926358516
 10
428097.9322596904
 20
1578243.4388841116
 10
428099.7006492483
 20
1578245.8232814088
 10
428101.69423533167
 20
1578248.0228646935
 10
428103.89381861663
 20
1578250.016450777
 10
428106.27821591374
 20
1578251.784840335
 10
428108.8244641736
 20
1578253.3110028093
 10
428111.5080416335
 20
1578254.5802404212
 10
428114.3031039756
 20
1578255.5803297185
 10
428117.18273322156
 20
1578256.301639295
 10
428120.1191969676
 20
1578256.7372225446
 10
428123.08421546256
 20
1578256.8828845627
 10
428126.04923395754
 20
1578256.7372225446
 10
428128.98569770355
 20
1578256.301639295
 10
428131.8653269495
 20
1578255.5803297185
 10
428134.6603892916
 20
1578254.5802404212
 10
428137.34396675153
 20
1578253.3110028093
 10
428139.8902150114
 20
1578251.784840335
 10
428142.2746123085
 20
1578250.016450777
 10
428144.47419559344
 20
1578248.0228646935
 10
428146.4677816768
 20
1578245.8232814088
 10
428148.2361712347
 20
1578243.4388841116
 10
428149.7623337091
 20
1578240.8926358516
 10
428151.031571321
 20
1578238.2090583919
 10
428152.03166061844
 20
1578235.4139960497
 10
428152.75297019474
 20
1578232.5343668037
 10
428153.1885534444
 20
1578229.5979030577
 10
428153.33421546256
 20
1578226.6328845627
  0
LWPOLYLINE
  5
DC
330
17
100
AcDbEntity
  8
L-GOLF-TEE
100
AcDbPolyline
 90
65
 70
1
 10
427837.08421546256
 20
1578226.6328845627
 10
427837.01680163597
 20
1578225.2606445982
 10
427836.8152093882
 20
1578223.9016200544
 10
427836.4813801628
 20
1578222.568899081
 10
427836.0185289177
 20
1578221.2753165097
 10
427835.4311131634
 20
1578220.033330247
 10
427834.7247900348
 20
1578218.8549013005
 10
427833.90636180964
 20
1578217.7513785844
 10
427832.9837103992
 20
1578216.733389626
 10
427831.96572144085
 20
1578215.8107382157
 10
427830.8621987248
 20
1578214.9923099906
 10
427829.6837697781
 20
1578214.285986862
 10
427828.4417835157
 20
1578213.6985711076
 10
427827.1482009441
 20
1578213.2357198624
 10
427825.81547997077
 20
1578212.9018906371
 10
427824.45645542716
 20
1578212.7002983892
 10
427823.08421546256
 20
1578212.6328845627
 10
427821.71197549795
 20
1578212.7002983892
 10
427820.35295095434
 20
1578212.9018906371
 10
427819.020229981
 20
1578213.2357198624
 10
427817.72664740944
 20
1578213.6985711076
 10
427816.484661147
 20
1578214.285986862
 10
427815.3062322003
 20
1578214.9923099906
 10
427814.20270948426
 20
1578215.8107382157
 10
427813.1847205259
 20
1578216.733389626
 10
427812.2620691155
 20
1578217.7513785844
 10
427811.4436408903
 20
1578218.8549013005
 10
427810.7373177617
 20
1578220.033330247
 10
427810.1499020074
 20
1578221.2753165097
 10
427809.6870507623
 20
1578222.568899081
 10
427809.3532215369
 20
1578223.9016200544
 10
427809.15162928915
 20
1578225.2606445982
 10
427809.08421546256
 20
1578226.6328845627
 10
427809.15162928915
 20
1578228.0051245273
 10
427809.3532215369
 20
1578229.364149071
 10
427809.6870507623
 20
1578230.6968700443
 10
427810.1499020074
 20
1578231.9904526158
 10
427810.7373177617
 20
1578233.2324388784
 10
427811.4436408903
 20
1578234.410867825
 10
427812.2620691155
 20
1578235.514390541
 10
427813.1847205259
 20
1578236.5323794994
 10
427814.20270948426
 20
1578237.4550309097
 10
427815.3062322003
 20
1578238.2734591349
 10
427816.484661147
 20
1578238.9797822635
 10
427817.72664740944
 20
1578239.5671980178
 10
427819.020229981
 20
1578240.030049263
 10
427820.35295095434
 20
1578240.3638784883
 10
427821.71197549795
 20
1578240.5654707362
 10
427823.08421546256
 20
1578240.6328845627
 10
427824.45645542716
 20
1578240.5654707362
 10
427825.81547997077
 20
1578240.3638784883
 10
427827.1482009441
 20
1578240.030049263
 10
427828.4417835157
 20
1578239.5671980178
 10
427829.6837697781
 20
1578238.9797822635
 10
427830.8621987248
 20
1578238.2734591349
 10
427831.96572144085
 20
1578237.4550309097
 10
427832.9837103992
 20
1578236.5323794994
 10
427833.90636180964
 20
1578235.514390541
 10
427834.7247900348
 20
1578234.410867825
 10
427835.4311131634
 20
1578233.2324388784
 10
427836.0185289177
 20
1578231.9904526158
 10
427836.4813801628
 20
1578230.6968700443
 10
427836.8152093882
 20
1578229.364149071
 10
427837.01680163597
 20
1578228.0051245273
 10
427837.08421546256
 20
1578226.6328845627
  0
LINE
  5
DD
330
17
100
AcDbEntity
  8
L-GOLF-CL
100
AcDbLine
 10
427823.08421546256
 20
1578226.6328845627
 30
0.0
 11
428123.08421546256
 21
1578226.6328845627
 31
0.0
  0
TEXT
  5
DE
330
17
100
AcDbEntity
  8
L-GOLF-ANNO
100
AcDbText
 10
427843.08421546256
 20
1578246.6328845627
 30
0.0
 40
14.0
  1
15  PAR 3  100 YD
 11
427843.08421546256
 21
1578246.6328845627
 31
0.0
100
AcDbText
  0
LWPOLYLINE
  5
DF
330
17
100
AcDbEntity
  8
L-GOLF-FWY
100
AcDbPolyline
 90
85
 70
1
 10
428115.8883304549
 20
1577801.2711457761
 10
428115.0963609101
 20
1577795.9321207835
 10
428113.78488895315
 20
1577790.6964312452
 10
428111.96654477605
 20
1577785.6144997142
 10
428109.65884002706
 20
1577780.7352679688
 10
428106.88399916457
 20
1577776.1057256781
 10
428103.66874542285
 20
1577771.7704578652
 10
428100.0440434532
 20
1577767.771215529
 10
428096.0448011169
 20
1577764.1465135594
 10
428091.709533304
 20
1577760.9312598177
 10
428087.07999101334
 20
1577758.1564189552
 10
428082.20075926796
 20
1577755.8487142061
 10
428077.1188277369
 20
1577754.030370029
 10
428071.8831381988
 20
1577752.7188980721
 10
428066.54411320604
 20
1577751.9269285274
 10
428061.1531704879
 20
1577751.6620884943
 10
428055.76222776977
 20
1577751.9269285274
 10
428050.423202777
 20
1577752.7188980721
 10
428045.1875132389
 20
1577754.030370029
 10
428040.10558170784
 20
1577755.8487142061
 10
428035.22634996247
 20
1577758.1564189552
 10
428030.5968076718
 20
1577760.9312598177
 10
428026.2615398589
 20
1577764.1465135594
 10
428022.2622975226
 20
1577767.771215529
 10
428018.63759555295
 20
1577771.7704578652
 10
428015.42234181124
 20
1577776.1057256781
 10
428012.64750094875
 20
1577780.7352679688
 10
428010.33979619975
 20
1577785.6144997142
 10
428009.4886965807
 20
1577787.9931638
 10
427780.3455493526
 20
1577920.2890215353
 10
427787.36054090323
 20
1577932.4393433158
 10
427785.78958282806
 20
1577933.3809393498
 10
427783.582537396
 20
1577935.0177958002
 10
427781.5465594794
 20
1577936.8630986211
 10
427779.7012566584
 20
1577938.8990765377
 10
427778.0644002081
 20
1577941.1061219696
 10
427776.6517539508
 20
1577943.4629798632
 10
427775.47692244226
 20
1577945.9469523882
 10
427774.55121995206
 20
1577948.5341175313
 10
427773.8835615013
 20
1577951.1995594779
 10
427773.48037700576
 20
1577953.917608565
 10
427773.3455493526
 20
1577956.6620884943
 10
427773.48037700576
 20
1577959.4065684236
 10
427773.8835615013
 20
1577962.1246175107
 10
427774.55121995206
 20
1577964.7900594573
 10
427775.47692244226
 20
1577967.3772246004
 10
427776.6517539508
 20
1577969.8611971254
 10
427778.0644002081
 20
1577972.218055019
 10
427779.7012566584
 20
1577974.4251004509
 10
427781.5465594794
 20
1577976.4610783674
 10
427783.582537396
 20
1577978.3063811883
 10
427785.78958282806
 20
1577979.9432376388
 10
427788.14644072147
 20
1577981.3558838961
 10
427790.63041324634
 20
1577982.5307154045
 10
427793.21757838945
 20
1577983.4564178947
 10
427795.88302033616
 20
1577984.1240763455
 10
427798.60106942337
 20
1577984.527260841
 10
427801.3455493526
 20
1577984.6620884943
 10
427804.0900292818
 20
1577984.527260841
 10
427806.808078369
 20
1577984.1240763455
 10
427809.4735203157
 20
1577983.4564178947
 10
427812.0606854588
 20
1577982.5307154045
 10
427814.5446579837
 20
1577981.3558838961
 10
427815.33055780194
 20
1577980.8848336728
 10
427822.3455493526
 20
1577993.0351554533
 10
428051.45557996363
 20
1577860.758417606
 10
428055.76222776977
 20
1577861.3972484611
 10
428061.1531704879
 20
1577861.6620884943
 10
428066.54411320604
 20
1577861.3972484611
 10
428071.8831381988
 20
1577860.6052789164
 10
428077.1188277369
 20
1577859.2938069596
 10
428082.20075926796
 20
1577857.4754627824
 10
428087.07999101334
 20
1577855.1677580334
 10
428091.709533304
 20
1577852.392917171
 10
428096.0448011169
 20
1577849.1776634292
 10
428100.0440434532
 20
1577845.5529614596
 10
428103.66874542285
 20
1577841.5537191234
 10
428106.88399916457
 20
1577837.2184513104
 10
428109.65884002706
 20
1577832.5889090197
 10
428111.96654477605
 20
1577827.7096772743
 10
428113.78488895315
 20
1577822.6277457434
 10
428115.0963609101
 20
1577817.392056205
 10
428115.8883304549
 20
1577812.0530312124
 10
428116.1531704879
 20
1577806.6620884943
 10
428115.8883304549
 20
1577801.2711457761
  0
LWPOLYLINE
  5
E0
330
17
100
AcDbEntity
  8
L-GOLF-GRN
100
AcDbPolyline
 90
65
 70
1
 10
428091.4031704879
 20
1577806.6620884943
 10
428091.25750846975
 20
1577803.6970699993
 10
428090.8219252201
 20
1577800.7606062533
 10
428090.1006156438
 20
1577797.8809770073
 10
428089.10052634636
 20
1577795.0859146651
 10
428087.83128873445
 20
1577792.4023372054
 10
428086.30512626003
 20
1577789.8560889454
 10
428084.53673670214
 20
1577787.4716916482
 10
428082.5431506188
 20
1577785.2721083635
 10
428080.3435673338
 20
1577783.27852228
 10
428077.9591700367
 20
1577781.510132722
 10
428075.4129217769
 20
1577779.9839702477
 10
428072.72934431693
 20
1577778.7147326358
 10
428069.93428197486
 20
1577777.7146433385
 10
428067.0546527289
 20
1577776.993333762
 10
428064.1181889829
 20
1577776.5577505124
 10
428061.1531704879
 20
1577776.4120884943
 10
428058.1881519929
 20
1577776.5577505124
 10
428055.2516882469
 20
1577776.993333762
 10
428052.37205900095
 20
1577777.7146433385
 10
428049.57699665887
 20
1577778.7147326358
 10
428046.8934191989
 20
1577779.9839702477
 10
428044.3471709391
 20
1577781.510132722
 10
428041.962773642
 20
1577783.27852228
 10
428039.763190357
 20
1577785.2721083635
 10
428037.76960427366
 20
1577787.4716916482
 10
428036.00121471577
 20
1577789.8560889454
 10
428034.47505224135
 20
1577792.4023372054
 10
428033.20581462944
 20
1577795.0859146651
 10
428032.205725332
 20
1577797.8809770073
 10
428031.4844157557
 20
1577800.7606062533
 10
428031.04883250606
 20
1577803.6970699993
 10
428030.9031704879
 20
1577806.6620884943
 10
428031.04883250606
 20
1577809.6271069893
 10
428031.4844157557
 20
1577812.5635707353
 10
428032.205725332
 20
1577815.4431999812
 10
428033.20581462944
 20
1577818.2382623234
 10
428034.47505224135
 20
1577820.9218397832
 10
428036.00121471577
 20
1577823.4680880432
 10
428037.76960427366
 20
1577825.8524853403
 10
428039.763190357
 20
1577828.052068625
 10
428041.962773642
 20
1577830.0456547085
 10
428044.3471709391
 20
1577831.8140442665
 10
428046.8934191989
 20
1577833.340206741
 10
428049.57699665887
 20
1577834.6094443528
 10
428052.37205900095
 20
1577835.60953365
 10
428055.2516882469
 20
1577836.3308432265
 10
428058.1881519929
 20
1577836.7664264762
 10
428061.1531704879
 20
1577836.9120884943
 10
428064.1181889829
 20
1577836.7664264762
 10
428067.0546527289
 20
1577836.3308432265
 10
428069.93428197486
 20
1577835.60953365
 10
428072.72934431693
 20
1577834.6094443528
 10
428075.4129217769
 20
1577833.340206741
 10
428077.9591700367
 20
1577831.8140442665
 10
428080.3435673338
 20
1577830.0456547085
 10
428082.5431506188
 20
1577828.052068625
 10
428084.53673670214
 20
1577825.8524853403
 10
428086.30512626003
 20
1577823.4680880432
 10
428087.83128873445
 20
1577820.9218397832
 10
428089.10052634636
 20
1577818.2382623234
 10
428090.1006156438
 20
1577815.4431999812
 10
428090.8219252201
 20
1577812.5635707353
 10
428091.25750846975
 20
1577809.6271069893
 10
428091.4031704879
 20
1577806.6620884943
  0
LWPOLYLINE
  5
E1
330
17
100
AcDbEntity
  8
L-GOLF-TEE
100
AcDbPolyline
 90
65
 70
1
 10
427815.3455493526
 20
1577956.6620884943
 10
427815.278135526
 20
1577955.2898485297
 10
427815.07654327824
 20
1577953.930823986
 10
427814.74271405285
 20
1577952.5981030127
 10
427814.2798628077
 20
1577951.3045204412
 10
427813.69244705344
 20
1577950.0625341786
 10
427812.98612392484
 20
1577948.884105232
 10
427812.16769569967
 20
1577947.780582516
 10
427811.2450442892
 20
1577946.7625935576
 10
427810.2270553309
 20
1577945.8399421473
 10
427809.12353261485
 20
1577945.0215139221
 10
427807.94510366814
 20
1577944.3151907935
 10
427806.7031174057
 20
1577943.7277750392
 10
427805.40953483415
 20
1577943.264923794
 10
427804.0768138608
 20
1577942.9310945687
 10
427802.7177893172
 20
1577942.7295023208
 10
427801.3455493526
 20
1577942.6620884943
 10
427799.973309388
 20
1577942.7295023208
 10
427798.61428484437
 20
1577942.9310945687
 10
427797.281563871
 20
1577943.264923794
 10
427795.98798129946
 20
1577943.7277750392
 10
427794.745995037
 20
1577944.3151907935
 10
427793.5675660903
 20
1577945.0215139221
 10
427792.4640433743
 20
1577945.8399421473
 10
427791.44605441595
 20
1577946.7625935576
 10
427790.5234030055
 20
1577947.780582516
 10
427789.7049747803
 20
1577948.884105232
 10
427788.9986516517
 20
1577950.0625341786
 10
427788.41123589745
 20
1577951.3045204412
 10
427787.9483846523
 20
1577952.5981030127
 10
427787.61455542693
 20
1577953.930823986
 10
427787.4129631792
 20
1577955.2898485297
 10
427787.3455493526
 20
1577956.6620884943
 10
427787.4129631792
 20
1577958.0343284588
 10
427787.61455542693
 20
1577959.3933530026
 10
427787.9483846523
 20
1577960.726073976
 10
427788.41123589745
 20
1577962.0196565473
 10
427788.9986516517
 20
1577963.26164281
 10
427789.7049747803
 20
1577964.4400717565
 10
427790.5234030055
 20
1577965.5435944726
 10
427791.44605441595
 20
1577966.561583431
 10
427792.4640433743
 20
1577967.4842348413
 10
427793.5675660903
 20
1577968.3026630664
 10
427794.745995037
 20
1577969.008986195
 10
427795.98798129946
 20
1577969.5964019494
 10
427797.281563871
 20
1577970.0592531946
 10
427798.61428484437
 20
1577970.3930824199
 10
427799.973309388
 20
1577970.5946746678
 10
427801.3455493526
 20
1577970.6620884943
 10
427802.7177893172
 20
1577970.5946746678
 10
427804.0768138608
 20
1577970.3930824199
 10
427805.40953483415
 20
1577970.0592531946
 10
427806.7031174057
 20
1577969.5964019494
 10
427807.94510366814
 20
1577969.008986195
 10
427809.12353261485
 20
1577968.3026630664
 10
427810.2270553309
 20
1577967.4842348413
 10
427811.2450442892
 20
1577966.561583431
 10
427812.16769569967
 20
1577965.5435944726
 10
427812.98612392484
 20
1577964.4400717565
 10
427813.69244705344
 20
1577963.26164281
 10
427814.2798628077
 20
1577962.0196565473
 10
427814.74271405285
 20
1577960.726073976
 10
427815.07654327824
 20
1577959.3933530026
 10
427815.278135526
 20
1577958.0343284588
 10
427815.3455493526
 20
1577956.6620884943
  0
LINE
  5
E2
330
17
100
AcDbEntity
  8
L-GOLF-CL
100
AcDbLine
 10
427801.3455493526
 20
1577956.6620884943
 30
0.0
 11
428061.1531704879
 21
1577806.6620884943
 31
0.0
  0
TEXT
  5
E3
330
17
100
AcDbEntity
  8
L-GOLF-ANNO
100
AcDbText
 10
427821.3455493526
 20
1577976.6620884943
 30
0.0
 40
14.0
  1
16  PAR 3  100 YD
 11
427821.3455493526
 21
1577976.6620884943
 31
0.0
100
AcDbText
  0
LWPOLYLINE
  5
E4
330
17
100
AcDbEntity
  8
L-GOLF-FWY
100
AcDbPolyline
 90
85
 70
1
 10
427516.0448011169
 20
1577279.1722874402
 10
427511.709533304
 20
1577275.9570336984
 10
427507.07999101334
 20
1577273.182192836
 10
427502.20075926796
 20
1577270.874488087
 10
427497.1188277369
 20
1577269.0561439097
 10
427491.8831381988
 20
1577267.744671953
 10
427486.54411320604
 20
1577266.9527024082
 10
427481.1531704879
 20
1577266.687862375
 10
427475.76222776977
 20
1577266.9527024082
 10
427470.423202777
 20
1577267.744671953
 10
427465.1875132389
 20
1577269.0561439097
 10
427460.10558170784
 20
1577270.874488087
 10
427455.22634996247
 20
1577273.182192836
 10
427450.5968076718
 20
1577275.9570336984
 10
427446.2615398589
 20
1577279.1722874402
 10
427442.2622975226
 20
1577282.7969894097
 10
427438.63759555295
 20
1577286.796231746
 10
427435.42234181124
 20
1577291.131499559
 10
427432.64750094875
 20
1577295.7610418496
 10
427430.33979619975
 20
1577300.640273595
 10
427428.52145202266
 20
1577305.722205126
 10
427427.2099800657
 20
1577310.9578946643
 10
427426.4180105209
 20
1577316.296919657
 10
427426.1531704879
 20
1577321.687862375
 10
427426.4180105209
 20
1577327.0788050932
 10
427427.2099800657
 20
1577332.4178300858
 10
427428.52145202266
 20
1577337.6535196241
 10
427430.33979619975
 20
1577342.735451155
 10
427432.64750094875
 20
1577347.6146829005
 10
427435.42234181124
 20
1577352.2442251912
 10
427438.63759555295
 20
1577356.5794930041
 10
427442.2622975226
 20
1577360.5787353404
 10
427446.2615398589
 20
1577364.20343731
 10
427450.5968076718
 20
1577367.4186910517
 10
427455.22634996247
 20
1577370.1935319141
 10
427460.10558170784
 20
1577372.5012366632
 10
427465.1875132389
 20
1577374.3195808404
 10
427470.423202777
 20
1577375.6310527972
 10
427475.76222776977
 20
1577376.423022342
 10
427481.1531704879
 20
1577376.687862375
 10
427486.54411320604
 20
1577376.423022342
 10
427491.8831381988
 20
1577375.6310527972
 10
427497.1188277369
 20
1577374.3195808404
 10
427502.20075926796
 20
1577372.5012366632
 10
427507.07999101334
 20
1577370.1935319141
 10
427511.709533304
 20
1577367.4186910517
 10
427516.0448011169
 20
1577364.20343731
 10
427516.61365039734
 20
1577363.687862375
 10
427781.1531704879
 20
1577363.687862375
 10
427781.1531704879
 20
1577349.687862375
 10
427783.8976504171
 20
1577349.5530347219
 10
427786.6156995043
 20
1577349.1498502262
 10
427789.28114145104
 20
1577348.4821917755
 10
427791.86830659414
 20
1577347.5564892853
 10
427794.352279119
 20
1577346.381657777
 10
427796.7091370124
 20
1577344.9690115196
 10
427798.9161824445
 20
1577343.332155069
 10
427800.9521603611
 20
1577341.4868522482
 10
427802.79746318207
 20
1577339.4508743316
 10
427804.43431963236
 20
1577337.2438288997
 10
427805.8469658897
 20
1577334.8869710062
 10
427807.0217973982
 20
1577332.4029984812
 10
427807.9474998884
 20
1577329.815833338
 10
427808.6151583392
 20
1577327.1503913915
 10
427809.0183428347
 20
1577324.4323423044
 10
427809.1531704879
 20
1577321.687862375
 10
427809.0183428347
 20
1577318.9433824457
 10
427808.6151583392
 20
1577316.2253333586
 10
427807.9474998884
 20
1577313.559891412
 10
427807.0217973982
 20
1577310.972726269
 10
427805.8469658897
 20
1577308.488753744
 10
427804.43431963236
 20
1577306.1318958504
 10
427802.79746318207
 20
1577303.9248504185
 10
427800.9521603611
 20
1577301.888872502
 10
427798.9161824445
 20
1577300.043569681
 10
427796.7091370124
 20
1577298.4067132305
 10
427794.352279119
 20
1577296.9940669732
 10
427791.86830659414
 20
1577295.8192354648
 10
427789.28114145104
 20
1577294.8935329746
 10
427786.6156995043
 20
1577294.2258745239
 10
427783.8976504171
 20
1577293.8226900282
 10
427781.1531704879
 20
1577293.687862375
 10
427781.1531704879
 20
1577279.687862375
 10
427516.61365039734
 20
1577279.687862375
 10
427516.0448011169
 20
1577279.1722874402
  0
LWPOLYLINE
  5
E5
330
17
100
AcDbEntity
  8
L-GOLF-GRN
100
AcDbPolyline
 90
65
 70
1
 10
427511.4031704879
 20
1577321.687862375
 10
427511.25750846975
 20
1577318.72284388
 10
427510.8219252201
 20
1577315.786380134
 10
427510.1006156438
 20
1577312.906750888
 10
427509.10052634636
 20
1577310.111688546
 10
427507.83128873445
 20
1577307.4281110861
 10
427506.30512626003
 20
1577304.8818628262
 10
427504.53673670214
 20
1577302.497465529
 10
427502.5431506188
 20
1577300.2978822442
 10
427500.3435673338
 20
1577298.3042961608
 10
427497.9591700367
 20
1577296.5359066029
 10
427495.4129217769
 20
1577295.0097441284
 10
427492.72934431693
 20
1577293.7405065165
 10
427489.93428197486
 20
1577292.7404172192
 10
427487.0546527289
 20
1577292.0191076428
 10
427484.1181889829
 20
1577291.5835243932
 10
427481.1531704879
 20
1577291.437862375
 10
427478.1881519929
 20
1577291.5835243932
 10
427475.2516882469
 20
1577292.0191076428
 10
427472.37205900095
 20
1577292.7404172192
 10
427469.57699665887
 20
1577293.7405065165
 10
427466.8934191989
 20
1577295.0097441284
 10
427464.3471709391
 20
1577296.5359066029
 10
427461.962773642
 20
1577298.3042961608
 10
427459.763190357
 20
1577300.2978822442
 10
427457.76960427366
 20
1577302.497465529
 10
427456.00121471577
 20
1577304.8818628262
 10
427454.47505224135
 20
1577307.4281110861
 10
427453.20581462944
 20
1577310.111688546
 10
427452.205725332
 20
1577312.906750888
 10
427451.4844157557
 20
1577315.786380134
 10
427451.04883250606
 20
1577318.72284388
 10
427450.9031704879
 20
1577321.687862375
 10
427451.04883250606
 20
1577324.65288087
 10
427451.4844157557
 20
1577327.589344616
 10
427452.205725332
 20
1577330.468973862
 10
427453.20581462944
 20
1577333.2640362042
 10
427454.47505224135
 20
1577335.947613664
 10
427456.00121471577
 20
1577338.493861924
 10
427457.76960427366
 20
1577340.878259221
 10
427459.763190357
 20
1577343.0778425059
 10
427461.962773642
 20
1577345.0714285893
 10
427464.3471709391
 20
1577346.8398181472
 10
427466.8934191989
 20
1577348.3659806217
 10
427469.57699665887
 20
1577349.6352182336
 10
427472.37205900095
 20
1577350.6353075309
 10
427475.2516882469
 20
1577351.3566171073
 10
427478.1881519929
 20
1577351.792200357
 10
427481.1531704879
 20
1577351.937862375
 10
427484.1181889829
 20
1577351.792200357
 10
427487.0546527289
 20
1577351.3566171073
 10
427489.93428197486
 20
1577350.6353075309
 10
427492.72934431693
 20
1577349.6352182336
 10
427495.4129217769
 20
1577348.3659806217
 10
427497.9591700367
 20
1577346.8398181472
 10
427500.3435673338
 20
1577345.0714285893
 10
427502.5431506188
 20
1577343.0778425059
 10
427504.53673670214
 20
1577340.878259221
 10
427506.30512626003
 20
1577338.493861924
 10
427507.83128873445
 20
1577335.947613664
 10
427509.10052634636
 20
1577333.2640362042
 10
427510.1006156438
 20
1577330.468973862
 10
427510.8219252201
 20
1577327.589344616
 10
427511.25750846975
 20
1577324.65288087
 10
427511.4031704879
 20
1577321.687862375
  0
LWPOLYLINE
  5
E6
330
17
100
AcDbEntity
  8
L-GOLF-TEE
100
AcDbPolyline
 90
65
 70
1
 10
427795.1531704879
 20
1577321.687862375
 10
427795.0857566613
 20
1577320.3156224105
 10
427794.88416441355
 20
1577318.9565978667
 10
427794.55033518816
 20
1577317.6238768934
 10
427794.08748394303
 20
1577316.330294322
 10
427793.50006818876
 20
1577315.0883080594
 10
427792.79374506016
 20
1577313.9098791128
 10
427791.975316835
 20
1577312.8063563968
 10
427791.05266542453
 20
1577311.7883674384
 10
427790.0346764662
 20
1577310.865716028
 10
427788.93115375016
 20
1577310.047287803
 10
427787.75272480346
 20
1577309.3409646743
 10
427786.510738541
 20
1577308.75354892
 10
427785.21715596947
 20
1577308.2906976747
 10
427783.8844349961
 20
1577307.9568684495
 10
427782.5254104525
 20
1577307.7552762015
 10
427781.1531704879
 20
1577307.687862375
 10
427779.7809305233
 20
1577307.7552762015
 10
427778.4219059797
 20
1577307.9568684495
 10
427777.08918500633
 20
1577308.2906976747
 10
427775.7956024348
 20
1577308.75354892
 10
427774.55361617234
 20
1577309.3409646743
 10
427773.37518722564
 20
1577310.047287803
 10
427772.2716645096
 20
1577310.865716028
 10
427771.25367555127
 20
1577311.7883674384
 10
427770.3310241408
 20
1577312.8063563968
 10
427769.51259591564
 20
1577313.9098791128
 10
427768.80627278704
 20
1577315.0883080594
 10
427768.21885703277
 20
1577316.330294322
 10
427767.75600578764
 20
1577317.6238768934
 10
427767.42217656225
 20
1577318.9565978667
 10
427767.2205843145
 20
1577320.3156224105
 10
427767.1531704879
 20
1577321.687862375
 10
427767.2205843145
 20
1577323.0601023396
 10
427767.42217656225
 20
1577324.4191268834
 10
427767.75600578764
 20
1577325.7518478567
 10
427768.21885703277
 20
1577327.045430428
 10
427768.80627278704
 20
1577328.2874166907
 10
427769.51259591564
 20
1577329.4658456373
 10
427770.3310241408
 20
1577330.5693683533
 10
427771.25367555127
 20
1577331.5873573117
 10
427772.2716645096
 20
1577332.510008722
 10
427773.37518722564
 20
1577333.3284369472
 10
427774.55361617234
 20
1577334.0347600759
 10
427775.7956024348
 20
1577334.6221758302
 10
427777.08918500633
 20
1577335.0850270754
 10
427778.4219059797
 20
1577335.4188563006
 10
427779.7809305233
 20
1577335.6204485486
 10
427781.1531704879
 20
1577335.687862375
 10
427782.5254104525
 20
1577335.6204485486
 10
427783.8844349961
 20
1577335.4188563006
 10
427785.21715596947
 20
1577335.0850270754
 10
427786.510738541
 20
1577334.6221758302
 10
427787.75272480346
 20
1577334.0347600759
 10
427788.93115375016
 20
1577333.3284369472
 10
427790.0346764662
 20
1577332.510008722
 10
427791.05266542453
 20
1577331.5873573117
 10
427791.975316835
 20
1577330.5693683533
 10
427792.79374506016
 20
1577329.4658456373
 10
427793.50006818876
 20
1577328.2874166907
 10
427794.08748394303
 20
1577327.045430428
 10
427794.55033518816
 20
1577325.7518478567
 10
427794.88416441355
 20
1577324.4191268834
 10
427795.0857566613
 20
1577323.0601023396
 10
427795.1531704879
 20
1577321.687862375
  0
LINE
  5
E7
330
17
100
AcDbEntity
  8
L-GOLF-CL
100
AcDbLine
 10
427781.1531704879
 20
1577321.687862375
 30
0.0
 11
427481.1531704879
 21
1577321.687862375
 31
0.0
  0
TEXT
  5
E8
330
17
100
AcDbEntity
  8
L-GOLF-ANNO
100
AcDbText
 10
427801.1531704879
 20
1577341.687862375
 30
0.0
 40
14.0
  1
17  PAR 3  100 YD
 11
427801.1531704879
 21
1577341.687862375
 31
0.0
100
AcDbText
  0
LWPOLYLINE
  5
E9
330
17
100
AcDbEntity
  8
L-GOLF-FWY
100
AcDbPolyline
 90
85
 70
1
 10
427898.4086905587
 20
1577293.8226900282
 10
427895.6906414715
 20
1577294.2258745239
 10
427893.02519952477
 20
1577294.8935329746
 10
427890.43803438166
 20
1577295.8192354648
 10
427887.9540618568
 20
1577296.9940669732
 10
427885.5972039634
 20
1577298.4067132305
 10
427883.3901585313
 20
1577300.043569681
 10
427881.3541806147
 20
1577301.888872502
 10
427879.50887779373
 20
1577303.9248504185
 10
427877.87202134344
 20
1577306.1318958504
 10
427876.4593750861
 20
1577308.488753744
 10
427875.2845435776
 20
1577310.972726269
 10
427874.3588410874
 20
1577313.559891412
 10
427873.6911826366
 20
1577316.2253333586
 10
427873.2879981411
 20
1577318.9433824457
 10
427873.1531704879
 20
1577321.687862375
 10
427873.2879981411
 20
1577324.4323423044
 10
427873.6911826366
 20
1577327.1503913915
 10
427874.3588410874
 20
1577329.815833338
 10
427875.2845435776
 20
1577332.4029984812
 10
427876.4593750861
 20
1577334.8869710062
 10
427877.87202134344
 20
1577337.2438288997
 10
427879.50887779373
 20
1577339.4508743316
 10
427881.3541806147
 20
1577341.4868522482
 10
427883.3901585313
 20
1577343.332155069
 10
427885.5972039634
 20
1577344.9690115196
 10
427887.9540618568
 20
1577346.381657777
 10
427890.43803438166
 20
1577347.5564892853
 10
427893.02519952477
 20
1577348.4821917755
 10
427895.6906414715
 20
1577349.1498502262
 10
427898.4086905587
 20
1577349.5530347219
 10
427901.1531704879
 20
1577349.687862375
 10
427901.1531704879
 20
1577363.687862375
 10
428165.69269057846
 20
1577363.687862375
 10
428166.2615398589
 20
1577364.20343731
 10
428170.5968076718
 20
1577367.4186910517
 10
428175.22634996247
 20
1577370.1935319141
 10
428180.10558170784
 20
1577372.5012366632
 10
428185.1875132389
 20
1577374.3195808404
 10
428190.423202777
 20
1577375.6310527972
 10
428195.76222776977
 20
1577376.423022342
 10
428201.1531704879
 20
1577376.687862375
 10
428206.54411320604
 20
1577376.423022342
 10
428211.8831381988
 20
1577375.6310527972
 10
428217.1188277369
 20
1577374.3195808404
 10
428222.20075926796
 20
1577372.5012366632
 10
428227.07999101334
 20
1577370.1935319141
 10
428231.709533304
 20
1577367.4186910517
 10
428236.0448011169
 20
1577364.20343731
 10
428240.0440434532
 20
1577360.5787353404
 10
428243.66874542285
 20
1577356.5794930041
 10
428246.88399916457
 20
1577352.2442251912
 10
428249.65884002706
 20
1577347.6146829005
 10
428251.96654477605
 20
1577342.735451155
 10
428253.78488895315
 20
1577337.6535196241
 10
428255.0963609101
 20
1577332.4178300858
 10
428255.8883304549
 20
1577327.0788050932
 10
428256.1531704879
 20
1577321.687862375
 10
428255.8883304549
 20
1577316.296919657
 10
428255.0963609101
 20
1577310.9578946643
 10
428253.78488895315
 20
1577305.722205126
 10
428251.96654477605
 20
1577300.640273595
 10
428249.65884002706
 20
1577295.7610418496
 10
428246.88399916457
 20
1577291.131499559
 10
428243.66874542285
 20
1577286.796231746
 10
428240.0440434532
 20
1577282.7969894097
 10
428236.0448011169
 20
1577279.1722874402
 10
428231.709533304
 20
1577275.9570336984
 10
428227.07999101334
 20
1577273.182192836
 10
428222.20075926796
 20
1577270.874488087
 10
428217.1188277369
 20
1577269.0561439097
 10
428211.8831381988
 20
1577267.744671953
 10
428206.54411320604
 20
1577266.9527024082
 10
428201.1531704879
 20
1577266.687862375
 10
428195.76222776977
 20
1577266.9527024082
 10
428190.423202777
 20
1577267.744671953
 10
428185.1875132389
 20
1577269.0561439097
 10
428180.10558170784
 20
1577270.874488087
 10
428175.22634996247
 20
1577273.182192836
 10
428170.5968076718
 20
1577275.9570336984
 10
428166.2615398589
 20
1577279.1722874402
 10
428165.69269057846
 20
1577279.687862375
 10
427901.1531704879
 20
1577279.687862375
 10
427901.1531704879
 20
1577293.687862375
 10
427898.4086905587
 20
1577293.8226900282
  0
LWPOLYLINE
  5
EA
330
17
100
AcDbEntity
  8
L-GOLF-GRN
100
AcDbPolyline
 90
65
 70
1
 10
428231.4031704879
 20
1577321.687862375
 10
428231.25750846975
 20
1577318.72284388
 10
428230.8219252201
 20
1577315.786380134
 10
428230.1006156438
 20
1577312.906750888
 10
428229.10052634636
 20
1577310.111688546
 10
428227.83128873445
 20
1577307.4281110861
 10
428226.30512626003
 20
1577304.8818628262
 10
428224.53673670214
 20
1577302.497465529
 10
428222.5431506188
 20
1577300.2978822442
 10
428220.3435673338
 20
1577298.3042961608
 10
428217.9591700367
 20
1577296.5359066029
 10
428215.4129217769
 20
1577295.0097441284
 10
428212.72934431693
 20
1577293.7405065165
 10
428209.93428197486
 20
1577292.7404172192
 10
428207.0546527289
 20
1577292.0191076428
 10
428204.1181889829
 20
1577291.5835243932
 10
428201.1531704879
 20
1577291.437862375
 10
428198.1881519929
 20
1577291.5835243932
 10
428195.2516882469
 20
1577292.0191076428
 10
428192.37205900095
 20
1577292.7404172192
 10
428189.57699665887
 20
1577293.7405065165
 10
428186.8934191989
 20
1577295.0097441284
 10
428184.3471709391
 20
1577296.5359066029
 10
428181.962773642
 20
1577298.3042961608
 10
428179.763190357
 20
1577300.2978822442
 10
428177.76960427366
 20
1577302.497465529
 10
428176.00121471577
 20
1577304.8818628262
 10
428174.47505224135
 20
1577307.4281110861
 10
428173.20581462944
 20
1577310.111688546
 10
428172.205725332
 20
1577312.906750888
 10
428171.4844157557
 20
1577315.786380134
 10
428171.04883250606
 20
1577318.72284388
 10
428170.9031704879
 20
1577321.687862375
 10
428171.04883250606
 20
1577324.65288087
 10
428171.4844157557
 20
1577327.589344616
 10
428172.205725332
 20
1577330.468973862
 10
428173.20581462944
 20
1577333.2640362042
 10
428174.47505224135
 20
1577335.947613664
 10
428176.00121471577
 20
1577338.493861924
 10
428177.76960427366
 20
1577340.878259221
 10
428179.763190357
 20
1577343.0778425059
 10
428181.962773642
 20
1577345.0714285893
 10
428184.3471709391
 20
1577346.8398181472
 10
428186.8934191989
 20
1577348.3659806217
 10
428189.57699665887
 20
1577349.6352182336
 10
428192.37205900095
 20
1577350.6353075309
 10
428195.2516882469
 20
1577351.3566171073
 10
428198.1881519929
 20
1577351.792200357
 10
428201.1531704879
 20
1577351.937862375
 10
428204.1181889829
 20
1577351.792200357
 10
428207.0546527289
 20
1577351.3566171073
 10
428209.93428197486
 20
1577350.6353075309
 10
428212.72934431693
 20
1577349.6352182336
 10
428215.4129217769
 20
1577348.3659806217
 10
428217.9591700367
 20
1577346.8398181472
 10
428220.3435673338
 20
1577345.0714285893
 10
428222.5431506188
 20
1577343.0778425059
 10
428224.53673670214
 20
1577340.878259221
 10
428226.30512626003
 20
1577338.493861924
 10
428227.83128873445
 20
1577335.947613664
 10
428229.10052634636
 20
1577333.2640362042
 10
428230.1006156438
 20
1577330.468973862
 10
428230.8219252201
 20
1577327.589344616
 10
428231.25750846975
 20
1577324.65288087
 10
428231.4031704879
 20
1577321.687862375
  0
LWPOLYLINE
  5
EB
330
17
100
AcDbEntity
  8
L-GOLF-TEE
100
AcDbPolyline
 90
65
 70
1
 10
427915.1531704879
 20
1577321.687862375
 10
427915.0857566613
 20
1577320.3156224105
 10
427914.88416441355
 20
1577318.9565978667
 10
427914.55033518816
 20
1577317.6238768934
 10
427914.08748394303
 20
1577316.330294322
 10
427913.50006818876
 20
1577315.0883080594
 10
427912.79374506016
 20
1577313.9098791128
 10
427911.975316835
 20
1577312.8063563968
 10
427911.05266542453
 20
1577311.7883674384
 10
427910.0346764662
 20
1577310.865716028
 10
427908.93115375016
 20
1577310.047287803
 10
427907.75272480346
 20
1577309.3409646743
 10
427906.510738541
 20
1577308.75354892
 10
427905.21715596947
 20
1577308.2906976747
 10
427903.8844349961
 20
1577307.9568684495
 10
427902.5254104525
 20
1577307.7552762015
 10
427901.1531704879
 20
1577307.687862375
 10
427899.7809305233
 20
1577307.7552762015
 10
427898.4219059797
 20
1577307.9568684495
 10
427897.08918500633
 20
1577308.2906976747
 10
427895.7956024348
 20
1577308.75354892
 10
427894.55361617234
 20
1577309.3409646743
 10
427893.37518722564
 20
1577310.047287803
 10
427892.2716645096
 20
1577310.865716028
 10
427891.25367555127
 20
1577311.7883674384
 10
427890.3310241408
 20
1577312.8063563968
 10
427889.51259591564
 20
1577313.9098791128
 10
427888.80627278704
 20
1577315.0883080594
 10
427888.21885703277
 20
1577316.330294322
 10
427887.75600578764
 20
1577317.6238768934
 10
427887.42217656225
 20
1577318.9565978667
 10
427887.2205843145
 20
1577320.3156224105
 10
427887.1531704879
 20
1577321.687862375
 10
427887.2205843145
 20
1577323.0601023396
 10
427887.42217656225
 20
1577324.4191268834
 10
427887.75600578764
 20
1577325.7518478567
 10
427888.21885703277
 20
1577327.045430428
 10
427888.80627278704
 20
1577328.2874166907
 10
427889.51259591564
 20
1577329.4658456373
 10
427890.3310241408
 20
1577330.5693683533
 10
427891.25367555127
 20
1577331.5873573117
 10
427892.2716645096
 20
1577332.510008722
 10
427893.37518722564
 20
1577333.3284369472
 10
427894.55361617234
 20
1577334.0347600759
 10
427895.7956024348
 20
1577334.6221758302
 10
427897.08918500633
 20
1577335.0850270754
 10
427898.4219059797
 20
1577335.4188563006
 10
427899.7809305233
 20
1577335.6204485486
 10
427901.1531704879
 20
1577335.687862375
 10
427902.5254104525
 20
1577335.6204485486
 10
427903.8844349961
 20
1577335.4188563006
 10
427905.21715596947
 20
1577335.0850270754
 10
427906.510738541
 20
1577334.6221758302
 10
427907.75272480346
 20
1577334.0347600759
 10
427908.93115375016
 20
1577333.3284369472
 10
427910.0346764662
 20
1577332.510008722
 10
427911.05266542453
 20
1577331.5873573117
 10
427911.975316835
 20
1577330.5693683533
 10
427912.79374506016
 20
1577329.4658456373
 10
427913.50006818876
 20
1577328.2874166907
 10
427914.08748394303
 20
1577327.045430428
 10
427914.55033518816
 20
1577325.7518478567
 10
427914.88416441355
 20
1577324.4191268834
 10
427915.0857566613
 20
1577323.0601023396
 10
427915.1531704879
 20
1577321.687862375
  0
LINE
  5
EC
330
17
100
AcDbEntity
  8
L-GOLF-CL
100
AcDbLine
 10
427901.1531704879
 20
1577321.687862375
 30
0.0
 11
428201.1531704879
 21
1577321.687862375
 31
0.0
  0
TEXT
  5
ED
330
17
100
AcDbEntity
  8
L-GOLF-ANNO
100
AcDbText
 10
427921.1531704879
 20
1577341.687862375
 30
0.0
 40
14.0
  1
18  PAR 3  100 YD
 11
427921.1531704879
 21
1577341.687862375
 31
0.0
100
AcDbText
  0
MTEXT
  5
EE
330
17
100
AcDbEntity
  8
L-GOLF-ANNO
100
AcDbMText
 10
425730.0
 20
1579940.0
 30
0.0
 40
10.0
 41
900.0
 71
1
  1
FLORIDA FREEDOM WORLD - PAR-3 18-HOLE COURSE CONCEPT (2026-10-01)\PPAR 54, 2900 YD, 19.5 AC OF PLAY CORRIDORS\PESTATE ASSUMED = QUARTER-QUARTERS SW+NW+SE (PARCEL LINES NOT CONFIRMED). CONCEPT GRADE; NOT A SURVEY.
  0
ENDSEC
  0
SECTION
  2
OBJECTS
  0
DICTIONARY
  5
A
330
0
100
AcDbDictionary
281
1
  3
ACAD_COLOR
350
B
  3
ACAD_GROUP
350
C
  3
ACAD_LAYOUT
350
D
  3
ACAD_MATERIAL
350
E
  3
ACAD_MLEADERSTYLE
350
F
  3
ACAD_MLINESTYLE
350
10
  3
ACAD_PLOTSETTINGS
350
11
  3
ACAD_PLOTSTYLENAME
350
12
  3
ACAD_SCALELIST
350
14
  3
ACAD_TABLESTYLE
350
15
  3
ACAD_VISUALSTYLE
350
16
  3
EZDXF_META
350
2D
  0
DICTIONARY
  5
B
330
A
100
AcDbDictionary
281
1
  0
DICTIONARY
  5
C
330
A
100
AcDbDictionary
281
1
  0
DICTIONARY
  5
D
330
A
100
AcDbDictionary
281
1
  3
Model
350
1A
  3
Layout1
350
1E
  0
DICTIONARY
  5
E
330
A
100
AcDbDictionary
281
1
  3
ByBlock
350
1F
  3
ByLayer
350
20
  3
Global
350
21
  0
DICTIONARY
  5
F
330
A
100
AcDbDictionary
281
1
  3
Standard
350
2C
  0
DICTIONARY
  5
10
330
A
100
AcDbDictionary
281
1
  3
Standard
350
22
  0
DICTIONARY
  5
11
330
A
100
AcDbDictionary
281
1
  0
ACDBDICTIONARYWDFLT
  5
12
330
A
100
AcDbDictionary
281
1
  3
Normal
350
13
100
AcDbDictionaryWithDefault
340
13
  0
ACDBPLACEHOLDER
  5
13
330
12
  0
DICTIONARY
  5
14
330
A
100
AcDbDictionary
281
1
  0
DICTIONARY
  5
15
330
A
100
AcDbDictionary
281
1
  0
DICTIONARY
  5
16
330
A
100
AcDbDictionary
281
1
  3
2dWireframe
350
5A
  3
Basic
350
5B
  3
Brighten
350
5C
  3
ColorChange
350
5D
  3
Conceptual
350
5E
  3
Dim
350
5F
  3
EdgeColorOff
350
60
  3
Facepattern
350
61
  3
Flat
350
62
  3
FlatWithEdges
350
63
  3
Gouraud
350
64
  3
GouraudWithEdges
350
65
  3
Hidden
350
66
  3
JitterOff
350
67
  3
Linepattern
350
68
  3
Modeling
350
69
  3
OverhangOff
350
6A
  3
Realistic
350
6B
  3
Shaded
350
6C
  3
Shaded with edges
350
6D
  3
Shades of Gray
350
6E
  3
Sketchy
350
6F
  3
Thicken
350
70
  3
Wireframe
350
71
  3
X-Ray
350
72
  0
LAYOUT
  5
1A
330
D
100
AcDbPlotSettings
  1

  4
A3
  6

 40
7.5
 41
20.0
 42
7.5
 43
20.0
 44
420.0
 45
297.0
 46
0.0
 47
0.0
 48
0.0
 49
0.0
140
0.0
141
0.0
142
1.0
143
1.0
 70
1024
 72
1
 73
0
 74
5
  7

 75
16
 76
0
 77
2
 78
300
147
1.0
148
0.0
149
0.0
100
AcDbLayout
  1
Model
 70
1
 71
0
 10
0.0
 20
0.0
 11
420.0
 21
297.0
 12
0.0
 22
0.0
 32
0.0
 14
1e+20
 24
1e+20
 34
1e+20
 15
-1e+20
 25
-1e+20
 35
-1e+20
146
0.0
 13
0.0
 23
0.0
 33
0.0
 16
1.0
 26
0.0
 36
0.0
 17
0.0
 27
1.0
 37
0.0
 76
1
330
17
  0
LAYOUT
  5
1E
330
D
100
AcDbPlotSettings
  1

  4
A3
  6

 40
7.5
 41
20.0
 42
7.5
 43
20.0
 44
420.0
 45
297.0
 46
0.0
 47
0.0
 48
0.0
 49
0.0
140
0.0
141
0.0
142
1.0
143
1.0
 70
0
 72
1
 73
0
 74
5
  7

 75
16
 76
0
 77
2
 78
300
147
1.0
148
0.0
149
0.0
100
AcDbLayout
  1
Layout1
 70
1
 71
1
 10
0.0
 20
0.0
 11
420.0
 21
297.0
 12
0.0
 22
0.0
 32
0.0
 14
1e+20
 24
1e+20
 34
1e+20
 15
-1e+20
 25
-1e+20
 35
-1e+20
146
0.0
 13
0.0
 23
0.0
 33
0.0
 16
1.0
 26
0.0
 36
0.0
 17
0.0
 27
1.0
 37
0.0
 76
1
330
1B
  0
MATERIAL
  5
1F
102
{ACAD_REACTORS
330
E
102
}
330
E
100
AcDbMaterial
  1
ByBlock
  2

 70
0
 40
1.0
 71
1
 41
1.0
 91
-1023410177
 42
1.0
 72
1
  3

 73
1
 74
1
 75
1
 44
0.5
 73
0
 45
1.0
 46
1.0
 77
1
  4

 78
1
 79
1
170
1
 48
1.0
171
1
  6

172
1
173
1
174
1
140
1.0
141
1.0
175
1
  7

176
1
177
1
178
1
143
1.0
179
1
  8

270
1
271
1
272
1
145
1.0
146
1.0
273
1
  9

274
1
275
1
276
1
 42
1.0
 72
1
  3

 73
1
 74
1
 75
1
 94
63
  0
MATERIAL
  5
20
102
{ACAD_REACTORS
330
E
102
}
330
E
100
AcDbMaterial
  1
ByLayer
  2

 70
0
 40
1.0
 71
1
 41
1.0
 91
-1023410177
 42
1.0
 72
1
  3

 73
1
 74
1
 75
1
 44
0.5
 73
0
 45
1.0
 46
1.0
 77
1
  4

 78
1
 79
1
170
1
 48
1.0
171
1
  6

172
1
173
1
174
1
140
1.0
141
1.0
175
1
  7

176
1
177
1
178
1
143
1.0
179
1
  8

270
1
271
1
272
1
145
1.0
146
1.0
273
1
  9

274
1
275
1
276
1
 42
1.0
 72
1
  3

 73
1
 74
1
 75
1
 94
63
  0
MATERIAL
  5
21
102
{ACAD_REACTORS
330
E
102
}
330
E
100
AcDbMaterial
  1
Global
  2

 70
0
 40
1.0
 71
1
 41
1.0
 91
-1023410177
 42
1.0
 72
1
  3

 73
1
 74
1
 75
1
 44
0.5
 73
0
 45
1.0
 46
1.0
 77
1
  4

 78
1
 79
1
170
1
 48
1.0
171
1
  6

172
1
173
1
174
1
140
1.0
141
1.0
175
1
  7

176
1
177
1
178
1
143
1.0
179
1
  8

270
1
271
1
272
1
145
1.0
146
1.0
273
1
  9

274
1
275
1
276
1
 42
1.0
 72
1
  3

 73
1
 74
1
 75
1
 94
63
  0
MLINESTYLE
  5
22
102
{ACAD_REACTORS
330
10
102
}
330
10
100
AcDbMlineStyle
  2
Standard
 70
0
  3

 62
256
 51
90.0
 52
90.0
 71
2
 49
0.5
 62
256
  6
BYLAYER
 49
-0.5
 62
256
  6
BYLAYER
  0
MLEADERSTYLE
  5
2C
102
{ACAD_REACTORS
330
F
102
}
330
F
100
AcDbMLeaderStyle
179
2
170
2
171
1
172
0
 90
2
 40
0.0
 41
0.0
173
1
 91
-1056964608
 92
-2
290
1
 42
2.0
291
1
 43
8.0
  3
Standard
 44
4.0
300

342
29
174
1
175
1
176
0
178
1
 93
-1056964608
 45
4.0
292
0
297
0
 46
4.0
 94
-1056964608
 47
1.0
 49
1.0
140
1.0
294
1
141
0.0
177
0
142
1.0
295
0
296
0
143
3.75
271
0
272
9
273
9
  0
DICTIONARY
  5
2D
330
A
100
AcDbDictionary
280
1
281
1
  3
CREATED_BY_EZDXF
350
2E
  3
WRITTEN_BY_EZDXF
350
F1
  0
DICTIONARYVAR
  5
2E
330
2D
100
DictionaryVariables
280
0
  1
1.4.4 @ 2026-10-01T03:52:48.331323+00:00
  0
VISUALSTYLE
  5
5A
102
{ACAD_REACTORS
330
16
102
}
330
16
100
AcDbVisualStyle
  2
2dWireframe
 70
4
177
3
291
0
 70
58
 90
2
176
1
 90
2
176
1
 90
0
176
1
 90
0
176
1
 40
0.6
176
1
 40
30.0
176
1
 62
7
420
16777215
176
1
 90
1
176
1
 90
4
176
1
 62
7
176
1
 62
257
176
1
 90
1
176
1
 90
1
176
1
 40
1.0
176
1
 90
8
176
1
 62
7
176
1
 40
1.0
176
1
 90
1
176
1
 90
6
176
1
 90
2
176
1
 62
7
176
1
 90
5
176
1
 90
0
176
1
 90
0
176
1
290
0
176
1
 90
1
176
1
 40
0.0
176
1
 90
0
176
1
290
1
176
1
290
1
176
1
290
0
176
1
290
0
176
1
290
0
176
1
290
0
176
1
290
0
176
1
290
0
176
1
290
0
176
1
 90
50
176
1
 40
0.0
176
1
 40
1.0
176
1
 90
0
176
1
 62
18
420
0
176
1
 90
50
176
1
 90
3
176
1
 62
5
420
255
176
1
290
0
176
1
 90
50
176
1
 90
50
176
1
 90
50
176
1
290
0
176
1
 90
50
176
1
 62
256
176
0
 40
1.0
176
0
 90
2
176
1
  1
strokes_ogs.tif
176
1
290
0
176
1
 40
1.0
176
1
 40
1.0
176
1
  0
VISUALSTYLE
  5
5B
102
{ACAD_REACTORS
330
16
102
}
330
16
100
AcDbVisualStyle
  2
Basic
 70
7
177
3
291
1
 70
58
 90
2
176
1
 90
2
176
1
 90
0
176
1
 90
1
176
1
 40
0.6
176
1
 40
30.0
176
1
 62
7
420
16777215
176
1
 90
1
176
1
 90
4
176
1
 62
7
176
1
 62
257
176
1
 90
1
176
1
 90
1
176
1
 40
1.0
176
1
 90
8
176
1
 62
7
176
1
 40
1.0
176
1
 90
1
176
1
 90
6
176
1
 90
2
176
1
 62
7
176
1
 90
5
176
1
 90
0
176
1
 90
0
176
1
290
0
176
1
 90
1
176
1
 40
0.0
176
1
 90
0
176
1
290
0
176
1
290
1
176
1
290
1
176
1
290
0
176
1
290
0
176
1
290
0
176
1
290
0
176
1
290
0
176
1
290
0
176
1
 90
50
176
1
 40
0.0
176
1
 40
1.0
176
1
 90
0
176
1
 62
18
420
0
176
1
 90
50
176
1
 90
3
176
1
 62
5
420
255
176
1
290
0
176
1
 90
50
176
1
 90
50
176
1
 90
50
176
1
290
0
176
1
 90
50
176
1
 62
256
176
0
 40
1.0
176
0
 90
2
176
1
  1
strokes_ogs.tif
176
1
290
0
176
1
 40
1.0
176
1
 40
1.0
176
1
  0
VISUALSTYLE
  5
5C
102
{ACAD_REACTORS
330
16
102
}
330
16
100
AcDbVisualStyle
  2
Brighten
 70
12
177
3
291
1
 70
58
 90
2
176
1
 90
2
176
1
 90
0
176
1
 90
2
176
1
 40
0.6
176
1
 40
30.0
176
1
 62
7
420
16777215
176
1
 90
1
176
1
 90
4
176
1
 62
7
176
1
 62
257
176
1
 90
1
176
1
 90
1
176
1
 40
1.0
176
1
 90
8
176
1
 62
7
176
1
 40
1.0
176
1
 90
1
176
1
 90
6
176
1
 90
2
176
1
 62
7
176
1
 90
5
176
1
 90
0
176
1
 90
0
176
1
290
0
176
1
 90
1
176
1
 40
0.0
176
1
 90
0
176
1
290
0
176
1
290
1
176
1
290
1
176
1
290
0
176
1
290
0
176
1
290
0
176
1
290
0
176
1
290
0
176
1
290
0
176
1
 90
50
176
1
 40
0.0
176
1
 40
1.0
176
1
 90
0
176
1
 62
18
420
0
176
1
 90
50
176
1
 90
3
176
1
 62
5
420
255
176
1
290
0
176
1
 90
50
176
1
 90
50
176
1
 90
50
176
1
290
0
176
1
 90
50
176
1
 62
256
176
0
 40
1.0
176
0
 90
2
176
1
  1
strokes_ogs.tif
176
1
290
0
176
1
 40
1.0
176
1
 40
1.0
176
1
  0
VISUALSTYLE
  5
5D
102
{ACAD_REACTORS
330
16
102
}
330
16
100
AcDbVisualStyle
  2
ColorChange
 70
16
177
3
291
1
 70
58
 90
2
176
1
 90
2
176
1
 90
0
176
1
 90
2
176
1
 40
0.6
176
1
 40
30.0
176
1
 62
7
420
16777215
176
1
 90
1
176
1
 90
4
176
1
 62
7
176
1
 62
257
176
1
 90
1
176
1
 90
1
176
1
 40
1.0
176
1
 90
8
176
1
 62
7
176
1
 40
1.0
176
1
 90
1
176
1
 90
6
176
1
 90
2
176
1
 62
7
176
1
 90
5
176
1
 90
0
176
1
 90
0
176
1
290
0
176
1
 90
1
176
1
 40
0.0
176
1
 90
0
176
1
290
0
176
1
290
1
176
1
290
1
176
1
290
0
176
1
290
0
176
1
290
0
176
1
290
0
176
1
290
0
176
1
290
0
176
1
 90
50
176
1
 40
0.0
176
1
 40
1.0
176
1
 90
0
176
1
 62
18
420
0
176
1
 90
50
176
1
 90
3
176
1
 62
5
420
255
176
1
290
0
176
1
 90
50
176
1
 90
50
176
1
 90
50
176
1
290
0
176
1
 90
50
176
1
 62
256
176
0
 40
1.0
176
0
 90
2
176
1
  1
strokes_ogs.tif
176
1
290
0
176
1
 40
1.0
176
1
 40
1.0
176
1
  0
VISUALSTYLE
  5
5E
102
{ACAD_REACTORS
330
16
102
}
330
16
100
AcDbVisualStyle
  2
Conceptual
 70
9
177
3
291
0
 70
58
 90
2
176
1
 90
2
176
1
 90
0
176
1
 90
3
176
1
 40
0.6
176
1
 40
30.0
176
1
 62
7
420
16777215
176
1
 90
1
176
1
 90
4
176
1
 62
7
176
1
 62
257
176
1
 90
1
176
1
 90
1
176
1
 40
1.0
176
1
 90
8
176
1
 62
7
176
1
 40
1.0
176
1
 90
1
176
1
 90
6
176
1
 90
2
176
1
 62
7
176
1
 90
5
176
1
 90
0
176
1
 90
0
176
1
290
0
176
1
 90
1
176
1
 40
0.0
176
1
 90
0
176
1
290
0
176
1
290
1
176
1
290
1
176
1
290
0
176
1
290
0
176
1
290
0
176
1
290
0
176
1
290
0
176
1
290
0
176
1
 90
50
176
1
 40
0.0
176
1
 40
1.0
176
1
 90
0
176
1
 62
18
420
0
176
1
 90
50
176
1
 90
3
176
1
 62
5
420
255
176
1
290
0
176
1
 90
50
176
1
 90
50
176
1
 90
50
176
1
290
0
176
1
 90
50
176
1
 62
256
176
0
 40
1.0
176
0
 90
2
176
1
  1
strokes_ogs.tif
176
1
290
0
176
1
 40
1.0
176
1
 40
1.0
176
1
  0
VISUALSTYLE
  5
5F
102
{ACAD_REACTORS
330
16
102
}
330
16
100
AcDbVisualStyle
  2
Dim
 70
11
177
3
291
1
 70
58
 90
2
176
1
 90
2
176
1
 90
0
176
1
 90
2
176
1
 40
0.6
176
1
 40
30.0
176
1
 62
7
420
16777215
176
1
 90
1
176
1
 90
4
176
1
 62
7
176
1
 62
257
176
1
 90
1
176
1
 90
1
176
1
 40
1.0
176
1
 90
8
176
1
 62
7
176
1
 40
1.0
176
1
 90
1
176
1
 90
6
176
1
 90
2
176
1
 62
7
176
1
 90
5
176
1
 90
0
176
1
 90
0
176
1
290
0
176
1
 90
1
176
1
 40
0.0
176
1
 90
0
176
1
290
0
176
1
290
1
176
1
290
1
176
1
290
0
176
1
290
0
176
1
290
0
176
1
290
0
176
1
290
0
176
1
290
0
176
1
 90
50
176
1
 40
0.0
176
1
 40
1.0
176
1
 90
0
176
1
 62
18
420
0
176
1
 90
50
176
1
 90
3
176
1
 62
5
420
255
176
1
290
0
176
1
 90
50
176
1
 90
50
176
1
 90
50
176
1
290
0
176
1
 90
50
176
1
 62
256
176
0
 40
1.0
176
0
 90
2
176
1
  1
strokes_ogs.tif
176
1
290
0
176
1
 40
1.0
176
1
 40
1.0
176
1
  0
VISUALSTYLE
  5
60
102
{ACAD_REACTORS
330
16
102
}
330
16
100
AcDbVisualStyle
  2
EdgeColorOff
 70
22
177
3
291
1
 70
58
 90
2
176
1
 90
2
176
1
 90
0
176
1
 90
2
176
1
 40
0.6
176
1
 40
30.0
176
1
 62
7
420
16777215
176
1
 90
1
176
1
 90
4
176
1
 62
7
176
1
 62
257
176
1
 90
1
176
1
 90
1
176
1
 40
1.0
176
1
 90
8
176
1
 62
7
176
1
 40
1.0
176
1
 90
1
176
1
 90
6
176
1
 90
2
176
1
 62
7
176
1
 90
5
176
1
 90
0
176
1
 90
0
176
1
290
0
176
1
 90
1
176
1
 40
0.0
176
1
 90
0
176
1
290
0
176
1
290
1
176
1
290
1
176
1
290
0
176
1
290
0
176
1
290
0
176
1
290
0
176
1
290
0
176
1
290
0
176
1
 90
50
176
1
 40
0.0
176
1
 40
1.0
176
1
 90
0
176
1
 62
18
420
0
176
1
 90
50
176
1
 90
3
176
1
 62
5
420
255
176
1
290
0
176
1
 90
50
176
1
 90
50
176
1
 90
50
176
1
290
0
176
1
 90
50
176
1
 62
256
176
0
 40
1.0
176
0
 90
2
176
1
  1
strokes_ogs.tif
176
1
290
0
176
1
 40
1.0
176
1
 40
1.0
176
1
  0
VISUALSTYLE
  5
61
102
{ACAD_REACTORS
330
16
102
}
330
16
100
AcDbVisualStyle
  2
Facepattern
 70
15
177
3
291
1
 70
58
 90
2
176
1
 90
2
176
1
 90
0
176
1
 90
2
176
1
 40
0.6
176
1
 40
30.0
176
1
 62
7
420
16777215
176
1
 90
1
176
1
 90
4
176
1
 62
7
176
1
 62
257
176
1
 90
1
176
1
 90
1
176
1
 40
1.0
176
1
 90
8
176
1
 62
7
176
1
 40
1.0
176
1
 90
1
176
1
 90
6
176
1
 90
2
176
1
 62
7
176
1
 90
5
176
1
 90
0
176
1
 90
0
176
1
290
0
176
1
 90
1
176
1
 40
0.0
176
1
 90
0
176
1
290
0
176
1
290
1
176
1
290
1
176
1
290
0
176
1
290
0
176
1
290
0
176
1
290
0
176
1
290
0
176
1
290
0
176
1
 90
50
176
1
 40
0.0
176
1
 40
1.0
176
1
 90
0
176
1
 62
18
420
0
176
1
 90
50
176
1
 90
3
176
1
 62
5
420
255
176
1
290
0
176
1
 90
50
176
1
 90
50
176
1
 90
50
176
1
290
0
176
1
 90
50
176
1
 62
256
176
0
 40
1.0
176
0
 90
2
176
1
  1
strokes_ogs.tif
176
1
290
0
176
1
 40
1.0
176
1
 40
1.0
176
1
  0
VISUALSTYLE
  5
62
102
{ACAD_REACTORS
330
16
102
}
330
16
100
AcDbVisualStyle
  2
Flat
 70
0
177
3
291
1
 70
58
 90
2
176
1
 90
2
176
1
 90
0
176
1
 90
2
176
1
 40
0.6
176
1
 40
30.0
176
1
 62
7
420
16777215
176
1
 90
1
176
1
 90
4
176
1
 62
7
176
1
 62
257
176
1
 90
1
176
1
 90
1
176
1
 40
1.0
176
1
 90
8
176
1
 62
7
176
1
 40
1.0
176
1
 90
1
176
1
 90
6
176
1
 90
2
176
1
 62
7
176
1
 90
5
176
1
 90
0
176
1
 90
0
176
1
290
0
176
1
 90
1
176
1
 40
0.0
176
1
 90
0
176
1
290
0
176
1
290
1
176
1
290
1
176
1
290
0
176
1
290
0
176
1
290
0
176
1
290
0
176
1
290
0
176
1
290
0
176
1
 90
50
176
1
 40
0.0
176
1
 40
1.0
176
1
 90
0
176
1
 62
18
420
0
176
1
 90
50
176
1
 90
3
176
1
 62
5
420
255
176
1
290
0
176
1
 90
50
176
1
 90
50
176
1
 90
50
176
1
290
0
176
1
 90
50
176
1
 62
256
176
0
 40
1.0
176
0
 90
2
176
1
  1
strokes_ogs.tif
176
1
290
0
176
1
 40
1.0
176
1
 40
1.0
176
1
  0
VISUALSTYLE
  5
63
102
{ACAD_REACTORS
330
16
102
}
330
16
100
AcDbVisualStyle
  2
FlatWithEdges
 70
1
177
3
291
1
 70
58
 90
2
176
1
 90
2
176
1
 90
0
176
1
 90
2
176
1
 40
0.6
176
1
 40
30.0
176
1
 62
7
420
16777215
176
1
 90
1
176
1
 90
4
176
1
 62
7
176
1
 62
257
176
1
 90
1
176
1
 90
1
176
1
 40
1.0
176
1
 90
8
176
1
 62
7
176
1
 40
1.0
176
1
 90
1
176
1
 90
6
176
1
 90
2
176
1
 62
7
176
1
 90
5
176
1
 90
0
176
1
 90
0
176
1
290
0
176
1
 90
1
176
1
 40
0.0
176
1
 90
0
176
1
290
0
176
1
290
1
176
1
290
1
176
1
290
0
176
1
290
0
176
1
290
0
176
1
290
0
176
1
290
0
176
1
290
0
176
1
 90
50
176
1
 40
0.0
176
1
 40
1.0
176
1
 90
0
176
1
 62
18
420
0
176
1
 90
50
176
1
 90
3
176
1
 62
5
420
255
176
1
290
0
176
1
 90
50
176
1
 90
50
176
1
 90
50
176
1
290
0
176
1
 90
50
176
1
 62
256
176
0
 40
1.0
176
0
 90
2
176
1
  1
strokes_ogs.tif
176
1
290
0
176
1
 40
1.0
176
1
 40
1.0
176
1
  0
VISUALSTYLE
  5
64
102
{ACAD_REACTORS
330
16
102
}
330
16
100
AcDbVisualStyle
  2
Gouraud
 70
2
177
3
291
1
 70
58
 90
2
176
1
 90
2
176
1
 90
0
176
1
 90
2
176
1
 40
0.6
176
1
 40
30.0
176
1
 62
7
420
16777215
176
1
 90
1
176
1
 90
4
176
1
 62
7
176
1
 62
257
176
1
 90
1
176
1
 90
1
176
1
 40
1.0
176
1
 90
8
176
1
 62
7
176
1
 40
1.0
176
1
 90
1
176
1
 90
6
176
1
 90
2
176
1
 62
7
176
1
 90
5
176
1
 90
0
176
1
 90
0
176
1
290
0
176
1
 90
1
176
1
 40
0.0
176
1
 90
0
176
1
290
0
176
1
290
1
176
1
290
1
176
1
290
0
176
1
290
0
176
1
290
0
176
1
290
0
176
1
290
0
176
1
290
0
176
1
 90
50
176
1
 40
0.0
176
1
 40
1.0
176
1
 90
0
176
1
 62
18
420
0
176
1
 90
50
176
1
 90
3
176
1
 62
5
420
255
176
1
290
0
176
1
 90
50
176
1
 90
50
176
1
 90
50
176
1
290
0
176
1
 90
50
176
1
 62
256
176
0
 40
1.0
176
0
 90
2
176
1
  1
strokes_ogs.tif
176
1
290
0
176
1
 40
1.0
176
1
 40
1.0
176
1
  0
VISUALSTYLE
  5
65
102
{ACAD_REACTORS
330
16
102
}
330
16
100
AcDbVisualStyle
  2
GouraudWithEdges
 70
3
177
3
291
1
 70
58
 90
2
176
1
 90
2
176
1
 90
0
176
1
 90
2
176
1
 40
0.6
176
1
 40
30.0
176
1
 62
7
420
16777215
176
1
 90
1
176
1
 90
4
176
1
 62
7
176
1
 62
257
176
1
 90
1
176
1
 90
1
176
1
 40
1.0
176
1
 90
8
176
1
 62
7
176
1
 40
1.0
176
1
 90
1
176
1
 90
6
176
1
 90
2
176
1
 62
7
176
1
 90
5
176
1
 90
0
176
1
 90
0
176
1
290
0
176
1
 90
1
176
1
 40
0.0
176
1
 90
0
176
1
290
0
176
1
290
1
176
1
290
1
176
1
290
0
176
1
290
0
176
1
290
0
176
1
290
0
176
1
290
0
176
1
290
0
176
1
 90
50
176
1
 40
0.0
176
1
 40
1.0
176
1
 90
0
176
1
 62
18
420
0
176
1
 90
50
176
1
 90
3
176
1
 62
5
420
255
176
1
290
0
176
1
 90
50
176
1
 90
50
176
1
 90
50
176
1
290
0
176
1
 90
50
176
1
 62
256
176
0
 40
1.0
176
0
 90
2
176
1
  1
strokes_ogs.tif
176
1
290
0
176
1
 40
1.0
176
1
 40
1.0
176
1
  0
VISUALSTYLE
  5
66
102
{ACAD_REACTORS
330
16
102
}
330
16
100
AcDbVisualStyle
  2
Hidden
 70
6
177
3
291
0
 70
58
 90
2
176
1
 90
2
176
1
 90
0
176
1
 90
1
176
1
 40
0.6
176
1
 40
30.0
176
1
 62
7
420
16777215
176
1
 90
1
176
1
 90
4
176
1
 62
7
176
1
 62
257
176
1
 90
1
176
1
 90
1
176
1
 40
1.0
176
1
 90
8
176
1
 62
7
176
1
 40
1.0
176
1
 90
1
176
1
 90
6
176
1
 90
2
176
1
 62
7
176
1
 90
5
176
1
 90
0
176
1
 90
0
176
1
290
0
176
1
 90
1
176
1
 40
0.0
176
1
 90
0
176
1
290
0
176
1
290
1
176
1
290
1
176
1
290
0
176
1
290
0
176
1
290
0
176
1
290
0
176
1
290
0
176
1
290
0
176
1
 90
50
176
1
 40
0.0
176
1
 40
1.0
176
1
 90
0
176
1
 62
18
420
0
176
1
 90
50
176
1
 90
3
176
1
 62
5
420
255
176
1
290
0
176
1
 90
50
176
1
 90
50
176
1
 90
50
176
1
290
0
176
1
 90
50
176
1
 62
256
176
0
 40
1.0
176
0
 90
2
176
1
  1
strokes_ogs.tif
176
1
290
0
176
1
 40
1.0
176
1
 40
1.0
176
1
  0
VISUALSTYLE
  5
67
102
{ACAD_REACTORS
330
16
102
}
330
16
100
AcDbVisualStyle
  2
JitterOff
 70
20
177
3
291
1
 70
58
 90
2
176
1
 90
2
176
1
 90
0
176
1
 90
2
176
1
 40
0.6
176
1
 40
30.0
176
1
 62
7
420
16777215
176
1
 90
1
176
1
 90
4
176
1
 62
7
176
1
 62
257
176
1
 90
1
176
1
 90
1
176
1
 40
1.0
176
1
 90
8
176
1
 62
7
176
1
 40
1.0
176
1
 90
1
176
1
 90
6
176
1
 90
2
176
1
 62
7
176
1
 90
5
176
1
 90
0
176
1
 90
0
176
1
290
0
176
1
 90
1
176
1
 40
0.0
176
1
 90
0
176
1
290
0
176
1
290
1
176
1
290
1
176
1
290
0
176
1
290
0
176
1
290
0
176
1
290
0
176
1
290
0
176
1
290
0
176
1
 90
50
176
1
 40
0.0
176
1
 40
1.0
176
1
 90
0
176
1
 62
18
420
0
176
1
 90
50
176
1
 90
3
176
1
 62
5
420
255
176
1
290
0
176
1
 90
50
176
1
 90
50
176
1
 90
50
176
1
290
0
176
1
 90
50
176
1
 62
256
176
0
 40
1.0
176
0
 90
2
176
1
  1
strokes_ogs.tif
176
1
290
0
176
1
 40
1.0
176
1
 40
1.0
176
1
  0
VISUALSTYLE
  5
68
102
{ACAD_REACTORS
330
16
102
}
330
16
100
AcDbVisualStyle
  2
Linepattern
 70
14
177
3
291
1
 70
58
 90
2
176
1
 90
2
176
1
 90
0
176
1
 90
2
176
1
 40
0.6
176
1
 40
30.0
176
1
 62
7
420
16777215
176
1
 90
1
176
1
 90
4
176
1
 62
7
176
1
 62
257
176
1
 90
1
176
1
 90
1
176
1
 40
1.0
176
1
 90
8
176
1
 62
7
176
1
 40
1.0
176
1
 90
1
176
1
 90
6
176
1
 90
2
176
1
 62
7
176
1
 90
5
176
1
 90
0
176
1
 90
0
176
1
290
0
176
1
 90
1
176
1
 40
0.0
176
1
 90
0
176
1
290
0
176
1
290
1
176
1
290
1
176
1
290
0
176
1
290
0
176
1
290
0
176
1
290
0
176
1
290
0
176
1
290
0
176
1
 90
50
176
1
 40
0.0
176
1
 40
1.0
176
1
 90
0
176
1
 62
18
420
0
176
1
 90
50
176
1
 90
3
176
1
 62
5
420
255
176
1
290
0
176
1
 90
50
176
1
 90
50
176
1
 90
50
176
1
290
0
176
1
 90
50
176
1
 62
256
176
0
 40
1.0
176
0
 90
2
176
1
  1
strokes_ogs.tif
176
1
290
0
176
1
 40
1.0
176
1
 40
1.0
176
1
  0
VISUALSTYLE
  5
69
102
{ACAD_REACTORS
330
16
102
}
330
16
100
AcDbVisualStyle
  2
Modeling
 70
10
177
3
291
0
 70
58
 90
2
176
1
 90
2
176
1
 90
0
176
1
 90
2
176
1
 40
0.6
176
1
 40
30.0
176
1
 62
7
420
16777215
176
1
 90
1
176
1
 90
4
176
1
 62
7
176
1
 62
257
176
1
 90
1
176
1
 90
1
176
1
 40
1.0
176
1
 90
8
176
1
 62
7
176
1
 40
1.0
176
1
 90
1
176
1
 90
6
176
1
 90
2
176
1
 62
7
176
1
 90
5
176
1
 90
0
176
1
 90
0
176
1
290
0
176
1
 90
1
176
1
 40
0.0
176
1
 90
0
176
1
290
0
176
1
290
1
176
1
290
1
176
1
290
0
176
1
290
0
176
1
290
0
176
1
290
0
176
1
290
0
176
1
290
0
176
1
 90
50
176
1
 40
0.0
176
1
 40
1.0
176
1
 90
0
176
1
 62
18
420
0
176
1
 90
50
176
1
 90
3
176
1
 62
5
420
255
176
1
290
0
176
1
 90
50
176
1
 90
50
176
1
 90
50
176
1
290
0
176
1
 90
50
176
1
 62
256
176
0
 40
1.0
176
0
 90
2
176
1
  1
strokes_ogs.tif
176
1
290
0
176
1
 40
1.0
176
1
 40
1.0
176
1
  0
VISUALSTYLE
  5
6A
102
{ACAD_REACTORS
330
16
102
}
330
16
100
AcDbVisualStyle
  2
OverhangOff
 70
21
177
3
291
1
 70
58
 90
2
176
1
 90
2
176
1
 90
0
176
1
 90
2
176
1
 40
0.6
176
1
 40
30.0
176
1
 62
7
420
16777215
176
1
 90
1
176
1
 90
4
176
1
 62
7
176
1
 62
257
176
1
 90
1
176
1
 90
1
176
1
 40
1.0
176
1
 90
8
176
1
 62
7
176
1
 40
1.0
176
1
 90
1
176
1
 90
6
176
1
 90
2
176
1
 62
7
176
1
 90
5
176
1
 90
0
176
1
 90
0
176
1
290
0
176
1
 90
1
176
1
 40
0.0
176
1
 90
0
176
1
290
0
176
1
290
1
176
1
290
1
176
1
290
0
176
1
290
0
176
1
290
0
176
1
290
0
176
1
290
0
176
1
290
0
176
1
 90
50
176
1
 40
0.0
176
1
 40
1.0
176
1
 90
0
176
1
 62
18
420
0
176
1
 90
50
176
1
 90
3
176
1
 62
5
420
255
176
1
290
0
176
1
 90
50
176
1
 90
50
176
1
 90
50
176
1
290
0
176
1
 90
50
176
1
 62
256
176
0
 40
1.0
176
0
 90
2
176
1
  1
strokes_ogs.tif
176
1
290
0
176
1
 40
1.0
176
1
 40
1.0
176
1
  0
VISUALSTYLE
  5
6B
102
{ACAD_REACTORS
330
16
102
}
330
16
100
AcDbVisualStyle
  2
Realistic
 70
8
177
3
291
0
 70
58
 90
2
176
1
 90
2
176
1
 90
0
176
1
 90
2
176
1
 40
0.6
176
1
 40
30.0
176
1
 62
7
420
16777215
176
1
 90
1
176
1
 90
4
176
1
 62
7
176
1
 62
257
176
1
 90
1
176
1
 90
1
176
1
 40
1.0
176
1
 90
8
176
1
 62
7
176
1
 40
1.0
176
1
 90
1
176
1
 90
6
176
1
 90
2
176
1
 62
7
176
1
 90
5
176
1
 90
0
176
1
 90
0
176
1
290
0
176
1
 90
1
176
1
 40
0.0
176
1
 90
0
176
1
290
0
176
1
290
1
176
1
290
1
176
1
290
0
176
1
290
0
176
1
290
0
176
1
290
0
176
1
290
0
176
1
290
0
176
1
 90
50
176
1
 40
0.0
176
1
 40
1.0
176
1
 90
0
176
1
 62
18
420
0
176
1
 90
50
176
1
 90
3
176
1
 62
5
420
255
176
1
290
0
176
1
 90
50
176
1
 90
50
176
1
 90
50
176
1
290
0
176
1
 90
50
176
1
 62
256
176
0
 40
1.0
176
0
 90
2
176
1
  1
strokes_ogs.tif
176
1
290
0
176
1
 40
1.0
176
1
 40
1.0
176
1
  0
VISUALSTYLE
  5
6C
102
{ACAD_REACTORS
330
16
102
}
330
16
100
AcDbVisualStyle
  2
Shaded
 70
27
177
3
291
0
 70
58
 90
2
176
1
 90
2
176
1
 90
0
176
1
 90
2
176
1
 40
0.6
176
1
 40
30.0
176
1
 62
7
420
16777215
176
1
 90
1
176
1
 90
4
176
1
 62
7
176
1
 62
257
176
1
 90
1
176
1
 90
1
176
1
 40
1.0
176
1
 90
8
176
1
 62
7
176
1
 40
1.0
176
1
 90
1
176
1
 90
6
176
1
 90
2
176
1
 62
7
176
1
 90
5
176
1
 90
0
176
1
 90
0
176
1
290
0
176
1
 90
1
176
1
 40
0.0
176
1
 90
0
176
1
290
0
176
1
290
1
176
1
290
1
176
1
290
0
176
1
290
0
176
1
290
0
176
1
290
0
176
1
290
0
176
1
290
0
176
1
 90
50
176
1
 40
0.0
176
1
 40
1.0
176
1
 90
0
176
1
 62
18
420
0
176
1
 90
50
176
1
 90
3
176
1
 62
5
420
255
176
1
290
0
176
1
 90
50
176
1
 90
50
176
1
 90
50
176
1
290
0
176
1
 90
50
176
1
 62
256
176
0
 40
1.0
176
0
 90
2
176
1
  1
strokes_ogs.tif
176
1
290
0
176
1
 40
1.0
176
1
 40
1.0
176
1
  0
VISUALSTYLE
  5
6D
102
{ACAD_REACTORS
330
16
102
}
330
16
100
AcDbVisualStyle
  2
Shaded with edges
 70
26
177
3
291
0
 70
58
 90
2
176
1
 90
2
176
1
 90
0
176
1
 90
2
176
1
 40
0.6
176
1
 40
30.0
176
1
 62
7
420
16777215
176
1
 90
1
176
1
 90
4
176
1
 62
7
176
1
 62
257
176
1
 90
1
176
1
 90
1
176
1
 40
1.0
176
1
 90
8
176
1
 62
7
176
1
 40
1.0
176
1
 90
1
176
1
 90
6
176
1
 90
2
176
1
 62
7
176
1
 90
5
176
1
 90
0
176
1
 90
0
176
1
290
0
176
1
 90
1
176
1
 40
0.0
176
1
 90
0
176
1
290
0
176
1
290
1
176
1
290
1
176
1
290
0
176
1
290
0
176
1
290
0
176
1
290
0
176
1
290
0
176
1
290
0
176
1
 90
50
176
1
 40
0.0
176
1
 40
1.0
176
1
 90
0
176
1
 62
18
420
0
176
1
 90
50
176
1
 90
3
176
1
 62
5
420
255
176
1
290
0
176
1
 90
50
176
1
 90
50
176
1
 90
50
176
1
290
0
176
1
 90
50
176
1
 62
256
176
0
 40
1.0
176
0
 90
2
176
1
  1
strokes_ogs.tif
176
1
290
0
176
1
 40
1.0
176
1
 40
1.0
176
1
  0
VISUALSTYLE
  5
6E
102
{ACAD_REACTORS
330
16
102
}
330
16
100
AcDbVisualStyle
  2
Shades of Gray
 70
23
177
3
291
0
 70
58
 90
2
176
1
 90
2
176
1
 90
0
176
1
 90
2
176
1
 40
0.6
176
1
 40
30.0
176
1
 62
7
420
16777215
176
1
 90
1
176
1
 90
4
176
1
 62
7
176
1
 62
257
176
1
 90
1
176
1
 90
1
176
1
 40
1.0
176
1
 90
8
176
1
 62
7
176
1
 40
1.0
176
1
 90
1
176
1
 90
6
176
1
 90
2
176
1
 62
7
176
1
 90
5
176
1
 90
0
176
1
 90
0
176
1
290
0
176
1
 90
1
176
1
 40
0.0
176
1
 90
0
176
1
290
0
176
1
290
1
176
1
290
1
176
1
290
0
176
1
290
0
176
1
290
0
176
1
290
0
176
1
290
0
176
1
290
0
176
1
 90
50
176
1
 40
0.0
176
1
 40
1.0
176
1
 90
0
176
1
 62
18
420
0
176
1
 90
50
176
1
 90
3
176
1
 62
5
420
255
176
1
290
0
176
1
 90
50
176
1
 90
50
176
1
 90
50
176
1
290
0
176
1
 90
50
176
1
 62
256
176
0
 40
1.0
176
0
 90
2
176
1
  1
strokes_ogs.tif
176
1
290
0
176
1
 40
1.0
176
1
 40
1.0
176
1
  0
VISUALSTYLE
  5
6F
102
{ACAD_REACTORS
330
16
102
}
330
16
100
AcDbVisualStyle
  2
Sketchy
 70
24
177
3
291
0
 70
58
 90
2
176
1
 90
2
176
1
 90
0
176
1
 90
1
176
1
 40
0.6
176
1
 40
30.0
176
1
 62
7
420
16777215
176
1
 90
1
176
1
 90
4
176
1
 62
7
176
1
 62
257
176
1
 90
1
176
1
 90
1
176
1
 40
1.0
176
1
 90
8
176
1
 62
7
176
1
 40
1.0
176
1
 90
1
176
1
 90
6
176
1
 90
2
176
1
 62
7
176
1
 90
5
176
1
 90
0
176
1
 90
0
176
1
290
0
176
1
 90
1
176
1
 40
0.0
176
1
 90
0
176
1
290
0
176
1
290
1
176
1
290
1
176
1
290
0
176
1
290
0
176
1
290
0
176
1
290
0
176
1
290
0
176
1
290
0
176
1
 90
50
176
1
 40
0.0
176
1
 40
1.0
176
1
 90
0
176
1
 62
18
420
0
176
1
 90
50
176
1
 90
3
176
1
 62
5
420
255
176
1
290
0
176
1
 90
50
176
1
 90
50
176
1
 90
50
176
1
290
0
176
1
 90
50
176
1
 62
256
176
0
 40
1.0
176
0
 90
2
176
1
  1
strokes_ogs.tif
176
1
290
0
176
1
 40
1.0
176
1
 40
1.0
176
1
  0
VISUALSTYLE
  5
70
102
{ACAD_REACTORS
330
16
102
}
330
16
100
AcDbVisualStyle
  2
Thicken
 70
13
177
3
291
1
 70
58
 90
2
176
1
 90
2
176
1
 90
0
176
1
 90
2
176
1
 40
0.6
176
1
 40
30.0
176
1
 62
7
420
16777215
176
1
 90
1
176
1
 90
4
176
1
 62
7
176
1
 62
257
176
1
 90
1
176
1
 90
1
176
1
 40
1.0
176
1
 90
8
176
1
 62
7
176
1
 40
1.0
176
1
 90
1
176
1
 90
6
176
1
 90
2
176
1
 62
7
176
1
 90
5
176
1
 90
0
176
1
 90
0
176
1
290
0
176
1
 90
1
176
1
 40
0.0
176
1
 90
0
176
1
290
0
176
1
290
1
176
1
290
1
176
1
290
0
176
1
290
0
176
1
290
0
176
1
290
0
176
1
290
0
176
1
290
0
176
1
 90
50
176
1
 40
0.0
176
1
 40
1.0
176
1
 90
0
176
1
 62
18
420
0
176
1
 90
50
176
1
 90
3
176
1
 62
5
420
255
176
1
290
0
176
1
 90
50
176
1
 90
50
176
1
 90
50
176
1
290
0
176
1
 90
50
176
1
 62
256
176
0
 40
1.0
176
0
 90
2
176
1
  1
strokes_ogs.tif
176
1
290
0
176
1
 40
1.0
176
1
 40
1.0
176
1
  0
VISUALSTYLE
  5
71
102
{ACAD_REACTORS
330
16
102
}
330
16
100
AcDbVisualStyle
  2
Wireframe
 70
5
177
3
291
0
 70
58
 90
2
176
1
 90
2
176
1
 90
0
176
1
 90
0
176
1
 40
0.6
176
1
 40
30.0
176
1
 62
7
420
16777215
176
1
 90
1
176
1
 90
4
176
1
 62
7
176
1
 62
257
176
1
 90
1
176
1
 90
1
176
1
 40
1.0
176
1
 90
8
176
1
 62
7
176
1
 40
1.0
176
1
 90
1
176
1
 90
6
176
1
 90
2
176
1
 62
7
176
1
 90
5
176
1
 90
0
176
1
 90
0
176
1
290
0
176
1
 90
1
176
1
 40
0.0
176
1
 90
0
176
1
290
0
176
1
290
1
176
1
290
1
176
1
290
0
176
1
290
0
176
1
290
0
176
1
290
0
176
1
290
0
176
1
290
0
176
1
 90
50
176
1
 40
0.0
176
1
 40
1.0
176
1
 90
0
176
1
 62
18
420
0
176
1
 90
50
176
1
 90
3
176
1
 62
5
420
255
176
1
290
0
176
1
 90
50
176
1
 90
50
176
1
 90
50
176
1
290
0
176
1
 90
50
176
1
 62
256
176
0
 40
1.0
176
0
 90
2
176
1
  1
strokes_ogs.tif
176
1
290
0
176
1
 40
1.0
176
1
 40
1.0
176
1
  0
VISUALSTYLE
  5
72
102
{ACAD_REACTORS
330
16
102
}
330
16
100
AcDbVisualStyle
  2
X-Ray
 70
25
177
3
291
0
 70
58
 90
2
176
1
 90
2
176
1
 90
0
176
1
 90
2
176
1
 40
0.5
176
1
 40
30.0
176
1
 62
7
420
16777215
176
1
 90
1
176
1
 90
4
176
1
 62
7
176
1
 62
257
176
1
 90
1
176
1
 90
1
176
1
 40
1.0
176
1
 90
8
176
1
 62
7
176
1
 40
1.0
176
1
 90
1
176
1
 90
6
176
1
 90
2
176
1
 62
7
176
1
 90
5
176
1
 90
0
176
1
 90
0
176
1
290
0
176
1
 90
1
176
1
 40
0.0
176
1
 90
0
176
1
290
0
176
1
290
1
176
1
290
1
176
1
290
0
176
1
290
0
176
1
290
0
176
1
290
0
176
1
290
0
176
1
290
0
176
1
 90
50
176
1
 40
0.0
176
1
 40
1.0
176
1
 90
0
176
1
 62
18
420
0
176
1
 90
50
176
1
 90
3
176
1
 62
5
420
255
176
1
290
0
176
1
 90
50
176
1
 90
50
176
1
 90
50
176
1
290
0
176
1
 90
50
176
1
 62
256
176
0
 40
1.0
176
0
 90
2
176
1
  1
strokes_ogs.tif
176
1
290
0
176
1
 40
1.0
176
1
 40
1.0
176
1
  0
DICTIONARYVAR
  5
F1
330
2D
100
DictionaryVariables
280
0
  1
1.4.4 @ 2026-10-01T03:52:48.363474+00:00
  0
ENDSEC
  0
EOF
